id,url,label_animals,label_climateaction,label_consequences,label_setting,label_type
1,https://pbs.twimg.com/media/ECvfjt_WwAINY01.jpg,Fish,No climate action,Biodiversity loss,"Ocean, coastal",Collage
2,https://pbs.twimg.com/media/FiO9Hf1X0AIDfPC.jpg,Fish,No climate action,No consequences,No setting,Illustration
3,https://pbs.twimg.com/media/FJ3ygE8XoAM7vMw.jpg,Fish,No climate action,Other consequences,Other setting,Infographic
4,https://pbs.twimg.com/media/EZfD97DU0AARXvL.jpg,Fish,Other,No consequences,"Ocean, coastal",Photo
5,https://pbs.twimg.com/media/EZfD97DUEAA57kG.jpg,Fish,Other,No consequences,"Ocean, coastal",Photo
6,https://pbs.twimg.com/media/FiLj2hlWQAImoWi.jpg,Fish,No climate action,No consequences,"Ocean, coastal",Screenshot
7,https://pbs.twimg.com/media/FdrdCcKagAExQst.jpg,Fish,No climate action,No consequences,Other setting,Photo
8,https://pbs.twimg.com/media/EwHR1IRUYAAY2X3.jpg,Fish,No climate action,No consequences,"Ocean, coastal",Photo
9,https://pbs.twimg.com/media/EX51QKsXgAghlrr.jpg,Fish,No climate action,No consequences,Other setting,Photo
10,https://pbs.twimg.com/media/Fi_DE_bX0AEEKpP.jpg,Fish,No climate action,Drought,Desert,Photo
11,https://pbs.twimg.com/media/FhiunNIXEAEmia6.jpg,Fish,No climate action,No consequences,Other setting,Photo
12,https://pbs.twimg.com/media/EgeN6ApWsAI8pDI.jpg,Fish,No climate action,No consequences,Other setting,Photo
13,https://pbs.twimg.com/media/D60R8YwVUAEU0YU.jpg,Fish,Other,Biodiversity loss,"Ocean, coastal",Photo
14,https://pbs.twimg.com/media/FXzRUuRVsAImGdi.jpg,Fish,No climate action,No consequences,Other nature,Photo
15,https://pbs.twimg.com/media/FWUYZCFXwAEaG7j.jpg,Fish,No climate action,Other consequences,"Ocean, coastal",Screenshot
16,https://pbs.twimg.com/media/FPCv6vnWQAM97QN.png,Birds,No climate action,No consequences,Other nature,Photo
17,https://pbs.twimg.com/media/E6WOMUpXMAAsi39.jpg,Birds,No climate action,Biodiversity loss,Other nature,Photo
18,https://pbs.twimg.com/media/E6WOOblWYAQJONq.jpg,Birds,No climate action,Biodiversity loss,Other nature,Photo
19,https://pbs.twimg.com/media/FW_aVpNXkAAEvXW.png,Birds,No climate action,No consequences,Other nature,Illustration
20,https://pbs.twimg.com/media/FKqpMJcXMAY8IvJ.jpg,Birds,No climate action,No consequences,Other nature,Photo
21,https://pbs.twimg.com/media/FTiXH-hWAAEOidA.jpg,Birds,No climate action,No consequences,Other nature,Illustration
22,https://pbs.twimg.com/media/FKS5PkDWQAA9_R7.jpg,Birds,Politics,No consequences,Other nature,Posters/Event invitations
23,https://pbs.twimg.com/media/FA-7BzfUUAUZ6h3.jpg,Birds,No climate action,Biodiversity loss,"Ocean, coastal",Photo
24,https://pbs.twimg.com/media/EuQZb5xWQAIpd36.jpg,Birds,No climate action,No consequences,No setting,Illustration
25,https://pbs.twimg.com/media/FStmUuZX0AE9FIC.jpg,Birds,No climate action,No consequences,Residential/commercial,Photo
26,https://pbs.twimg.com/media/E6WOY2XXsAcuQkG.jpg,Birds,No climate action,Biodiversity loss,Other nature,Photo
27,https://pbs.twimg.com/media/EZfEGGuUYAAA3Ju.jpg,Birds,Other,No consequences,"Forest, jungle",Photo
28,https://pbs.twimg.com/media/EHYXCQHU8AAgk5z.jpg,Birds,No climate action,No consequences,No setting,Photo
29,https://pbs.twimg.com/media/FZuQWgWXEAIbnK7.jpg,Birds,No climate action,No consequences,Desert,Photo
30,https://pbs.twimg.com/media/FTg4wl7WQAsXCBJ.jpg,Birds,No climate action,No consequences,Other nature,Photo
31,https://pbs.twimg.com/media/FVMZxbcWYAAkHIz.jpg,Birds,No climate action,No consequences,No setting,Posters/Event invitations
32,https://pbs.twimg.com/media/EzgdJreVcAESQwm.jpg,Pets,No climate action,No consequences,Indoor space,Photo
33,https://pbs.twimg.com/media/FaqbTc6UEAEFx93.jpg,Pets,No climate action,No consequences,No setting,Infographic
34,https://pbs.twimg.com/media/E-70YNkWQAUb7jG.jpg,Pets,No climate action,Other extreme weather events,Indoor space,Screenshot
35,https://pbs.twimg.com/media/E-70YNsWYAU5pxX.jpg,Pets,No climate action,Other extreme weather events,Indoor space,Screenshot
36,https://pbs.twimg.com/media/Eznbv3WVkAAI6xM.jpg,Pets,No climate action,No consequences,"Forest, jungle",Photo
37,https://pbs.twimg.com/media/DzpacXDV4AABxXX?format=jpg&name=small,Pets,No climate action,No consequences,Residential/commercial,Photo
38,image url no longer available,Pets,Protests,Drought,No setting,Screenshot
39,https://pbs.twimg.com/media/FFGe6gNXMDQgA_q.jpg,Pets,No climate action,No consequences,No setting,Illustration
40,https://pbs.twimg.com/media/EDcLGntXYAA8fZn.jpg,Pets,No climate action,No consequences,Other nature,Illustration
41,https://pbs.twimg.com/media/FlAlWYBXEAIG81t.jpg,Pets,No climate action,No consequences,Other setting,Photo
42,https://pbs.twimg.com/media/EF9-6SvVAAER8DE.jpg,Pets,No climate action,No consequences,Residential/commercial,Photo
43,https://pbs.twimg.com/media/EXj_sRsXkAAbp03.jpg,Pets,Protests,No consequences,Residential/commercial,Photo
44,https://pbs.twimg.com/media/E-70YNkWEAstHMp.jpg,Pets,No climate action,Rising temperature,Indoor space,Screenshot
45,https://pbs.twimg.com/media/DyPqLNRUwAADyUr.jpg,Pets,No climate action,No consequences,Indoor space,Photo
46,https://pbs.twimg.com/media/EUhglwkX0AI9hcl?format=jpg&name=small,Pets,No climate action,No consequences,No setting,Photo
47,https://pbs.twimg.com/media/FlMOERyXoAMvLMn.jpg,Pets,No climate action,No consequences,Residential/commercial,Photo
48,https://pbs.twimg.com/media/ENY8W9dU4AAtTBD.jpg,Land mammal,No climate action,No consequences,"Forest, jungle",Photo
49,https://pbs.twimg.com/media/DzzWKLQW0AAVhqd.jpg,Land mammal,No climate action,Biodiversity loss,Other setting,Photo
50,https://pbs.twimg.com/media/FWjwLjeX0AEYVCG.jpg,Land mammal,No climate action,No consequences,Other setting,Infographic
51,https://pbs.twimg.com/media/EOO6LJvUUAAfB5f.jpg,Land mammal,No climate action,No consequences,No setting,Posters/Event invitations
52,https://pbs.twimg.com/media/E4uiRFFVgAgo1GY.jpg,Land mammal,Other,No consequences,"Ocean, coastal",Meme
53,https://pbs.twimg.com/media/EAt3JneW4AA2pvU.jpg,Land mammal,Other,Biodiversity loss,Other setting,Photo
54,https://pbs.twimg.com/media/EAt3JnlWsAAX8QT.jpg,Land mammal,Other,Biodiversity loss,Other nature,Photo
55,https://pbs.twimg.com/media/FR6dELJXoAEC9Nz.jpg,Land mammal,No climate action,No consequences,Other nature,Screenshot
56,https://pbs.twimg.com/media/DimOkZJX0AAIFLE.jpg,Land mammal,No climate action,No consequences,Other setting,Illustration
57,https://pbs.twimg.com/media/ExUoRnTU4AIJdtG.jpg,Land mammal,Other,Wildfires,"Forest, jungle",Screenshot
58,https://pbs.twimg.com/media/ExKEtbYXIAEm6-C.jpg,Land mammal,No climate action,Floods,"Ocean, coastal",Photo
59,https://pbs.twimg.com/media/E9SyiPNXMAAX4t1.jpg,Land mammal,No climate action,Drought,Other nature,Photo
60,https://pbs.twimg.com/media/FpvKOolXEAMz9oa?format=jpg&name=small,Land mammal,No climate action,Biodiversity loss,"Forest, jungle",Posters/Event invitations
61,https://pbs.twimg.com/media/D39PVpgX4AEB52S.jpg,Land mammal,Protests,No consequences,Residential/commercial,Photo
62,https://pbs.twimg.com/media/FkBBsNGXoAE3l8x.jpg,Land mammal,Other,Biodiversity loss,Other setting,Illustration
63,https://pbs.twimg.com/media/FknO4eYXEAAa64W.jpg,Land mammal,No climate action,Biodiversity loss,"Arctic, Antarctic",Photo
64,https://pbs.twimg.com/media/FUR7DRaWYAIfwR8.jpg,Insects,Other,No consequences,Indoor space,Screenshot
65,https://pbs.twimg.com/media/FiLyTsnWIAc9r-l.jpg,Insects,No climate action,Biodiversity loss,Other setting,Posters/Event invitations
66,https://pbs.twimg.com/media/FDcdZjmXEAEnFos.jpg,Insects,No climate action,No consequences,Other nature,Screenshot
67,https://pbs.twimg.com/media/D6Ovn07XoAEBuN2.jpg,Insects,No climate action,Biodiversity loss,Residential/commercial,Illustration
68,https://pbs.twimg.com/media/E-Jeou7WEAgD6FL.jpg,Insects,No climate action,No consequences,Residential/commercial,Photo
69,https://pbs.twimg.com/media/FDqSwuFWUAkVyUe.jpg,Insects,No climate action,No consequences,Other nature,Photo
70,https://pbs.twimg.com/media/Fjhii2aXEAIH2pf.jpg,Insects,No climate action,No consequences,Other nature,Photo
71,https://pbs.twimg.com/media/EfArlm9XsAEBIq8.jpg,Insects,No climate action,No consequences,Other nature,Photo
72,https://pbs.twimg.com/media/EIdxOt0W4AAXiSf.jpg,Insects,No climate action,No consequences,Other nature,Photo
73,https://pbs.twimg.com/media/FcjCyxGX0AYz_Gr.jpg,Insects,No climate action,No consequences,Other nature,Collage
74,https://pbs.twimg.com/media/EZxJEd9UMAA3KRi.jpg,Insects,No climate action,No consequences,No setting,Meme
75,https://pbs.twimg.com/media/Fe0mqDhX0AApL06.jpg,Insects,No climate action,Biodiversity loss,Other nature,Photo
76,https://pbs.twimg.com/media/EQM1ypiXUAA6cS4?format=jpg&name=small,Insects,No climate action,No consequences,Other setting,Photo
77,https://pbs.twimg.com/media/FUBkvD8WIAA0MID.jpg,Insects,Other,No consequences,Other setting,Screenshot
78,https://pbs.twimg.com/media/FeXFjzBagAAT12r.jpg,Insects,No climate action,Covid & general health,Other setting,Posters/Event invitations
79,https://pbs.twimg.com/media/EOKf1LmXkAE0xEK?format=jpg&name=small,Insects,No climate action,No consequences,No setting,Photo
80,https://pbs.twimg.com/media/FcYA5-yXkAEUn4_.jpg,Sea mammal,No climate action,No consequences,"Ocean, coastal",Photo
81,https://pbs.twimg.com/media/FS5hQNGXwAAPhIi.jpg,Sea mammal,No climate action,No consequences,"Ocean, coastal",Other
82,https://pbs.twimg.com/media/FVsNZoHXEAAsZpZ.jpg,Sea mammal,No climate action,No consequences,"Ocean, coastal",Illustration
83,https://pbs.twimg.com/media/FfbCiOlVsAEbc86.jpg,Sea mammal,No climate action,No consequences,"Ocean, coastal",Photo
84,https://pbs.twimg.com/media/FHC7_34XsAAZ2Bx.jpg,Sea mammal,No climate action,No consequences,Indoor space,Meme
85,https://pbs.twimg.com/media/EH6SFf1U4AA18p5.jpg,Sea mammal,No climate action,No consequences,"Ocean, coastal",Photo
86,https://pbs.twimg.com/media/FJ9cWXKVUAAZNkS.jpg,Sea mammal,No climate action,No consequences,"Ocean, coastal",Photo
87,https://pbs.twimg.com/media/EieYTAZU4AASzPI.jpg,Sea mammal,No climate action,No consequences,"Ocean, coastal",Photo
88,https://pbs.twimg.com/media/D2R-vSxX4AYfy7K.jpg,Sea mammal,No climate action,No consequences,"Ocean, coastal",Photo
89,https://pbs.twimg.com/media/FBk2CbqVIAEKCLa.jpg,Sea mammal,No climate action,No consequences,Other setting,Illustration
90,https://pbs.twimg.com/media/EW2eExZWAAAIxjZ.jpg,Sea mammal,No climate action,No consequences,"Ocean, coastal",Photo
91,https://pbs.twimg.com/media/FjsWQH9XEAEXh14.jpg,Sea mammal,No climate action,No consequences,"Ocean, coastal",Screenshot
92,https://pbs.twimg.com/media/FL1CEtkXEAUauGL.jpg,Sea mammal,No climate action,No consequences,"Ocean, coastal",Photo
93,https://pbs.twimg.com/media/FgApyQVaUAAcFgX.jpg,Sea mammal,No climate action,No consequences,"Ocean, coastal",Photo
94,https://pbs.twimg.com/media/E89FDcKXoAAUiDK.jpg,Sea mammal,No climate action,No consequences,"Ocean, coastal",Screenshot
95,https://pbs.twimg.com/media/FcCGBt7XoAEl0Uk.jpg,Sea mammal,No climate action,No consequences,"Arctic, Antarctic",Photo
96,https://pbs.twimg.com/media/E_gV8jVX0AMtKVm.png,Farm animals,No climate action,No consequences,Agricultural/rural,Photo
97,https://pbs.twimg.com/media/FTUApUmaUAAi9NK.jpg,Farm animals,No climate action,No consequences,Other setting,Meme
98,https://pbs.twimg.com/media/FDcULnpX0AMoy5f.jpg,Farm animals,No climate action,No consequences,Agricultural/rural,Photo
99,https://pbs.twimg.com/media/FivlUrlWYAAEU5P.jpg,Farm animals,No climate action,No consequences,Agricultural/rural,Photo
100,https://pbs.twimg.com/media/Fi_DEp8WAAAcdnT.jpg,Farm animals,No climate action,Drought,Other setting,Collage
101,https://pbs.twimg.com/media/E9uYnI_UYA0Yh-J.jpg,Farm animals,Other,No consequences,Agricultural/rural,Posters/Event invitations
102,https://pbs.twimg.com/media/FVJd84sXEAY_6FP.jpg,Farm animals,No climate action,Drought,Desert,Photo
103,https://pbs.twimg.com/media/FhVnPiVaUAElIhN.jpg,Farm animals,No climate action,No consequences,Agricultural/rural,Photo
104,https://pbs.twimg.com/media/ElK-er5UYAA_QZ8.jpg,Farm animals,No climate action,No consequences,Agricultural/rural,Posters/Event invitations
105,https://pbs.twimg.com/media/E1b3-JgX0AQzRi3.jpg,Farm animals,No climate action,Floods,Residential/commercial,Photo
106,https://encrypted-tbn1.gstatic.com/images?q=tbn:ANd9GcTH3j9APVq0tSTqKtZQb8uHJa8ErCcIAFtynNG_RCj7W7sifR_x,Farm animals,No climate action,Human rights,Desert,Photo
107,https://pbs.twimg.com/media/FknPvHLWICIpG0c.jpg,Farm animals,No climate action,No consequences,Agricultural/rural,Photo
108,https://pbs.twimg.com/media/FfGqsH-XoAE_pei.jpg,Farm animals,No climate action,Drought,Desert,Photo
109,https://pbs.twimg.com/media/E-6q92MXMAIQFlz.jpg,Farm animals,Other,Other consequences,No setting,Posters/Event invitations
110,https://pbs.twimg.com/media/ELAwPAFWkAYnh4k.jpg,Farm animals,No climate action,No consequences,Agricultural/rural,Photo
111,https://pbs.twimg.com/media/FfBRydFagAIceNJ.jpg,Farm animals,Other,Other consequences,Agricultural/rural,Posters/Event invitations
112,image url no longer available,Polar bear,Protests,Drought,No setting,Screenshot
113,https://pbs.twimg.com/media/D6kHT2uXsAAUQ1Z.jpg,Polar bear,No climate action,Melting Ice,"Arctic, Antarctic",Photo
114,https://pbs.twimg.com/media/Ew3uOa4WQAAhy_e.jpg,Polar bear,No climate action,No consequences,"Arctic, Antarctic",Meme
115,image url no longer available,Polar bear,Protests,Drought,No setting,Screenshot
116,https://pbs.twimg.com/media/EDzbZn9X4AEgo_s.jpg,Polar bear,No climate action,No consequences,"Arctic, Antarctic",Photo
117,https://pbs.twimg.com/media/EvO2CXVXcAEmXAk.jpg,Polar bear,No climate action,No consequences,Other nature,Photo
118,https://pbs.twimg.com/media/FjrvSItXgAEj_6Z.jpg,Polar bear,Other,Biodiversity loss,"Arctic, Antarctic",Illustration
119,https://pbs.twimg.com/media/E10GywNXsAIdGJ8.png,Polar bear,No climate action,Melting Ice,"Arctic, Antarctic",Photo
120,https://pbs.twimg.com/media/FlFPJGGWIAMtdkL.png,Polar bear,No climate action,Biodiversity loss,"Arctic, Antarctic",Illustration
121,https://back.3blmedia.com/sites/default/files/styles/ratio_3_2/public/triplepundit/wide/climate%20change%20misinformation%20social%20media.jpg?h=4d23ed67,Polar bear,No climate action,No consequences,"Ocean, coastal",Photo
122,https://pbs.twimg.com/media/EvONFZtXUAEAxrp.jpg,Polar bear,No climate action,Rising temperature,"Arctic, Antarctic",Illustration
123,https://pbs.twimg.com/media/FIGtHLyXsAEQnPV.jpg,Polar bear,No climate action,Biodiversity loss,Other nature,Photo
124,https://pbs.twimg.com/media/EphjPdIWMAE1A2V.jpg,Polar bear,No climate action,Melting Ice,"Arctic, Antarctic",Photo
125,https://pbs.twimg.com/media/FGOaL4MXIAEzWsX.jpg,Polar bear,No climate action,No consequences,"Arctic, Antarctic",Meme
126,https://pbs.twimg.com/media/FktPLQWWQAMARE_.jpg,Polar bear,No climate action,No consequences,"Arctic, Antarctic",Photo
127,https://pbs.twimg.com/media/EuR6NIFWYAQZTrL.jpg,Polar bear,Protests,No consequences,"Arctic, Antarctic",Photo
128,https://pbs.twimg.com/media/ECvfjt2XkAIaX-R.jpg,No animals,No climate action,No consequences,"Forest, jungle",Collage
129,https://pbs.twimg.com/media/E1bN_cWWEAQ8HgV.jpg,No animals,No climate action,Melting Ice,Other nature,Photo
130,https://pbs.twimg.com/media/Ec62FmNU0AAtvZj.jpg,No animals,No climate action,No consequences,No setting,Photo
131,https://pbs.twimg.com/media/EV5cjM2WsAEhjhJ.png,No animals,No climate action,No consequences,No setting,Illustration
132,https://pbs.twimg.com/media/EO56CypWsAEiRw2.jpg,No animals,Other,No consequences,Indoor space,Photo
133,https://pbs.twimg.com/media/EBT4bNEXsAAd33m.jpg,No animals,No climate action,Human rights,Other nature,Photo
134,https://pbs.twimg.com/media/EE83GN8XUAA1aRh.jpg,No animals,Protests,No consequences,Residential/commercial,Photo
135,https://pbs.twimg.com/media/EiYphRXX0AA-91g.jpg,No animals,No climate action,Economic consequences,"Arctic, Antarctic",Posters/Event invitations
136,https://pbs.twimg.com/media/D6J3WkVXoAI8YKI.png,No animals,Other,No consequences,No setting,Screenshot
137,https://pbs.twimg.com/media/EHLKaIqWoAI6LWe.jpg,No animals,Protests,No consequences,Residential/commercial,Collage
138,https://pbs.twimg.com/media/FEc8CTrWQAE8O8A.jpg,No animals,No climate action,Sea level rise,Indoor space,Posters/Event invitations
139,https://static.wikia.nocookie.net/thehungergames/images/0/00/2011-11-15-10-38-33-5-katniss-delivers-a-farewell-salute-this-gesture-i.jpeg/revision/latest?cb=20111123012923,No animals,Other,No consequences,No setting,Screenshot
140,https://encrypted-tbn0.gstatic.com/images?q=tbn:ANd9GcSmtXbT0lMXUv90GF_NJpn9tUxEtB0xylDVoumoTqV7aNlIlfBW,No animals,Politics,No consequences,No setting,Posters/Event invitations
141,https://pbs.twimg.com/media/EPicnMMUUAAbsom.png,No animals,No climate action,No consequences,No setting,Data Visualization
142,https://pbs.twimg.com/media/ENkhIhKWwAAhSCD.jpg,No animals,Other,No consequences,Residential/commercial,Meme
143,https://pbs.twimg.com/media/EE83GWkWkAIWVZU.jpg,No animals,Protests,No consequences,Residential/commercial,Photo
144,https://pbs.twimg.com/media/Er_flN-W4AcBoo1.jpg,Amphibian or Reptile,No climate action,No consequences,"Ocean, coastal",Posters/Event invitations
145,https://pbs.twimg.com/media/FKil3KDXIAcrBH1.jpg,Amphibian or Reptile,No climate action,No consequences,Other setting,Infographic
146,https://pbs.twimg.com/media/D6Ob51nWsAEP-7V.jpg,Amphibian or Reptile,No climate action,No consequences,"Ocean, coastal",Photo
147,https://pbs.twimg.com/media/E9alixDXoAc-4OJ.jpg,Amphibian or Reptile,No climate action,No consequences,Other setting,Infographic
148,https://pbs.twimg.com/media/EHc8DRqUEAAqgsZ.jpg,Amphibian or Reptile,No climate action,No consequences,Other nature,Photo
149,https://uploads5.wikiart.org/images/m-c-escher/lizard.jpg,Amphibian or Reptile,No climate action,No consequences,Other setting,Illustration
150,https://pbs.twimg.com/media/E6aG96OUYAEblt4.jpg,Amphibian or Reptile,No climate action,No consequences,Other setting,Posters/Event invitations
151,https://pbs.twimg.com/media/FMHUBXKWYAolo75.jpg,Amphibian or Reptile,No climate action,No consequences,"Ocean, coastal",Photo
152,https://pbs.twimg.com/media/FfdSkrYXEA86w0W.jpg,Amphibian or Reptile,No climate action,No consequences,No setting,Photo
153,https://pbs.twimg.com/media/FZ8p1c2X0AAmY79.jpg,Amphibian or Reptile,No climate action,Rising temperature,Other setting,Infographic
154,https://pbs.twimg.com/media/FArUdW4XoAI49UZ.jpg,Amphibian or Reptile,No climate action,Drought,Desert,Photo
155,https://pbs.twimg.com/media/FA9nxbmVcBY2x3t.jpg,Amphibian or Reptile,No climate action,No consequences,Desert,Photo
156,https://pbs.twimg.com/media/E0zilPnXMAAGjpd.jpg,Amphibian or Reptile,No climate action,No consequences,Other nature,Photo
157,https://pbs.twimg.com/media/D1JLvuRW0AANWqw.jpg,Amphibian or Reptile,No climate action,No consequences,"Ocean, coastal",Photo
158,https://pbs.twimg.com/media/FCeItoeXMAg837t.jpg,Amphibian or Reptile,No climate action,Sea level rise,"Ocean, coastal",Illustration
159,https://pbs.twimg.com/media/FLqqNfiVgAAER_G.jpg,Amphibian or Reptile,No climate action,No consequences,No setting,Photo
160,https://pbs.twimg.com/media/EvcTh-NXYAAFmty.jpg,No animals,Politics,No consequences,Indoor space,Photo
161,https://pbs.twimg.com/media/Fe9RUIZaEAIrqnR.jpg,No animals,No climate action,No consequences,Outer space,Illustration
162,https://pbs.twimg.com/media/EFKMvJaXkAUNzNO.jpg,No animals,Protests,Covid & general health,Residential/commercial,Photo
163,https://pbs.twimg.com/media/El8VISNWMAAN8mm.jpg,No animals,No climate action,No consequences,Indoor space,Meme
164,https://pbs.twimg.com/media/FeStsrTWYAA4L8q.jpg,No animals,Other,Other consequences,Other setting,Other
165,https://pbs.twimg.com/media/E1X_gYvXEAIi367.jpg,No animals,No climate action,No consequences,Outer space,Photo
166,https://pbs.twimg.com/media/FCd746OWUAAyadA.jpg,No animals,Other,No consequences,"Ocean, coastal",Collage
167,https://pbs.twimg.com/media/Feaw_yXXoAA2cuI.jpg,Birds,No climate action,No consequences,No setting,Photo
168,https://pbs.twimg.com/media/FlLkexrX0AMzcsM.jpg,No animals,Other,No consequences,Indoor space,Collage
169,https://pbs.twimg.com/media/FPY1uvFaIAEpH1t?format=jpg&name=small,No animals,No climate action,No consequences,Residential/commercial,Photo
170,https://pbs.twimg.com/media/FDD8o70WYAEYFNh.jpg,No animals,Politics,No consequences,Residential/commercial,Photo
171,https://pbs.twimg.com/media/E8R_43bVUAYlQef.jpg,No animals,Other,No consequences,No setting,Illustration
172,https://pbs.twimg.com/media/FM67DLwUcAAeT1J.jpg,No animals,Fossil energy,No consequences,Industrial,Photo
173,https://pbs.twimg.com/media/EtLhP1DW8AACR1v.jpg,No animals,Politics,No consequences,Indoor space,Photo
174,https://pbs.twimg.com/media/EfRGmVUVoAA1hcS.jpg,No animals,No climate action,Wildfires,"Forest, jungle",Photo
175,image url no longer available,No animals,Protests,Drought,No setting,Screenshot
176,https://pbs.twimg.com/media/E8VSMlgXEAIYPjS.jpg,No animals,Other,No consequences,No setting,Posters/Event invitations
177,https://pbs.twimg.com/media/FEBEfuvXEAYM35O.jpg,No animals,No climate action,No consequences,Residential/commercial,Photo
178,https://pbs.twimg.com/media/Fd3iWjDWIAMiz1-.jpg,No animals,Fossil energy,No consequences,Industrial,Meme
179,https://pbs.twimg.com/media/D-JpjahVAAA2L0W.jpg,No animals,Politics,No consequences,Indoor space,Photo
180,https://pbs.twimg.com/media/EfRH5TAU8AEoGTb.jpg,No animals,No climate action,Wildfires,"Forest, jungle",Photo
181,https://pbs.twimg.com/media/Fgdp0_BWAAEwZ3q.jpg,No animals,No climate action,Economic consequences,Residential/commercial,Screenshot
182,https://pbs.twimg.com/media/FF8L_YrXwAM8CVw.jpg,No animals,No climate action,No consequences,No setting,Screenshot
183,https://pbs.twimg.com/media/EH97_3SX0AAMpnd.jpg,No animals,Other,Other extreme weather events,Other setting,Photo
184,https://pbs.twimg.com/media/FJQhcyrXIAI-5JA.jpg,No animals,Other,No consequences,Other setting,Photo
185,https://pbs.twimg.com/media/FAEOR0wWYAAOthk.jpg,No animals,Politics,No consequences,Indoor space,Collage
186,https://pbs.twimg.com/media/EBryI1HXUAE3HOu.jpg,No animals,No climate action,No consequences,Industrial,Photo
187,https://pbs.twimg.com/media/Ed_qSUcVAAEPLvu.jpg,No animals,Politics,No consequences,Indoor space,Photo
188,https://pbs.twimg.com/media/EO_1T7CXkAAiGtn.jpg,No animals,No climate action,No consequences,No setting,Screenshot
189,https://pbs.twimg.com/media/ENx1iLrX0AAyoue.jpg,No animals,Other,No consequences,Other setting,Photo
190,https://pbs.twimg.com/media/E-UUAxbWQAEuItI.jpg,No animals,Other,No consequences,Residential/commercial,Photo
191,https://pbs.twimg.com/media/D3RjdTMXsAA8piQ.jpg,No animals,Politics,No consequences,Indoor space,Screenshot
192,https://pbs.twimg.com/media/D4wJuinUcAYWKKl.jpg,No animals,Other,No consequences,Residential/commercial,Photo
193,https://pbs.twimg.com/media/FiydeQTWIAASAg-.jpg,No animals,No climate action,No consequences,Agricultural/rural,Photo
194,https://pbs.twimg.com/media/D3RiLHyW4AAhxpq.jpg,No animals,Politics,No consequences,Indoor space,Screenshot
195,https://pbs.twimg.com/media/EcQzZh7U4AA2D6h.jpg,No animals,No climate action,Drought,Desert,Photo
196,https://pbs.twimg.com/media/E6ljllYWYAQWW-q.jpg,No animals,Politics,No consequences,Other setting,Meme
197,https://pbs.twimg.com/media/FgEzDOMWYAAqbKe.jpg,No animals,No climate action,No consequences,Industrial,Photo
198,https://pbs.twimg.com/media/FQZHoyMaAAAMjAe?format=jpg&name=large,No animals,No climate action,No consequences,"Forest, jungle",Posters/Event invitations
199,https://pbs.twimg.com/media/ECUVeeOWwAcWwzN.jpg,No animals,Other,Melting Ice,Other nature,Collage
200,https://pbs.twimg.com/media/EP3ztTpX0AAjvhR.jpg,No animals,Protests,No consequences,Residential/commercial,Screenshot
201,https://pbs.twimg.com/media/EUy3yf3XsAE5NLA.jpg,Amphibian or Reptile,No climate action,Other consequences,Other nature,Screenshot
202,https://pbs.twimg.com/media/Eri12BbW8AMX_HV.png,No animals,Other,No consequences,No setting,Screenshot
203,https://pbs.twimg.com/media/E_vUfMxWQAA4FO0.jpg,No animals,Protests,No consequences,Indoor space,Photo
204,https://pbs.twimg.com/media/D5fb11CWsAAG4tf.png,No animals,No climate action,No consequences,No setting,Illustration
205,https://pbs.twimg.com/media/EeDYgIjWkAExMVp.jpg,No animals,Other,No consequences,Other setting,Photo
206,https://pbs.twimg.com/media/EfRGkHuU0AAIDDr.jpg,No animals,No climate action,Wildfires,"Forest, jungle",Photo
207,https://pbs.twimg.com/media/Ezq0LZJXEAE1VxW.jpg,No animals,Politics,No consequences,Indoor space,Screenshot
208,https://pbs.twimg.com/media/ET-nrSQXQAoJGMK.jpg,No animals,Other,No consequences,Indoor space,Photo
209,https://pbs.twimg.com/media/FYJ1YSVaIAArbZU.jpg,Polar bear,No climate action,Biodiversity loss,"Arctic, Antarctic",Data Visualization
210,https://pbs.twimg.com/media/FgukcDHXwAE1tSL.jpg,Farm animals,No climate action,No consequences,Agricultural/rural,Photo
211,https://pbs.twimg.com/media/EbkQuKsXYAAGco8.jpg,No animals,Other,No consequences,Indoor space,Photo
212,https://pbs.twimg.com/media/Fa3ae6PXEAEDNYP.jpg,No animals,No climate action,Covid & general health,No setting,Data Visualization
213,https://pbs.twimg.com/media/D1TQx6KWkAAzijD.jpg,No animals,Politics,No consequences,"Forest, jungle",Collage
214,https://pbs.twimg.com/media/D-JpjahU8AEESd9.jpg,No animals,Politics,No consequences,Indoor space,Photo
215,https://pbs.twimg.com/media/FaaZkt4WIAI_t5z.jpg,No animals,No climate action,Rising temperature,No setting,Screenshot
216,https://pbs.twimg.com/media/E7ON3LnXIAAgAZk.jpg,No animals,Other,No consequences,Residential/commercial,Screenshot
217,https://pbs.twimg.com/media/FbFUZgTXwAAMdFj.jpg,No animals,No climate action,No consequences,Outer space,Photo
218,https://pbs.twimg.com/media/EjM3127UYAAHgje.jpg,No animals,Other,Rising temperature,Residential/commercial,Photo
219,https://pbs.twimg.com/media/EAct3IKWkAMWnNs.png,No animals,Protests,No consequences,Other setting,Collage
220,https://pbs.twimg.com/media/DzfrfDsXQAAElAR.jpg,No animals,Politics,No consequences,Indoor space,Photo
221,https://pbs.twimg.com/media/EMhv5qAWwAAJroN?format=jpg&name=small,No animals,No climate action,Sea level rise,Residential/commercial,Photo
222,https://pbs.twimg.com/media/E_vt2KTUYAMo-_V.png,No animals,Politics,No consequences,No setting,Other
223,https://pbs.twimg.com/media/FlPooDYakAA1Uor.jpg,No animals,Other,No consequences,Indoor space,Photo
224,https://pbs.twimg.com/media/EYM7RkPX0AAtn0e.jpg,No animals,Other,No consequences,No setting,Photo
225,https://pbs.twimg.com/media/FR_U2vYXsAEsHDl.jpg,No animals,Other,Sea level rise,Other setting,Photo
226,https://pbs.twimg.com/media/D6q6c3lW0AA8uAX.jpg,No animals,Fossil energy,No consequences,Industrial,Photo
227,https://pbs.twimg.com/media/FgSumfqX0AA9XuX.jpg,No animals,Sustainable energy,No consequences,Residential/commercial,Photo
228,https://pbs.twimg.com/media/EQK-6DUUUAEgUG5.jpg,No animals,Protests,No consequences,Residential/commercial,Photo
229,https://pbs.twimg.com/media/FCsqQV1XIAAILzS.png,No animals,No climate action,Sea level rise,No setting,Data Visualization
230,https://pbs.twimg.com/media/FIjuSzuXwAUzlQw.jpg,Farm animals,No climate action,No consequences,Agricultural/rural,Posters/Event invitations
231,https://pbs.twimg.com/media/FNV3pH4X0AkmESx.jpg,No animals,No climate action,Wildfires,Other nature,Infographic
232,https://pbs.twimg.com/media/D3PDneNWAAIOcPm.jpg,Farm animals,No climate action,No consequences,Agricultural/rural,Photo
233,https://pbs.twimg.com/media/EzfCUmKXMAA32G7.jpg,No animals,Other,No consequences,Other setting,Collage
234,https://pbs.twimg.com/media/FPEobV8XoAA9e1F.jpg,No animals,Politics,No consequences,Indoor space,Photo
235,https://pbs.twimg.com/media/D4wJuilUIAEXIcH.jpg,No animals,No climate action,No consequences,No setting,Other
236,https://pbs.twimg.com/media/E_kPldUWQAINxU4.jpg,No animals,No climate action,Drought,Desert,Photo
237,https://pbs.twimg.com/media/FC-FIcpUYAYvrj4.jpg,No animals,Other,No consequences,Residential/commercial,Screenshot
238,https://pbs.twimg.com/media/FRksVbEXMAEYlMg.jpg,Land mammal,No climate action,Drought,Desert,Photo
239,https://pbs.twimg.com/media/EhjkCa6WoAE-VDe.jpg,No animals,No climate action,Wildfires,Residential/commercial,Photo
240,https://pbs.twimg.com/media/EX2BC2GWsAQHerl.jpg,No animals,Politics,No consequences,No setting,Posters/Event invitations
241,https://pbs.twimg.com/media/FPGOhVZaIAEJLA7.jpg,No animals,Politics,No consequences,Indoor space,Screenshot
242,https://pbs.twimg.com/media/E58NYFkVUAsJ4rT.jpg,No animals,No climate action,No consequences,No setting,Infographic
243,https://pbs.twimg.com/media/D410UHwXkAceau4.jpg,No animals,Politics,No consequences,Indoor space,Photo
244,https://pbs.twimg.com/media/EkuuuTwXEAAQ6a2.jpg,No animals,Politics,No consequences,Agricultural/rural,Photo
245,https://pbs.twimg.com/media/FJUQH75aIAEQJcL.jpg,No animals,Other,No consequences,No setting,Posters/Event invitations
246,https://pbs.twimg.com/media/ESM7KktWsAIBAcc.jpg,No animals,Politics,No consequences,Other setting,Collage
247,https://pbs.twimg.com/media/FhPGPIMVQAA5d3N.jpg,No animals,Other,No consequences,No setting,Photo
248,https://pbs.twimg.com/media/FUNpSmPVsAEcHLv.jpg,No animals,Other,No consequences,Residential/commercial,Photo
249,https://pbs.twimg.com/media/EBryI1PXYAUlYbT.jpg,No animals,Protests,No consequences,"Forest, jungle",Photo
250,https://pbs.twimg.com/media/D4fPnTCU0AI6h_n.png,No animals,No climate action,No consequences,Outer space,Illustration
251,https://pbs.twimg.com/media/EE7bZQMXUAELFqo.jpg,No animals,Protests,No consequences,"Arctic, Antarctic",Photo
252,https://pbs.twimg.com/media/FDDStyZWUAcc-le.png,No animals,No climate action,No consequences,No setting,Data Visualization
253,https://pbs.twimg.com/media/EEFUos2U8AA9bqL.jpg,No animals,No climate action,Floods,"Ocean, coastal",Photo
254,https://pbs.twimg.com/media/EoJ6HT4XIAEatH9.jpg,No animals,Other,No consequences,Residential/commercial,Photo
255,https://pbs.twimg.com/media/DzskirpWsAEK0bP.jpg,Insects,No climate action,No consequences,Other setting,Photo
256,https://pbs.twimg.com/media/E2ZN2fUXIAMGGuy.jpg,No animals,No climate action,Sea level rise,"Ocean, coastal",Collage
257,https://pbs.twimg.com/media/Fi_DFPpXkAYWVUT.jpg,No animals,No climate action,Drought,Industrial,Photo
258,https://pbs.twimg.com/media/FXy42ibUIAsZwU5.jpg,No animals,No climate action,Floods,Other setting,Meme
259,https://pbs.twimg.com/media/EQgw1chU0AE2RlF.jpg,No animals,Protests,No consequences,Desert,Photo
260,https://pbs.twimg.com/media/FP4ibjqaQAELL4v.jpg,Other animals,Other,Biodiversity loss,Other nature,Posters/Event invitations
261,https://pbs.twimg.com/media/EBzzt0lXkAA9kfP.jpg,No animals,Politics,No consequences,No setting,Photo
262,https://pbs.twimg.com/media/Ej9MhhBU0AA5MgR.jpg,No animals,Other,No consequences,No setting,Photo
263,https://pbs.twimg.com/media/Fk7YzdqXEAAhBtH.jpg,No animals,Other,Rising temperature,Residential/commercial,Photo
264,https://pbs.twimg.com/media/D8OT0mGV4AAcIUb?format=jpg&name=small,No animals,No climate action,Sea level rise,Residential/commercial,Photo
265,https://naturesplasticity.weebly.com/uploads/4/8/1/6/48165193/east-london-ocean-tmw-measureing_orig.jpg,No animals,Other,No consequences,"Ocean, coastal",Photo
266,https://pbs.twimg.com/media/FKzLxvMUUAIMLXl.jpg,No animals,Protests,No consequences,No setting,Illustration
267,https://pbs.twimg.com/media/FIbCZ2cVkAYl4jO.jpg,No animals,No climate action,Other consequences,No setting,Data Visualization
268,https://pbs.twimg.com/media/ExSGSdWWUAAaCkQ.jpg,No animals,No climate action,Covid & general health,Industrial,Photo
269,https://pbs.twimg.com/media/FBPAc5PVkAUW5Xx.jpg,No animals,Other,Human rights,Other nature,Posters/Event invitations
270,https://pbs.twimg.com/media/FPVXEpUagAAp68Y.jpg,No animals,Other,No consequences,Residential/commercial,Photo
271,https://pbs.twimg.com/media/FHxzhQCXMAoZFvp.jpg,No animals,Other,No consequences,Indoor space,Photo
272,https://pbs.twimg.com/media/ELbi5nVWoAAsAaz?format=jpg&name=small,No animals,Sustainable energy,No consequences,"Ocean, coastal",Posters/Event invitations
273,https://pbs.twimg.com/media/EBaVCmmWwAA4n_6.jpg,No animals,No climate action,No consequences,No setting,Collage
274,https://pbs.twimg.com/media/E5JsCIoXIAU57HZ.jpg,No animals,Politics,No consequences,Indoor space,Photo
275,https://pbs.twimg.com/media/FDQv5O1UcAU4lfJ.jpg,No animals,Sustainable energy,No consequences,Industrial,Data Visualization
276,https://pbs.twimg.com/media/ELa8qpiWwAA5Q8R.jpg,No animals,Politics,No consequences,Indoor space,Photo
277,https://pbs.twimg.com/media/ESt-ha_UcAA8NKC.jpg,No animals,No climate action,Human rights,"Ocean, coastal",Photo
278,https://pbs.twimg.com/media/EbMmWJ7WkAIeQQI.jpg,Pets,Protests,No consequences,Indoor space,Photo
279,https://pbs.twimg.com/media/Dzh12CbWoAAnpqj.jpg,No animals,No climate action,No consequences,No setting,Data Visualization
280,https://pbs.twimg.com/media/FGr1LloXEAQQ7nv.jpg,No animals,Other,Covid & general health,No setting,Screenshot
281,https://pbs.twimg.com/media/FX-Cx3HWAAAjjCB.jpg,No animals,Politics,No consequences,Residential/commercial,Photo
282,image url no longer available,No animals,Protests,Drought,No setting,Screenshot
283,https://pbs.twimg.com/media/EE28LCKWkAA_K1t.jpg,No animals,No climate action,Sea level rise,"Ocean, coastal",Photo
284,https://pbs.twimg.com/media/FTYmKOQUsAA6o96.jpg,No animals,No climate action,No consequences,Residential/commercial,Photo
285,https://pbs.twimg.com/media/Eh6sAMtU4AAYy4U.jpg,No animals,No climate action,Other extreme weather events,No setting,Screenshot
286,https://pbs.twimg.com/media/E2g6Yx8WUAI639o.jpg,No animals,No climate action,No consequences,Residential/commercial,Photo
287,https://pbs.twimg.com/media/FD20NSBXMAEnuqE.jpg,No animals,Politics,No consequences,Indoor space,Photo
288,https://pbs.twimg.com/media/E06fGpxVgAUMCKN.jpg,No animals,No climate action,Drought,Desert,Photo
289,https://pbs.twimg.com/media/FUngTUaUYAAs3nf.jpg,No animals,No climate action,Economic consequences,Other setting,Data Visualization
290,https://pbs.twimg.com/media/FjM2XtAXgAEMaVl.png,No animals,Fossil energy,No consequences,No setting,Screenshot
291,image url no longer available,No animals,Protests,Drought,No setting,Screenshot
292,"https://substackcdn.com/image/fetch/f_auto,q_auto:good,fl_progressive:steep/https%3A%2F%2Fbucketeer-e05bbc84-baa3-437e-9518-adb32be77984.s3.amazonaws.com%2Fpublic%2Fimages%2F73d50c54-fa12-489b-abc3-62b3b815e4de_3607x3289.jpeg",No animals,No climate action,No consequences,Residential/commercial,Photo
293,https://pbs.twimg.com/media/Efv6On7XsA4nblv.jpg,No animals,Other,No consequences,Indoor space,Collage
294,https://pbs.twimg.com/media/EymEpI5XIAI15mq.jpg,No animals,No climate action,Economic consequences,Indoor space,Screenshot
295,https://pbs.twimg.com/media/FgwTBfNXkAApKcy.jpg,No animals,No climate action,No consequences,Agricultural/rural,Photo
296,https://pbs.twimg.com/media/DzfrfDpX0AAdf_W.jpg,No animals,Politics,No consequences,Indoor space,Photo
297,https://pbs.twimg.com/media/Fgy6dkxWIAAsYi3.jpg,No animals,Other,Human rights,Other setting,Illustration
298,https://pbs.twimg.com/media/FhOCtd9VUAABPVs.jpg,No animals,Protests,No consequences,Indoor space,Photo
299,https://pbs.twimg.com/media/Fb-oIvbaAAgrakZ.jpg,No animals,Politics,No consequences,Residential/commercial,Photo
300,https://pbs.twimg.com/media/EoyOKD2VEAY-zxx.jpg,No animals,Other,No consequences,Indoor space,Screenshot
301,https://pbs.twimg.com/media/FQTlPbbXIAQonSR.jpg,No animals,No climate action,Human rights,"Forest, jungle",Posters/Event invitations
302,https://pbs.twimg.com/media/FgQoGUbXoAIOw0b.jpg,Polar bear,Politics,No consequences,"Arctic, Antarctic",Posters/Event invitations
303,https://pbs.twimg.com/media/FOXF2btXIAIVDKP.jpg,Amphibian or Reptile,No climate action,Biodiversity loss,Other nature,Posters/Event invitations
304,https://pbs.twimg.com/media/D71LkqGXoAApUlC.jpg,No animals,Other,No consequences,Indoor space,Meme
305,https://pbs.twimg.com/media/EHvhduNUwAAM_06.jpg,No animals,Protests,No consequences,Residential/commercial,Collage
306,https://pbs.twimg.com/media/FTbkAo4VsAE8phg.jpg,No animals,Politics,No consequences,Indoor space,Photo
307,https://pbs.twimg.com/media/FgolwyaWAAAZqX7.jpg,No animals,Other,No consequences,Residential/commercial,Photo
308,https://pbs.twimg.com/media/EvX_iAJWQAEHCQy.jpg,No animals,Politics,No consequences,Indoor space,Collage
309,https://pbs.twimg.com/media/FeTGuBpWIAYfZJf.jpg,No animals,Politics,Other extreme weather events,Residential/commercial,Screenshot
310,https://pbs.twimg.com/media/D8jfZBWUcAA4zEY.jpg,No animals,Politics,No consequences,Indoor space,Photo
311,https://pbs.twimg.com/media/FCd746OWEAgkrKv.jpg,No animals,Other,No consequences,Other setting,Collage
312,https://pbs.twimg.com/media/Fhs0Q7EUAAASz0M.jpg,No animals,No climate action,Melting Ice,Other setting,Data Visualization
313,https://pbs.twimg.com/media/FfPpFgEVQAAfQia.jpg,No animals,Politics,Human rights,Desert,Posters/Event invitations
314,https://pbs.twimg.com/media/ENeCmc1UYAADfLN.jpg,Land mammal,No climate action,No consequences,Other nature,Photo
315,https://pbs.twimg.com/media/EMG51QAW4AA9Y52.jpg,No animals,Other,No consequences,Indoor space,Photo
316,https://pbs.twimg.com/media/FUqH1e4XEAEHNmO.jpg,No animals,Protests,Human rights,Residential/commercial,Posters/Event invitations
317,https://pbs.twimg.com/media/FAIz-X_XIAAHI77?format=jpg&name=medium,No animals,Other,Other consequences,No setting,Screenshot
318,https://pbs.twimg.com/media/DzfrfDsWsAAVZq8.jpg,No animals,Politics,No consequences,Indoor space,Photo
319,https://pbs.twimg.com/media/E-eLU5BXoAAlatK.jpg,Amphibian or Reptile,No climate action,Biodiversity loss,Other nature,Photo
320,image url no longer available,No animals,Protests,Drought,No setting,Screenshot
321,https://pbs.twimg.com/media/FMMZjs9XIAAZRx8.jpg,No animals,Other,No consequences,Residential/commercial,Photo
322,https://pbs.twimg.com/media/Fb-oKlmaQAYXB8j.jpg,No animals,Politics,No consequences,Indoor space,Photo
323,https://pbs.twimg.com/media/FR6B9t1acAIZxpj.jpg,No animals,No climate action,Other consequences,"Ocean, coastal",Photo
324,https://pbs.twimg.com/media/EA70bjjUIAADf4Q.jpg,Amphibian or Reptile,No climate action,No consequences,Other setting,Posters/Event invitations
325,https://pbs.twimg.com/media/EFJLeQwX4AIwzxd.jpg,No animals,Other,No consequences,Indoor space,Photo
326,https://pbs.twimg.com/media/EEKzFxuUEAAughv.jpg,No animals,No climate action,Drought,Other nature,Collage
327,https://pbs.twimg.com/media/D25gvlIW0AEhVFj?format=jpg&name=small,No animals,No climate action,Covid & general health,No setting,Data Visualization
328,https://pbs.twimg.com/media/E1uBmlWUcAkXM0A.jpg,No animals,Sustainable energy,No consequences,Agricultural/rural,Photo
329,https://pbs.twimg.com/media/ERJw2cUWkAENg37.jpg,No animals,Politics,No consequences,Indoor space,Photo
330,https://pbs.twimg.com/media/FT1C7AWX0AATOaG.jpg,Sea mammal,No climate action,Biodiversity loss,"Ocean, coastal",Photo
331,https://pbs.twimg.com/media/Ej1DNFOVoAASX37.jpg,No animals,Other,No consequences,No setting,Photo
332,https://pbs.twimg.com/media/Efv6nrqXkAA1OQN.jpg,No animals,Other,No consequences,Indoor space,Photo
333,https://pbs.twimg.com/media/E5Ib4a1XEAgRkCh.jpg,No animals,No climate action,Rising temperature,No setting,Data Visualization
334,https://pbs.twimg.com/media/FHlHrWFXMAIL2M9.jpg,No animals,Other,No consequences,Indoor space,Posters/Event invitations
335,https://pbs.twimg.com/media/ETyA73iUUAE2EhW.jpg,No animals,Politics,No consequences,"Ocean, coastal",Photo
336,https://pbs.twimg.com/media/FhiOOxCVUAAXo9x.jpg,No animals,Other,No consequences,No setting,Photo
337,https://pbs.twimg.com/media/FOyRT4nWYAY68HX.jpg,No animals,No climate action,Drought,Desert,Photo
338,https://pbs.twimg.com/media/ErTinSTXcAEiZWj.jpg,No animals,Fossil energy,No consequences,Industrial,Posters/Event invitations
339,https://pbs.twimg.com/media/FhaOQdVWQAEHnCE.jpg,Polar bear,No climate action,No consequences,"Arctic, Antarctic",Photo
340,https://pbs.twimg.com/media/Dy8IQNNXQAAOWzH.jpg,No animals,No climate action,No consequences,"Forest, jungle",Posters/Event invitations
341,https://pbs.twimg.com/media/FD20NR-XoAQhzwG.jpg,No animals,Politics,No consequences,Indoor space,Collage
342,https://pbs.twimg.com/media/EAt3bYkWwAAGtdW.jpg,No animals,Other,Rising temperature,Indoor space,Photo
343,https://pbs.twimg.com/media/EXiC9JgUcAA3fgE.jpg,No animals,Other,No consequences,Indoor space,Photo
344,https://pbs.twimg.com/media/FP2g2UEWQAg7nBR.jpg,No animals,No climate action,Other consequences,Other nature,Photo
345,https://pbs.twimg.com/media/E5VaYkCVIAAysI8.jpg,No animals,Other,Rising temperature,Residential/commercial,Collage
346,https://pbs.twimg.com/media/FDiIG1FXEAQHCgH.jpg,No animals,Politics,No consequences,Indoor space,Photo
347,https://pbs.twimg.com/media/FGAoAN_XoAEnHd0.jpg,No animals,Protests,No consequences,Residential/commercial,Photo
348,https://pbs.twimg.com/media/EqZtj-3W8AEt-wd.jpg,Polar bear,No climate action,Other consequences,Residential/commercial,Photo
349,https://pbs.twimg.com/media/FQCieKLX0AQgfLQ.jpg,No animals,No climate action,No consequences,Agricultural/rural,Photo
350,https://pbs.twimg.com/media/Fyk0kIJaYAAAf6l.jpg,Farm animals,No climate action,Other consequences,"Forest, jungle",Photo
351,https://pbs.twimg.com/media/FPPRF4bWUAcs5nr.jpg,No animals,Protests,No consequences,Residential/commercial,Photo
352,https://pbs.twimg.com/media/FjSYVzrXwAEhKBq.png,No animals,No climate action,No consequences,Outer space,Posters/Event invitations
353,https://pbs.twimg.com/media/D8K7PjxWsAE6GhY.jpg,No animals,No climate action,Drought,Other setting,Photo
354,https://pbs.twimg.com/media/FDD8o7oWUAUe3pS.jpg,No animals,Politics,No consequences,Residential/commercial,Photo
355,https://pbs.twimg.com/media/FKlQxKCXwAADJka.jpg,No animals,Sustainable energy,No consequences,No setting,Infographic
356,https://pbs.twimg.com/media/D4xJqJ_XoAAComn.jpg,Land mammal,No climate action,No consequences,Other nature,Posters/Event invitations
357,https://pbs.twimg.com/media/D1rAnX1XQAI1ihs.jpg,No animals,No climate action,Sea level rise,Other setting,Screenshot
358,https://pbs.twimg.com/media/EMEgep0XUAE3tHn?format=jpg&name=small,No animals,No climate action,Sea level rise,No setting,Data Visualization
359,https://pbs.twimg.com/media/FQZHqQLakAoqpie?format=png&name=900x900,No animals,No climate action,No consequences,"Forest, jungle",Photo
360,https://pbs.twimg.com/media/FIHyvyeVkAE9t_E.jpg,No animals,No climate action,Drought,Other nature,Photo
361,https://pbs.twimg.com/media/Ezy2KZ4WQAEp_vy.jpg,No animals,No climate action,No consequences,Outer space,Screenshot
362,https://pbs.twimg.com/media/ENX8Ud4XYAApRzF?format=png&name=small,No animals,Sustainable energy,No consequences,"Ocean, coastal",Photo
363,https://pbs.twimg.com/media/E_2jv-8VcAM2ikV.jpg,No animals,Politics,No consequences,Indoor space,Photo
364,https://pbs.twimg.com/media/D_0Ql5wXoAAXPnX.png,No animals,No climate action,No consequences,No setting,Photo
365,https://pbs.twimg.com/media/EoyOKD3VEAEpsZO.jpg,No animals,Other,No consequences,Indoor space,Screenshot
366,https://pbs.twimg.com/media/ECvfjt-WwAA1v7R.jpg,No animals,Other,Drought,Other nature,Collage
367,https://pbs.twimg.com/tweet_video_thumb/EmRty8SXUAEpYP6.jpg,No animals,Other,No consequences,Indoor space,Screenshot
368,https://pbs.twimg.com/media/FhrdhtDX0AAAOUx.jpg,No animals,Politics,No consequences,No setting,Photo
369,https://pbs.twimg.com/media/Dw89_aJX0AAA_0Y.jpg,No animals,Other,Covid & general health,Indoor space,Collage
370,https://pbs.twimg.com/media/EJb3dp7WoAISFvX.jpg,No animals,Politics,No consequences,Indoor space,Photo
371,https://pbs.twimg.com/media/EtGEKHcUcAMabRw.jpg,Farm animals,No climate action,No consequences,Other setting,Infographic
372,https://pbs.twimg.com/media/Ec0OWjyX0AIIQij.jpg,No animals,Other,No consequences,Agricultural/rural,Screenshot
373,https://pbs.twimg.com/media/FiWD7Y5XgAEroDy.png,No animals,No climate action,No consequences,No setting,Data Visualization
374,https://pbs.twimg.com/media/Fhh89wVWAAEZBSr.jpg,No animals,Other,No consequences,Other setting,Screenshot
375,https://pbs.twimg.com/media/EFVNoRvXYAEI7HP.jpg,No animals,No climate action,Melting Ice,"Arctic, Antarctic",Photo
376,https://pbs.twimg.com/media/FGTdtSlWYAUXzT0.jpg,No animals,Other,Other extreme weather events,No setting,Screenshot
377,https://pbs.twimg.com/media/EjOSc4SU8AAitOz.jpg,No animals,Politics,No consequences,No setting,Screenshot
378,https://pbs.twimg.com/media/FXEGcQgX0AIFtdv.jpg,No animals,Politics,Human rights,Indoor space,Other
379,https://pbs.twimg.com/media/FAEOR1OVgAMPeFA.jpg,No animals,Politics,No consequences,Indoor space,Photo
380,https://pbs.twimg.com/media/Dz7WIGAUUAAYg_6.jpg,Pets,No climate action,No consequences,Indoor space,Photo
381,https://pbs.twimg.com/media/FON0qPmX0Aso07C.jpg,No animals,No climate action,Rising temperature,Other setting,Data Visualization
382,https://pbs.twimg.com/media/FLjv83oVUAg7tKN.jpg,No animals,Other,No consequences,Agricultural/rural,Infographic
383,https://pbs.twimg.com/media/EQK-6EkU0AAX37V.jpg,No animals,Protests,No consequences,Residential/commercial,Photo
384,https://pbs.twimg.com/media/EE9E5xnXkAAStQt.jpg,No animals,Other,No consequences,Residential/commercial,Photo
385,https://pbs.twimg.com/media/D1tyfmTW0AAYCPA.jpg,No animals,Protests,No consequences,Residential/commercial,Photo
386,https://pbs.twimg.com/media/EzX8YhkUcAU5EnY.jpg,No animals,Other,No consequences,Residential/commercial,Screenshot
387,https://pbs.twimg.com/media/FMo8ciRVUAQqqn8.jpg,No animals,Other,Floods,Residential/commercial,Photo
388,https://pbs.twimg.com/media/E5Otn9aWQAIkAzj.jpg,No animals,No climate action,No consequences,Outer space,Photo
389,https://pbs.twimg.com/media/EBfTjbxXUAAF5_g?format=jpg&name=small,No animals,No climate action,No consequences,Outer space,Screenshot
390,https://pbs.twimg.com/media/EoynMJnVoAMe3Xg.jpg,No animals,Other,No consequences,Indoor space,Screenshot
391,https://pbs.twimg.com/media/EG8nEM9X4AEQWGD.jpg,No animals,Other,Human rights,Other nature,Photo
392,https://pbs.twimg.com/media/FLsw9fjXEAMWGRM.jpg,No animals,No climate action,Human rights,Other setting,Posters/Event invitations
393,https://pbs.twimg.com/media/FKmlU-TWQAULcu1.jpg,No animals,Other,No consequences,Other setting,Illustration
394,https://pbs.twimg.com/media/Fj4S7ziWAAAEoks.jpg,No animals,Politics,No consequences,Indoor space,Photo
395,https://pbs.twimg.com/media/D2CPMCMWkAELLs-.jpg,No animals,No climate action,No consequences,"Ocean, coastal",Illustration
396,https://pbs.twimg.com/media/EHACGWzX4AAccJC.jpg,No animals,Other,Other consequences,Other nature,Photo
397,https://pbs.twimg.com/media/Ff-HxZxWIAAgr6W.jpg,No animals,Sustainable energy,No consequences,Other nature,Photo
398,https://pbs.twimg.com/media/FZDAR3SWYAgepwA.jpg,No animals,Other,No consequences,"Ocean, coastal",Collage
399,https://pbs.twimg.com/media/FUoc1h7WIAAGs1k.jpg,No animals,Other,No consequences,Residential/commercial,Collage
400,https://pbs.twimg.com/media/E5zazAEX0AMN4Nv.jpg,No animals,Other,Floods,Residential/commercial,Photo
401,https://pbs.twimg.com/media/EDhRIaFUUAAWQoT.jpg,No animals,Other,No consequences,Industrial,Posters/Event invitations
402,https://pbs.twimg.com/media/FO9eRXlXIAk2kWT.jpg,No animals,No climate action,No consequences,Residential/commercial,Collage
403,https://pbs.twimg.com/media/FQ-xj7QVEAAlWWv.jpg,No animals,No climate action,No consequences,No setting,Screenshot
404,https://pbs.twimg.com/media/FLO6p_bWQAMf83Q.jpg,No animals,Other,No consequences,Other setting,Collage
405,https://pbs.twimg.com/media/FAAB6sFVUA8_3E7.jpg,No animals,No climate action,Covid & general health,Residential/commercial,Photo
406,https://pbs.twimg.com/media/EYqFbZHXQAEAjNL.jpg,No animals,No climate action,Rising temperature,No setting,Data Visualization
407,https://pbs.twimg.com/media/EkuutJ-X0AAU3ta.jpg,No animals,Politics,No consequences,Agricultural/rural,Photo
408,https://pbs.twimg.com/media/EhjkCZGXcAERhNk.jpg,No animals,No climate action,Wildfires,Residential/commercial,Photo
409,https://pbs.twimg.com/media/FhqsL_0agAAlrJF.jpg,No animals,Politics,No consequences,Indoor space,Photo
410,https://pbs.twimg.com/media/ErZksmbXEAECiBd?format=jpg&name=900x900,No animals,Fossil energy,No consequences,Industrial,Photo
411,https://pbs.twimg.com/media/FgQtnTSXgAEqtfo.png,No animals,Politics,No consequences,No setting,Posters/Event invitations
412,https://pbs.twimg.com/media/Dwyc00SWwAAwZdJ.jpg,No animals,No climate action,Floods,"Ocean, coastal",Photo
413,https://pbs.twimg.com/media/E1ZrY8cVEAE5Oy9.jpg,No animals,No climate action,Other consequences,"Ocean, coastal",Photo
414,https://pbs.twimg.com/media/FdGKrDjWIAAHJu8.jpg,Farm animals,Sustainable energy,No consequences,Agricultural/rural,Photo
415,https://pbs.twimg.com/media/EFdAx4tU8AEQeDI?format=jpg&name=small,No animals,Sustainable energy,No consequences,No setting,Posters/Event invitations
416,https://pbs.twimg.com/tweet_video_thumb/D-CWX8XXkAAXfX5.jpg,No animals,Politics,No consequences,Indoor space,Screenshot
417,https://pbs.twimg.com/media/Ef4b6glUcAA-EqJ.jpg,No animals,Other,No consequences,No setting,Photo
418,https://pbs.twimg.com/media/Fcj0VDYXoAALAN8.jpg,No animals,Politics,No consequences,Residential/commercial,Photo
419,https://pbs.twimg.com/media/Ee59X3cXsAASzSY.jpg,No animals,Politics,No consequences,No setting,Posters/Event invitations
420,https://pbs.twimg.com/media/EhjkCXuWAAYF5tO.jpg,No animals,Other,Wildfires,"Forest, jungle",Photo
421,https://pbs.twimg.com/media/Eo4rTPCXEAczdo_.jpg,No animals,Politics,No consequences,Indoor space,Photo
422,https://pbs.twimg.com/media/E5A90A-WUAQClBD.jpg,No animals,Other,No consequences,Residential/commercial,Photo
423,https://pbs.twimg.com/media/Ey3J0ptUYAQtAFU.jpg,No animals,No climate action,Floods,Residential/commercial,Photo
424,https://pbs.twimg.com/media/EBzMZUbWwAA9Dk_.jpg,No animals,Other,No consequences,Residential/commercial,Photo
425,https://pbs.twimg.com/media/EeSWHWoUEAAJDZV.jpg,No animals,No climate action,No consequences,No setting,Screenshot
426,https://pbs.twimg.com/media/EWvHXliWAAIRYiw.jpg,No animals,Other,No consequences,Indoor space,Photo
427,https://pbs.twimg.com/media/Ev9liPnVgAATB2N.jpg,No animals,No climate action,No consequences,No setting,Posters/Event invitations
428,https://pbs.twimg.com/media/D-n4DzZWsAE5DZ5.jpg,No animals,Politics,No consequences,Indoor space,Photo
429,https://pbs.twimg.com/media/FD52IglXMAY9jIy.jpg,No animals,No climate action,Rising temperature,Desert,Infographic
430,https://pbs.twimg.com/media/EhkM_b3XcAEEzJn.jpg,No animals,No climate action,Wildfires,"Forest, jungle",Photo
431,https://pbs.twimg.com/media/E139pE8XIAI55Dr.jpg,No animals,Politics,No consequences,Indoor space,Photo
432,https://pbs.twimg.com/media/EQgw1cWVAAEo6aK.jpg,No animals,Protests,No consequences,Other nature,Photo
433,https://pbs.twimg.com/media/FAGerT7VgAQCVoh.jpg,No animals,Other,No consequences,Indoor space,Photo
434,image url no longer available,No animals,Protests,Drought,No setting,Screenshot
435,https://pbs.twimg.com/media/Evz0yejWgAQE63J.jpg,No animals,No climate action,Drought,Desert,Photo
436,https://pbs.twimg.com/media/EvdsD-nXUAM4plD.png,No animals,No climate action,Economic consequences,Other setting,Illustration
437,https://pbs.twimg.com/media/FgU28mEWIAUc_fw.jpg,No animals,No climate action,No consequences,Agricultural/rural,Photo
438,https://pbs.twimg.com/media/FO5WDSOXIAY1JjD.jpg,No animals,Other,No consequences,Indoor space,Photo
439,https://pbs.twimg.com/media/FKnTfyQXsAIt5kQ.jpg,No animals,Other,No consequences,Industrial,Illustration
440,https://pbs.twimg.com/media/FYdOjQlWQAI_qF8.jpg,No animals,Other,No consequences,No setting,Screenshot
441,https://pbs.twimg.com/media/E40rBSyXMAQM970.jpg,No animals,No climate action,Floods,Residential/commercial,Photo
442,https://pbs.twimg.com/media/Em2sKxYXMAgBfR8.jpg,No animals,Other,Other consequences,Indoor space,Photo
443,https://pbs.twimg.com/media/Ee-bsBIWsAAF8Gh.jpg,No animals,No climate action,No consequences,No setting,Data Visualization
444,https://pbs.twimg.com/media/D-YyPYjX4AECTX1.jpg,No animals,Other,Other extreme weather events,Residential/commercial,Photo
445,https://pbs.twimg.com/media/EmZrt2kXIAU4I2Q.jpg,No animals,Politics,No consequences,Indoor space,Photo
446,https://pbs.twimg.com/media/FgXmSj3XwAU6n4Y.jpg,No animals,Other,No consequences,Indoor space,Photo
447,https://pbs.twimg.com/media/DzFxmYxWsAAXESm.jpg,No animals,No climate action,Other consequences,"Ocean, coastal",Meme
448,https://pbs.twimg.com/media/EkuuvzRXgAE1aVe.jpg,No animals,Politics,No consequences,Agricultural/rural,Collage
449,https://pbs.twimg.com/media/FXoRR-NUIAIC7DQ.jpg,No animals,Sustainable energy,No consequences,Other setting,Posters/Event invitations
450,https://pbs.twimg.com/media/EbvQlgOUEAAu-BB.jpg,No animals,Politics,No consequences,Other nature,Photo
451,https://pbs.twimg.com/media/FTgX4WFaQAAiZwy.jpg,No animals,Politics,No consequences,Indoor space,Photo
452,https://pbs.twimg.com/media/FRIfXfNWYAIoprq.jpg,No animals,Politics,No consequences,Residential/commercial,Photo
453,https://pbs.twimg.com/media/Ey3J0b_VcAEPed0.jpg,No animals,No climate action,Floods,Residential/commercial,Photo
454,https://pbs.twimg.com/media/FBFLfH3UUAI58El.jpg,No animals,Other,No consequences,Indoor space,Screenshot
455,image url no longer available,No animals,Protests,Drought,No setting,Screenshot
456,https://pbs.twimg.com/media/FD0TN-oWQAEcJto.jpg,No animals,No climate action,No consequences,Residential/commercial,Photo
457,https://pbs.twimg.com/media/ELgeCpBU0AEj8Eo.jpg,No animals,Other,No consequences,Indoor space,Meme
458,https://pbs.twimg.com/media/FFWyhy6XoAQ8Qxb.jpg,No animals,Sustainable energy,No consequences,Other nature,Photo
459,https://pbs.twimg.com/media/FQHzo1PXsAADcsF.jpg,No animals,No climate action,Economic consequences,Other setting,Infographic
460,https://pbs.twimg.com/media/EWVXfsfUYAAexax.jpg,No animals,Other,No consequences,Indoor space,Photo
461,https://pbs.twimg.com/media/ELg5YauXsAA8yzb.jpg,No animals,Protests,No consequences,"Ocean, coastal",Screenshot
462,https://pbs.twimg.com/media/E1NhpdlWUAQAu3Z.jpg,No animals,No climate action,Covid & general health,Other setting,Infographic
463,https://pbs.twimg.com/media/FDM-vsnXsAA_rXM.jpg,No animals,Politics,No consequences,Indoor space,Photo
464,https://pbs.twimg.com/media/DzfgYpoXQAEUCYk.jpg,No animals,No climate action,Floods,No setting,Data Visualization
465,https://pbs.twimg.com/media/EWk0Vf-U4AAiO-9.jpg,No animals,Other,No consequences,Indoor space,Photo
466,https://pbs.twimg.com/media/E3sL99jWEAYhPJF.jpg,Amphibian or Reptile,No climate action,No consequences,Other nature,Photo
467,https://pbs.twimg.com/media/FD8XTnrVUAMGw3i.jpg,No animals,No climate action,Floods,Residential/commercial,Photo
468,https://pbs.twimg.com/media/EHgi4J8U0AAAlgE.png,No animals,No climate action,Melting Ice,No setting,Screenshot
469,https://pbs.twimg.com/media/EO_1T63XUAEVXTE.jpg,No animals,Other,No consequences,Desert,Screenshot
470,https://pbs.twimg.com/media/FDM-vsFXEA03cHj.jpg,No animals,Politics,No consequences,Indoor space,Photo
471,https://pbs.twimg.com/media/EWp9ulbVcAMLtIW.jpg,No animals,Other,No consequences,Indoor space,Photo
472,https://pbs.twimg.com/media/EBryI1NWkAAf6G4.jpg,No animals,Protests,No consequences,"Forest, jungle",Photo
473,image url no longer available,No animals,Protests,Drought,No setting,Screenshot
474,https://pbs.twimg.com/media/FDKgOvlVgAMySCs.jpg,No animals,No climate action,No consequences,"Ocean, coastal",Illustration
475,https://pbs.twimg.com/media/FSTKGnDXoAE0ffs.jpg,No animals,No climate action,No consequences,Desert,Photo
476,https://pbs.twimg.com/media/FLv3NQJXMAIovnY.jpg,No animals,No climate action,No consequences,No setting,Infographic
477,https://pbs.twimg.com/media/EIz7gt5UcAApeyA.png,No animals,No climate action,Economic consequences,Other setting,Posters/Event invitations
478,https://pbs.twimg.com/media/FSeWG-AXEAA79WX.jpg,No animals,No climate action,Sea level rise,"Ocean, coastal",Other
479,https://pbs.twimg.com/media/E1bOAOmWYAAl4R-.jpg,No animals,No climate action,Melting Ice,Other nature,Photo
480,https://pbs.twimg.com/media/E1LhXGhWQAETAA2.jpg,No animals,No climate action,No consequences,No setting,Data Visualization
481,https://pbs.twimg.com/media/FgRO-V4X0AQdxqU.jpg,No animals,Politics,No consequences,No setting,Other
482,https://pbs.twimg.com/media/E8XkPuxXoAMgQWP.png,No animals,No climate action,Rising temperature,No setting,Screenshot
483,https://pbs.twimg.com/media/Ff1pKedWQAEQIGa.jpg,No animals,Fossil energy,No consequences,Industrial,Photo
484,https://pbs.twimg.com/media/FYdOjQoWIAIRmYp.jpg,No animals,Other,No consequences,No setting,Screenshot
485,https://pbs.twimg.com/media/EQ_4ksxVAAASE_8.jpg,No animals,No climate action,No consequences,Other setting,Screenshot
486,https://pbs.twimg.com/media/EP3ztTtWAAEb_1O.jpg,No animals,Politics,No consequences,Indoor space,Photo
487,https://pbs.twimg.com/media/EBwnKenU8AAuFfZ.jpg,No animals,Other,No consequences,No setting,Photo
488,https://pbs.twimg.com/media/EYVDVlxX0AIcOtB.jpg,No animals,Politics,No consequences,Industrial,Screenshot
489,https://pbs.twimg.com/media/FZ4UmGhWQAA6wdO.png,No animals,Other,Melting Ice,"Arctic, Antarctic",Posters/Event invitations
490,https://pbs.twimg.com/media/ERJw2cVW4AEEhm-.jpg,No animals,Politics,No consequences,Indoor space,Photo
491,https://pbs.twimg.com/media/EoyOKEKUcAIIo6B.jpg,No animals,Other,No consequences,Indoor space,Screenshot
492,https://pbs.twimg.com/media/Fa69cdaXoAA_vA2.jpg,No animals,Other,Human rights,Other setting,Posters/Event invitations
493,https://pbs.twimg.com/media/D39PVphWwAAORvO.jpg,Fish,Protests,No consequences,Residential/commercial,Photo
494,https://pbs.twimg.com/media/ESXYxYGXkAYMgAx.jpg,No animals,Sustainable energy,No consequences,Industrial,Photo
495,https://pbs.twimg.com/media/FTyYstAUAAAksE-.jpg,No animals,Politics,No consequences,Indoor space,Photo
496,https://pbs.twimg.com/media/EFs94UXWoAAXSbT.jpg,Polar bear,No climate action,Biodiversity loss,Other nature,Photo
497,https://pbs.twimg.com/media/FCcwYk6UcAM8nBm.jpg,No animals,Other,No consequences,Other setting,Photo
498,https://pbs.twimg.com/media/E0u7j0eVIAIVJuL?format=jpg&name=900x900,No animals,No climate action,No consequences,No setting,Data Visualization
499,https://pbs.twimg.com/media/FfXNpRBXoAQ8Eph.jpg,No animals,No climate action,Economic consequences,Indoor space,Photo
500,https://pbs.twimg.com/media/DwmRPBzX0AA_KcR.jpg,No animals,No climate action,No consequences,No setting,Data Visualization
501,https://pbs.twimg.com/media/FTSoogPVEAEqwwW.jpg,No animals,No climate action,Drought,Other nature,Photo
502,https://pbs.twimg.com/media/EPKABWKXUAgImN0.jpg,No animals,Protests,No consequences,Other setting,Screenshot
503,https://pbs.twimg.com/media/FQ-xj7SUYAAfZHM.jpg,No animals,No climate action,No consequences,No setting,Screenshot
504,https://pbs.twimg.com/media/EFR385cWsAESbmJ.jpg,No animals,Politics,No consequences,Indoor space,Photo
505,https://pbs.twimg.com/media/EumtrgxUcAE6d_a.jpg,No animals,No climate action,No consequences,Desert,Photo
506,https://pbs.twimg.com/tweet_video_thumb/FJaZ2ivX0AEItlQ.jpg,No animals,No climate action,Rising temperature,No setting,Data Visualization
507,https://pbs.twimg.com/media/D1OGZs8XgAARlq2.jpg,Amphibian or Reptile,No climate action,No consequences,No setting,Photo
508,https://pbs.twimg.com/media/Ej-jNqzXkAMAEfL.png,No animals,Politics,No consequences,Indoor space,Photo
509,https://pbs.twimg.com/media/E2oAO1GWYAAyzMq.jpg,No animals,No climate action,No consequences,Outer space,Illustration
510,https://pbs.twimg.com/media/FiRuRRkWYAcWorg.jpg,No animals,No climate action,Human rights,Other setting,Infographic
511,https://pbs.twimg.com/media/FDqsYrhX0AI0L0d.jpg,No animals,No climate action,Other extreme weather events,"Arctic, Antarctic",Screenshot
512,https://pbs.twimg.com/media/ES5bHuLXQAIXFui.jpg,No animals,No climate action,Human rights,Other nature,Photo
513,https://pbs.twimg.com/media/EE8TlsYXkAEyJbX.jpg,No animals,Protests,No consequences,Residential/commercial,Photo
514,https://pbs.twimg.com/media/EatiR5KWoAAk82J.jpg,No animals,Other,No consequences,Indoor space,Photo
515,https://pbs.twimg.com/media/D-YyMbbWkAIWGi_.jpg,No animals,No climate action,Other extreme weather events,Residential/commercial,Photo
516,https://pbs.twimg.com/media/FRksVa1XIAIwanw.jpg,No animals,Other,Drought,Desert,Photo
517,https://pbs.twimg.com/media/FMrTaQwWUAEBEXj.jpg,No animals,Other,No consequences,No setting,Posters/Event invitations
518,https://pbs.twimg.com/media/EumqD59UcAAxrhK.jpg,No animals,No climate action,No consequences,Indoor space,Photo
519,https://pbs.twimg.com/media/EOaFp2tUwAArwD6.jpg,No animals,No climate action,No consequences,Indoor space,Photo
520,https://pbs.twimg.com/media/EHACGWxXYAAsBoN.jpg,No animals,Other,Other consequences,Other nature,Photo
521,https://pbs.twimg.com/media/ET0OXy8XkAEW4v8.png,No animals,No climate action,No consequences,No setting,Screenshot
522,https://pbs.twimg.com/media/D09mytBXQAAyDWo.png,No animals,Politics,No consequences,Indoor space,Photo
523,https://pbs.twimg.com/media/FYmtd91XEAEUMxk.jpg,Land mammal,No climate action,No consequences,Other setting,Illustration
524,https://pbs.twimg.com/media/Dyp3u1bUUAEhKaN.jpg,No animals,Politics,No consequences,Indoor space,Photo
525,https://pbs.twimg.com/media/FdWRDqlXgAMnnzV.jpg,No animals,No climate action,Sea level rise,"Ocean, coastal",Screenshot
526,https://pbs.twimg.com/media/FDN-OygXEA81uDG.jpg,No animals,Other,No consequences,Indoor space,Photo
527,https://pbs.twimg.com/media/EmPecidVkAAQNWs.jpg,No animals,Politics,No consequences,Indoor space,Photo
528,https://pbs.twimg.com/media/EcccmLMWkAUWuYF.jpg,No animals,No climate action,Human rights,"Arctic, Antarctic",Screenshot
529,https://pbs.twimg.com/media/EhhUS_PUcAAn2Uy.jpg,No animals,Other,Wildfires,Residential/commercial,Photo
530,image url no longer available,No animals,Protests,Drought,No setting,Screenshot
531,https://pbs.twimg.com/media/FZDARsSXgAA2uT3.jpg,No animals,Other,No consequences,"Forest, jungle",Screenshot
532,https://pbs.twimg.com/media/EbUYQ7tUwAEpOPk.jpg,No animals,No climate action,Covid & general health,No setting,Data Visualization
533,https://pbs.twimg.com/media/D8S0pStWkAAP__X.jpg,No animals,Other,No consequences,Indoor space,Photo
534,https://pbs.twimg.com/media/D8JUJ0hXYAAw6Ye.jpg,No animals,Politics,No consequences,Residential/commercial,Photo
535,https://pbs.twimg.com/media/ExUoRz-UYAMoJQx.jpg,No animals,Other,No consequences,Agricultural/rural,Photo
536,https://pbs.twimg.com/media/FfQ-365XEAEA_z1.jpg,No animals,Other,Covid & general health,Indoor space,Photo
537,https://pbs.twimg.com/media/EcW_hGaXsAEVdl6.jpg,No animals,Other,No consequences,Other nature,Photo
538,https://pbs.twimg.com/media/FZffoBlWIAQRt0E.jpg,No animals,No climate action,Floods,Industrial,Photo
539,https://pbs.twimg.com/media/FD20NSGXMAMAS1-.jpg,No animals,Politics,No consequences,Indoor space,Photo
540,https://pbs.twimg.com/media/Enm58oSXYAE3gP4.jpg,No animals,Protests,No consequences,Residential/commercial,Photo
541,https://pbs.twimg.com/media/FRFy1RMVEAAhYpg.jpg,No animals,Protests,No consequences,Other setting,Photo
542,https://pbs.twimg.com/media/EjwMviJXkAE1u3b?format=jpg&name=small,No animals,Other,No consequences,Other nature,Posters/Event invitations
543,https://pbs.twimg.com/media/EFR385cXUAAZGPX.jpg,No animals,Politics,No consequences,Indoor space,Photo
544,https://pbs.twimg.com/media/Evn5E29WYAAhgu6.jpg,No animals,No climate action,Rising temperature,Outer space,Data Visualization
545,https://pbs.twimg.com/media/FX4t0cBWYAI4CrT.png,No animals,No climate action,Rising temperature,No setting,Infographic
546,https://pbs.twimg.com/media/D6woyHTXYAADT5c.png,No animals,No climate action,No consequences,No setting,Screenshot
547,https://pbs.twimg.com/media/EMRqGHkU0AEjTFD.jpg,No animals,Other,Wildfires,"Forest, jungle",Photo
548,https://pbs.twimg.com/media/E9TiWXKVcAYNW2j.jpg,No animals,Other,No consequences,"Forest, jungle",Photo
549,https://pbs.twimg.com/media/Fi7aEYYWQAAgK7L.jpg,No animals,No climate action,Floods,No setting,Data Visualization
550,https://pbs.twimg.com/media/FPY1uvHacAMkZbF?format=jpg&name=large,No animals,No climate action,No consequences,Residential/commercial,Photo
551,https://pbs.twimg.com/media/FLMsf59XMAQlJFx.jpg,No animals,Politics,No consequences,Indoor space,Photo
552,https://pbs.twimg.com/media/EzXGR9uUYAwuaS4.jpg,No animals,Politics,No consequences,Indoor space,Screenshot
553,https://pbs.twimg.com/media/FhHh_6uagAIGc-b.jpg,No animals,No climate action,Human rights,Desert,Photo
554,https://pbs.twimg.com/media/FNoWtBvWYAQKkBd.jpg,No animals,No climate action,No consequences,No setting,Data Visualization
555,https://pbs.twimg.com/media/D23gqsEWoAo3tGL.jpg,No animals,No climate action,No consequences,No setting,Photo
556,https://pbs.twimg.com/media/FYA12qoWAAA4KZM.jpg,No animals,No climate action,No consequences,Outer space,Infographic
557,https://pbs.twimg.com/media/FVeKq0sXoAEUODv.jpg,No animals,Other,No consequences,Residential/commercial,Photo
558,https://pbs.twimg.com/media/EhkM_b1XYAIBkvm.jpg,No animals,No climate action,Wildfires,Other setting,Other
559,https://pbs.twimg.com/media/FbgT02bUIAAJFRT.jpg,No animals,Other,No consequences,No setting,Screenshot
560,https://pbs.twimg.com/media/EuTTIAjXEAUFcRN.jpg,No animals,Politics,No consequences,Indoor space,Photo
561,https://pbs.twimg.com/media/FOuE_xgXwAcc0bK.jpg,No animals,Politics,No consequences,Indoor space,Screenshot
562,https://pbs.twimg.com/media/FNV3pbcXoAIt9K7.jpg,No animals,Politics,No consequences,No setting,Screenshot
563,https://pbs.twimg.com/media/EYfnwiXWsAACWy8.jpg,No animals,No climate action,Other extreme weather events,Residential/commercial,Photo
564,https://pbs.twimg.com/media/EgEqHvUU4AAJGLU.jpg,No animals,No climate action,Wildfires,"Forest, jungle",Photo
565,https://pbs.twimg.com/media/ElNWDaIXYAUclpa.jpg,Amphibian or Reptile,No climate action,No consequences,Other nature,Photo
566,https://pbs.twimg.com/media/EaEw5XTWoAIrql1.jpg,No animals,Protests,No consequences,Residential/commercial,Photo
567,https://pbs.twimg.com/media/E_LS3aCVgAAlghl.jpg,No animals,Politics,No consequences,Indoor space,Photo
568,https://pbs.twimg.com/media/FMq49ZAXsAIFKs_.jpg,No animals,No climate action,No consequences,Other setting,Data Visualization
569,https://pbs.twimg.com/media/EsOKDHLXIAIJFoK.jpg,No animals,No climate action,No consequences,No setting,Posters/Event invitations
570,https://pbs.twimg.com/media/FG0wa90VkAIfvMa.jpg,No animals,No climate action,No consequences,Desert,Photo
571,https://pbs.twimg.com/media/Ee-bsBCX0AErVQ4.jpg,No animals,No climate action,No consequences,No setting,Data Visualization
572,https://pbs.twimg.com/media/EfC26W_XoAEYGhF.jpg,Fish,No climate action,Other consequences,"Ocean, coastal",Infographic
573,https://pbs.twimg.com/media/FbnocxraQAE_gDQ.jpg,No animals,Politics,Human rights,Other setting,Screenshot
574,https://pbs.twimg.com/media/FfVV5HWXwAAfTuy.jpg,No animals,No climate action,Floods,Residential/commercial,Photo
575,https://pbs.twimg.com/media/Fd6NOxtX0AA4Pm-.jpg,No animals,No climate action,Floods,Residential/commercial,Photo
576,https://pbs.twimg.com/media/Fbk9MPXaUAA8doC.jpg,No animals,Politics,Human rights,Other setting,Screenshot
577,https://pbs.twimg.com/media/FXeNgfuXgAkwQp5.jpg,No animals,Protests,No consequences,Indoor space,Photo
578,https://pbs.twimg.com/media/ExggrgBW8A4JAzZ.jpg,No animals,Fossil energy,No consequences,Industrial,Illustration
579,https://pbs.twimg.com/media/EHwyAgAWwAIGZg1.jpg,No animals,Protests,No consequences,Residential/commercial,Photo
580,https://pbs.twimg.com/media/E40rBSrWUAA4pa4.jpg,No animals,No climate action,Floods,Residential/commercial,Photo
581,https://pbs.twimg.com/media/Egizm7DWoAM4nK4.jpg,No animals,Politics,No consequences,Indoor space,Photo
582,https://pbs.twimg.com/media/Ec62FmNU4AAl3Nl.jpg,Other animals,No climate action,No consequences,No setting,Photo
583,https://pbs.twimg.com/card_img/1686753410870095873/Tp2Irmxe?format=jpg&name=orig,No animals,Fossil energy,No consequences,Industrial,Photo
584,https://pbs.twimg.com/media/Fj9nSu2WQAAEn8Q.jpg,Amphibian or Reptile,No climate action,No consequences,"Ocean, coastal",Photo
585,https://pbs.twimg.com/media/Eh6sAMsUYAISGwi.jpg,No animals,No climate action,Wildfires,"Forest, jungle",Screenshot
586,https://pbs.twimg.com/media/E74pkYEWEAMSdnv.jpg,No animals,No climate action,Other consequences,Desert,Photo
587,https://pbs.twimg.com/media/EbYG9lfVcAElZ3E.jpg,No animals,No climate action,No consequences,Indoor space,Illustration
588,https://pbs.twimg.com/media/DzdhH5nXcAAlK5E.jpg,No animals,No climate action,No consequences,No setting,Screenshot
589,https://pbs.twimg.com/media/EuZcHqFXAAMbG-z.jpg,No animals,No climate action,Other extreme weather events,Indoor space,Collage
590,https://pbs.twimg.com/media/EE83GWjX4AAB7jE.jpg,No animals,Protests,No consequences,Residential/commercial,Photo
591,https://pbs.twimg.com/media/FJKfuNMXIAIhyJJ.jpg,No animals,Other,Melting Ice,"Arctic, Antarctic",Collage
592,https://pbs.twimg.com/tweet_video_thumb/EsOkquGXIAAn3Uh.jpg,No animals,Politics,No consequences,No setting,Other
593,https://pbs.twimg.com/media/EvHeiWVXMAIGQpk.jpg,No animals,Politics,No consequences,Indoor space,Photo
594,https://pbs.twimg.com/media/EnTDP1GVgAEusgD.png,No animals,Other,No consequences,No setting,Meme
595,https://pbs.twimg.com/media/DzfrfDsXQAIR_Ac.jpg,No animals,Politics,No consequences,Indoor space,Collage
596,https://pbs.twimg.com/media/E3qcc5GWQAQn-fc.jpg,No animals,No climate action,No consequences,No setting,Data Visualization
597,https://pbs.twimg.com/media/EIBENQ8VUAAt68w.jpg,No animals,No climate action,Other consequences,No setting,Data Visualization
598,https://pbs.twimg.com/media/FbQPvl2XgAIHuy6.jpg,No animals,No climate action,No consequences,No setting,Data Visualization
599,https://pbs.twimg.com/media/E-UUAxfWQAYkeBy.jpg,No animals,Other,No consequences,Residential/commercial,Photo
600,https://pbs.twimg.com/media/FYJzgysXgAAlnP4.jpg,No animals,Politics,No consequences,Industrial,Photo
601,https://pbs.twimg.com/media/E1ZrZLtVcAI9Sdm.jpg,No animals,No climate action,Other consequences,"Arctic, Antarctic",Photo
602,https://pbs.twimg.com/media/ECavMM1XUAUkguW.jpg,No animals,No climate action,No consequences,"Forest, jungle",Photo
603,https://pbs.twimg.com/media/EoRKW6jWMAAESwz.jpg,Pets,Other,No consequences,Other setting,Illustration
604,https://pbs.twimg.com/media/FWRjC1FXEAIkjgL.jpg,No animals,Politics,No consequences,Indoor space,Photo
605,https://pbs.twimg.com/media/E0Q3uo_XIAMSR35.jpg,No animals,Politics,No consequences,Residential/commercial,Photo
606,https://pbs.twimg.com/media/Fg5IoPzXEAAIYfV.jpg,No animals,Fossil energy,No consequences,Industrial,Photo
607,https://pbs.twimg.com/media/EFKMvJtXYAIukA3.jpg,No animals,Protests,No consequences,Residential/commercial,Photo
608,https://pbs.twimg.com/media/Efv6O7WXYAAvTSA.jpg,No animals,Other,No consequences,Indoor space,Photo
609,https://pbs.twimg.com/media/Fg9gi54XkAMmQhK.jpg,No animals,Other,No consequences,Residential/commercial,Collage
610,https://pbs.twimg.com/media/FRWatAbXoAQh-_O.jpg,No animals,No climate action,Other consequences,Other setting,Infographic
611,https://pbs.twimg.com/media/D8DjK57XUAAk-sC.jpg,No animals,Protests,No consequences,Agricultural/rural,Photo
612,https://pbs.twimg.com/media/FUNpSmPUYAAIjui.jpg,No animals,Other,No consequences,Residential/commercial,Photo
613,https://pbs.twimg.com/media/D8OcVDaX4AYqw_0.jpg,No animals,Politics,No consequences,Indoor space,Photo
614,https://pbs.twimg.com/media/EJ3YIjqXUAAfQkE.jpg,No animals,Other,No consequences,No setting,Infographic
615,https://pbs.twimg.com/media/ERhFbaiWAAI8tUi.jpg,No animals,Politics,No consequences,No setting,Screenshot
616,https://pbs.twimg.com/media/FPXBFpcXwAgYEs7.jpg,No animals,Politics,Human rights,Other setting,Screenshot
617,https://pbs.twimg.com/media/FbZTm67WIAAf3rk.jpg,No animals,Politics,No consequences,Indoor space,Photo
618,https://pbs.twimg.com/media/EOapT5EWoAIeZPd.jpg,No animals,No climate action,No consequences,No setting,Screenshot
619,https://pbs.twimg.com/media/E0_jyeGWQAAt9Sx.jpg,No animals,Politics,No consequences,Indoor space,Screenshot
620,https://pbs.twimg.com/media/FUc-Q-yVEAAb3J-.jpg,No animals,Other,No consequences,No setting,Screenshot
621,https://pbs.twimg.com/media/Dwere30X4AATwvJ.jpg,No animals,Politics,No consequences,No setting,Screenshot
622,https://pbs.twimg.com/media/FC7GBGiVgAMnxaU.jpg,No animals,Other,Melting Ice,"Arctic, Antarctic",Posters/Event invitations
623,https://pbs.twimg.com/media/D_9lhnNUwAU74Zx.jpg,No animals,No climate action,Rising temperature,No setting,Data Visualization
624,https://pbs.twimg.com/media/Fe4TZcIWYAEogLv.png,No animals,Other,Human rights,Other setting,Screenshot
625,https://pbs.twimg.com/media/EMG5ZL1U4AEi0CC.jpg,No animals,Other,No consequences,Indoor space,Photo
626,https://pbs.twimg.com/media/FDIYl5GXMA0haFT.jpg,No animals,Politics,No consequences,Indoor space,Photo
627,https://pbs.twimg.com/media/FRQW2CjX0AMje7T.jpg,No animals,No climate action,Drought,Desert,Photo
628,https://pbs.twimg.com/media/DxLsYlxUUAECPnh?format=jpg&name=small,No animals,No climate action,Covid & general health,No setting,Photo
629,https://pbs.twimg.com/media/Eceq8a6XkAQb6Wz.jpg,No animals,No climate action,No consequences,Other nature,Illustration
630,https://pbs.twimg.com/media/EKFKc-uWoAELIgq.jpg,No animals,Protests,No consequences,Residential/commercial,Collage
631,https://pbs.twimg.com/media/EI_uhMrW4AAg3-O.jpg,No animals,Other,Sea level rise,Residential/commercial,Photo
632,https://pbs.twimg.com/media/FeTGuA8WAAEcN7b.jpg,No animals,No climate action,Other extreme weather events,No setting,Screenshot
633,https://pbs.twimg.com/media/FbbZRkdWYAMgGtV.jpg,No animals,Other,No consequences,Indoor space,Screenshot
634,https://pbs.twimg.com/media/FKbMT4YXIAIjOcn.jpg,No animals,No climate action,No consequences,No setting,Data Visualization
635,https://pbs.twimg.com/media/FTD6ZrTX0AAoTi0.jpg,No animals,Other,No consequences,Indoor space,Photo
636,https://pbs.twimg.com/media/E4rBPR2WUAAyIDY.jpg,No animals,Politics,Covid & general health,No setting,Screenshot
637,https://pbs.twimg.com/media/FeAubCWXkAAzhHR.jpg,No animals,Politics,No consequences,No setting,Screenshot
638,https://encrypted-tbn0.gstatic.com/images?q=tbn:ANd9GcSgAWjEzH_miMVl9fFD5D0H5ciIOrIWPMSm2BGgtMzsM7GrnflG,No animals,Other,No consequences,Other setting,Photo
639,https://pbs.twimg.com/media/Dw-qG_xUcAEk5KD.jpg,No animals,No climate action,Floods,"Ocean, coastal",Photo
640,https://pbs.twimg.com/media/Enk8d_LXYAAcP4Q.jpg,Birds,Other,No consequences,No setting,Posters/Event invitations
641,https://pbs.twimg.com/media/ERT4ilVXkAA93Cq.jpg,No animals,Other,No consequences,Agricultural/rural,Photo
642,https://pbs.twimg.com/media/EXQyukbWoAYIwdL.jpg,No animals,Sustainable energy,No consequences,Other setting,Illustration
643,https://pbs.twimg.com/media/FOJNP5WXEAUmep-.jpg,No animals,No climate action,Economic consequences,Other setting,Data Visualization
644,https://pbs.twimg.com/media/D-YyOGhXsAAhuGb.jpg,No animals,Other,Other extreme weather events,Residential/commercial,Photo
645,https://pbs.twimg.com/media/FBwkiRpWEAEUW5t.png,No animals,No climate action,No consequences,Outer space,Posters/Event invitations
646,https://pbs.twimg.com/media/FbQPmaOXgAIiS0e.jpg,No animals,Other,No consequences,Industrial,Photo
647,https://pbs.twimg.com/media/ElaX0wBU0AElBYB.jpg,No animals,No climate action,No consequences,"Ocean, coastal",Posters/Event invitations
648,https://pbs.twimg.com/media/FTm9BeLXsAIZFsn.jpg,No animals,Other,No consequences,Indoor space,Photo
649,https://pbs.twimg.com/media/EOO6LJsU8AEpXVQ.jpg,No animals,Politics,No consequences,No setting,Posters/Event invitations
650,https://pbs.twimg.com/media/ET0Ob2zWkAAtiSo.png,No animals,No climate action,No consequences,No setting,Screenshot
651,https://pbs.twimg.com/media/EoyKD5iW4AMyRB2.jpg,No animals,No climate action,No consequences,Outer space,Collage
652,https://pbs.twimg.com/media/D5A9eYTWsAAK-Xe.jpg,Insects,No climate action,No consequences,Indoor space,Collage
653,https://pbs.twimg.com/media/EO_1T7GXsAEt6IL.jpg,No animals,No climate action,No consequences,Desert,Illustration
654,https://pbs.twimg.com/media/FhwZWBmakAAeIw9.jpg,No animals,Politics,No consequences,Indoor space,Screenshot
655,https://pbs.twimg.com/media/E1bOzYQWYAA-YiH.jpg,No animals,No climate action,Melting Ice,Other nature,Photo
656,https://pbs.twimg.com/media/FjuT31HXEAY4keo.jpg,Pets,No climate action,No consequences,Other setting,Screenshot
657,https://pbs.twimg.com/media/FZ5_kGTUEAALowr.jpg,No animals,No climate action,Melting Ice,Other setting,Data Visualization
658,https://pbs.twimg.com/media/ECavMtSW4AAXeMH.jpg,No animals,No climate action,No consequences,"Forest, jungle",Photo
659,https://pbs.twimg.com/media/ErTinS0WMAMLO9D.jpg,No animals,Other,No consequences,Industrial,Posters/Event invitations
660,https://pbs.twimg.com/media/FZJNhmcXwAA0UYX.jpg,No animals,No climate action,No consequences,"Arctic, Antarctic",Photo
661,https://pbs.twimg.com/media/FQSnlWNaAAMwY7P?format=jpg&name=large,No animals,Protests,No consequences,Residential/commercial,Collage
662,https://pbs.twimg.com/media/EWOFf_FU0AEKM2N.jpg,Polar bear,No climate action,Biodiversity loss,"Arctic, Antarctic",Photo
663,https://pbs.twimg.com/media/FUwTP0lWQAEKegw.jpg,No animals,Politics,No consequences,Residential/commercial,Photo
664,https://pbs.twimg.com/media/Fb3XhYjXgAYYRDL.jpg,No animals,No climate action,Floods,Residential/commercial,Photo
665,https://pbs.twimg.com/media/Dwkl4__XcAMLXge.jpg,Other animals,Politics,No consequences,Indoor space,Screenshot
666,https://pbs.twimg.com/media/FlIaxATXwAcLclm.jpg,No animals,No climate action,Other consequences,Other setting,Infographic
667,https://pbs.twimg.com/card_img/1687014078818996225/Df-LbYm3?format=jpg&name=orig,No animals,No climate action,Economic consequences,Indoor space,Photo
668,https://pbs.twimg.com/media/E19RIqVXMAA_h_g.jpg,No animals,Politics,No consequences,Indoor space,Photo
669,https://pbs.twimg.com/media/EE8TlkTWsAE6Mx3.jpg,No animals,Protests,No consequences,Indoor space,Photo
670,https://pbs.twimg.com/media/EQYynT_U8AIdN3n.jpg,No animals,Other,No consequences,Indoor space,Screenshot
671,https://pbs.twimg.com/media/D6q6ht-UwAEy7wW.jpg,No animals,Politics,No consequences,"Ocean, coastal",Photo
672,https://pbs.twimg.com/media/FMDne0MXwAU1JLf.jpg,Sea mammal,No climate action,No consequences,"Ocean, coastal",Infographic
673,https://pbs.twimg.com/media/EmkCnvcU4AAVj8e.jpg,No animals,Sustainable energy,No consequences,Industrial,Photo
674,https://pbs.twimg.com/media/FDlkip8XIAACy8F.jpg,No animals,Protests,No consequences,Residential/commercial,Photo
675,https://pbs.twimg.com/media/FDLUOuqVIAUOdJe.jpg,No animals,Politics,No consequences,Residential/commercial,Posters/Event invitations
676,https://pbs.twimg.com/media/EkbJHizX0AAOS9r.jpg,No animals,Politics,No consequences,Other setting,Collage
677,https://pbs.twimg.com/media/FQ9WOWeXwAAn6W8.png,Birds,Other,Human rights,Other setting,Posters/Event invitations
678,https://pbs.twimg.com/media/EcWOxR6WAAAK-Pk.jpg,No animals,Other,No consequences,"Forest, jungle",Photo
679,https://pbs.twimg.com/media/EmPFAQLVMAURdYe.jpg,No animals,Politics,No consequences,Indoor space,Photo
680,https://pbs.twimg.com/media/Ff71tu2XEAk3opl.jpg,No animals,No climate action,Other consequences,No setting,Infographic
681,image url no longer available,No animals,Protests,Drought,No setting,Screenshot
682,https://pbs.twimg.com/media/D3AWZgpWoAY89sV.jpg,No animals,No climate action,No consequences,"Forest, jungle",Photo
683,https://pbs.twimg.com/media/EvhVZvGXAAAvIV4.jpg,No animals,Politics,No consequences,Indoor space,Photo
684,https://pbs.twimg.com/media/FC5COW5VgAMJqmQ.jpg,No animals,Other,No consequences,No setting,Posters/Event invitations
685,https://pbs.twimg.com/media/FXgyKb-XwAAw53o.jpg,No animals,No climate action,Sea level rise,"Ocean, coastal",Screenshot
686,https://pbs.twimg.com/media/EOO6LJtUUAA5W0D.jpg,No animals,Politics,No consequences,"Ocean, coastal",Posters/Event invitations
687,https://pbs.twimg.com/media/FivRdIjWAAcYkbT.jpg,Sea mammal,No climate action,No consequences,"Ocean, coastal",Photo
688,https://pbs.twimg.com/media/EvPb1ONWQAgFGEF.jpg,Polar bear,No climate action,No consequences,"Arctic, Antarctic",Illustration
689,https://pbs.twimg.com/media/FcIWpMvWYAUtjrQ.jpg,No animals,Protests,No consequences,Residential/commercial,Screenshot
690,https://pbs.twimg.com/media/ErgS88qVcAEaOhx.jpg,No animals,No climate action,Human rights,"Ocean, coastal",Photo
691,https://pbs.twimg.com/media/EQ_4ksHUcAAqMgk.jpg,No animals,No climate action,No consequences,Outer space,Screenshot
692,https://pbs.twimg.com/media/EXiC9JfUEAEILRg.jpg,No animals,Other,No consequences,Indoor space,Photo
693,https://pbs.twimg.com/media/EWPEPXZUwAEMFAP.jpg,No animals,Other,No consequences,Residential/commercial,Photo
694,https://pbs.twimg.com/media/Ex-ifbhXMAM6wXO.jpg,No animals,No climate action,Economic consequences,No setting,Data Visualization
695,https://pbs.twimg.com/media/FdjQSD7aUAAPWlH.jpg,No animals,Politics,Other extreme weather events,Indoor space,Collage
696,https://pbs.twimg.com/media/FY4PerQUIAAT2F8.jpg,No animals,No climate action,Rising temperature,No setting,Data Visualization
697,https://pbs.twimg.com/media/FZnjihBWQAA6hVz.jpg,No animals,No climate action,Other extreme weather events,Residential/commercial,Photo
698,https://pbs.twimg.com/media/ERJw2cJXkAMFdEc.jpg,No animals,Politics,No consequences,Indoor space,Photo
699,https://pbs.twimg.com/media/EcccmLcXQAEzJ8v.jpg,No animals,Other,No consequences,No setting,Screenshot
700,https://pbs.twimg.com/media/FHxFO19XoAAINfx.jpg,No animals,Other,No consequences,"Ocean, coastal",Screenshot
701,https://pbs.twimg.com/media/FfD5fSPaAAA9bq5.png,No animals,Protests,No consequences,No setting,Screenshot
702,https://pbs.twimg.com/media/EBzMZUoXkAYpWjt.jpg,No animals,Other,No consequences,Residential/commercial,Photo
703,https://pbs.twimg.com/media/EWQN-jvVAAAt0eH.jpg,No animals,Other,No consequences,Indoor space,Collage
704,https://pbs.twimg.com/media/FKDLL4tXEAQ7ANL.jpg,No animals,No climate action,No consequences,No setting,Screenshot
705,https://pbs.twimg.com/media/Ee2BSTpWsAALs02.jpg,Polar bear,Other,No consequences,Other nature,Posters/Event invitations
706,https://pbs.twimg.com/media/Ebs147uXsAErblX.jpg,No animals,No climate action,No consequences,Residential/commercial,Photo
707,https://pbs.twimg.com/media/FYdOjQlX0AU3Xog.jpg,No animals,Other,No consequences,No setting,Screenshot
708,https://pbs.twimg.com/media/E9TiWXHVEAEPG2O.jpg,No animals,Other,No consequences,"Forest, jungle",Photo
709,https://pbs.twimg.com/media/EhkM_b1WoAAY0cb.jpg,No animals,No climate action,Wildfires,Agricultural/rural,Photo
710,https://pbs.twimg.com/media/EI6_CnUUcAAitfu.png,No animals,No climate action,Wildfires,No setting,Infographic
711,https://www.researchgate.net/publication/320123470/figure/fig4/AS:544116959789056@1506739000327/Temperature-T-and-atmospheric-carbon-dioxide-CO2-concentration-proxies-during-the.png,No animals,No climate action,No consequences,No setting,Data Visualization
712,https://pbs.twimg.com/media/EbkQuKrWAAAZCjn.jpg,No animals,Other,No consequences,Indoor space,Screenshot
713,https://pbs.twimg.com/media/FlJbMuTagAEJrzK.jpg,Land mammal,No climate action,No consequences,"Forest, jungle",Posters/Event invitations
714,https://pbs.twimg.com/media/EZfD97DVAAAHkzg.jpg,No animals,Other,No consequences,"Ocean, coastal",Photo
715,https://pbs.twimg.com/media/ET0OZnUXsAAIndc.png,No animals,No climate action,No consequences,No setting,Screenshot
716,https://pbs.twimg.com/media/EmiCN5lXUAATkkf.jpg,No animals,Sustainable energy,No consequences,No setting,Infographic
717,https://pbs.twimg.com/media/EzmWtDOX0AAH2yq.jpg,No animals,Politics,No consequences,Indoor space,Collage
718,https://pbs.twimg.com/media/EoPGeEVW8AA26mJ.jpg,No animals,No climate action,Wildfires,"Forest, jungle",Meme
719,https://pbs.twimg.com/media/FVUp2BTWYAILOP3.png,No animals,Other,Rising temperature,Indoor space,Screenshot
720,https://pbs.twimg.com/media/EcgblDDXsAAmNZ5.jpg,No animals,Other,Floods,"Ocean, coastal",Illustration
721,https://pbs.twimg.com/media/EfyWQz6X0AEesFd.jpg,No animals,Other,No consequences,Indoor space,Collage
722,https://pbs.twimg.com/media/FAR-32GUcAE1rgJ?format=jpg&name=small,No animals,Protests,No consequences,Residential/commercial,Photo
723,https://pbs.twimg.com/media/E5FiUReVcAAw3c7.jpg,No animals,No climate action,Wildfires,No setting,Screenshot
724,https://pbs.twimg.com/media/FMzEdLKUYAgTf3P.jpg,No animals,Other,No consequences,No setting,Posters/Event invitations
725,https://pbs.twimg.com/media/Egp1MkbUYAEnopC.jpg,No animals,Politics,No consequences,No setting,Posters/Event invitations
726,https://pbs.twimg.com/media/FCd8GmEXMAgIprm.jpg,No animals,Other,No consequences,"Ocean, coastal",Collage
727,https://pbs.twimg.com/media/D7zE7sgWwAE023t.jpg,No animals,No climate action,Sea level rise,"Ocean, coastal",Photo
728,https://pbs.twimg.com/media/Ecgbjz-XsAg29kJ.jpg,No animals,Other,No consequences,No setting,Illustration
729,https://pbs.twimg.com/media/EHACGWvWsAEki-h.jpg,No animals,Other,Other consequences,Other nature,Photo
730,https://pbs.twimg.com/media/FT_fcfFWAAI6uE4.jpg,No animals,Fossil energy,No consequences,Industrial,Photo
731,https://pbs.twimg.com/media/FNbE4DaWUAMkvBq.jpg,No animals,No climate action,No consequences,Industrial,Photo
732,https://pbs.twimg.com/media/E58NYO4UcAMfWgz.jpg,No animals,Other,No consequences,Other setting,Collage
733,https://pbs.twimg.com/media/E4mno64XoAEgCgd.jpg,No animals,Other,No consequences,Indoor space,Collage
734,https://pbs.twimg.com/media/E8e1UPDWYAoIO-7.jpg,No animals,Fossil energy,Rising temperature,No setting,Screenshot
735,https://pbs.twimg.com/media/D-YyNDzXUAAJfXb.jpg,No animals,Other,Other extreme weather events,Residential/commercial,Photo
736,https://pbs.twimg.com/media/EjmsSYmXcAILs3c.jpg,No animals,Other,No consequences,No setting,Screenshot
737,https://pbs.twimg.com/media/FGQnlP-X0AQRiix.jpg,No animals,Other,Human rights,"Forest, jungle",Posters/Event invitations
738,https://pbs.twimg.com/tweet_video_thumb/ENnio2wUYAEBmpe.jpg,No animals,No climate action,Other extreme weather events,"Ocean, coastal",Photo
739,https://pbs.twimg.com/media/FTw0-5sWIAEegE3.jpg,Amphibian or Reptile,No climate action,Other consequences,"Ocean, coastal",Screenshot
740,https://pbs.twimg.com/media/D5KYKxLW4AAhULY.jpg,Amphibian or Reptile,No climate action,No consequences,No setting,Posters/Event invitations
741,https://pbs.twimg.com/media/EC1png9WwAAfdQ4.jpg,No animals,Politics,No consequences,Indoor space,Photo
742,https://pbs.twimg.com/media/EQYzw2eXYAAkFsM.jpg,No animals,Other,No consequences,Residential/commercial,Photo
743,https://pbs.twimg.com/media/FDDSsWJWYAE7sCA.jpg,No animals,No climate action,No consequences,No setting,Data Visualization
744,https://pbs.twimg.com/media/EfRGilFUcAEFaIc.jpg,No animals,No climate action,Wildfires,"Forest, jungle",Photo
745,https://pbs.twimg.com/media/Dw89_aIWkAAf_xG.jpg,No animals,Other,Covid & general health,Residential/commercial,Photo
746,https://pbs.twimg.com/media/FQSeSMJVkAAW3FH.jpg,No animals,No climate action,Other extreme weather events,No setting,Screenshot
747,https://pbs.twimg.com/media/EuZcHqKWYAcRg6e.jpg,No animals,No climate action,Other extreme weather events,No setting,Data Visualization
748,https://pbs.twimg.com/media/FhR-JmfWIAAdz4S.jpg,No animals,Other,Human rights,Indoor space,Photo
749,https://pbs.twimg.com/media/FDMpjp9XoAUfbeO.jpg,No animals,Politics,Human rights,Desert,Posters/Event invitations
750,https://pbs.twimg.com/media/EFZXftxXkAE0iPA.jpg,No animals,No climate action,Other extreme weather events,Outer space,Photo
751,https://pbs.twimg.com/media/EWAxEDxVAAAuRrb.jpg,No animals,Other,No consequences,Indoor space,Photo
752,https://pbs.twimg.com/media/EQgw1cPUwAAWThu.jpg,No animals,Protests,No consequences,Other nature,Photo
753,https://pbs.twimg.com/media/E4vAzXVWUAI7gao.jpg,No animals,Other,Rising temperature,Residential/commercial,Collage
754,https://pbs.twimg.com/media/E2uGvwNVgAIxacN.jpg,No animals,No climate action,No consequences,"Forest, jungle",Meme
755,https://pbs.twimg.com/media/D8jfaQ7U0AAcJeP.jpg,No animals,Politics,No consequences,Indoor space,Photo
756,https://pbs.twimg.com/media/FUi4mdsakAEaFm4.jpg,No animals,Other,No consequences,"Forest, jungle",Posters/Event invitations
757,https://pbs.twimg.com/media/D8DjLzBXsAM36Ox.jpg,No animals,Protests,No consequences,Agricultural/rural,Photo
758,https://pbs.twimg.com/media/D4wlOmTWwAA42mA.jpg,No animals,No climate action,No consequences,Outer space,Photo
759,https://pbs.twimg.com/media/D69FmN9XkAssHKy.jpg,No animals,Other,No consequences,Indoor space,Meme
760,https://pbs.twimg.com/media/EvLq6qVXUAQO1al.jpg,No animals,Politics,No consequences,Indoor space,Photo
761,https://pbs.twimg.com/media/E4WIfesXEAAIvlN.jpg,No animals,Sustainable energy,No consequences,No setting,Posters/Event invitations
762,https://pbs.twimg.com/media/FLxreo9WYAEk1JM.jpg,Amphibian or Reptile,No climate action,No consequences,Other setting,Infographic
763,https://pbs.twimg.com/media/D8YxyqGWwAAv2kD.jpg,No animals,No climate action,No consequences,Other setting,Screenshot
764,https://pbs.twimg.com/media/FZPhbkXUUAAb4VX.jpg,No animals,Other,No consequences,"Forest, jungle",Collage
765,https://pbs.twimg.com/media/E9TiWXIVUAohdBr.jpg,No animals,Other,No consequences,"Forest, jungle",Photo
766,https://pbs.twimg.com/media/E-UUAxcXIAY_tM_.jpg,No animals,Other,No consequences,Residential/commercial,Photo
767,https://pbs.twimg.com/media/FdRFti6WIAAmHRy.jpg,No animals,Other,Covid & general health,Other setting,Posters/Event invitations
768,https://pbs.twimg.com/media/D71LkqHWkAI6c6t.jpg,No animals,Other,No consequences,Indoor space,Meme
769,https://pbs.twimg.com/media/FVPswHsXwAIs5Mx.jpg,Birds,Politics,No consequences,Other nature,Posters/Event invitations
770,https://pbs.twimg.com/media/EIvgttcUEAE3EkP.jpg,No animals,Politics,No consequences,Other setting,Posters/Event invitations
771,https://pbs.twimg.com/media/EOO6LJuU0AA3JV8.jpg,No animals,Politics,No consequences,Other setting,Posters/Event invitations
772,https://pbs.twimg.com/media/FQ-xj7QVUAAcdcT.jpg,No animals,No climate action,No consequences,No setting,Screenshot
773,https://pbs.twimg.com/media/EpQ9e4yVgAIasXu.jpg,No animals,Fossil energy,No consequences,Industrial,Posters/Event invitations
774,https://pbs.twimg.com/media/EoyNOyFW4AM8b-V.jpg,No animals,Other,No consequences,Indoor space,Screenshot
775,https://pbs.twimg.com/media/EMbTfg8U8AA6Zo3.jpg,No animals,Other,Wildfires,Indoor space,Photo
776,https://pbs.twimg.com/media/Evpac0hWYAIKmfA.jpg,No animals,No climate action,No consequences,No setting,Posters/Event invitations
777,https://pbs.twimg.com/media/EzhS5G9XEAE8shv.jpg,No animals,No climate action,No consequences,Outer space,Posters/Event invitations
778,https://pbs.twimg.com/media/FDHUlnEWQAgKNj2.jpg,No animals,Other,No consequences,Indoor space,Photo
779,https://pbs.twimg.com/media/D2mR_ViXcAAB9aV.jpg,No animals,Politics,No consequences,Indoor space,Collage
780,https://pbs.twimg.com/media/E-P1YEQXoAUG0EP.jpg,No animals,No climate action,Other consequences,No setting,Screenshot
781,https://pbs.twimg.com/media/ES6BSrYXkAIpcr6.jpg,No animals,Other,No consequences,Residential/commercial,Posters/Event invitations
782,https://pbs.twimg.com/media/FdxFXhNWQAE-Z7D.jpg,Insects,No climate action,No consequences,Other nature,Photo
783,https://pbs.twimg.com/media/EbYHLO0VAAEf-bZ.jpg,No animals,No climate action,No consequences,Residential/commercial,Illustration
784,https://pbs.twimg.com/media/EIIUo14X0AEqijy.jpg,No animals,No climate action,Sea level rise,Other setting,Data Visualization
785,https://pbs.twimg.com/media/EAQZuiYVAAU_Avk.jpg,Polar bear,No climate action,No consequences,"Ocean, coastal",Photo
786,https://pbs.twimg.com/media/El-3bvKWoAYM4uI.jpg,No animals,No climate action,No consequences,No setting,Data Visualization
787,https://pbs.twimg.com/media/FJ8cxEaXsAAXrrD.jpg,Amphibian or Reptile,No climate action,No consequences,Desert,Photo
788,https://pbs.twimg.com/media/Fk6accmaAAAoEK8.jpg,Pets,No climate action,No consequences,Indoor space,Photo
789,https://pbs.twimg.com/media/FQNoA2jXEAEMNjJ.jpg,No animals,No climate action,Covid & general health,Other setting,Posters/Event invitations
790,https://pbs.twimg.com/media/FLO23TJXEAEaoym.jpg,No animals,No climate action,Sea level rise,No setting,Data Visualization
791,https://pbs.twimg.com/media/FX4t0DgWYAYqK8B.png,No animals,No climate action,Rising temperature,No setting,Infographic
792,https://pbs.twimg.com/media/Fg-Z0R7VQAEZlWc.jpg,No animals,Politics,Human rights,Other setting,Posters/Event invitations
793,https://pbs.twimg.com/media/EvG4xc9VIAMDzH7.jpg,No animals,Other,No consequences,Indoor space,Photo
794,https://pbs.twimg.com/media/D1o2QrWWwAAdvJB.jpg,No animals,Protests,No consequences,Residential/commercial,Photo
795,https://pbs.twimg.com/media/FXnqwThX0Ak6DCC.jpg,Amphibian or Reptile,No climate action,Other consequences,Other setting,Infographic
796,https://pbs.twimg.com/media/Ec0OWj3WoAAny7c.jpg,No animals,Other,No consequences,No setting,Screenshot
797,https://pbs.twimg.com/media/Fi_DE0OXkAMHb4J.jpg,No animals,No climate action,Drought,Desert,Photo
798,https://pbs.twimg.com/media/E8Xjx2lXsAErCUc.jpg,No animals,No climate action,Wildfires,"Forest, jungle",Screenshot
799,https://pbs.twimg.com/tweet_video_thumb/FGBkCbOXwA8Wviz.jpg,No animals,Other,No consequences,Other nature,Photo
800,https://pbs.twimg.com/media/EsYaTryXMAAvJbJ.jpg,No animals,Politics,No consequences,Indoor space,Photo
801,https://pbs.twimg.com/media/Fi8HlIyXwAQ01RH.jpg,No animals,Politics,No consequences,Indoor space,Photo
802,https://pbs.twimg.com/media/ErE0tOuVkAIY9SF.jpg,No animals,Protests,No consequences,Residential/commercial,Photo
803,https://pbs.twimg.com/media/EE6q7B2WwAAuRhM?format=jpg&name=small,Birds,Other,No consequences,Residential/commercial,Posters/Event invitations
804,https://pbs.twimg.com/media/EnrNQfMXUAA571_.jpg,No animals,No climate action,No consequences,Indoor space,Photo
805,https://pbs.twimg.com/media/FbgT2KuVsAAcrQY.jpg,No animals,No climate action,No consequences,Industrial,Screenshot
806,https://pbs.twimg.com/media/EumtrgxVoAEs79L.jpg,No animals,No climate action,No consequences,Indoor space,Photo
807,https://pbs.twimg.com/media/EIWPUvNW4AA6FG8.jpg,No animals,Protests,No consequences,Agricultural/rural,Photo
808,https://pbs.twimg.com/media/EuZcHqZWQAIhplw.jpg,No animals,No climate action,Wildfires,"Forest, jungle",Photo
809,https://pbs.twimg.com/media/FjFV7OOVIAIR-mM.jpg,No animals,No climate action,Sea level rise,No setting,Meme
810,https://pbs.twimg.com/media/EINzoPBWkAAvbDj.jpg,No animals,No climate action,No consequences,Other setting,Collage
811,https://pbs.twimg.com/media/E6N29FUVUAULJ9S.jpg,No animals,Other,No consequences,Indoor space,Posters/Event invitations
812,https://pbs.twimg.com/media/EWMRGYYUMAAEzcF.jpg,No animals,Other,No consequences,"Ocean, coastal",Photo
813,https://pbs.twimg.com/media/EwcrEuPWYAElUHl.jpg,No animals,No climate action,Other extreme weather events,Outer space,Collage
814,https://pbs.twimg.com/media/E1pkPF3XsAE-nwD.jpg,No animals,Sustainable energy,No consequences,Agricultural/rural,Photo
815,https://pbs.twimg.com/media/Fka_omCXEAEebF5.jpg,No animals,No climate action,No consequences,Agricultural/rural,Photo
816,https://pbs.twimg.com/media/ErraJStXAAALjey.jpg,Insects,No climate action,No consequences,Residential/commercial,Photo
817,https://pbs.twimg.com/media/FBwaqC7VQAE6AYh.jpg,No animals,No climate action,Sea level rise,No setting,Data Visualization
818,https://pbs.twimg.com/media/FZvWwmiUIAAnk41.jpg,Fish,No climate action,No consequences,Other setting,Photo
819,https://pbs.twimg.com/media/FC-FIcpVEAIfdXo.jpg,Amphibian or Reptile,No climate action,Biodiversity loss,Indoor space,Screenshot
820,https://pbs.twimg.com/media/D75XEJ2WwAUqcmF.jpg,No animals,Fossil energy,No consequences,No setting,Data Visualization
821,https://pbs.twimg.com/media/Fi5aDRKXkAIS3-c.jpg,No animals,Fossil energy,No consequences,No setting,Screenshot
822,https://pbs.twimg.com/media/EumqD59VoAUdb5O.jpg,No animals,No climate action,No consequences,Residential/commercial,Illustration
823,https://pbs.twimg.com/media/FL7lieAXoAA-RkV.jpg,No animals,No climate action,Melting Ice,"Arctic, Antarctic",Screenshot
824,https://pbs.twimg.com/media/EzhsDW9VEAA5HY-.jpg,No animals,No climate action,Drought,Desert,Photo
825,https://pbs.twimg.com/media/FAEOR47WUAUcZSw.jpg,No animals,Politics,No consequences,Indoor space,Collage
826,https://pbs.twimg.com/media/FjyhPD7XkAALM8U.jpg,Other animals,No climate action,No consequences,Residential/commercial,Photo
827,https://pbs.twimg.com/media/ELLRzIFXYAAjBE1.jpg,No animals,Protests,No consequences,Residential/commercial,Photo
828,https://pbs.twimg.com/media/FBFLgfkVcAM5jLV.jpg,No animals,Other,No consequences,Indoor space,Screenshot
829,https://pbs.twimg.com/media/DwbuZbJW0AAhFnH.jpg,No animals,Other,Biodiversity loss,No setting,Screenshot
830,https://pbs.twimg.com/media/FU-ZTB7WAAAPpbH.jpg,No animals,No climate action,Rising temperature,No setting,Screenshot
831,https://pbs.twimg.com/media/EQK-6CNUwAAiuWe.jpg,No animals,Protests,No consequences,Residential/commercial,Photo
832,https://pbs.twimg.com/media/EzX8bksUcAMQiMB.jpg,No animals,No climate action,No consequences,No setting,Screenshot
833,https://pbs.twimg.com/tweet_video_thumb/FEMqCydUUAUrl0o.jpg,Land mammal,No climate action,Other consequences,"Forest, jungle",Illustration
834,https://pbs.twimg.com/media/E9oksNLXoAYCUGJ.jpg,No animals,Politics,No consequences,Indoor space,Collage
835,https://pbs.twimg.com/media/D5cQFrRV4AAFURt.png,No animals,Other,Economic consequences,No setting,Screenshot
836,https://pbs.twimg.com/media/EoyNPl4XUAA2O8E.jpg,No animals,Other,No consequences,Indoor space,Screenshot
837,https://pbs.twimg.com/media/FcIUbShagAEz778.jpg,No animals,No climate action,Floods,Residential/commercial,Collage
838,https://pbs.twimg.com/media/D1TQzd1X0AAbA6e.jpg,No animals,Other,No consequences,Other nature,Photo
839,https://pbs.twimg.com/media/FaX4xNmUsAAUs5Z.jpg,No animals,Fossil energy,Economic consequences,Industrial,Posters/Event invitations
840,https://pbs.twimg.com/media/FhCl0AxWQAIWZQG.jpg,No animals,Politics,No consequences,Indoor space,Photo
841,https://pbs.twimg.com/media/EoyOKE5U8AEiK95.jpg,No animals,Other,No consequences,Indoor space,Screenshot
842,https://pbs.twimg.com/media/EbYG9lgU4AApqMt.jpg,No animals,No climate action,No consequences,Residential/commercial,Illustration
843,https://pbs.twimg.com/media/EoyNPbIWMAAc59v.jpg,No animals,Other,No consequences,Indoor space,Screenshot
844,https://pbs.twimg.com/media/ECvfjt2XkAEMYcG.jpg,Polar bear,No climate action,Biodiversity loss,"Arctic, Antarctic",Collage
845,https://pbs.twimg.com/media/FYMUUQ9WYAks3Pg.jpg,No animals,Other,No consequences,No setting,Infographic
846,https://pbs.twimg.com/media/FfD5igmaMAAJrDn.png,No animals,Protests,No consequences,Indoor space,Screenshot
847,https://pbs.twimg.com/media/EoHGnGVVgAAWHBf.jpg,No animals,No climate action,No consequences,No setting,Posters/Event invitations
848,https://pbs.twimg.com/tweet_video_thumb/D_VSeEKUEAELwP7.jpg,No animals,Other,No consequences,Indoor space,Meme
849,https://pbs.twimg.com/media/EcW_hGYWkAAWmz_.jpg,No animals,Other,No consequences,Other nature,Collage
850,https://pbs.twimg.com/media/E7xWGe-WEAApqOQ.jpg,No animals,No climate action,Other extreme weather events,Desert,Photo
851,https://pbs.twimg.com/media/EQgw1cfVAAI38PC.jpg,No animals,Protests,No consequences,No setting,Photo
852,https://pbs.twimg.com/media/E0EHdrwX0AAmLpx.jpg,No animals,No climate action,Covid & general health,Other setting,Screenshot
853,https://pbs.twimg.com/media/FOwiF3AVgAEMSPa.jpg,No animals,No climate action,Melting Ice,"Arctic, Antarctic",Screenshot
854,https://pbs.twimg.com/media/FhrD8iXaYAAIKlV.jpg,No animals,Politics,No consequences,Indoor space,Photo
855,https://pbs.twimg.com/media/FUxW5j9WUAIz6TL.jpg,No animals,Politics,No consequences,Indoor space,Photo
856,https://pbs.twimg.com/media/FRfWwEkXEAAm8ru.jpg,Farm animals,No climate action,No consequences,Other nature,Photo
857,https://pbs.twimg.com/media/EINzoPRWkAILex5.jpg,No animals,No climate action,No consequences,"Forest, jungle",Photo
858,https://pbs.twimg.com/media/FbPnyW8WIAAIHQY.jpg,No animals,No climate action,Covid & general health,No setting,Data Visualization
859,https://pbs.twimg.com/media/FDOfibkXoAY-Igo.png,No animals,Fossil energy,No consequences,Industrial,Photo
860,https://pbs.twimg.com/media/EbYG9lgUwAEix4b.jpg,No animals,No climate action,No consequences,Indoor space,Illustration
861,https://pbs.twimg.com/media/FQ-xj7SVcAAR-A2.jpg,No animals,No climate action,No consequences,No setting,Screenshot
862,https://pbs.twimg.com/media/Fw7XZOBWIAA3Opu?format=jpg&name=small,No animals,Protests,Sea level rise,"Ocean, coastal",Photo
863,https://pbs.twimg.com/media/FkhXLxcXoAAc3xD.jpg,No animals,Other,No consequences,Indoor space,Photo
864,https://pbs.twimg.com/media/Euy7FwLXUAI2pNS.jpg,No animals,Politics,No consequences,Indoor space,Collage
865,https://pbs.twimg.com/media/EQYzw2eWkAMh4qq.jpg,No animals,Other,No consequences,Indoor space,Photo
866,https://pbs.twimg.com/media/ESUXDXyWkAAtEtm.jpg,No animals,No climate action,No consequences,No setting,Screenshot
867,https://pbs.twimg.com/media/Eq4juCPW8Accd3M.jpg,No animals,Other,No consequences,No setting,Posters/Event invitations
868,https://pbs.twimg.com/media/E-XHAs-WQAcuBWu.jpg,Insects,No climate action,No consequences,Other nature,Posters/Event invitations
869,https://pbs.twimg.com/media/D1TQyIOW0AEC_8h.jpg,No animals,Other,No consequences,Other nature,Photo
870,https://pbs.twimg.com/media/EJ4kCb-U8AE0Chh.jpg,No animals,No climate action,No consequences,No setting,Posters/Event invitations
871,https://pbs.twimg.com/media/FC8M_tyWQAYFyHZ.jpg,No animals,Politics,No consequences,Indoor space,Photo
872,https://pbs.twimg.com/media/D1TQyzcWsAAeG4i.jpg,No animals,No climate action,No consequences,"Forest, jungle",Collage
873,https://pbs.twimg.com/media/FSVkzAYXIAAg57g.jpg,No animals,Other,Human rights,Other setting,Posters/Event invitations
874,https://pbs.twimg.com/media/ErTinRNXcAUnqcK.jpg,No animals,Other,No consequences,"Ocean, coastal",Posters/Event invitations
875,https://pbs.twimg.com/media/FCd8NCwXMAUU-qJ.jpg,No animals,Other,No consequences,"Ocean, coastal",Photo
876,https://pbs.twimg.com/media/ENx1iL0XUAEdECB.jpg,No animals,Other,No consequences,Other setting,Screenshot
877,https://pbs.twimg.com/media/EjVq60MUYAIT1Pt.jpg,No animals,No climate action,Wildfires,"Forest, jungle",Photo
878,https://pbs.twimg.com/media/FiIe_-kaUAEnRPL.jpg,No animals,Politics,No consequences,Indoor space,Photo
879,https://pbs.twimg.com/media/FO5WBKtWQAMmLXw.jpg,No animals,Other,No consequences,Indoor space,Photo
880,https://pbs.twimg.com/media/D0Dpb2qXQAA7QOb.jpg,No animals,No climate action,No consequences,No setting,Screenshot
881,https://pbs.twimg.com/media/E-UUAxZXsAkQtOb.jpg,No animals,Other,No consequences,Residential/commercial,Photo
882,https://pbs.twimg.com/media/E8Yqdb0VoAIO2Hp.jpg,No animals,Other,Drought,Other nature,Photo
883,https://pbs.twimg.com/media/FjaIW0vWQAA4Oe1.jpg,No animals,Fossil energy,No consequences,Other nature,Screenshot
884,https://pbs.twimg.com/media/EQewC5zUUAAeX7M.jpg,No animals,No climate action,Melting Ice,Other nature,Collage
885,https://pbs.twimg.com/media/Fgo_o-eWYAIULes.jpg,No animals,Fossil energy,No consequences,No setting,Screenshot
886,https://pbs.twimg.com/media/EAFI5-YXoAAaTpC.jpg,No animals,No climate action,No consequences,No setting,Screenshot
887,https://pbs.twimg.com/media/D6-JA0RW4AEKNpC.jpg,No animals,No climate action,No consequences,No setting,Data Visualization
888,https://pbs.twimg.com/media/FKbdXPgWYAQ33y1?format=jpg&name=small,No animals,Protests,No consequences,No setting,Illustration
889,https://pbs.twimg.com/media/ErTinRbW8AUg4Dw.jpg,No animals,Other,No consequences,"Ocean, coastal",Posters/Event invitations
890,https://pbs.twimg.com/media/Eca-ElxWsAUz_o7.jpg,Amphibian or Reptile,No climate action,No consequences,Other nature,Photo
891,https://pbs.twimg.com/media/EEsWPKUXUAEGku7.jpg,No animals,Other,No consequences,Indoor space,Photo
892,https://pbs.twimg.com/media/EWXtjwYXkAEfhTc.jpg,No animals,Protests,No consequences,Residential/commercial,Photo
893,https://pbs.twimg.com/media/Fkepef8aUAA0Q3m.jpg,Land mammal,No climate action,No consequences,"Forest, jungle",Photo
894,https://pbs.twimg.com/media/FlQgPk_XEAAU8yx.jpg,Birds,No climate action,No consequences,Desert,Photo
895,https://pbs.twimg.com/media/FOZXqjPXoAUQF_t.jpg,Polar bear,No climate action,No consequences,"Arctic, Antarctic",Illustration
896,https://pbs.twimg.com/media/EppUM4ZXIAAsrZR.jpg,No animals,Politics,No consequences,Indoor space,Photo
897,https://pbs.twimg.com/media/FAglx00XEAAHGyW?format=jpg&name=small,No animals,Fossil energy,No consequences,Industrial,Photo
898,https://pbs.twimg.com/media/Fhd4ft5UcAAaOJT.jpg,No animals,No climate action,Human rights,Other setting,Screenshot
899,https://pbs.twimg.com/media/FCEXiyZXoBA7kVy.jpg,No animals,No climate action,Human rights,Desert,Photo
900,https://pbs.twimg.com/media/ElhhocuXIAAkUHr.jpg,No animals,Politics,No consequences,No setting,Screenshot
901,https://pbs.twimg.com/media/EzhsDW-UcAE_90g.jpg,No animals,Politics,Drought,Agricultural/rural,Photo
902,https://pbs.twimg.com/media/Fizdn8wVIAA41yr?format=jpg&name=small,No animals,No climate action,No consequences,Outer space,Photo
903,https://pbs.twimg.com/media/FCugJ0VX0AQH63x.jpg,No animals,No climate action,No consequences,Agricultural/rural,Photo
904,https://pbs.twimg.com/media/D3BsGxlXcAAiuij.jpg,No animals,Other,No consequences,Residential/commercial,Photo
905,https://pbs.twimg.com/media/Fk_Mcd1XkAEl9xp.jpg,Land mammal,No climate action,No consequences,Other nature,Photo
906,https://pbs.twimg.com/media/EhRFS7rVgAAp-Fa.jpg,No animals,No climate action,Rising temperature,Residential/commercial,Photo
907,https://pbs.twimg.com/media/FAiOuKeWUAALhM_.jpg,No animals,No climate action,Drought,Industrial,Screenshot
908,https://pbs.twimg.com/media/EGntJ67X0AETx8a.jpg,No animals,Protests,No consequences,Residential/commercial,Photo
909,https://pbs.twimg.com/media/ERknMYbVUAATaCy.jpg,No animals,No climate action,Economic consequences,Residential/commercial,Screenshot
910,https://pbs.twimg.com/media/EN2EpLqUEAEg_S-.jpg,No animals,Other,Other extreme weather events,"Forest, jungle",Photo
911,https://pbs.twimg.com/media/FX2LiBGWIAEwRod.jpg,No animals,No climate action,Rising temperature,No setting,Data Visualization
912,https://pbs.twimg.com/media/D1QfO7_V4AEK02I.jpg,No animals,Politics,No consequences,Indoor space,Photo
913,https://pbs.twimg.com/media/FYLp8NzWYAM2zMd.jpg,No animals,No climate action,Covid & general health,Indoor space,Photo
914,https://pbs.twimg.com/media/EQK-6EZVUAIADKD.jpg,Other animals,Protests,No consequences,Residential/commercial,Photo
915,https://pbs.twimg.com/media/ERfFmIBXkAAJ5rx.jpg,No animals,Protests,Sea level rise,"Ocean, coastal",Photo
916,https://pbs.twimg.com/media/ER_YM56XUAEy9Dv.jpg,No animals,Politics,No consequences,Indoor space,Photo
917,https://pbs.twimg.com/media/FNqOooIakAAKF7z.jpg,No animals,Politics,No consequences,Residential/commercial,Photo
918,https://pbs.twimg.com/media/EcccmLLX0AAWV9W.jpg,No animals,Other,No consequences,Other nature,Screenshot
919,https://pbs.twimg.com/media/Dw89_aJWoAA6rYU.jpg,No animals,Other,Covid & general health,Indoor space,Photo
920,https://pbs.twimg.com/media/EqqxJYbWMAAb8xG.jpg,No animals,Protests,No consequences,No setting,Photo
921,https://pbs.twimg.com/media/EYVDV4tWkAAxUyE.jpg,No animals,Politics,No consequences,Residential/commercial,Screenshot
922,https://pbs.twimg.com/media/DxyJ4DLXgAA5kfT.jpg,No animals,Politics,No consequences,Indoor space,Photo
923,https://pbs.twimg.com/media/FTbkA7dUYAAH9eN.jpg,No animals,Politics,No consequences,Indoor space,Photo
924,https://pbs.twimg.com/media/EMJMMEVXYAAyBDZ.jpg,No animals,Other,No consequences,Residential/commercial,Photo
925,https://pbs.twimg.com/media/FZrLA4BXoAAa-q0.png,No animals,Sustainable energy,No consequences,No setting,Infographic
926,https://pbs.twimg.com/media/EJTpfp5VUAAe1Ab.jpg,No animals,Politics,No consequences,Indoor space,Photo
927,https://pbs.twimg.com/media/EhkM_b0X0AIT1tk.jpg,No animals,No climate action,Wildfires,"Forest, jungle",Photo
928,https://pbs.twimg.com/media/DxrbmEcUcAUCGXe.jpg,No animals,Politics,No consequences,Other setting,Photo
929,https://pbs.twimg.com/media/D0wfWqbX0AE0qlz?format=jpg&name=medium,Pets,No climate action,No consequences,Indoor space,Photo
930,https://pbs.twimg.com/media/E7RRiaXXoAAJDgJ.jpg,No animals,No climate action,No consequences,Residential/commercial,Photo
931,https://pbs.twimg.com/media/FhOCtd6UUAExWeC.jpg,No animals,Protests,No consequences,Outer space,Photo
932,https://pbs.twimg.com/media/FN0Vjv3X0AIBy6t.jpg,No animals,Politics,No consequences,Indoor space,Photo
933,https://pbs.twimg.com/media/FSkaDdCXEAEvbcj.jpg,No animals,No climate action,Drought,Desert,Photo
934,https://pbs.twimg.com/media/FHkDr05WYBE-0QS.jpg,No animals,Other,No consequences,Indoor space,Photo
935,https://pbs.twimg.com/media/E4qEaLHX0AUJ_r5.jpg,Fish,Other,Other consequences,"Ocean, coastal",Posters/Event invitations
936,https://pbs.twimg.com/media/EQn5irIXkAAZPXe.jpg,No animals,Politics,No consequences,Indoor space,Photo
937,https://pbs.twimg.com/media/ECk0yp8XkAAr3YQ.jpg,No animals,No climate action,Melting Ice,Outer space,Data Visualization
938,https://pbs.twimg.com/media/FlO1hweX0AgsBTP.jpg,No animals,No climate action,Economic consequences,Other setting,Data Visualization
939,https://pbs.twimg.com/media/E5K4LvLXEAQjZUz.jpg,No animals,Politics,Wildfires,Indoor space,Photo
940,https://pbs.twimg.com/media/Fy2xagsaMAAyjLJ?format=jpg&name=small,No animals,No climate action,No consequences,No setting,Data Visualization
941,https://pbs.twimg.com/media/FkELxi5XEAILD4Q.jpg,No animals,No climate action,Melting Ice,"Arctic, Antarctic",Photo
942,https://pbs.twimg.com/media/Dw89_aHWkAEyhG_.jpg,No animals,Other,Covid & general health,Indoor space,Photo
943,https://pbs.twimg.com/media/EAFI5-ZXUAEVVnK.jpg,No animals,No climate action,Human rights,No setting,Screenshot
944,https://pbs.twimg.com/media/FYlzXrmVEAEodhr.jpg,No animals,No climate action,Drought,Desert,Screenshot
945,https://pbs.twimg.com/card_img/1686374864779661312/bb58XSKs?format=jpg&name=orig,No animals,No climate action,Economic consequences,Other setting,Photo
946,https://pbs.twimg.com/media/FKprOHtVkAIeqly.jpg,No animals,Other,No consequences,Residential/commercial,Photo
947,https://pbs.twimg.com/tweet_video_thumb/EI9_SKDXYAAkPsS.jpg,No animals,No climate action,No consequences,Residential/commercial,Photo
948,https://pbs.twimg.com/media/FTlvY3VUEAEVRnZ.jpg,No animals,Politics,No consequences,Indoor space,Photo
949,image url no longer available,No animals,Protests,Drought,No setting,Screenshot
950,https://pbs.twimg.com/media/FAEOR2IUcAQFo9n.jpg,No animals,Politics,No consequences,Indoor space,Photo
951,https://pbs.twimg.com/media/EwuZ72jWEAI7IcL.jpg,No animals,Politics,No consequences,Indoor space,Photo
952,https://pbs.twimg.com/media/EBryI1LXUAEgcG6.jpg,No animals,Protests,No consequences,Industrial,Photo
953,https://pbs.twimg.com/media/E6raeeLXEAMXFWs.jpg,No animals,Sustainable energy,No consequences,Industrial,Photo
954,https://static.timesofisrael.com/www/uploads/2014/12/thatcher-e1420004669715-640x400.jpg,No animals,Politics,No consequences,Indoor space,Photo
955,https://pbs.twimg.com/media/EsNU4qtXIAE11bZ.jpg,No animals,Politics,No consequences,Indoor space,Photo
956,https://encrypted-tbn0.gstatic.com/images?q=tbn:ANd9GcTIYP0Cu5Gq2DC6n807k-2EzE0c1x8rcVBeLN025R7hVWxQPIGe,No animals,No climate action,No consequences,Other setting,Meme
957,https://pbs.twimg.com/media/FJPOfqeXoAM2LoV.jpg,No animals,No climate action,No consequences,No setting,Data Visualization
958,https://pbs.twimg.com/card_img/1686048860043362304/ZCBNQJk7?format=jpg&name=orig,No animals,No climate action,Economic consequences,Other setting,Illustration
959,https://pbs.twimg.com/media/FacqPiPacAA-j8_.jpg,No animals,No climate action,Wildfires,"Forest, jungle",Infographic
960,https://pbs.twimg.com/media/EHACGWuXkAE7xf8.jpg,No animals,No climate action,Other consequences,Other nature,Photo
961,https://pbs.twimg.com/media/ECRGBdOW4AAirqr.jpg,No animals,Other,No consequences,No setting,Screenshot
962,https://pbs.twimg.com/media/EtHaVf-W4AgFpNo.jpg,No animals,Other,No consequences,Residential/commercial,Posters/Event invitations
963,image url no longer available,No animals,Protests,Drought,No setting,Screenshot
964,https://pbs.twimg.com/media/ECpsamPUwAArCgX.jpg,No animals,No climate action,No consequences,No setting,Illustration
965,https://pbs.twimg.com/media/EzgEvbkWEAAtPAZ.jpg,No animals,No climate action,Economic consequences,Other setting,Posters/Event invitations
966,https://pbs.twimg.com/tweet_video_thumb/EjxVhVZXgAAUB82.jpg,No animals,Politics,No consequences,Indoor space,Meme
967,https://pbs.twimg.com/media/EAkW3B3XoAA1CDX.jpg,No animals,No climate action,Melting Ice,"Arctic, Antarctic",Photo
968,https://pbs.twimg.com/media/FiLAo_pXkAUKNfV.jpg,No animals,Politics,No consequences,No setting,Other
969,https://pbs.twimg.com/media/EsMWc_UU0AIcDxX.jpg,No animals,No climate action,No consequences,No setting,Illustration
970,https://pbs.twimg.com/media/D45ovqvWwAImA3H.png,No animals,Politics,No consequences,Indoor space,Screenshot
971,https://pbs.twimg.com/media/FUSGs_hX0B4L-Pj.jpg,No animals,Politics,No consequences,Indoor space,Photo
972,https://pbs.twimg.com/media/FKDLMAQWUAUOh-h.jpg,No animals,No climate action,No consequences,No setting,Screenshot
973,https://pbs.twimg.com/media/E8VRplQXMAMLpHu.jpg,No animals,Other,Floods,Residential/commercial,Posters/Event invitations
974,https://pbs.twimg.com/media/E5tfZ7GVUAMixsC.jpg,No animals,No climate action,No consequences,No setting,Screenshot
975,https://pbs.twimg.com/media/Eh-6tGbUcAA5eVN.jpg,No animals,Politics,Wildfires,"Forest, jungle",Photo
976,https://pbs.twimg.com/media/EvuyNJUXAAU8w9U.jpg,No animals,No climate action,No consequences,No setting,Screenshot
977,https://pbs.twimg.com/media/ENNBCpBXkAAkggX?format=jpg&name=small,No animals,No climate action,Melting Ice,Other nature,Collage
978,https://pbs.twimg.com/media/Fd52vquXwAARjAv.jpg,No animals,No climate action,No consequences,No setting,Data Visualization
979,https://pbs.twimg.com/media/EoyNPE8XMAAW513.jpg,No animals,Other,No consequences,Indoor space,Collage
980,https://pbs.twimg.com/media/FCn_82cWEAQTSej.png,No animals,Other,No consequences,Residential/commercial,Photo
981,https://pbs.twimg.com/media/EHKJ-G9WsAEFOEO.jpg,No animals,Politics,No consequences,Indoor space,Photo
982,https://pbs.twimg.com/media/EhjyNaVXgAERjNW.jpg,No animals,No climate action,Wildfires,"Forest, jungle",Photo
983,https://pbs.twimg.com/media/FTbi3CMaUAA69Rb.jpg,No animals,Politics,No consequences,Indoor space,Photo
984,https://encrypted-tbn1.gstatic.com/images?q=tbn:ANd9GcQ_tUIJzvsfC2vYKB0pMNZG851HD8VUb_pOnLVBnznqnh8UDbRa,No animals,No climate action,Sea level rise,Other setting,Data Visualization
985,https://pbs.twimg.com/media/FGV4yPiXIAElwYY.png,No animals,No climate action,Human rights,Other setting,Data Visualization
986,https://pbs.twimg.com/media/FhSc46fWYAAQN_r.jpg,No animals,Other,No consequences,Indoor space,Photo
987,https://pbs.twimg.com/media/E8my3jOVIAAkpP9.jpg,Pets,No climate action,Wildfires,Indoor space,Illustration
988,https://pbs.twimg.com/media/Fa8L1fqXwAAO19v.jpg,No animals,Sustainable energy,No consequences,Industrial,Photo
989,https://pbs.twimg.com/media/Fkc7TKWX0AEkL7z.jpg,No animals,Other,No consequences,Indoor space,Photo
990,https://pbs.twimg.com/media/E2S7F62WEAABpWb?format=jpg&name=small,No animals,Fossil energy,No consequences,No setting,Data Visualization
991,https://pbs.twimg.com/media/EcccmMXXkAIjLUX.jpg,No animals,Other,No consequences,Indoor space,Screenshot
992,https://pbs.twimg.com/media/Fa71Hf1WAAEOlf2.jpg,No animals,No climate action,Wildfires,"Forest, jungle",Photo
993,https://pbs.twimg.com/media/Dy43SQaWoAAIApB.jpg,No animals,Other,No consequences,Residential/commercial,Photo
994,https://pbs.twimg.com/media/EINzoPMXkAAis76.jpg,No animals,No climate action,No consequences,Indoor space,Photo
995,https://pbs.twimg.com/media/FhNpAK4XEAgKVI2.jpg,No animals,Politics,Human rights,Other nature,Meme
996,https://pbs.twimg.com/media/FUCKDlWWIAEFzIz.jpg,No animals,No climate action,No consequences,Other setting,Infographic
997,https://pbs.twimg.com/media/FhW8FWeXEAAadaA.jpg,No animals,No climate action,No consequences,Agricultural/rural,Posters/Event invitations
998,https://pbs.twimg.com/media/FkPuySyWAAAEz4q.jpg,No animals,Sustainable energy,No consequences,Other setting,Photo
999,https://pbs.twimg.com/media/EHwyAgAWkAMn9CF.jpg,No animals,Protests,No consequences,Residential/commercial,Photo
1000,https://pbs.twimg.com/media/D8YcbIiW4AACkQr.jpg,No animals,Other,No consequences,"Forest, jungle",Photo
1001,https://pbs.twimg.com/media/FhNOehMWQAYx2fk.jpg,No animals,Fossil energy,No consequences,No setting,Data Visualization
1002,https://pbs.twimg.com/media/FgdqHzDXoAE5Fwk.jpg,No animals,No climate action,Covid & general health,Indoor space,Photo
1003,https://pbs.twimg.com/media/EO_1T7OWsAUp0HN.jpg,No animals,No climate action,No consequences,Indoor space,Screenshot
1004,https://pbs.twimg.com/media/EWF6xj_UMAY3b7c.jpg,No animals,Other,No consequences,Indoor space,Photo
1005,https://pbs.twimg.com/media/FTwv_gxWQAMwbsj.jpg,Sea mammal,No climate action,Other consequences,"Ocean, coastal",Screenshot
1006,https://pbs.twimg.com/media/FdJmgSYWQAAS1VZ.jpg,No animals,Politics,No consequences,Indoor space,Photo
1007,https://pbs.twimg.com/media/FZKUzgDXkAQMR7Z.jpg,No animals,Sustainable energy,No consequences,No setting,Posters/Event invitations
1008,https://pbs.twimg.com/media/D4NBWkwW4AU19et.jpg,No animals,Other,No consequences,Indoor space,Meme
1009,https://pbs.twimg.com/media/Ehw0037X0AEf7x9.jpg,No animals,Other,No consequences,"Forest, jungle",Photo
1010,https://pbs.twimg.com/media/FQSeRzxUYAM_Rfk.jpg,No animals,No climate action,Other extreme weather events,No setting,Screenshot
1011,https://pbs.twimg.com/media/FYdOjQlX0AE0nPP.jpg,No animals,Other,No consequences,No setting,Screenshot
1012,https://pbs.twimg.com/media/E4F-DcwVkA8KljQ.jpg,No animals,No climate action,Economic consequences,Industrial,Posters/Event invitations
1013,https://pbs.twimg.com/media/FjQnxuiWIAANEuo.jpg,No animals,Sustainable energy,No consequences,Industrial,Photo
1014,https://pbs.twimg.com/media/EX3gKJ9WkAEwDY2.jpg,No animals,Politics,No consequences,No setting,Collage
1015,https://pbs.twimg.com/media/EpgomQcWMAAURe5.jpg,No animals,No climate action,No consequences,Outer space,Photo
1016,https://pbs.twimg.com/media/EcW_hGSXYAItEP-.jpg,No animals,Other,No consequences,"Forest, jungle",Photo
1017,https://pbs.twimg.com/media/Ey6qLbGWYAAoZY_.jpg,No animals,Other,No consequences,Residential/commercial,Photo
1018,https://pbs.twimg.com/media/Fg9O6ADXwAAHuXB.jpg,No animals,Politics,No consequences,No setting,Other
1019,https://pbs.twimg.com/media/FhqsL_9aEAIi40j.jpg,No animals,Politics,No consequences,Indoor space,Photo
1020,https://pbs.twimg.com/media/EoyVNlJUcAE4Xe5.jpg,No animals,Other,No consequences,Indoor space,Screenshot
1021,https://pbs.twimg.com/media/EAFI5-XWsAAn_U9.jpg,No animals,No climate action,Other consequences,No setting,Screenshot
1022,https://pbs.twimg.com/media/EMbTfg8UcAAntjI.jpg,No animals,Other,Wildfires,Indoor space,Photo
1023,https://pbs.twimg.com/media/EE83GX2XsAICDbv.jpg,No animals,Protests,No consequences,Residential/commercial,Collage
1024,https://pbs.twimg.com/media/E7RRd0gXIAAdtUg.jpg,No animals,No climate action,No consequences,Residential/commercial,Illustration
1025,https://pbs.twimg.com/media/EcgbmNfX0AAaCHz.jpg,No animals,Other,No consequences,No setting,Illustration
1026,https://pbs.twimg.com/media/EbAMfFdXQAAcJ0K.jpg,No animals,No climate action,Rising temperature,No setting,Data Visualization
1027,https://pbs.twimg.com/media/Fj7EbObaUAELEjw.png,Amphibian or Reptile,No climate action,Biodiversity loss,Other setting,Infographic
1028,https://pbs.twimg.com/media/FhrD8hKagAElUBy.jpg,No animals,Politics,No consequences,Indoor space,Photo
1029,https://pbs.twimg.com/media/EtoAZLhWQAEAbE0.jpg,No animals,Fossil energy,No consequences,Industrial,Photo
1030,https://pbs.twimg.com/media/EC1pngSXUAE6ifJ.jpg,No animals,Politics,No consequences,Indoor space,Photo
1031,https://pbs.twimg.com/media/DwbuYxNWsAErqKb.jpg,No animals,Other,No consequences,No setting,Screenshot
1032,https://pbs.twimg.com/media/FQuOlUQX0AgC41-.jpg,No animals,No climate action,No consequences,Other setting,Infographic
1033,https://pbs.twimg.com/media/EhhUS_JVoAElufJ.jpg,No animals,No climate action,Wildfires,Residential/commercial,Photo
1034,https://pbs.twimg.com/media/D3RjdTLW0AApNGm.jpg,No animals,Politics,No consequences,Indoor space,Screenshot
1035,https://pbs.twimg.com/media/D8KVldWWwAAP2zC.jpg,No animals,Other,No consequences,Indoor space,Photo
1036,https://pbs.twimg.com/media/FdatDi1XgAADWpZ.jpg,No animals,No climate action,No consequences,Industrial,Photo
1037,https://pbs.twimg.com/media/E12qgvxUYAQcs4m.jpg,Insects,No climate action,No consequences,Indoor space,Photo
1038,image url no longer available,No animals,No climate action,No consequences,No setting,Data Visualization
