img_id,dialog,narration,dialog_bounding_boxes,narration_bounding_boxes,face_bounding_boxes,tag,sentiment,subjectivity,emotion
bp_0_0_0,perhaps queely fell easily to your blade--,"[""the black panther's superb agility keeps him alive until he's in position to counter-attack...""]","[[4.0, 107.0, 199.0, 160.0]]","[[2.0, 3.0, 251.0, 101.0]]","[[41.0, 176.0, 214.0, 315.0]]",INFORM,0.43333333333333335,0.8333333333333334,"{""fear"": 0.3282, ""neutral"": 0.3211, ""anger"": 0.1389, ""surprise"": 0.0955, ""disgust"": 0.0538, ""sadness"": 0.0513, ""joy"": 0.0111}"
bp_0_0_3,-- but you will find the panther a most uncooperative target!,"['then, with cobra-speed, the black panther strikes back!']","[[6.0, 56.0, 277.0, 121.0]]","[[6.0, 6.0, 344.0, 51.0]]","[[83.0, 180.0, 200.0, 281.0]]",INFORM,0.625,0.5,"{""anger"": 0.6034, ""disgust"": 0.196, ""neutral"": 0.1373, ""sadness"": 0.0338, ""surprise"": 0.0112, ""fear"": 0.0093, ""joy"": 0.009}"
bp_0_100_0,i am honored by this gathering of royal panthers! destiny demands that one of you must take command of a dangerous situation!,[],"[[11.0, 7.0, 185.0, 167.0], [248.0, 6.0, 432.0, 130.0], [557.0, 8.0, 757.0, 74.0], [779.0, 9.0, 875.0, 83.0], [669.0, 319.0, 807.0, 373.0]]",[],"[[201.0, 59.0, 256.0, 111.0], [352.0, 125.0, 402.0, 178.0], [496.0, 10.0, 557.0, 66.0], [619.0, 96.0, 724.0, 206.0], [750.0, 99.0, 844.0, 273.0]]",,-0.75,0.9,"{""joy"": 0.9659, ""anger"": 0.0227, ""surprise"": 0.0046, ""fear"": 0.0027, ""sadness"": 0.0026, ""neutral"": 0.0009, ""disgust"": 0.0005}"
bp_0_100_0,"i'm involved in high finance, n'gass! can you possibly imagine me dashing about with spear and shield?",[],"[[11.0, 7.0, 185.0, 167.0], [248.0, 6.0, 432.0, 130.0], [557.0, 8.0, 757.0, 74.0], [779.0, 9.0, 875.0, 83.0], [669.0, 319.0, 807.0, 373.0]]",[],"[[201.0, 59.0, 256.0, 111.0], [352.0, 125.0, 402.0, 178.0], [496.0, 10.0, 557.0, 66.0], [619.0, 96.0, 724.0, 206.0], [750.0, 99.0, 844.0, 273.0]]",,0.1,0.77,"{""anger"": 0.5184, ""fear"": 0.1947, ""surprise"": 0.1412, ""joy"": 0.0629, ""disgust"": 0.0298, ""neutral"": 0.0277, ""sadness"": 0.0253}"
bp_0_100_0,i hear we've been summoned to deal with some provincial demon!,[],"[[11.0, 7.0, 185.0, 167.0], [248.0, 6.0, 432.0, 130.0], [557.0, 8.0, 757.0, 74.0], [779.0, 9.0, 875.0, 83.0], [669.0, 319.0, 807.0, 373.0]]",[],"[[201.0, 59.0, 256.0, 111.0], [352.0, 125.0, 402.0, 178.0], [496.0, 10.0, 557.0, 66.0], [619.0, 96.0, 724.0, 206.0], [750.0, 99.0, 844.0, 273.0]]",INFORM,0.0,0.0,"{""fear"": 0.4308, ""anger"": 0.2267, ""sadness"": 0.1604, ""surprise"": 0.101, ""joy"": 0.0699, ""neutral"": 0.0079, ""disgust"": 0.0033}"
bp_0_100_0,it's something like that!,[],"[[11.0, 7.0, 185.0, 167.0], [248.0, 6.0, 432.0, 130.0], [557.0, 8.0, 757.0, 74.0], [779.0, 9.0, 875.0, 83.0], [669.0, 319.0, 807.0, 373.0]]",[],"[[201.0, 59.0, 256.0, 111.0], [352.0, 125.0, 402.0, 178.0], [496.0, 10.0, 557.0, 66.0], [619.0, 96.0, 724.0, 206.0], [750.0, 99.0, 844.0, 273.0]]",FEEDBACK,0.0,0.0,"{""surprise"": 0.6902, ""anger"": 0.1765, ""disgust"": 0.0523, ""neutral"": 0.0367, ""joy"": 0.0303, ""sadness"": 0.0074, ""fear"": 0.0066}"
bp_0_100_0,"a local prankster, no doubt!",[],"[[11.0, 7.0, 185.0, 167.0], [248.0, 6.0, 432.0, 130.0], [557.0, 8.0, 757.0, 74.0], [779.0, 9.0, 875.0, 83.0], [669.0, 319.0, 807.0, 373.0]]",[],"[[201.0, 59.0, 256.0, 111.0], [352.0, 125.0, 402.0, 178.0], [496.0, 10.0, 557.0, 66.0], [619.0, 96.0, 724.0, 206.0], [750.0, 99.0, 844.0, 273.0]]",FEEDBACK,0.0,0.0,"{""joy"": 0.5082, ""surprise"": 0.1732, ""anger"": 0.1339, ""neutral"": 0.1271, ""disgust"": 0.0308, ""fear"": 0.0201, ""sadness"": 0.0068}"
bp_0_100_2,"the demon is real indeed! and, in t'challa's absence, there must be a black panther at the helm in this crisis!",[],"[[13.0, 9.0, 213.0, 122.0], [230.0, 6.0, 428.0, 89.0]]",[],"[[22.0, 139.0, 169.0, 321.0], [214.0, 93.0, 388.0, 261.0]]",,0.009722222222222224,0.24444444444444446,"{""surprise"": 0.2953, ""anger"": 0.2443, ""neutral"": 0.2303, ""disgust"": 0.1105, ""fear"": 0.0703, ""sadness"": 0.0262, ""joy"": 0.023}"
bp_0_100_2,are you suggesting that I fit this image of demon-fighter?!,[],"[[13.0, 9.0, 213.0, 122.0], [230.0, 6.0, 428.0, 89.0]]",[],"[[22.0, 139.0, 169.0, 321.0], [214.0, 93.0, 388.0, 261.0]]",YES-NO_QUESTION,0.5,0.4,"{""surprise"": 0.5481, ""neutral"": 0.1894, ""anger"": 0.1666, ""disgust"": 0.0721, ""fear"": 0.0104, ""sadness"": 0.0095, ""joy"": 0.004}"
bp_0_101_0,by the sacred panther fetish!,['suddenly...'],"[[112.0, 230.0, 208.0, 304.0], [624.0, 2.0, 816.0, 31.0], [778.0, 36.0, 885.0, 69.0]]","[[5.0, 4.0, 139.0, 31.0]]","[[0.0, 207.0, 106.0, 329.0], [344.0, 24.0, 439.0, 152.0], [779.0, 102.0, 837.0, 170.0]]",NOT_CLASSIFIABLE,0.0,0.0,"{""surprise"": 0.4601, ""anger"": 0.2273, ""disgust"": 0.15, ""neutral"": 0.1158, ""joy"": 0.0251, ""sadness"": 0.012, ""fear"": 0.0097}"
bp_0_101_0,"hail, cousin",['suddenly...'],"[[112.0, 230.0, 208.0, 304.0], [624.0, 2.0, 816.0, 31.0], [778.0, 36.0, 885.0, 69.0]]","[[5.0, 4.0, 139.0, 31.0]]","[[0.0, 207.0, 106.0, 329.0], [344.0, 24.0, 439.0, 152.0], [779.0, 102.0, 837.0, 170.0]]",GREET,0.0,0.0,"{""neutral"": 0.4409, ""sadness"": 0.2969, ""joy"": 0.1737, ""surprise"": 0.0454, ""anger"": 0.029, ""disgust"": 0.0121, ""fear"": 0.002}"
bp_0_101_0,jakarra!,['suddenly...'],"[[112.0, 230.0, 208.0, 304.0], [624.0, 2.0, 816.0, 31.0], [778.0, 36.0, 885.0, 69.0]]","[[5.0, 4.0, 139.0, 31.0]]","[[0.0, 207.0, 106.0, 329.0], [344.0, 24.0, 439.0, 152.0], [779.0, 102.0, 837.0, 170.0]]",NOT_CLASSIFIABLE,0.0,0.0,"{""surprise"": 0.5138, ""joy"": 0.1697, ""anger"": 0.1662, ""neutral"": 0.1023, ""sadness"": 0.0247, ""fear"": 0.0117, ""disgust"": 0.0116}"
bp_0_101_1,b-but this can't be jakarra --not this repellent creature!!,[],"[[5.0, 4.0, 126.0, 107.0], [140.0, 8.0, 252.0, 90.0], [59.0, 118.0, 224.0, 199.0]]",[],"[[23.0, 268.0, 68.0, 333.0], [260.0, 5.0, 435.0, 402.0], [97.0, 236.0, 141.0, 295.0]]",INFORM,-1.0,1.0,"{""disgust"": 0.3904, ""anger"": 0.2452, ""fear"": 0.1645, ""neutral"": 0.1008, ""surprise"": 0.0485, ""sadness"": 0.0327, ""joy"": 0.0179}"
bp_0_101_1,"you see me as vibranium made me, zuni!",[],"[[5.0, 4.0, 126.0, 107.0], [140.0, 8.0, 252.0, 90.0], [59.0, 118.0, 224.0, 199.0]]",[],"[[23.0, 268.0, 68.0, 333.0], [260.0, 5.0, 435.0, 402.0], [97.0, 236.0, 141.0, 295.0]]",INFORM,0.0,0.0,"{""joy"": 0.359, ""surprise"": 0.3538, ""neutral"": 0.1566, ""anger"": 0.0985, ""sadness"": 0.0137, ""disgust"": 0.0118, ""fear"": 0.0066}"
bp_0_101_1,"n'gassi told the truth! you won't stop him with band-aids, doctor!",[],"[[5.0, 4.0, 126.0, 107.0], [140.0, 8.0, 252.0, 90.0], [59.0, 118.0, 224.0, 199.0]]",[],"[[23.0, 268.0, 68.0, 333.0], [260.0, 5.0, 435.0, 402.0], [97.0, 236.0, 141.0, 295.0]]",INFORM,0.0,0.0,"{""anger"": 0.738, ""fear"": 0.1536, ""surprise"": 0.0326, ""joy"": 0.0293, ""neutral"": 0.0249, ""sadness"": 0.0134, ""disgust"": 0.0081}"
bp_0_102_1,wow... some smart alec is projecting hundred of images. my spider webs can't catch what's not real... but how to tell which is the real villain?,[],"[[6.0, 5.0, 460.0, 88.0]]",[],"[[118.0, 76.0, 157.0, 118.0]]",,0.10357142857142856,0.5607142857142857,"{""surprise"": 0.9799, ""neutral"": 0.0076, ""sadness"": 0.0033, ""joy"": 0.0032, ""anger"": 0.0026, ""fear"": 0.002, ""disgust"": 0.0015}"
bp_0_104_3,i'd still be airborne and in sight of wakanda territory if i hadn't chanced upon this spoiler!,['*last issue-- jack.'],"[[2.0, 6.0, 232.0, 98.0], [274.0, 12.0, 420.0, 117.0]]","[[117.0, 403.0, 342.0, 433.0]]","[[138.0, 147.0, 202.0, 229.0], [141.0, 148.0, 202.0, 227.0]]",INFORM,0.0,0.0,"{""surprise"": 0.5409, ""fear"": 0.1452, ""joy"": 0.1132, ""neutral"": 0.0913, ""anger"": 0.0688, ""sadness"": 0.0374, ""disgust"": 0.0032}"
bp_0_104_3,he caused the wreck of my helicopter!*,['*last issue-- jack.'],"[[2.0, 6.0, 232.0, 98.0], [274.0, 12.0, 420.0, 117.0]]","[[117.0, 403.0, 342.0, 433.0]]","[[138.0, 147.0, 202.0, 229.0], [141.0, 148.0, 202.0, 227.0]]",INFORM,0.0,0.0,"{""anger"": 0.6365, ""surprise"": 0.1064, ""fear"": 0.0972, ""sadness"": 0.0731, ""disgust"": 0.0514, ""neutral"": 0.0257, ""joy"": 0.0097}"
bp_0_105_1,"yet, who will fight harder for his life than the wakandan warrior...though his body is taken from him cell by cell, his spirit yields no ground to the demons of darkness!",[],"[[27.0, 5.0, 420.0, 90.0]]",[],"[[114.0, 120.0, 254.0, 246.0]]",,-0.125,0.0,"{""fear"": 0.3364, ""sadness"": 0.2871, ""anger"": 0.1672, ""neutral"": 0.1024, ""disgust"": 0.0512, ""surprise"": 0.0436, ""joy"": 0.0122}"
bp_0_107_4,don't scoff at a clown until you catch his entire act!,[],"[[3.0, 5.0, 160.0, 110.0], [196.0, 10.0, 432.0, 102.0]]",[],"[[-1.0, -1.0, -1.0, -1.0], [256.0, 200.0, 393.0, 304.0]]",INFORM,0.0,0.625,"{""anger"": 0.8809, ""disgust"": 0.0882, ""fear"": 0.0126, ""neutral"": 0.0066, ""surprise"": 0.0053, ""sadness"": 0.0035, ""joy"": 0.0029}"
bp_0_107_4,devious dog! i'll crush you and that device to pulp!,[],"[[3.0, 5.0, 160.0, 110.0], [196.0, 10.0, 432.0, 102.0]]",[],"[[-1.0, -1.0, -1.0, -1.0], [256.0, 200.0, 393.0, 304.0]]",,0.0,0.0,"{""anger"": 0.8788, ""fear"": 0.0664, ""disgust"": 0.0308, ""sadness"": 0.0087, ""surprise"": 0.0057, ""neutral"": 0.0056, ""joy"": 0.004}"
bp_0_108_3,"death will be swift, zuni! that disguise can neither hide you nor spare you!",[],"[[5.0, 3.0, 154.0, 107.0], [174.0, 2.0, 294.0, 88.0], [299.0, 1.0, 429.0, 93.0]]",[],"[[24.0, 107.0, 107.0, 187.0], [214.0, 85.0, 269.0, 143.0], [333.0, 80.0, 419.0, 147.0]]",,0.0,0.0,"{""fear"": 0.5462, ""anger"": 0.189, ""neutral"": 0.0911, ""sadness"": 0.0868, ""surprise"": 0.0713, ""disgust"": 0.0082, ""joy"": 0.0074}"
bp_0_108_3,"keep him at bay, cousin! i'm almost ready!",[],"[[5.0, 3.0, 154.0, 107.0], [174.0, 2.0, 294.0, 88.0], [299.0, 1.0, 429.0, 93.0]]",[],"[[24.0, 107.0, 107.0, 187.0], [214.0, 85.0, 269.0, 143.0], [333.0, 80.0, 419.0, 147.0]]",,0.25,0.5,"{""joy"": 0.6841, ""neutral"": 0.1699, ""surprise"": 0.094, ""anger"": 0.0259, ""sadness"": 0.0196, ""fear"": 0.0034, ""disgust"": 0.0031}"
bp_0_108_3,"that's small comfort, dolt! he's tearing my arms off!",[],"[[5.0, 3.0, 154.0, 107.0], [174.0, 2.0, 294.0, 88.0], [299.0, 1.0, 429.0, 93.0]]",[],"[[24.0, 107.0, 107.0, 187.0], [214.0, 85.0, 269.0, 143.0], [333.0, 80.0, 419.0, 147.0]]",,-0.390625,0.4,"{""anger"": 0.3062, ""sadness"": 0.2018, ""surprise"": 0.173, ""disgust"": 0.1268, ""neutral"": 0.0746, ""joy"": 0.0736, ""fear"": 0.044}"
bp_0_109_4,"joshua itobo, are you injured?",['a moment of stunned silence follows the fading echoes of violence...'],"[[9.0, 51.0, 193.0, 94.0], [206.0, 52.0, 418.0, 123.0]]","[[3.0, 7.0, 433.0, 45.0]]","[[-1.0, -1.0, -1.0, -1.0], [358.0, 112.0, 435.0, 208.0]]",YES-NO_QUESTION,0.0,0.0,"{""sadness"": 0.4493, ""surprise"": 0.2698, ""neutral"": 0.2334, ""fear"": 0.0233, ""anger"": 0.011, ""disgust"": 0.0095, ""joy"": 0.0036}"
bp_0_109_4,it seems impossible that any of us should have survived!,['a moment of stunned silence follows the fading echoes of violence...'],"[[9.0, 51.0, 193.0, 94.0], [206.0, 52.0, 418.0, 123.0]]","[[3.0, 7.0, 433.0, 45.0]]","[[-1.0, -1.0, -1.0, -1.0], [358.0, 112.0, 435.0, 208.0]]",FEEDBACK,-0.8333333333333333,1.0,"{""surprise"": 0.8272, ""anger"": 0.0584, ""neutral"": 0.0404, ""fear"": 0.0307, ""sadness"": 0.0191, ""disgust"": 0.0186, ""joy"": 0.0056}"
bp_0_109_5,but we did!your plan was perfection itself!,[],"[[2.0, 7.0, 153.0, 78.0], [171.0, 8.0, 309.0, 127.0], [318.0, 19.0, 432.0, 98.0]]",[],"[[62.0, 83.0, 128.0, 144.0], [154.0, 113.0, 212.0, 186.0], [354.0, 108.0, 415.0, 169.0]]",,0.0,0.0,"{""surprise"": 0.5734, ""anger"": 0.2395, ""sadness"": 0.0717, ""joy"": 0.0556, ""neutral"": 0.0352, ""disgust"": 0.0189, ""fear"": 0.0056}"
bp_0_109_5,"it was an act of madness, carried out by four unfit for battle!",[],"[[2.0, 7.0, 153.0, 78.0], [171.0, 8.0, 309.0, 127.0], [318.0, 19.0, 432.0, 98.0]]",[],"[[62.0, 83.0, 128.0, 144.0], [154.0, 113.0, 212.0, 186.0], [354.0, 108.0, 415.0, 169.0]]",INFORM,0.0,0.0,"{""anger"": 0.6692, ""disgust"": 0.1319, ""fear"": 0.0812, ""surprise"": 0.0762, ""sadness"": 0.0266, ""neutral"": 0.0104, ""joy"": 0.0044}"
bp_0_109_5,you mean four of will and courage!,[],"[[2.0, 7.0, 153.0, 78.0], [171.0, 8.0, 309.0, 127.0], [318.0, 19.0, 432.0, 98.0]]",[],"[[62.0, 83.0, 128.0, 144.0], [154.0, 113.0, 212.0, 186.0], [354.0, 108.0, 415.0, 169.0]]",INFORM,-0.390625,0.6875,"{""anger"": 0.4446, ""surprise"": 0.2892, ""neutral"": 0.1263, ""joy"": 0.0768, ""disgust"": 0.0541, ""fear"": 0.0049, ""sadness"": 0.0041}"
bp_0_10_5,he can't keep his eye on all off us!!pick him off with a careful shot!!,[],"[[3.0, 2.0, 226.0, 88.0], [254.0, 4.0, 449.0, 84.0]]",[],"[[31.0, 145.0, 182.0, 347.0], [233.0, 115.0, 433.0, 270.0]]",,-0.15625,1.0,"{""fear"": 0.4951, ""neutral"": 0.2013, ""anger"": 0.1121, ""surprise"": 0.0818, ""sadness"": 0.0807, ""joy"": 0.0178, ""disgust"": 0.0113}"
bp_0_10_5,"he moves like a jungle cat, highness, but i'll do my best!",[],"[[3.0, 2.0, 226.0, 88.0], [254.0, 4.0, 449.0, 84.0]]",[],"[[31.0, 145.0, 182.0, 347.0], [233.0, 115.0, 433.0, 270.0]]",FEEDBACK,1.0,0.3,"{""joy"": 0.4164, ""anger"": 0.2717, ""neutral"": 0.2371, ""disgust"": 0.0247, ""fear"": 0.0209, ""sadness"": 0.0166, ""surprise"": 0.0126}"
bp_0_110_0,i don't know what possessed me to call upon the ruling family in this crisis! look at these expenditures! costumes-- smoke guns-- chemicals-- adhesive--,"[""meanwhile, in the administrative office of n'gassi, who governs in t'challa's absence...""]","[[5.0, 70.0, 234.0, 260.0], [263.0, 51.0, 430.0, 111.0]]","[[3.0, 5.0, 433.0, 67.0]]","[[194.0, 129.0, 236.0, 178.0], [369.0, 105.0, 419.0, 158.0]]",,0.0,0.0,"{""surprise"": 0.7509, ""anger"": 0.1225, ""sadness"": 0.0423, ""neutral"": 0.029, ""fear"": 0.0226, ""joy"": 0.0166, ""disgust"": 0.0162}"
bp_0_110_0,they've been very secretive these past days.,"[""meanwhile, in the administrative office of n'gassi, who governs in t'challa's absence...""]","[[5.0, 70.0, 234.0, 260.0], [263.0, 51.0, 430.0, 111.0]]","[[3.0, 5.0, 433.0, 67.0]]","[[194.0, 129.0, 236.0, 178.0], [369.0, 105.0, 419.0, 158.0]]",INFORM,-0.024999999999999994,0.275,"{""neutral"": 0.9008, ""sadness"": 0.0306, ""disgust"": 0.0232, ""anger"": 0.0178, ""fear"": 0.0164, ""surprise"": 0.0076, ""joy"": 0.0037}"
bp_0_110_4,how i wish for his swift return!,[],"[[9.0, 3.0, 187.0, 43.0], [13.0, 59.0, 189.0, 151.0], [243.0, 5.0, 363.0, 85.0]]",[],"[[260.0, 163.0, 321.0, 225.0], [259.0, 162.0, 319.0, 218.0], [348.0, 83.0, 386.0, 139.0]]",INFORM,0.0,0.0,"{""sadness"": 0.4646, ""surprise"": 0.4202, ""neutral"": 0.0509, ""joy"": 0.0409, ""fear"": 0.018, ""anger"": 0.0035, ""disgust"": 0.0017}"
bp_0_110_4,there has been fighting in the streets! perhaps the militia has finally finished jakarra!,[],"[[9.0, 3.0, 187.0, 43.0], [13.0, 59.0, 189.0, 151.0], [243.0, 5.0, 363.0, 85.0]]",[],"[[260.0, 163.0, 321.0, 225.0], [259.0, 162.0, 319.0, 218.0], [348.0, 83.0, 386.0, 139.0]]",,0.0,1.0,"{""surprise"": 0.4819, ""neutral"": 0.3304, ""joy"": 0.0879, ""anger"": 0.0643, ""sadness"": 0.0194, ""fear"": 0.0087, ""disgust"": 0.0074}"
bp_0_110_4,"we'd have had the news at this hour, noble one...",[],"[[9.0, 3.0, 187.0, 43.0], [13.0, 59.0, 189.0, 151.0], [243.0, 5.0, 363.0, 85.0]]",[],"[[260.0, 163.0, 321.0, 225.0], [259.0, 162.0, 319.0, 218.0], [348.0, 83.0, 386.0, 139.0]]",INFORM,0.6,0.9,"{""neutral"": 0.8027, ""joy"": 0.1403, ""surprise"": 0.0206, ""sadness"": 0.0147, ""anger"": 0.0112, ""disgust"": 0.0082, ""fear"": 0.0023}"
bp_0_111_0,"wrong, n'gassi! your unlikely candidates for t'challa's job have done his work!",[],"[[4.0, 2.0, 247.0, 114.0], [252.0, 61.0, 451.0, 179.0], [451.0, 5.0, 693.0, 119.0], [706.0, 7.0, 879.0, 141.0]]",[],"[[107.0, 77.0, 236.0, 234.0], [285.0, 219.0, 408.0, 339.0], [486.0, 105.0, 594.0, 220.0], [727.0, 130.0, 853.0, 261.0]]",,-0.625,0.7,"{""surprise"": 0.6575, ""neutral"": 0.1784, ""anger"": 0.0563, ""sadness"": 0.0486, ""joy"": 0.0456, ""fear"": 0.0074, ""disgust"": 0.0063}"
bp_0_111_0,we are proud to say that the task was accomplished with high risk and minimal injury.,[],"[[4.0, 2.0, 247.0, 114.0], [252.0, 61.0, 451.0, 179.0], [451.0, 5.0, 693.0, 119.0], [706.0, 7.0, 879.0, 141.0]]",[],"[[107.0, 77.0, 236.0, 234.0], [285.0, 219.0, 408.0, 339.0], [486.0, 105.0, 594.0, 220.0], [727.0, 130.0, 853.0, 261.0]]",INFORM,0.26499999999999996,0.66,"{""joy"": 0.9636, ""neutral"": 0.0209, ""anger"": 0.0049, ""sadness"": 0.0042, ""surprise"": 0.0029, ""fear"": 0.0025, ""disgust"": 0.0011}"
bp_0_111_0,joshus itobo refers to my backside... it's really too well padded to suffer badly in a fall!,[],"[[4.0, 2.0, 247.0, 114.0], [252.0, 61.0, 451.0, 179.0], [451.0, 5.0, 693.0, 119.0], [706.0, 7.0, 879.0, 141.0]]",[],"[[107.0, 77.0, 236.0, 234.0], [285.0, 219.0, 408.0, 339.0], [486.0, 105.0, 594.0, 220.0], [727.0, 130.0, 853.0, 261.0]]",INFORM,-0.3374999999999999,0.43333333333333335,"{""sadness"": 0.7404, ""surprise"": 0.1225, ""neutral"": 0.076, ""joy"": 0.018, ""fear"": 0.0177, ""disgust"": 0.0163, ""anger"": 0.0091}"
bp_0_111_0,"in short, you old leopard.. we've brought in jakarra! and put an end to his rampage!",[],"[[4.0, 2.0, 247.0, 114.0], [252.0, 61.0, 451.0, 179.0], [451.0, 5.0, 693.0, 119.0], [706.0, 7.0, 879.0, 141.0]]",[],"[[107.0, 77.0, 236.0, 234.0], [285.0, 219.0, 408.0, 339.0], [486.0, 105.0, 594.0, 220.0], [727.0, 130.0, 853.0, 261.0]]",,0.078125,0.25,"{""anger"": 0.8083, ""neutral"": 0.0758, ""surprise"": 0.0433, ""disgust"": 0.0279, ""joy"": 0.0183, ""fear"": 0.0158, ""sadness"": 0.0107}"
bp_0_111_3,"behold, wise one! the riddle of jakarra is now ours to solve without danger to others!",[],"[[0.0, 2.0, 203.0, 104.0], [241.0, 11.0, 428.0, 89.0]]",[],"[[92.0, 167.0, 157.0, 240.0], [249.0, 133.0, 349.0, 222.0]]",,1.0,0.9,"{""anger"": 0.4692, ""fear"": 0.2727, ""neutral"": 0.1782, ""disgust"": 0.0376, ""joy"": 0.0176, ""sadness"": 0.0155, ""surprise"": 0.0092}"
bp_0_111_3,there's only one way to solve this! he must be destroyed at once--!,[],"[[0.0, 2.0, 203.0, 104.0], [241.0, 11.0, 428.0, 89.0]]",[],"[[92.0, 167.0, 157.0, 240.0], [249.0, 133.0, 349.0, 222.0]]",,0.0,1.0,"{""anger"": 0.4938, ""surprise"": 0.1832, ""sadness"": 0.1049, ""neutral"": 0.0971, ""disgust"": 0.0662, ""fear"": 0.0398, ""joy"": 0.0151}"
bp_0_111_4,it's the rulling family--!,['suddenly upon entering...'],"[[10.0, 61.0, 107.0, 123.0], [283.0, 4.0, 415.0, 110.0]]","[[3.0, 2.0, 164.0, 41.0]]","[[5.0, 144.0, 79.0, 361.0], [295.0, 238.0, 428.0, 430.0]]",INFORM,0.0,0.0,"{""surprise"": 0.5929, ""joy"": 0.1698, ""anger"": 0.1022, ""neutral"": 0.0715, ""disgust"": 0.03, ""sadness"": 0.0291, ""fear"": 0.0045}"
bp_0_111_4,optimists! they greet the panther in triumph not yet achieved!,['suddenly upon entering...'],"[[10.0, 61.0, 107.0, 123.0], [283.0, 4.0, 415.0, 110.0]]","[[3.0, 2.0, 164.0, 41.0]]","[[5.0, 144.0, 79.0, 361.0], [295.0, 238.0, 428.0, 430.0]]",,0.0,0.0,"{""joy"": 0.9012, ""surprise"": 0.0504, ""neutral"": 0.038, ""anger"": 0.0052, ""sadness"": 0.0033, ""fear"": 0.001, ""disgust"": 0.001}"
bp_0_112_0,"you mean he isn't on of us? but, that costume?","['meanwhile, in the area known as the sudan...']","[[6.0, 52.0, 196.0, 108.0], [243.0, 38.0, 480.0, 107.0], [635.0, 5.0, 864.0, 75.0], [716.0, 83.0, 878.0, 200.0], [755.0, 470.0, 887.0, 530.0]]","[[6.0, 6.0, 242.0, 47.0]]","[[73.0, 122.0, 200.0, 273.0], [227.0, 137.0, 348.0, 229.0], [514.0, 23.0, 605.0, 127.0], [645.0, 163.0, 742.0, 284.0], [522.0, 371.0, 625.0, 479.0]]",,-0.3125,0.6875,"{""surprise"": 0.5231, ""disgust"": 0.1875, ""neutral"": 0.1488, ""anger"": 0.0997, ""fear"": 0.0214, ""sadness"": 0.0123, ""joy"": 0.0072}"
bp_0_112_0,"costume, shmostume! i found him crawlong in the desert -- almost dying of fatigue!","['meanwhile, in the area known as the sudan...']","[[6.0, 52.0, 196.0, 108.0], [243.0, 38.0, 480.0, 107.0], [635.0, 5.0, 864.0, 75.0], [716.0, 83.0, 878.0, 200.0], [755.0, 470.0, 887.0, 530.0]]","[[6.0, 6.0, 242.0, 47.0]]","[[73.0, 122.0, 200.0, 273.0], [227.0, 137.0, 348.0, 229.0], [514.0, 23.0, 605.0, 127.0], [645.0, 163.0, 742.0, 284.0], [522.0, 371.0, 625.0, 479.0]]",,0.0,0.0,"{""surprise"": 0.2932, ""disgust"": 0.2551, ""sadness"": 0.154, ""anger"": 0.1077, ""fear"": 0.1044, ""neutral"": 0.0747, ""joy"": 0.0108}"
bp_0_112_0,that goes double for his friend--the guy's not only dehydrated but wounded as well.,"['meanwhile, in the area known as the sudan...']","[[6.0, 52.0, 196.0, 108.0], [243.0, 38.0, 480.0, 107.0], [635.0, 5.0, 864.0, 75.0], [716.0, 83.0, 878.0, 200.0], [755.0, 470.0, 887.0, 530.0]]","[[6.0, 6.0, 242.0, 47.0]]","[[73.0, 122.0, 200.0, 273.0], [227.0, 137.0, 348.0, 229.0], [514.0, 23.0, 605.0, 127.0], [645.0, 163.0, 742.0, 284.0], [522.0, 371.0, 625.0, 479.0]]",,0.0,0.5,"{""disgust"": 0.443, ""sadness"": 0.3486, ""neutral"": 0.1435, ""surprise"": 0.0235, ""anger"": 0.0233, ""fear"": 0.0158, ""joy"": 0.0023}"
bp_0_112_0,poor man! drink some more of this cold milk--it's very refreshing...,"['meanwhile, in the area known as the sudan...']","[[6.0, 52.0, 196.0, 108.0], [243.0, 38.0, 480.0, 107.0], [635.0, 5.0, 864.0, 75.0], [716.0, 83.0, 878.0, 200.0], [755.0, 470.0, 887.0, 530.0]]","[[6.0, 6.0, 242.0, 47.0]]","[[73.0, 122.0, 200.0, 273.0], [227.0, 137.0, 348.0, 229.0], [514.0, 23.0, 605.0, 127.0], [645.0, 163.0, 742.0, 284.0], [522.0, 371.0, 625.0, 479.0]]",,0.012500000000000011,0.775,"{""joy"": 0.4029, ""sadness"": 0.3246, ""neutral"": 0.1824, ""surprise"": 0.0594, ""disgust"": 0.022, ""anger"": 0.007, ""fear"": 0.0016}"
bp_0_112_0,"thank you, miss... you're very kind...","['meanwhile, in the area known as the sudan...']","[[6.0, 52.0, 196.0, 108.0], [243.0, 38.0, 480.0, 107.0], [635.0, 5.0, 864.0, 75.0], [716.0, 83.0, 878.0, 200.0], [755.0, 470.0, 887.0, 530.0]]","[[6.0, 6.0, 242.0, 47.0]]","[[73.0, 122.0, 200.0, 273.0], [227.0, 137.0, 348.0, 229.0], [514.0, 23.0, 605.0, 127.0], [645.0, 163.0, 742.0, 284.0], [522.0, 371.0, 625.0, 479.0]]",,0.78,1.0,"{""joy"": 0.6242, ""neutral"": 0.1553, ""sadness"": 0.1541, ""surprise"": 0.054, ""anger"": 0.0066, ""disgust"": 0.0043, ""fear"": 0.0015}"
bp_0_113_4,"but, we've been instucted to keep you here!why not relax and watch us shoot this film.",[],"[[2.0, 4.0, 310.0, 70.0], [197.0, 84.0, 392.0, 179.0]]",[],"[[-1.0, -1.0, -1.0, -1.0], [48.0, 86.0, 424.0, 418.0]]",,0.0,0.0,"{""joy"": 0.5491, ""neutral"": 0.1725, ""sadness"": 0.1664, ""anger"": 0.0617, ""surprise"": 0.0364, ""disgust"": 0.007, ""fear"": 0.0069}"
bp_0_113_4,by the sacred panther --you've created another world in this desert!it's fantactic!,[],"[[2.0, 4.0, 310.0, 70.0], [197.0, 84.0, 392.0, 179.0]]",[],"[[-1.0, -1.0, -1.0, -1.0], [48.0, 86.0, 424.0, 418.0]]",,0.0,0.0,"{""joy"": 0.5576, ""surprise"": 0.38, ""neutral"": 0.0366, ""anger"": 0.0117, ""sadness"": 0.0065, ""fear"": 0.0053, ""disgust"": 0.0023}"
bp_0_114_1,"as you can see, we lean heavily on costumes and specialized equipment!",[],"[[25.0, 2.0, 206.0, 92.0], [254.0, 6.0, 429.0, 86.0]]",[],"[[105.0, 101.0, 152.0, 142.0], [209.0, 90.0, 244.0, 130.0]]",INFORM,-0.25,0.5,"{""neutral"": 0.5218, ""disgust"": 0.3311, ""anger"": 0.0625, ""surprise"": 0.0414, ""sadness"": 0.0214, ""joy"": 0.0117, ""fear"": 0.01}"
bp_0_114_1,i like your fleet of trucks and jeeps. that's a fair-sized motor pool.,[],"[[25.0, 2.0, 206.0, 92.0], [254.0, 6.0, 429.0, 86.0]]",[],"[[105.0, 101.0, 152.0, 142.0], [209.0, 90.0, 244.0, 130.0]]",,0.0,0.0,"{""surprise"": 0.6423, ""neutral"": 0.1841, ""joy"": 0.1459, ""sadness"": 0.0179, ""anger"": 0.0064, ""fear"": 0.0023, ""disgust"": 0.001}"
bp_0_116_0,jiru merely voices my own fears! this is not a common patient-- but an unknown force of mounting power!,[],"[[7.0, 5.0, 163.0, 159.0], [190.0, 4.0, 410.0, 73.0], [263.0, 62.0, 433.0, 139.0]]",[],"[[29.0, 179.0, 125.0, 315.0], [142.0, 129.0, 283.0, 282.0], [315.0, 130.0, 419.0, 256.0]]",,0.06875,0.65,"{""fear"": 0.8062, ""surprise"": 0.086, ""neutral"": 0.0478, ""anger"": 0.0368, ""disgust"": 0.0099, ""sadness"": 0.0084, ""joy"": 0.0048}"
bp_0_116_0,that's true... there are definite signs of a rising energy level!,[],"[[7.0, 5.0, 163.0, 159.0], [190.0, 4.0, 410.0, 73.0], [263.0, 62.0, 433.0, 139.0]]",[],"[[29.0, 179.0, 125.0, 315.0], [142.0, 129.0, 283.0, 282.0], [315.0, 130.0, 419.0, 256.0]]",,0.175,0.575,"{""neutral"": 0.6403, ""surprise"": 0.2559, ""joy"": 0.0425, ""anger"": 0.0315, ""fear"": 0.0132, ""disgust"": 0.0103, ""sadness"": 0.0064}"
bp_0_116_0,don't you see? jakarra is no longer human!,[],"[[7.0, 5.0, 163.0, 159.0], [190.0, 4.0, 410.0, 73.0], [263.0, 62.0, 433.0, 139.0]]",[],"[[29.0, 179.0, 125.0, 315.0], [142.0, 129.0, 283.0, 282.0], [315.0, 130.0, 419.0, 256.0]]",,0.0,0.1,"{""surprise"": 0.744, ""disgust"": 0.088, ""anger"": 0.0869, ""neutral"": 0.0398, ""sadness"": 0.0262, ""joy"": 0.0086, ""fear"": 0.0065}"
bp_0_116_4,i say destroy him before he regains his senses!,['at that very moment...'],"[[6.0, 35.0, 161.0, 105.0], [257.0, 19.0, 430.0, 107.0], [270.0, 110.0, 432.0, 154.0]]","[[5.0, 2.0, 245.0, 30.0]]","[[12.0, 112.0, 60.0, 161.0], [201.0, 108.0, 252.0, 159.0], [324.0, 133.0, 382.0, 190.0]]",ORDER,-0.25,0.0,"{""anger"": 0.9291, ""fear"": 0.0379, ""sadness"": 0.0119, ""disgust"": 0.0082, ""surprise"": 0.0057, ""neutral"": 0.004, ""joy"": 0.0031}"
bp_0_116_4,"you forget that i'm a doctor, n'gassi! i cannot take a life!",['at that very moment...'],"[[6.0, 35.0, 161.0, 105.0], [257.0, 19.0, 430.0, 107.0], [270.0, 110.0, 432.0, 154.0]]","[[5.0, 2.0, 245.0, 30.0]]","[[12.0, 112.0, 60.0, 161.0], [201.0, 108.0, 252.0, 159.0], [324.0, 133.0, 382.0, 190.0]]",,0.0,0.0,"{""sadness"": 0.4655, ""surprise"": 0.245, ""joy"": 0.1084, ""neutral"": 0.0767, ""anger"": 0.0603, ""disgust"": 0.0274, ""fear"": 0.0167}"
bp_0_116_4,let him live--and we all die!,['at that very moment...'],"[[6.0, 35.0, 161.0, 105.0], [257.0, 19.0, 430.0, 107.0], [270.0, 110.0, 432.0, 154.0]]","[[5.0, 2.0, 245.0, 30.0]]","[[12.0, 112.0, 60.0, 161.0], [201.0, 108.0, 252.0, 159.0], [324.0, 133.0, 382.0, 190.0]]",INFORM,0.0,0.0,"{""anger"": 0.8938, ""fear"": 0.0318, ""disgust"": 0.023, ""sadness"": 0.0163, ""neutral"": 0.0161, ""surprise"": 0.0096, ""joy"": 0.0095}"
bp_0_117_2,mighty t'challa would never have staked the lives of his people on such a foolish hope!,[],"[[3.0, 3.0, 206.0, 94.0], [98.0, 103.0, 210.0, 202.0], [217.0, 6.0, 428.0, 110.0]]",[],"[[216.0, 206.0, 252.0, 260.0], [218.0, 206.0, 253.0, 262.0], [280.0, 225.0, 319.0, 261.0]]",INFORM,0.2,0.7,"{""anger"": 0.5812, ""disgust"": 0.1313, ""fear"": 0.1252, ""sadness"": 0.06, ""neutral"": 0.0553, ""surprise"": 0.0367, ""joy"": 0.0103}"
bp_0_117_2,we must prepare for possible disaster!,[],"[[3.0, 3.0, 206.0, 94.0], [98.0, 103.0, 210.0, 202.0], [217.0, 6.0, 428.0, 110.0]]",[],"[[216.0, 206.0, 252.0, 260.0], [218.0, 206.0, 253.0, 262.0], [280.0, 225.0, 319.0, 261.0]]",COMMIT,0.0,1.0,"{""fear"": 0.9252, ""neutral"": 0.0255, ""sadness"": 0.02, ""anger"": 0.0173, ""surprise"": 0.0062, ""joy"": 0.0031, ""disgust"": 0.0027}"
bp_0_117_2,"i believe you're overdramatizing the risks, n'gassi! i'll keep him under control until a cure is found.",[],"[[3.0, 3.0, 206.0, 94.0], [98.0, 103.0, 210.0, 202.0], [217.0, 6.0, 428.0, 110.0]]",[],"[[216.0, 206.0, 252.0, 260.0], [218.0, 206.0, 253.0, 262.0], [280.0, 225.0, 319.0, 261.0]]",,0.0,0.0,"{""sadness"": 0.4765, ""neutral"": 0.1624, ""anger"": 0.1467, ""surprise"": 0.0836, ""joy"": 0.0511, ""fear"": 0.0501, ""disgust"": 0.0296}"
bp_0_119_3,i didn't expect this kind of pursuit...but it may be more to my advantage than thiers.,[],"[[15.0, 1.0, 318.0, 75.0]]",[],"[[263.0, 56.0, 351.0, 137.0]]",,0.55,0.7,"{""surprise"": 0.8876, ""neutral"": 0.0597, ""sadness"": 0.0161, ""joy"": 0.0146, ""anger"": 0.0122, ""fear"": 0.0085, ""disgust"": 0.0014}"
bp_0_119_5,i am your prisoner! come and get me!,[],"[[84.0, 8.0, 208.0, 80.0]]",[],"[[110.0, 108.0, 150.0, 154.0]]",,0.0,0.0,"{""anger"": 0.703, ""fear"": 0.0958, ""joy"": 0.0648, ""surprise"": 0.0577, ""sadness"": 0.0456, ""neutral"": 0.0285, ""disgust"": 0.0047}"
bp_0_11_2,sorry about this!,"['risking swift disintegration, the black panther leaps outward and strikes hard with unmatched speed!']","[[6.0, 138.0, 77.0, 214.0]]","[[5.0, 5.0, 423.0, 114.0]]","[[80.0, 154.0, 164.0, 228.0]]",POLITENESS_FORMULA,-0.625,1.0,"{""sadness"": 0.8621, ""surprise"": 0.0771, ""neutral"": 0.0338, ""disgust"": 0.0112, ""joy"": 0.0062, ""anger"": 0.0061, ""fear"": 0.0036}"
bp_0_120_0,surrender to us! you're our prisoner!,"['and, it is written in the sacred records of the wakandas, that there will come a day when a self-defiled creature of power shall enter the great vibranium mound and cause a never-ending sound of doom! on that day--']","[[76.0, 283.0, 286.0, 396.0], [350.0, 236.0, 517.0, 308.0], [532.0, 235.0, 680.0, 420.0], [758.0, 572.0, 875.0, 738.0]]","[[13.0, 11.0, 873.0, 69.0]]","[[13.0, 423.0, 100.0, 500.0], [331.0, 378.0, 422.0, 520.0], [329.0, 377.0, 419.0, 518.0], [551.0, 524.0, 701.0, 658.0]]",,0.0,0.0,"{""anger"": 0.7753, ""surprise"": 0.0906, ""joy"": 0.0511, ""neutral"": 0.0359, ""disgust"": 0.0286, ""fear"": 0.0106, ""sadness"": 0.0079}"
bp_0_120_0,"that remains to be seen, gentlemen--","['and, it is written in the sacred records of the wakandas, that there will come a day when a self-defiled creature of power shall enter the great vibranium mound and cause a never-ending sound of doom! on that day--']","[[76.0, 283.0, 286.0, 396.0], [350.0, 236.0, 517.0, 308.0], [532.0, 235.0, 680.0, 420.0], [758.0, 572.0, 875.0, 738.0]]","[[13.0, 11.0, 873.0, 69.0]]","[[13.0, 423.0, 100.0, 500.0], [331.0, 378.0, 422.0, 520.0], [329.0, 377.0, 419.0, 518.0], [551.0, 524.0, 701.0, 658.0]]",FEEDBACK,0.0,0.0,"{""neutral"": 0.7988, ""disgust"": 0.0826, ""anger"": 0.0468, ""fear"": 0.0265, ""sadness"": 0.0193, ""joy"": 0.0138, ""surprise"": 0.0121}"
bp_0_120_0,"if the sudanese authorities want me for questioning, they'll have to wait for a more favorable time!","['and, it is written in the sacred records of the wakandas, that there will come a day when a self-defiled creature of power shall enter the great vibranium mound and cause a never-ending sound of doom! on that day--']","[[76.0, 283.0, 286.0, 396.0], [350.0, 236.0, 517.0, 308.0], [532.0, 235.0, 680.0, 420.0], [758.0, 572.0, 875.0, 738.0]]","[[13.0, 11.0, 873.0, 69.0]]","[[13.0, 423.0, 100.0, 500.0], [331.0, 378.0, 422.0, 520.0], [329.0, 377.0, 419.0, 518.0], [551.0, 524.0, 701.0, 658.0]]",INFORM,0.625,0.5,"{""neutral"": 0.7949, ""anger"": 0.0723, ""joy"": 0.041, ""fear"": 0.0391, ""sadness"": 0.0261, ""surprise"": 0.0212, ""disgust"": 0.0054}"
bp_0_120_0,don't be a fool! we can shoot you for resisting arrest!,"['and, it is written in the sacred records of the wakandas, that there will come a day when a self-defiled creature of power shall enter the great vibranium mound and cause a never-ending sound of doom! on that day--']","[[76.0, 283.0, 286.0, 396.0], [350.0, 236.0, 517.0, 308.0], [532.0, 235.0, 680.0, 420.0], [758.0, 572.0, 875.0, 738.0]]","[[13.0, 11.0, 873.0, 69.0]]","[[13.0, 423.0, 100.0, 500.0], [331.0, 378.0, 422.0, 520.0], [329.0, 377.0, 419.0, 518.0], [551.0, 524.0, 701.0, 658.0]]",,-0.0625,0.0,"{""anger"": 0.7391, ""fear"": 0.1991, ""neutral"": 0.0188, ""disgust"": 0.0123, ""sadness"": 0.0106, ""joy"": 0.0104, ""surprise"": 0.0097}"
bp_0_121_2,to shot the black panther is to strike at the wind!,[],"[[5.0, 5.0, 177.0, 97.0]]",[],"[[104.0, 89.0, 183.0, 203.0]]",INFORM,-0.20833333333333331,0.43333333333333335,"{""anger"": 0.6352, ""fear"": 0.1602, ""surprise"": 0.1139, ""sadness"": 0.0379, ""neutral"": 0.0273, ""disgust"": 0.0165, ""joy"": 0.009}"
bp_0_122_5,those two will blister the air with some choice phrases when they awaken!,[],"[[4.0, 7.0, 181.0, 107.0], [266.0, 9.0, 420.0, 104.0]]",[],"[[222.0, 17.0, 289.0, 104.0], [222.0, 15.0, 287.0, 101.0]]",INFORM,0.0,0.0,"{""anger"": 0.8625, ""disgust"": 0.0575, ""neutral"": 0.0543, ""surprise"": 0.0091, ""sadness"": 0.0072, ""fear"": 0.0068, ""joy"": 0.0026}"
bp_0_122_5,but i'll be well out of earshot when that moment comes!,[],"[[4.0, 7.0, 181.0, 107.0], [266.0, 9.0, 420.0, 104.0]]",[],"[[222.0, 17.0, 289.0, 104.0], [222.0, 15.0, 287.0, 101.0]]",INFORM,0.0,0.0,"{""neutral"": 0.4868, ""joy"": 0.2386, ""surprise"": 0.0916, ""fear"": 0.0724, ""sadness"": 0.0608, ""anger"": 0.0419, ""disgust"": 0.008}"
bp_0_123_0,he's gone! jakarra's broken out of his fortified chamber!,"['meanwhile, in the hidden domain of the panther cult...']","[[7.0, 51.0, 226.0, 129.0], [8.0, 132.0, 154.0, 206.0], [367.0, 3.0, 581.0, 75.0], [618.0, 2.0, 866.0, 104.0], [790.0, 91.0, 868.0, 190.0]]","[[6.0, 6.0, 308.0, 47.0]]","[[262.0, 54.0, 321.0, 109.0], [99.0, 166.0, 247.0, 384.0], [380.0, 81.0, 438.0, 153.0], [541.0, 69.0, 603.0, 131.0], [690.0, 102.0, 787.0, 228.0]]",,-0.5,0.4,"{""surprise"": 0.6846, ""anger"": 0.1684, ""sadness"": 0.0803, ""neutral"": 0.0209, ""disgust"": 0.0181, ""fear"": 0.0143, ""joy"": 0.0134}"
bp_0_123_0,the cursed one has the power of fifty men!,"['meanwhile, in the hidden domain of the panther cult...']","[[7.0, 51.0, 226.0, 129.0], [8.0, 132.0, 154.0, 206.0], [367.0, 3.0, 581.0, 75.0], [618.0, 2.0, 866.0, 104.0], [790.0, 91.0, 868.0, 190.0]]","[[6.0, 6.0, 308.0, 47.0]]","[[262.0, 54.0, 321.0, 109.0], [99.0, 166.0, 247.0, 384.0], [380.0, 81.0, 438.0, 153.0], [541.0, 69.0, 603.0, 131.0], [690.0, 102.0, 787.0, 228.0]]",INFORM,0.0,0.0,"{""anger"": 0.426, ""surprise"": 0.276, ""disgust"": 0.1165, ""sadness"": 0.0978, ""neutral"": 0.0582, ""joy"": 0.0135, ""fear"": 0.012}"
bp_0_123_0,"i tried to warn the rulling family! but, they wouldn't listen!","['meanwhile, in the hidden domain of the panther cult...']","[[7.0, 51.0, 226.0, 129.0], [8.0, 132.0, 154.0, 206.0], [367.0, 3.0, 581.0, 75.0], [618.0, 2.0, 866.0, 104.0], [790.0, 91.0, 868.0, 190.0]]","[[6.0, 6.0, 308.0, 47.0]]","[[262.0, 54.0, 321.0, 109.0], [99.0, 166.0, 247.0, 384.0], [380.0, 81.0, 438.0, 153.0], [541.0, 69.0, 603.0, 131.0], [690.0, 102.0, 787.0, 228.0]]",,0.0,0.0,"{""anger"": 0.505, ""sadness"": 0.429, ""surprise"": 0.0301, ""fear"": 0.0208, ""joy"": 0.0071, ""neutral"": 0.0054, ""disgust"": 0.0026}"
bp_0_123_0,their disdain for the old ways have opened the door to disaster! i pray that we have the force to stop this demon!,"['meanwhile, in the hidden domain of the panther cult...']","[[7.0, 51.0, 226.0, 129.0], [8.0, 132.0, 154.0, 206.0], [367.0, 3.0, 581.0, 75.0], [618.0, 2.0, 866.0, 104.0], [790.0, 91.0, 868.0, 190.0]]","[[6.0, 6.0, 308.0, 47.0]]","[[262.0, 54.0, 321.0, 109.0], [99.0, 166.0, 247.0, 384.0], [380.0, 81.0, 438.0, 153.0], [541.0, 69.0, 603.0, 131.0], [690.0, 102.0, 787.0, 228.0]]",,0.15625,0.2,"{""anger"": 0.9221, ""disgust"": 0.0359, ""neutral"": 0.0131, ""fear"": 0.0128, ""sadness"": 0.0089, ""surprise"": 0.0055, ""joy"": 0.0017}"
bp_0_123_0,the militia will do its best!,"['meanwhile, in the hidden domain of the panther cult...']","[[7.0, 51.0, 226.0, 129.0], [8.0, 132.0, 154.0, 206.0], [367.0, 3.0, 581.0, 75.0], [618.0, 2.0, 866.0, 104.0], [790.0, 91.0, 868.0, 190.0]]","[[6.0, 6.0, 308.0, 47.0]]","[[262.0, 54.0, 321.0, 109.0], [99.0, 166.0, 247.0, 384.0], [380.0, 81.0, 438.0, 153.0], [541.0, 69.0, 603.0, 131.0], [690.0, 102.0, 787.0, 228.0]]",INFORM,1.0,0.3,"{""anger"": 0.6491, ""neutral"": 0.1559, ""joy"": 0.1425, ""disgust"": 0.0194, ""fear"": 0.0156, ""surprise"": 0.0119, ""sadness"": 0.0057}"
bp_0_123_2,we should have disobeyed the ruling family and des-troyed that thing while it was in our hands! we should have destroyed it--!,[],"[[0.0, 3.0, 316.0, 105.0], [317.0, 4.0, 426.0, 100.0]]",[],"[[5.0, 107.0, 177.0, 322.0], [184.0, 154.0, 428.0, 414.0]]",INFORM,0.0,0.0,"{""anger"": 0.9293, ""disgust"": 0.0269, ""sadness"": 0.0162, ""surprise"": 0.0106, ""fear"": 0.0088, ""neutral"": 0.0056, ""joy"": 0.0026}"
bp_0_123_2,"it's too late for hindsight,jiru!",[],"[[0.0, 3.0, 316.0, 105.0], [317.0, 4.0, 426.0, 100.0]]",[],"[[5.0, 107.0, 177.0, 322.0], [184.0, 154.0, 428.0, 414.0]]",FEEDBACK,-0.375,0.6,"{""sadness"": 0.4499, ""surprise"": 0.2835, ""neutral"": 0.166, ""anger"": 0.0511, ""fear"": 0.0298, ""disgust"": 0.0115, ""joy"": 0.0082}"
bp_0_123_4,"stand by me, lady luck! a man needs you most when the road ahead looks clear!",[],"[[204.0, 7.0, 392.0, 106.0]]",[],"[[133.0, 85.0, 287.0, 254.0]]",,0.3125,0.44166666666666665,"{""neutral"": 0.5287, ""joy"": 0.284, ""anger"": 0.0782, ""surprise"": 0.0764, ""fear"": 0.0136, ""sadness"": 0.0133, ""disgust"": 0.0058}"
bp_0_124_3,"no--not its slave--but its brother! he goes to become ""one"" with the great mound!",[],"[[7.0, 1.0, 180.0, 153.0], [234.0, 2.0, 423.0, 65.0], [310.0, 65.0, 430.0, 185.0]]",[],"[[-1.0, -1.0, -1.0, -1.0], [249.0, 219.0, 298.0, 270.0], [381.0, 207.0, 432.0, 270.0]]",,1.0,0.75,"{""anger"": 0.6445, ""disgust"": 0.135, ""surprise"": 0.1063, ""neutral"": 0.0523, ""sadness"": 0.0227, ""joy"": 0.0221, ""fear"": 0.0171}"
bp_0_124_3,t'challa save us! that mustn't happen!,[],"[[7.0, 1.0, 180.0, 153.0], [234.0, 2.0, 423.0, 65.0], [310.0, 65.0, 430.0, 185.0]]",[],"[[-1.0, -1.0, -1.0, -1.0], [249.0, 219.0, 298.0, 270.0], [381.0, 207.0, 432.0, 270.0]]",,0.0,0.0,"{""anger"": 0.2938, ""surprise"": 0.2759, ""fear"": 0.1681, ""sadness"": 0.1612, ""neutral"": 0.0644, ""joy"": 0.0259, ""disgust"": 0.0106}"
bp_0_124_3,"if he reaches it, the ancient warnings will come to pass!",[],"[[7.0, 1.0, 180.0, 153.0], [234.0, 2.0, 423.0, 65.0], [310.0, 65.0, 430.0, 185.0]]",[],"[[-1.0, -1.0, -1.0, -1.0], [249.0, 219.0, 298.0, 270.0], [381.0, 207.0, 432.0, 270.0]]",INFORM,0.0,0.0,"{""anger"": 0.3212, ""fear"": 0.3037, ""neutral"": 0.26, ""joy"": 0.0423, ""surprise"": 0.0404, ""sadness"": 0.0198, ""disgust"": 0.0125}"
bp_0_125_1,"when i gave the order to isolate jakarra for study, i knew there were risks involved --",[],"[[4.0, 4.0, 210.0, 119.0], [4.0, 122.0, 260.0, 191.0], [214.0, 6.0, 423.0, 104.0]]",[],"[[136.0, 222.0, 189.0, 267.0], [134.0, 224.0, 189.0, 269.0], [267.0, 109.0, 421.0, 394.0]]",INFORM,0.0,0.0,"{""fear"": 0.8361, ""anger"": 0.0572, ""neutral"": 0.0486, ""sadness"": 0.0292, ""disgust"": 0.0167, ""joy"": 0.0069, ""surprise"": 0.0054}"
bp_0_125_1,-- but to kill him would've violated my oath as a doctor!,[],"[[4.0, 4.0, 210.0, 119.0], [4.0, 122.0, 260.0, 191.0], [214.0, 6.0, 423.0, 104.0]]",[],"[[136.0, 222.0, 189.0, 267.0], [134.0, 224.0, 189.0, 269.0], [267.0, 109.0, 421.0, 394.0]]",INFORM,0.0,0.0,"{""anger"": 0.8802, ""disgust"": 0.0779, ""fear"": 0.0222, ""sadness"": 0.0069, ""surprise"": 0.0063, ""neutral"": 0.005, ""joy"": 0.0015}"
bp_0_125_1,did you also consider yout duty as a member of the ruling family?,[],"[[4.0, 4.0, 210.0, 119.0], [4.0, 122.0, 260.0, 191.0], [214.0, 6.0, 423.0, 104.0]]",[],"[[136.0, 222.0, 189.0, 267.0], [134.0, 224.0, 189.0, 269.0], [267.0, 109.0, 421.0, 394.0]]",YES-NO_QUESTION,0.0,0.0,"{""neutral"": 0.7277, ""surprise"": 0.198, ""sadness"": 0.0205, ""anger"": 0.0192, ""disgust"": 0.0185, ""fear"": 0.0115, ""joy"": 0.0045}"
bp_0_125_3,the vibranium change has given jakarra a new advantage! he's invulnerable to our weapons!,[],"[[10.0, 5.0, 294.0, 84.0], [134.0, 87.0, 284.0, 192.0], [300.0, 2.0, 427.0, 84.0]]",[],"[[-1.0, -1.0, -1.0, -1.0], [-1.0, -1.0, -1.0, -1.0], [-1.0, -1.0, -1.0, -1.0]]",,0.2130681818181818,0.45454545454545453,"{""neutral"": 0.4068, ""surprise"": 0.3588, ""joy"": 0.1081, ""anger"": 0.0785, ""disgust"": 0.0236, ""sadness"": 0.0143, ""fear"": 0.0098}"
bp_0_125_3,and that's not the only change!watch his hands!,[],"[[10.0, 5.0, 294.0, 84.0], [134.0, 87.0, 284.0, 192.0], [300.0, 2.0, 427.0, 84.0]]",[],"[[-1.0, -1.0, -1.0, -1.0], [-1.0, -1.0, -1.0, -1.0], [-1.0, -1.0, -1.0, -1.0]]",,0.0,1.0,"{""surprise"": 0.6531, ""neutral"": 0.1589, ""anger"": 0.092, ""joy"": 0.0533, ""sadness"": 0.0309, ""fear"": 0.0075, ""disgust"": 0.0043}"
bp_0_125_3,his palms are glowing like white got coals!,[],"[[10.0, 5.0, 294.0, 84.0], [134.0, 87.0, 284.0, 192.0], [300.0, 2.0, 427.0, 84.0]]",[],"[[-1.0, -1.0, -1.0, -1.0], [-1.0, -1.0, -1.0, -1.0], [-1.0, -1.0, -1.0, -1.0]]",INFORM,0.0,0.0,"{""surprise"": 0.5939, ""anger"": 0.2276, ""neutral"": 0.0931, ""joy"": 0.0501, ""disgust"": 0.0182, ""sadness"": 0.0125, ""fear"": 0.0046}"
bp_0_126_1,"from an intensive study of microscopic samples of jakarra's tissue, i was able to make a chemical breakdown of the vibranium infection!",[],"[[157.0, 5.0, 429.0, 129.0]]",[],"[[6.0, 7.0, 151.0, 142.0]]",INFORM,0.625,0.625,"{""disgust"": 0.461, ""surprise"": 0.2429, ""neutral"": 0.1334, ""anger"": 0.0737, ""fear"": 0.0468, ""joy"": 0.0283, ""sadness"": 0.014}"
bp_0_126_3,"you're also ruling panthers! --and despite this fact, you must move while hope remains!",[],"[[4.0, 6.0, 205.0, 124.0], [217.0, 3.0, 420.0, 151.0]]",[],"[[15.0, 138.0, 129.0, 293.0], [192.0, 143.0, 388.0, 364.0]]",,0.0,0.0,"{""neutral"": 0.437, ""surprise"": 0.2786, ""anger"": 0.1466, ""joy"": 0.0695, ""sadness"": 0.0331, ""disgust"": 0.0266, ""fear"": 0.0086}"
bp_0_126_3,that's the good news! we've got one slim chance to avert this catastrophe: my anti-sonic toxin!!,[],"[[4.0, 6.0, 205.0, 124.0], [217.0, 3.0, 420.0, 151.0]]",[],"[[15.0, 138.0, 129.0, 293.0], [192.0, 143.0, 388.0, 364.0]]",,1.0,0.6000000000000001,"{""joy"": 0.7246, ""neutral"": 0.233, ""surprise"": 0.0135, ""fear"": 0.0127, ""anger"": 0.0068, ""sadness"": 0.0051, ""disgust"": 0.0043}"
bp_0_128_3,"open your granite jaws, great pather! -- and take a wandering cub to the safety of your heart!","[""t'challa transmits a radio signal on a frequency given only to wakandan pilots...""]","[[3.0, 96.0, 199.0, 240.0]]","[[2.0, 5.0, 246.0, 81.0]]","[[139.0, 279.0, 151.0, 287.0]]",,0.5,0.625,"{""anger"": 0.4959, ""neutral"": 0.2438, ""disgust"": 0.1001, ""sadness"": 0.0673, ""fear"": 0.0667, ""joy"": 0.0154, ""surprise"": 0.0107}"
bp_0_129_0,keep moving!keep moving!the militia must have room to maneuver!,"[""but t'challa is unaware of the desperate situation that lies before him...""]","[[4.0, 52.0, 186.0, 142.0], [202.0, 124.0, 343.0, 181.0], [384.0, 45.0, 500.0, 166.0], [610.0, 7.0, 848.0, 93.0]]","[[2.0, 3.0, 459.0, 45.0]]","[[43.0, 148.0, 104.0, 196.0], [226.0, 191.0, 256.0, 219.0], [384.0, 157.0, 442.0, 224.0], [519.0, 169.0, 563.0, 211.0]]",,0.0,0.0,"{""anger"": 0.3817, ""neutral"": 0.2434, ""joy"": 0.2336, ""surprise"": 0.0845, ""sadness"": 0.0346, ""fear"": 0.0167, ""disgust"": 0.0055}"
bp_0_129_0,they'll never stop jakarra!,"[""but t'challa is unaware of the desperate situation that lies before him...""]","[[4.0, 52.0, 186.0, 142.0], [202.0, 124.0, 343.0, 181.0], [384.0, 45.0, 500.0, 166.0], [610.0, 7.0, 848.0, 93.0]]","[[2.0, 3.0, 459.0, 45.0]]","[[43.0, 148.0, 104.0, 196.0], [226.0, 191.0, 256.0, 219.0], [384.0, 157.0, 442.0, 224.0], [519.0, 169.0, 563.0, 211.0]]",INFORM,0.0,0.0,"{""anger"": 0.8941, ""fear"": 0.0416, ""neutral"": 0.037, ""joy"": 0.0088, ""surprise"": 0.0073, ""disgust"": 0.0056, ""sadness"": 0.0056}"
bp_0_129_0,"hurry, children!he's comming this way","[""but t'challa is unaware of the desperate situation that lies before him...""]","[[4.0, 52.0, 186.0, 142.0], [202.0, 124.0, 343.0, 181.0], [384.0, 45.0, 500.0, 166.0], [610.0, 7.0, 848.0, 93.0]]","[[2.0, 3.0, 459.0, 45.0]]","[[43.0, 148.0, 104.0, 196.0], [226.0, 191.0, 256.0, 219.0], [384.0, 157.0, 442.0, 224.0], [519.0, 169.0, 563.0, 211.0]]",,0.0,0.0,"{""neutral"": 0.4198, ""joy"": 0.4081, ""anger"": 0.086, ""surprise"": 0.036, ""sadness"": 0.0267, ""disgust"": 0.0183, ""fear"": 0.0051}"
bp_0_129_0,the black panther should be here!where is he when his people have need of his mighty arm!??,"[""but t'challa is unaware of the desperate situation that lies before him...""]","[[4.0, 52.0, 186.0, 142.0], [202.0, 124.0, 343.0, 181.0], [384.0, 45.0, 500.0, 166.0], [610.0, 7.0, 848.0, 93.0]]","[[2.0, 3.0, 459.0, 45.0]]","[[43.0, 148.0, 104.0, 196.0], [226.0, 191.0, 256.0, 219.0], [384.0, 157.0, 442.0, 224.0], [519.0, 169.0, 563.0, 211.0]]",,0.16666666666666669,0.6666666666666667,"{""surprise"": 0.5432, ""anger"": 0.2363, ""neutral"": 0.0767, ""sadness"": 0.0647, ""joy"": 0.0453, ""disgust"": 0.0181, ""fear"": 0.0157}"
bp_0_129_1,never mind those civilians! get the special squad up here on the double!,[],"[[7.0, 5.0, 225.0, 104.0], [233.0, 3.0, 431.0, 104.0]]",[],"[[-1.0, -1.0, -1.0, -1.0], [312.0, 137.0, 432.0, 307.0]]",,0.17857142857142858,0.2857142857142857,"{""anger"": 0.4589, ""neutral"": 0.2084, ""joy"": 0.1996, ""surprise"": 0.0806, ""disgust"": 0.0233, ""sadness"": 0.0166, ""fear"": 0.0126}"
bp_0_129_1,they're ready! stand back-- let them do their job!,[],"[[7.0, 5.0, 225.0, 104.0], [233.0, 3.0, 431.0, 104.0]]",[],"[[-1.0, -1.0, -1.0, -1.0], [312.0, 137.0, 432.0, 307.0]]",,0.125,0.25,"{""anger"": 0.8242, ""fear"": 0.0709, ""neutral"": 0.0409, ""joy"": 0.0182, ""surprise"": 0.0162, ""sadness"": 0.0159, ""disgust"": 0.0137}"
bp_0_12_0,very well! you've taken the gun! now use it! use it on him before it's too late!!,[],"[[12.0, 10.0, 292.0, 124.0], [365.0, 11.0, 565.0, 103.0]]",[],"[[92.0, 173.0, 275.0, 379.0], [329.0, 116.0, 550.0, 353.0]]",,-0.0390625,0.44999999999999996,"{""joy"": 0.3079, ""surprise"": 0.234, ""anger"": 0.2284, ""neutral"": 0.1825, ""sadness"": 0.0252, ""disgust"": 0.0156, ""fear"": 0.0064}"
bp_0_12_0,no!we've got to face this as civilized human beings!,[],"[[12.0, 10.0, 292.0, 124.0], [365.0, 11.0, 565.0, 103.0]]",[],"[[92.0, 173.0, 275.0, 379.0], [329.0, 116.0, 550.0, 353.0]]",,0.2,0.5,"{""anger"": 0.7524, ""disgust"": 0.1373, ""surprise"": 0.0362, ""sadness"": 0.0244, ""fear"": 0.0191, ""neutral"": 0.0177, ""joy"": 0.0129}"
bp_0_12_2,you must be joking! he looks upon us as we regard pet monkeys!,[],"[[10.0, 10.0, 240.0, 131.0], [305.0, 6.0, 568.0, 161.0], [292.0, 152.0, 530.0, 244.0]]",[],"[[-1.0, -1.0, -1.0, -1.0], [3.0, 168.0, 575.0, 578.0], [3.0, 172.0, 575.0, 578.0]]",,0.0,0.0,"{""anger"": 0.26, ""disgust"": 0.2531, ""joy"": 0.2072, ""neutral"": 0.1498, ""surprise"": 0.114, ""sadness"": 0.0113, ""fear"": 0.0045}"
bp_0_12_2,it's a gap we'll have to narrow somehow! we've got to send him back to his own time!,[],"[[10.0, 10.0, 240.0, 131.0], [305.0, 6.0, 568.0, 161.0], [292.0, 152.0, 530.0, 244.0]]",[],"[[-1.0, -1.0, -1.0, -1.0], [3.0, 168.0, 575.0, 578.0], [3.0, 172.0, 575.0, 578.0]]",,0.16666666666666666,0.4666666666666666,"{""neutral"": 0.3791, ""surprise"": 0.2184, ""anger"": 0.148, ""disgust"": 0.126, ""sadness"": 0.0764, ""joy"": 0.0271, ""fear"": 0.0251}"
bp_0_12_2,and there is only one way to do it!,[],"[[10.0, 10.0, 240.0, 131.0], [305.0, 6.0, 568.0, 161.0], [292.0, 152.0, 530.0, 244.0]]",[],"[[-1.0, -1.0, -1.0, -1.0], [3.0, 168.0, 575.0, 578.0], [3.0, 172.0, 575.0, 578.0]]",INFORM,0.0,1.0,"{""surprise"": 0.4444, ""anger"": 0.1896, ""sadness"": 0.1811, ""neutral"": 0.1266, ""disgust"": 0.0294, ""joy"": 0.0145, ""fear"": 0.0144}"
bp_0_12_3,"it's a man, all right!--a man from the ""sixth era""-- wherever that may be in time!",[],"[[20.0, 2.0, 492.0, 82.0], [226.0, 96.0, 412.0, 266.0], [437.0, 62.0, 575.0, 163.0]]",[],"[[80.0, 101.0, 229.0, 319.0], [85.0, 105.0, 230.0, 319.0], [415.0, 202.0, 482.0, 276.0]]",,0.0,0.0,"{""neutral"": 0.4038, ""surprise"": 0.2288, ""anger"": 0.1905, ""joy"": 0.1001, ""disgust"": 0.0656, ""sadness"": 0.0064, ""fear"": 0.0048}"
bp_0_12_3,he's man as he will be in the far distant future -- all brain!,[],"[[20.0, 2.0, 492.0, 82.0], [226.0, 96.0, 412.0, 266.0], [437.0, 62.0, 575.0, 163.0]]",[],"[[80.0, 101.0, 229.0, 319.0], [85.0, 105.0, 230.0, 319.0], [415.0, 202.0, 482.0, 276.0]]",INFORM,0.0,0.4916666666666667,"{""surprise"": 0.4444, ""neutral"": 0.3583, ""anger"": 0.0838, ""disgust"": 0.0626, ""joy"": 0.0223, ""sadness"": 0.0216, ""fear"": 0.0071}"
bp_0_12_3,"then, that's the spot to shoot at!",[],"[[20.0, 2.0, 492.0, 82.0], [226.0, 96.0, 412.0, 266.0], [437.0, 62.0, 575.0, 163.0]]",[],"[[80.0, 101.0, 229.0, 319.0], [85.0, 105.0, 230.0, 319.0], [415.0, 202.0, 482.0, 276.0]]",FEEDBACK,0.0,0.0,"{""surprise"": 0.8064, ""anger"": 0.0651, ""neutral"": 0.0573, ""joy"": 0.0468, ""disgust"": 0.013, ""sadness"": 0.0078, ""fear"": 0.0036}"
bp_0_131_0,t'challa--! it's t'challa!,['suddenly...'],"[[31.0, 36.0, 181.0, 118.0], [491.0, 9.0, 602.0, 44.0], [669.0, 10.0, 797.0, 58.0], [812.0, 11.0, 871.0, 78.0]]","[[5.0, 6.0, 133.0, 34.0]]","[[216.0, 41.0, 268.0, 96.0], [387.0, 23.0, 455.0, 112.0], [652.0, 33.0, 694.0, 86.0], [787.0, 61.0, 830.0, 121.0]]",INFORM,0.0,0.0,"{""surprise"": 0.7862, ""anger"": 0.0726, ""joy"": 0.0672, ""neutral"": 0.0363, ""sadness"": 0.0199, ""disgust"": 0.014, ""fear"": 0.0038}"
bp_0_131_0,i'll take over now!,['suddenly...'],"[[31.0, 36.0, 181.0, 118.0], [491.0, 9.0, 602.0, 44.0], [669.0, 10.0, 797.0, 58.0], [812.0, 11.0, 871.0, 78.0]]","[[5.0, 6.0, 133.0, 34.0]]","[[216.0, 41.0, 268.0, 96.0], [387.0, 23.0, 455.0, 112.0], [652.0, 33.0, 694.0, 86.0], [787.0, 61.0, 830.0, 121.0]]",COMMIT,0.0,0.0,"{""joy"": 0.8888, ""neutral"": 0.0488, ""surprise"": 0.0355, ""sadness"": 0.0147, ""anger"": 0.0073, ""fear"": 0.004, ""disgust"": 0.0009}"
bp_0_131_0,but what are you going to do?,['suddenly...'],"[[31.0, 36.0, 181.0, 118.0], [491.0, 9.0, 602.0, 44.0], [669.0, 10.0, 797.0, 58.0], [812.0, 11.0, 871.0, 78.0]]","[[5.0, 6.0, 133.0, 34.0]]","[[216.0, 41.0, 268.0, 96.0], [387.0, 23.0, 455.0, 112.0], [652.0, 33.0, 694.0, 86.0], [787.0, 61.0, 830.0, 121.0]]",WHY_QUESTION,0.0,0.0,"{""surprise"": 0.7501, ""neutral"": 0.0853, ""anger"": 0.0662, ""sadness"": 0.05, ""fear"": 0.0341, ""disgust"": 0.0072, ""joy"": 0.0071}"
bp_0_131_0,we want to help!,['suddenly...'],"[[31.0, 36.0, 181.0, 118.0], [491.0, 9.0, 602.0, 44.0], [669.0, 10.0, 797.0, 58.0], [812.0, 11.0, 871.0, 78.0]]","[[5.0, 6.0, 133.0, 34.0]]","[[216.0, 41.0, 268.0, 96.0], [387.0, 23.0, 455.0, 112.0], [652.0, 33.0, 694.0, 86.0], [787.0, 61.0, 830.0, 121.0]]",COMMIT,0.0,0.0,"{""sadness"": 0.4548, ""anger"": 0.2142, ""neutral"": 0.1266, ""fear"": 0.083, ""surprise"": 0.0766, ""joy"": 0.0413, ""disgust"": 0.0036}"
bp_0_131_1,you know what will happen if he reaches the mound!,[],"[[10.0, 10.0, 128.0, 92.0], [138.0, 10.0, 270.0, 75.0], [295.0, 6.0, 440.0, 79.0]]",[],"[[13.0, 217.0, 103.0, 307.0], [101.0, 134.0, 175.0, 201.0], [302.0, 53.0, 346.0, 88.0]]",FEEDBACK,0.0,0.0,"{""anger"": 0.5043, ""fear"": 0.2207, ""surprise"": 0.0919, ""neutral"": 0.0884, ""disgust"": 0.0467, ""joy"": 0.0308, ""sadness"": 0.0173}"
bp_0_131_1,i know what will happen if we reach him!,[],"[[10.0, 10.0, 128.0, 92.0], [138.0, 10.0, 270.0, 75.0], [295.0, 6.0, 440.0, 79.0]]",[],"[[13.0, 217.0, 103.0, 307.0], [101.0, 134.0, 175.0, 201.0], [302.0, 53.0, 346.0, 88.0]]",INFORM,0.0,0.0,"{""joy"": 0.7261, ""surprise"": 0.1028, ""neutral"": 0.0707, ""fear"": 0.0427, ""anger"": 0.0411, ""sadness"": 0.0149, ""disgust"": 0.0018}"
bp_0_131_1,"well, we can't stay here and do nothing!",[],"[[10.0, 10.0, 128.0, 92.0], [138.0, 10.0, 270.0, 75.0], [295.0, 6.0, 440.0, 79.0]]",[],"[[13.0, 217.0, 103.0, 307.0], [101.0, 134.0, 175.0, 201.0], [302.0, 53.0, 346.0, 88.0]]",FEEDBACK,0.0,0.0,"{""anger"": 0.8783, ""fear"": 0.0411, ""disgust"": 0.03, ""sadness"": 0.0229, ""surprise"": 0.0119, ""neutral"": 0.0105, ""joy"": 0.0052}"
bp_0_131_2,"you took the injector! return it to me, t'challa!only i can use it properly--!",[],"[[2.0, 3.0, 167.0, 134.0], [173.0, 3.0, 387.0, 87.0]]",[],"[[-1.0, -1.0, -1.0, -1.0], [232.0, 65.0, 291.0, 142.0]]",,0.0,0.1,"{""anger"": 0.311, ""surprise"": 0.2735, ""sadness"": 0.2125, ""neutral"": 0.1003, ""joy"": 0.05, ""disgust"": 0.0376, ""fear"": 0.0151}"
bp_0_131_2,"wrong, cousin! n'gassi briefed me on what you were up to!",[],"[[2.0, 3.0, 167.0, 134.0], [173.0, 3.0, 387.0, 87.0]]",[],"[[-1.0, -1.0, -1.0, -1.0], [232.0, 65.0, 291.0, 142.0]]",,-0.78125,0.9,"{""surprise"": 0.464, ""anger"": 0.2678, ""neutral"": 0.1079, ""sadness"": 0.0637, ""disgust"": 0.0536, ""joy"": 0.0327, ""fear"": 0.0103}"
bp_0_132_4,now he's no longer human! a deadly thing to be dealt with at great risk!,[],"[[2.0, 5.0, 181.0, 126.0]]",[],"[[178.0, 124.0, 248.0, 206.0]]",INFORM,0.26666666666666666,0.4166666666666667,"{""fear"": 0.4893, ""anger"": 0.4455, ""surprise"": 0.0253, ""disgust"": 0.0127, ""sadness"": 0.011, ""joy"": 0.0091, ""neutral"": 0.0072}"
bp_0_133_1,a giant shock wave will come next!,[],"[[299.0, 96.0, 422.0, 213.0]]",[],"[[-1.0, -1.0, -1.0, -1.0]]",INFORM,0.0,0.5,"{""surprise"": 0.7863, ""fear"": 0.1137, ""anger"": 0.0466, ""joy"": 0.0259, ""neutral"": 0.0179, ""sadness"": 0.0056, ""disgust"": 0.0041}"
bp_0_133_4,i've got to--ugh!,[],"[[50.0, 16.0, 180.0, 70.0]]",[],"[[62.0, 103.0, 155.0, 200.0]]",INFORM,0.0,0.0,"{""sadness"": 0.3481, ""surprise"": 0.303, ""anger"": 0.1673, ""disgust"": 0.0832, ""joy"": 0.0373, ""neutral"": 0.0365, ""fear"": 0.0247}"
bp_0_136_0,spirits of the ancestors-- one would almost think he wanted to be assaulted!,[],"[[0.0, 2.0, 203.0, 37.0]]",[],"[[71.0, 59.0, 135.0, 158.0]]",INFORM,0.0,0.0,"{""disgust"": 0.6747, ""surprise"": 0.1144, ""fear"": 0.1112, ""anger"": 0.0504, ""neutral"": 0.0366, ""sadness"": 0.0092, ""joy"": 0.0034}"
bp_0_137_0,"all right, mister--turn around, slow. we don't wanna hurt ya, we only want your money.",[],"[[3.0, 2.0, 194.0, 81.0], [552.0, 4.0, 677.0, 43.0], [699.0, 7.0, 867.0, 74.0], [166.0, 357.0, 388.0, 430.0]]",[],"[[-1.0, -1.0, -1.0, -1.0], [-1.0, -1.0, -1.0, -1.0], [594.0, 131.0, 646.0, 187.0], [159.0, 111.0, 204.0, 163.0]]",,-0.004761904761904782,0.6452380952380953,"{""anger"": 0.3099, ""neutral"": 0.2648, ""fear"": 0.1958, ""sadness"": 0.1142, ""disgust"": 0.0832, ""joy"": 0.0219, ""surprise"": 0.0104}"
bp_0_137_0,"c'mon, man-- hand it over!",[],"[[3.0, 2.0, 194.0, 81.0], [552.0, 4.0, 677.0, 43.0], [699.0, 7.0, 867.0, 74.0], [166.0, 357.0, 388.0, 430.0]]",[],"[[-1.0, -1.0, -1.0, -1.0], [-1.0, -1.0, -1.0, -1.0], [594.0, 131.0, 646.0, 187.0], [159.0, 111.0, 204.0, 163.0]]",ORDER,0.0,0.0,"{""anger"": 0.693, ""disgust"": 0.1127, ""surprise"": 0.075, ""joy"": 0.0365, ""sadness"": 0.0353, ""neutral"": 0.0266, ""fear"": 0.0208}"
bp_0_137_0,"hey, levon-- the dude look like he want to put up a fight!",[],"[[3.0, 2.0, 194.0, 81.0], [552.0, 4.0, 677.0, 43.0], [699.0, 7.0, 867.0, 74.0], [166.0, 357.0, 388.0, 430.0]]",[],"[[-1.0, -1.0, -1.0, -1.0], [-1.0, -1.0, -1.0, -1.0], [594.0, 131.0, 646.0, 187.0], [159.0, 111.0, 204.0, 163.0]]",FEEDBACK,0.0,0.0,"{""joy"": 0.3995, ""anger"": 0.2384, ""surprise"": 0.1844, ""neutral"": 0.0759, ""disgust"": 0.0663, ""sadness"": 0.0269, ""fear"": 0.0086}"
bp_0_137_0,"young jackals, i have something to give you-- but it isn't money!",[],"[[3.0, 2.0, 194.0, 81.0], [552.0, 4.0, 677.0, 43.0], [699.0, 7.0, 867.0, 74.0], [166.0, 357.0, 388.0, 430.0]]",[],"[[-1.0, -1.0, -1.0, -1.0], [-1.0, -1.0, -1.0, -1.0], [594.0, 131.0, 646.0, 187.0], [159.0, 111.0, 204.0, 163.0]]",,0.125,0.4,"{""sadness"": 0.4435, ""surprise"": 0.419, ""neutral"": 0.0472, ""anger"": 0.0438, ""disgust"": 0.0232, ""joy"": 0.0157, ""fear"": 0.0076}"
bp_0_138_2,"-- yes! klaw, the master of sound..my oldest and most deadly foe!",[],"[[4.0, 3.0, 155.0, 119.0], [6.0, 108.0, 148.0, 246.0], [233.0, 313.0, 432.0, 423.0]]",[],"[[-1.0, -1.0, -1.0, -1.0], [-1.0, -1.0, -1.0, -1.0], [-1.0, -1.0, -1.0, -1.0]]",,0.125,0.45,"{""anger"": 0.7784, ""sadness"": 0.0482, ""joy"": 0.0427, ""fear"": 0.037, ""surprise"": 0.0349, ""neutral"": 0.0339, ""disgust"": 0.025}"
bp_0_138_2,there's not a mark on him-- but he seems to be in a coma!,[],"[[4.0, 3.0, 155.0, 119.0], [6.0, 108.0, 148.0, 246.0], [233.0, 313.0, 432.0, 423.0]]",[],"[[-1.0, -1.0, -1.0, -1.0], [-1.0, -1.0, -1.0, -1.0], [-1.0, -1.0, -1.0, -1.0]]",,-0.125,0.0,"{""surprise"": 0.4799, ""sadness"": 0.1691, ""neutral"": 0.1553, ""disgust"": 0.1283, ""fear"": 0.0337, ""anger"": 0.0262, ""joy"": 0.0077}"
bp_0_138_2,that's not logical though.klaw can't be harmed by a mere gunshot!,[],"[[4.0, 3.0, 155.0, 119.0], [6.0, 108.0, 148.0, 246.0], [233.0, 313.0, 432.0, 423.0]]",[],"[[-1.0, -1.0, -1.0, -1.0], [-1.0, -1.0, -1.0, -1.0], [-1.0, -1.0, -1.0, -1.0]]",,-0.375,0.375,"{""anger"": 0.591, ""sadness"": 0.1314, ""neutral"": 0.1035, ""fear"": 0.0872, ""surprise"": 0.0475, ""joy"": 0.0215, ""disgust"": 0.018}"
bp_0_141_5,"listen, jackie--you got the electronic know-how to build me the weapon i need! you gonna build it, dig?",[],"[[4.0, 6.0, 196.0, 107.0], [125.0, 417.0, 191.0, 461.0]]",[],"[[5.0, 119.0, 82.0, 359.0], [96.0, 188.0, 197.0, 403.0]]",,0.0,0.0,"{""anger"": 0.3015, ""surprise"": 0.2694, ""neutral"": 0.2666, ""joy"": 0.0682, ""disgust"": 0.0373, ""sadness"": 0.033, ""fear"": 0.0241}"
bp_0_141_5,y-yes.,[],"[[4.0, 6.0, 196.0, 107.0], [125.0, 417.0, 191.0, 461.0]]",[],"[[5.0, 119.0, 82.0, 359.0], [96.0, 188.0, 197.0, 403.0]]",FEEDBACK,0.0,0.0,"{""neutral"": 0.7798, ""joy"": 0.0944, ""surprise"": 0.0633, ""sadness"": 0.0237, ""disgust"": 0.0188, ""fear"": 0.0118, ""anger"": 0.0083}"
bp_0_143_2,my country is not in the market for advisors -- either cuban or american! we merely wish to know -- the world outside!,[],"[[5.0, 6.0, 309.0, 85.0]]",[],"[[6.0, 93.0, 324.0, 433.0]]",INFORM,-0.16666666666666666,0.18333333333333335,"{""surprise"": 0.5741, ""neutral"": 0.2028, ""sadness"": 0.16, ""anger"": 0.0227, ""joy"": 0.0168, ""fear"": 0.0123, ""disgust"": 0.0114}"
bp_0_143_4,what should we tell the secretary?,[],"[[47.0, 2.0, 197.0, 62.0]]",[],"[[70.0, 115.0, 200.0, 283.0]]",WHY_QUESTION,0.0,0.0,"{""fear"": 0.5775, ""neutral"": 0.1697, ""anger"": 0.1275, ""disgust"": 0.0496, ""sadness"": 0.0471, ""surprise"": 0.0261, ""joy"": 0.0025}"
bp_0_144_2,"well, t'challa... only in business a week, and i see you've already gotten some pretty high-powered visitors.",[],"[[7.0, 5.0, 157.0, 127.0], [172.0, 5.0, 476.0, 58.0], [478.0, 6.0, 589.0, 53.0]]",[],"[[133.0, 100.0, 215.0, 211.0], [403.0, 84.0, 478.0, 182.0], [483.0, 79.0, 579.0, 174.0]]",,0.125,1.0,"{""surprise"": 0.8524, ""neutral"": 0.1116, ""joy"": 0.0187, ""sadness"": 0.0099, ""anger"": 0.0039, ""disgust"": 0.0022, ""fear"": 0.0014}"
bp_0_144_2,right. old aubrey pearson's one of cyrus vance's toughest negotiators.,[],"[[7.0, 5.0, 157.0, 127.0], [172.0, 5.0, 476.0, 58.0], [478.0, 6.0, 589.0, 53.0]]",[],"[[133.0, 100.0, 215.0, 211.0], [403.0, 84.0, 478.0, 182.0], [483.0, 79.0, 579.0, 174.0]]",,0.19285714285714284,0.3678571428571429,"{""neutral"": 0.7732, ""surprise"": 0.0664, ""anger"": 0.044, ""sadness"": 0.0417, ""disgust"": 0.0312, ""joy"": 0.0295, ""fear"": 0.0141}"
bp_0_144_2,"oh he went pretty easy on me, cap.",[],"[[7.0, 5.0, 157.0, 127.0], [172.0, 5.0, 476.0, 58.0], [478.0, 6.0, 589.0, 53.0]]",[],"[[133.0, 100.0, 215.0, 211.0], [403.0, 84.0, 478.0, 182.0], [483.0, 79.0, 579.0, 174.0]]",INFORM,0.3416666666666667,0.9166666666666667,"{""neutral"": 0.4382, ""surprise"": 0.2715, ""joy"": 0.2115, ""sadness"": 0.0299, ""anger"": 0.0253, ""disgust"": 0.0191, ""fear"": 0.0045}"
bp_0_144_3,"this way, ladies and gentlemen.",[],"[[6.0, 6.0, 119.0, 61.0]]",[],"[[94.0, 90.0, 159.0, 169.0]]",INFORM,0.0,0.0,"{""neutral"": 0.7179, ""disgust"": 0.1388, ""joy"": 0.0995, ""anger"": 0.027, ""surprise"": 0.0067, ""sadness"": 0.0064, ""fear"": 0.0036}"
bp_0_145_0,"fortunately, i can escape the pressures in my own way -- up here...",[],"[[495.0, 5.0, 861.0, 39.0], [701.0, 255.0, 868.0, 358.0], [368.0, 328.0, 709.0, 401.0]]",[],"[[665.0, 84.0, 680.0, 101.0], [667.0, 84.0, 679.0, 102.0], [669.0, 88.0, 682.0, 100.0]]",INFORM,0.5,0.85,"{""sadness"": 0.7402, ""neutral"": 0.1124, ""joy"": 0.0959, ""surprise"": 0.037, ""fear"": 0.0063, ""disgust"": 0.0053, ""anger"": 0.0029}"
bp_0_145_0,... as far beyond telephones and meetings as i would be in africa's most remote jungle wilderness,[],"[[495.0, 5.0, 861.0, 39.0], [701.0, 255.0, 868.0, 358.0], [368.0, 328.0, 709.0, 401.0]]",[],"[[665.0, 84.0, 680.0, 101.0], [667.0, 84.0, 679.0, 102.0], [669.0, 88.0, 682.0, 100.0]]",INFORM,0.16666666666666666,0.5666666666666667,"{""neutral"": 0.6248, ""surprise"": 0.1933, ""fear"": 0.0723, ""sadness"": 0.07, ""anger"": 0.0181, ""joy"": 0.0112, ""disgust"": 0.0102}"
bp_0_145_0,it's a shame that new york's inhabitants can't see their city from this perspective!it's so beautiful -- almost fragile looking!,[],"[[495.0, 5.0, 861.0, 39.0], [701.0, 255.0, 868.0, 358.0], [368.0, 328.0, 709.0, 401.0]]",[],"[[665.0, 84.0, 680.0, 101.0], [667.0, 84.0, 679.0, 102.0], [669.0, 88.0, 682.0, 100.0]]",,0.3287878787878788,0.6515151515151515,"{""surprise"": 0.7975, ""fear"": 0.0822, ""sadness"": 0.0481, ""disgust"": 0.027, ""joy"": 0.0201, ""neutral"": 0.015, ""anger"": 0.0101}"
bp_0_145_1,i can understand cap's misgivings. the danger posed by visionary leaders of great power is one of history's recurring lessons.,"[""the avengers leave, and shortly, a sleek form takes to the city's rooftops.""]","[[5.0, 361.0, 285.0, 446.0], [336.0, 7.0, 498.0, 106.0]]","[[4.0, 4.0, 265.0, 54.0]]","[[93.0, 158.0, 121.0, 177.0], [314.0, 193.0, 357.0, 224.0]]",,0.8,0.75,"{""fear"": 0.9605, ""anger"": 0.0207, ""sadness"": 0.0096, ""joy"": 0.007, ""neutral"": 0.001, ""surprise"": 0.0009, ""disgust"": 0.0003}"
bp_0_145_1,"for every mohammed or simon bolivar, there's been a hitler or attila.","[""the avengers leave, and shortly, a sleek form takes to the city's rooftops.""]","[[5.0, 361.0, 285.0, 446.0], [336.0, 7.0, 498.0, 106.0]]","[[4.0, 4.0, 265.0, 54.0]]","[[93.0, 158.0, 121.0, 177.0], [314.0, 193.0, 357.0, 224.0]]",INFORM,0.0,0.0,"{""neutral"": 0.8982, ""surprise"": 0.0819, ""sadness"": 0.0076, ""joy"": 0.0041, ""anger"": 0.0036, ""disgust"": 0.003, ""fear"": 0.0015}"
bp_0_145_5,wait!one of those people...,[],"[[66.0, 4.0, 158.0, 70.0]]",[],"[[2.0, 119.0, 143.0, 450.0]]",,0.0,0.0,"{""surprise"": 0.5953, ""neutral"": 0.2744, ""anger"": 0.0419, ""sadness"": 0.0344, ""disgust"": 0.0227, ""fear"": 0.0217, ""joy"": 0.0096}"
bp_0_149_0,"and the shockwave from the bullet put him into this statis, eh?",[],"[[156.0, 1.0, 310.0, 114.0], [5.0, 311.0, 176.0, 423.0], [403.0, 2.0, 601.0, 79.0], [613.0, 4.0, 874.0, 74.0]]",[],"[[291.0, 26.0, 385.0, 143.0], [24.0, 1.0, 165.0, 141.0], [300.0, 26.0, 380.0, 144.0], [538.0, 74.0, 860.0, 390.0]]",YES-NO_QUESTION,0.0,0.0,"{""surprise"": 0.8297, ""fear"": 0.1245, ""anger"": 0.0187, ""neutral"": 0.0089, ""joy"": 0.0087, ""sadness"": 0.0055, ""disgust"": 0.0039}"
bp_0_149_0,it's a theory. the experts in wakanda will make the final analysis!,[],"[[156.0, 1.0, 310.0, 114.0], [5.0, 311.0, 176.0, 423.0], [403.0, 2.0, 601.0, 79.0], [613.0, 4.0, 874.0, 74.0]]",[],"[[291.0, 26.0, 385.0, 143.0], [24.0, 1.0, 165.0, 141.0], [300.0, 26.0, 380.0, 144.0], [538.0, 74.0, 860.0, 390.0]]",,0.0,1.0,"{""neutral"": 0.4389, ""joy"": 0.3057, ""surprise"": 0.1221, ""anger"": 0.1125, ""sadness"": 0.0076, ""disgust"": 0.007, ""fear"": 0.0063}"
bp_0_149_0,in wakanda? after all these years you want to take him back there?,[],"[[156.0, 1.0, 310.0, 114.0], [5.0, 311.0, 176.0, 423.0], [403.0, 2.0, 601.0, 79.0], [613.0, 4.0, 874.0, 74.0]]",[],"[[291.0, 26.0, 385.0, 143.0], [24.0, 1.0, 165.0, 141.0], [300.0, 26.0, 380.0, 144.0], [538.0, 74.0, 860.0, 390.0]]",,0.0,0.0,"{""surprise"": 0.8054, ""neutral"": 0.1398, ""sadness"": 0.0288, ""anger"": 0.0103, ""joy"": 0.0067, ""fear"": 0.0052, ""disgust"": 0.0036}"
bp_0_149_0,"yes! it's about time! wakandan scientists will find a way to revive klaw, and he can stand trial...",[],"[[156.0, 1.0, 310.0, 114.0], [5.0, 311.0, 176.0, 423.0], [403.0, 2.0, 601.0, 79.0], [613.0, 4.0, 874.0, 74.0]]",[],"[[291.0, 26.0, 385.0, 143.0], [24.0, 1.0, 165.0, 141.0], [300.0, 26.0, 380.0, 144.0], [538.0, 74.0, 860.0, 390.0]]",,0.0,0.0,"{""neutral"": 0.4037, ""joy"": 0.3506, ""anger"": 0.0873, ""surprise"": 0.0865, ""sadness"": 0.0548, ""fear"": 0.0116, ""disgust"": 0.0055}"
bp_0_14_3,"Here it is, you insufferable little pipsqueak! my men should have aimed at this, insted of your chest!",[],"[[5.0, 7.0, 232.0, 175.0], [337.0, 4.0, 557.0, 137.0]]",[],"[[-1.0, -1.0, -1.0, -1.0], [342.0, 192.0, 476.0, 359.0]]",,-0.29296875,0.5,"{""anger"": 0.9706, ""disgust"": 0.0169, ""neutral"": 0.0049, ""sadness"": 0.0032, ""surprise"": 0.0023, ""fear"": 0.0013, ""joy"": 0.0008}"
bp_0_14_3,princess zanda! so--you and your scurrilous knaves were waiting in ambush for us!,[],"[[5.0, 7.0, 232.0, 175.0], [337.0, 4.0, 557.0, 137.0]]",[],"[[-1.0, -1.0, -1.0, -1.0], [342.0, 192.0, 476.0, 359.0]]",,0.0,0.0,"{""anger"": 0.5774, ""joy"": 0.1416, ""neutral"": 0.0749, ""surprise"": 0.0744, ""fear"": 0.068, ""disgust"": 0.049, ""sadness"": 0.0147}"
bp_0_154_0,my shield seems to have no effect on it! what's this creature made of?!,"['if the panther were to reply, the answer would seem unbelievable!', 'as it is, the jungle king is too busy trying to think of a way to defeat a beast made of pure solidified sound!', '* b. p. # 14 -- r.']","[[11.0, 4.0, 198.0, 88.0], [771.0, 7.0, 881.0, 79.0], [767.0, 483.0, 877.0, 625.0]]","[[5.0, 277.0, 168.0, 365.0], [461.0, 4.0, 756.0, 88.0], [753.0, 628.0, 874.0, 650.0]]","[[321.0, 109.0, 383.0, 168.0], [669.0, 104.0, 745.0, 170.0], [649.0, 549.0, 683.0, 589.0]]",,0.0,0.0,"{""surprise"": 0.9044, ""anger"": 0.0367, ""neutral"": 0.0279, ""disgust"": 0.0165, ""sadness"": 0.0088, ""fear"": 0.0034, ""joy"": 0.0023}"
bp_0_154_0,"get away, t'challa-- warn the avengers!","['if the panther were to reply, the answer would seem unbelievable!', 'as it is, the jungle king is too busy trying to think of a way to defeat a beast made of pure solidified sound!', '* b. p. # 14 -- r.']","[[11.0, 4.0, 198.0, 88.0], [771.0, 7.0, 881.0, 79.0], [767.0, 483.0, 877.0, 625.0]]","[[5.0, 277.0, 168.0, 365.0], [461.0, 4.0, 756.0, 88.0], [753.0, 628.0, 874.0, 650.0]]","[[321.0, 109.0, 383.0, 168.0], [669.0, 104.0, 745.0, 170.0], [649.0, 549.0, 683.0, 589.0]]",,0.0,0.0,"{""anger"": 0.4005, ""fear"": 0.3579, ""neutral"": 0.1255, ""sadness"": 0.057, ""disgust"": 0.0222, ""joy"": 0.0213, ""surprise"": 0.0156}"
bp_0_154_0,"you're wrong about your shield, cap-- it made the monster release me!*","['if the panther were to reply, the answer would seem unbelievable!', 'as it is, the jungle king is too busy trying to think of a way to defeat a beast made of pure solidified sound!', '* b. p. # 14 -- r.']","[[11.0, 4.0, 198.0, 88.0], [771.0, 7.0, 881.0, 79.0], [767.0, 483.0, 877.0, 625.0]]","[[5.0, 277.0, 168.0, 365.0], [461.0, 4.0, 756.0, 88.0], [753.0, 628.0, 874.0, 650.0]]","[[321.0, 109.0, 383.0, 168.0], [669.0, 104.0, 745.0, 170.0], [649.0, 549.0, 683.0, 589.0]]",,-0.625,0.9,"{""anger"": 0.5871, ""surprise"": 0.1398, ""neutral"": 0.1189, ""disgust"": 0.0719, ""joy"": 0.0534, ""fear"": 0.0164, ""sadness"": 0.0125}"
bp_0_155_2,fool! i don't need my soni-claw to defeat the likes of you!,[],"[[233.0, 3.0, 405.0, 93.0]]",[],"[[314.0, 216.0, 351.0, 257.0]]",,0.0,0.0,"{""anger"": 0.6533, ""disgust"": 0.1373, ""sadness"": 0.1014, ""surprise"": 0.0403, ""joy"": 0.0359, ""neutral"": 0.0237, ""fear"": 0.008}"
bp_0_156_3,"face it, avenger-- you're wearing down! not even your android body can withstand constant pounding sound assaults!",['holding action...'],"[[3.0, 312.0, 251.0, 392.0], [260.0, 300.0, 379.0, 392.0]]","[[2.0, 0.0, 180.0, 17.0]]","[[101.0, 47.0, 158.0, 100.0], [182.0, 40.0, 236.0, 79.0]]",,0.10185185185185186,0.34074074074074073,"{""anger"": 0.8285, ""disgust"": 0.0929, ""fear"": 0.0276, ""neutral"": 0.02, ""sadness"": 0.0143, ""surprise"": 0.0132, ""joy"": 0.0036}"
bp_0_156_3,perhabs --but how long can you sustain such and energy output?,['holding action...'],"[[3.0, 312.0, 251.0, 392.0], [260.0, 300.0, 379.0, 392.0]]","[[2.0, 0.0, 180.0, 17.0]]","[[101.0, 47.0, 158.0, 100.0], [182.0, 40.0, 236.0, 79.0]]",WHY_QUESTION,-0.025,0.45,"{""neutral"": 0.5723, ""sadness"": 0.16, ""surprise"": 0.1032, ""anger"": 0.09, ""fear"": 0.0481, ""disgust"": 0.02, ""joy"": 0.0064}"
bp_0_157_0,"as you can see, i am qeuipped to return force for force!",[],"[[7.0, 5.0, 130.0, 110.0], [4.0, 244.0, 150.0, 433.0], [325.0, 599.0, 451.0, 751.0], [279.0, 789.0, 461.0, 878.0]]",[],"[[-1.0, -1.0, -1.0, -1.0], [209.0, 492.0, 253.0, 536.0], [207.0, 488.0, 254.0, 537.0], [81.0, 614.0, 220.0, 782.0]]",INFORM,0.0,0.0,"{""anger"": 0.2847, ""surprise"": 0.2443, ""neutral"": 0.1819, ""sadness"": 0.1076, ""disgust"": 0.0823, ""joy"": 0.0548, ""fear"": 0.0445}"
bp_0_157_0,so-- you would use my own power against me! i am well acquainted with the uses of sonic feedback as a defensive weapon,[],"[[7.0, 5.0, 130.0, 110.0], [4.0, 244.0, 150.0, 433.0], [325.0, 599.0, 451.0, 751.0], [279.0, 789.0, 461.0, 878.0]]",[],"[[-1.0, -1.0, -1.0, -1.0], [209.0, 492.0, 253.0, 536.0], [207.0, 488.0, 254.0, 537.0], [81.0, 614.0, 220.0, 782.0]]",,0.625,0.8,"{""anger"": 0.9085, ""fear"": 0.0533, ""disgust"": 0.0175, ""neutral"": 0.0069, ""sadness"": 0.0063, ""surprise"": 0.0055, ""joy"": 0.002}"
bp_0_157_0,... but let us see if you can defend yourself against this!,[],"[[7.0, 5.0, 130.0, 110.0], [4.0, 244.0, 150.0, 433.0], [325.0, 599.0, 451.0, 751.0], [279.0, 789.0, 461.0, 878.0]]",[],"[[-1.0, -1.0, -1.0, -1.0], [209.0, 492.0, 253.0, 536.0], [207.0, 488.0, 254.0, 537.0], [81.0, 614.0, 220.0, 782.0]]",NOT_CLASSIFIABLE,0.0,0.0,"{""neutral"": 0.4798, ""anger"": 0.3147, ""joy"": 0.0694, ""disgust"": 0.0463, ""sadness"": 0.0373, ""surprise"": 0.0288, ""fear"": 0.0236}"
bp_0_157_0,spirits of the ancestors! klaw's strength is more than i'd expected,[],"[[7.0, 5.0, 130.0, 110.0], [4.0, 244.0, 150.0, 433.0], [325.0, 599.0, 451.0, 751.0], [279.0, 789.0, 461.0, 878.0]]",[],"[[-1.0, -1.0, -1.0, -1.0], [209.0, 492.0, 253.0, 536.0], [207.0, 488.0, 254.0, 537.0], [81.0, 614.0, 220.0, 782.0]]",,0.2,0.45,"{""surprise"": 0.7659, ""neutral"": 0.134, ""joy"": 0.054, ""sadness"": 0.0225, ""anger"": 0.0156, ""disgust"": 0.0049, ""fear"": 0.0032}"
bp_0_18_0,it's vanishing into the source from which it came! his brain!!,[],"[[5.0, 6.0, 383.0, 82.0], [416.0, 7.0, 580.0, 65.0], [439.0, 86.0, 654.0, 168.0]]",[],"[[89.0, 92.0, 162.0, 177.0], [215.0, 95.0, 313.0, 194.0], [563.0, 173.0, 645.0, 261.0]]",,0.0,0.0,"{""surprise"": 0.6778, ""anger"": 0.1285, ""disgust"": 0.0571, ""neutral"": 0.0543, ""sadness"": 0.0477, ""fear"": 0.0195, ""joy"": 0.0151}"
bp_0_18_0,he was dreaming!,[],"[[5.0, 6.0, 383.0, 82.0], [416.0, 7.0, 580.0, 65.0], [439.0, 86.0, 654.0, 168.0]]",[],"[[89.0, 92.0, 162.0, 177.0], [215.0, 95.0, 313.0, 194.0], [563.0, 173.0, 645.0, 261.0]]",INFORM,0.0,0.0,"{""surprise"": 0.8278, ""anger"": 0.0865, ""neutral"": 0.0252, ""disgust"": 0.0166, ""sadness"": 0.0158, ""joy"": 0.0141, ""fear"": 0.014}"
bp_0_18_0,and we were witness to it!,[],"[[5.0, 6.0, 383.0, 82.0], [416.0, 7.0, 580.0, 65.0], [439.0, 86.0, 654.0, 168.0]]",[],"[[89.0, 92.0, 162.0, 177.0], [215.0, 95.0, 313.0, 194.0], [563.0, 173.0, 645.0, 261.0]]",INFORM,0.0,0.0,"{""surprise"": 0.6109, ""anger"": 0.2422, ""joy"": 0.0907, ""neutral"": 0.0201, ""disgust"": 0.0193, ""fear"": 0.009, ""sadness"": 0.0078}"
bp_0_19_0,finish the count ya bum!,[],"[[252.0, 7.0, 399.0, 87.0], [188.0, 204.0, 332.0, 301.0], [434.0, 6.0, 654.0, 120.0], [436.0, 128.0, 620.0, 244.0], [690.0, 7.0, 1020.0, 141.0], [997.0, 9.0, 1181.0, 136.0]]",[],"[[364.0, 147.0, 418.0, 215.0], [319.0, 237.0, 465.0, 384.0], [537.0, 215.0, 655.0, 371.0], [538.0, 216.0, 655.0, 367.0], [841.0, 127.0, 974.0, 302.0], [1030.0, 117.0, 1185.0, 306.0]]",ORDER,0.0,0.0,"{""sadness"": 0.703, ""surprise"": 0.1017, ""neutral"": 0.0634, ""anger"": 0.0534, ""disgust"": 0.0349, ""joy"": 0.0341, ""fear"": 0.0095}"
bp_0_19_0,how did you wall-crawler?,[],"[[252.0, 7.0, 399.0, 87.0], [188.0, 204.0, 332.0, 301.0], [434.0, 6.0, 654.0, 120.0], [436.0, 128.0, 620.0, 244.0], [690.0, 7.0, 1020.0, 141.0], [997.0, 9.0, 1181.0, 136.0]]",[],"[[364.0, 147.0, 418.0, 215.0], [319.0, 237.0, 465.0, 384.0], [537.0, 215.0, 655.0, 371.0], [538.0, 216.0, 655.0, 367.0], [841.0, 127.0, 974.0, 302.0], [1030.0, 117.0, 1185.0, 306.0]]",WHY_QUESTION,0.0,0.0,"{""surprise"": 0.4971, ""neutral"": 0.4456, ""anger"": 0.0258, ""fear"": 0.0164, ""disgust"": 0.0069, ""sadness"": 0.0049, ""joy"": 0.0033}"
bp_0_19_0,"never mind the count! i'll finish the referee, alias the foe.",[],"[[252.0, 7.0, 399.0, 87.0], [188.0, 204.0, 332.0, 301.0], [434.0, 6.0, 654.0, 120.0], [436.0, 128.0, 620.0, 244.0], [690.0, 7.0, 1020.0, 141.0], [997.0, 9.0, 1181.0, 136.0]]",[],"[[364.0, 147.0, 418.0, 215.0], [319.0, 237.0, 465.0, 384.0], [537.0, 215.0, 655.0, 371.0], [538.0, 216.0, 655.0, 367.0], [841.0, 127.0, 974.0, 302.0], [1030.0, 117.0, 1185.0, 306.0]]",,0.0,0.0,"{""anger"": 0.691, ""neutral"": 0.1602, ""disgust"": 0.085, ""joy"": 0.0443, ""sadness"": 0.0086, ""fear"": 0.0084, ""surprise"": 0.0024}"
bp_0_19_0,you're the only ref i know know who can only count to two.,[],"[[252.0, 7.0, 399.0, 87.0], [188.0, 204.0, 332.0, 301.0], [434.0, 6.0, 654.0, 120.0], [436.0, 128.0, 620.0, 244.0], [690.0, 7.0, 1020.0, 141.0], [997.0, 9.0, 1181.0, 136.0]]",[],"[[364.0, 147.0, 418.0, 215.0], [319.0, 237.0, 465.0, 384.0], [537.0, 215.0, 655.0, 371.0], [538.0, 216.0, 655.0, 367.0], [841.0, 127.0, 974.0, 302.0], [1030.0, 117.0, 1185.0, 306.0]]",INFORM,0.0,1.0,"{""neutral"": 0.7704, ""surprise"": 0.1906, ""sadness"": 0.0186, ""joy"": 0.0093, ""anger"": 0.0053, ""disgust"": 0.0039, ""fear"": 0.0019}"
bp_0_19_0,so enjoy the fudgy icing while you can ref... because you're going from a ring to a square. a square witch bars on it.,[],"[[252.0, 7.0, 399.0, 87.0], [188.0, 204.0, 332.0, 301.0], [434.0, 6.0, 654.0, 120.0], [436.0, 128.0, 620.0, 244.0], [690.0, 7.0, 1020.0, 141.0], [997.0, 9.0, 1181.0, 136.0]]",[],"[[364.0, 147.0, 418.0, 215.0], [319.0, 237.0, 465.0, 384.0], [537.0, 215.0, 655.0, 371.0], [538.0, 216.0, 655.0, 367.0], [841.0, 127.0, 974.0, 302.0], [1030.0, 117.0, 1185.0, 306.0]]",,0.4,0.5,"{""joy"": 0.6924, ""neutral"": 0.2236, ""sadness"": 0.0382, ""surprise"": 0.0205, ""disgust"": 0.0125, ""anger"": 0.012, ""fear"": 0.0009}"
bp_0_19_0,"thanks, web-puncher these hostess cup cakes are a knockout too.",[],"[[252.0, 7.0, 399.0, 87.0], [188.0, 204.0, 332.0, 301.0], [434.0, 6.0, 654.0, 120.0], [436.0, 128.0, 620.0, 244.0], [690.0, 7.0, 1020.0, 141.0], [997.0, 9.0, 1181.0, 136.0]]",[],"[[364.0, 147.0, 418.0, 215.0], [319.0, 237.0, 465.0, 384.0], [537.0, 215.0, 655.0, 371.0], [538.0, 216.0, 655.0, 367.0], [841.0, 127.0, 974.0, 302.0], [1030.0, 117.0, 1185.0, 306.0]]",,0.2,0.2,"{""joy"": 0.5376, ""surprise"": 0.2646, ""neutral"": 0.1709, ""sadness"": 0.0153, ""anger"": 0.0086, ""disgust"": 0.0021, ""fear"": 0.0009}"
bp_0_20_0,"oh, well .. I suppose I demonstrated that courage is not lacking in the twentieth century man!",['when mister little overcomes his shock...'],"[[9.0, 66.0, 308.0, 181.0], [324.0, 6.0, 539.0, 185.0], [694.0, 2.0, 968.0, 195.0]]","[[6.0, 4.0, 321.0, 53.0]]","[[215.0, 187.0, 420.0, 429.0], [544.0, 62.0, 632.0, 201.0], [975.0, 3.0, 1176.0, 326.0]]",,0.0,0.0,"{""surprise"": 0.5413, ""joy"": 0.2023, ""neutral"": 0.1201, ""anger"": 0.0786, ""fear"": 0.0228, ""disgust"": 0.0226, ""sadness"": 0.0123}"
bp_0_20_0,huh! I wonder what your chances would have been had that thing regained its senses!,['when mister little overcomes his shock...'],"[[9.0, 66.0, 308.0, 181.0], [324.0, 6.0, 539.0, 185.0], [694.0, 2.0, 968.0, 195.0]]","[[6.0, 4.0, 321.0, 53.0]]","[[215.0, 187.0, 420.0, 429.0], [544.0, 62.0, 632.0, 201.0], [975.0, 3.0, 1176.0, 326.0]]",,0.0,0.0,"{""surprise"": 0.9553, ""anger"": 0.0124, ""neutral"": 0.0114, ""disgust"": 0.0098, ""sadness"": 0.0046, ""joy"": 0.004, ""fear"": 0.0025}"
bp_0_20_0,"enough, you to! we've got to make the most of each. minute! there are dicisions to be made! there's work to be done!!",['when mister little overcomes his shock...'],"[[9.0, 66.0, 308.0, 181.0], [324.0, 6.0, 539.0, 185.0], [694.0, 2.0, 968.0, 195.0]]","[[6.0, 4.0, 321.0, 53.0]]","[[215.0, 187.0, 420.0, 429.0], [544.0, 62.0, 632.0, 201.0], [975.0, 3.0, 1176.0, 326.0]]",,0.5,0.5,"{""surprise"": 0.4679, ""joy"": 0.2513, ""neutral"": 0.1338, ""anger"": 0.0767, ""sadness"": 0.0521, ""disgust"": 0.0139, ""fear"": 0.0043}"
bp_0_21_0,that creature wouldn't be on our hands if it weren't for zanda's meddling -- and her insatiable greed!!,[],"[[9.0, 8.0, 226.0, 139.0], [231.0, 9.0, 460.0, 71.0], [268.0, 86.0, 375.0, 183.0]]",[],"[[-1.0, -1.0, -1.0, -1.0], [117.0, 149.0, 215.0, 247.0], [-1.0, -1.0, -1.0, -1.0]]",INFORM,0.0,0.0,"{""anger"": 0.7927, ""disgust"": 0.0933, ""neutral"": 0.0707, ""surprise"": 0.0214, ""fear"": 0.0089, ""sadness"": 0.0078, ""joy"": 0.0052}"
bp_0_21_0,you horrible little ant! when this is over -- i'll -- i'll --!!,[],"[[9.0, 8.0, 226.0, 139.0], [231.0, 9.0, 460.0, 71.0], [268.0, 86.0, 375.0, 183.0]]",[],"[[-1.0, -1.0, -1.0, -1.0], [117.0, 149.0, 215.0, 247.0], [-1.0, -1.0, -1.0, -1.0]]",,-0.68310546875,0.75,"{""fear"": 0.3953, ""disgust"": 0.2375, ""anger"": 0.1927, ""sadness"": 0.0737, ""surprise"": 0.0654, ""neutral"": 0.0272, ""joy"": 0.0081}"
bp_0_21_0,save it! we're gliding into africa!!,[],"[[9.0, 8.0, 226.0, 139.0], [231.0, 9.0, 460.0, 71.0], [268.0, 86.0, 375.0, 183.0]]",[],"[[-1.0, -1.0, -1.0, -1.0], [117.0, 149.0, 215.0, 247.0], [-1.0, -1.0, -1.0, -1.0]]",,0.0,0.0,"{""neutral"": 0.4488, ""surprise"": 0.2159, ""sadness"": 0.133, ""anger"": 0.1188, ""joy"": 0.0583, ""disgust"": 0.0143, ""fear"": 0.0109}"
bp_0_21_2,you must have read your map wrong! we'll crash into that mountain wall if i don't pull up the nose of this plane,"['suddenly, the sky is blotted out by a great wall of granite which looms in the path of the onrushing multi-plane...']","[[10.0, 275.0, 201.0, 462.0], [336.0, 318.0, 455.0, 384.0], [303.0, 385.0, 455.0, 513.0]]","[[29.0, 23.0, 406.0, 102.0]]","[[-1.0, -1.0, -1.0, -1.0], [-1.0, -1.0, -1.0, -1.0], [-1.0, -1.0, -1.0, -1.0]]",,-0.625,0.9,"{""anger"": 0.4763, ""fear"": 0.1888, ""surprise"": 0.1302, ""sadness"": 0.1041, ""neutral"": 0.0606, ""disgust"": 0.0334, ""joy"": 0.0065}"
bp_0_21_2,no! i'm never wrong!,"['suddenly, the sky is blotted out by a great wall of granite which looms in the path of the onrushing multi-plane...']","[[10.0, 275.0, 201.0, 462.0], [336.0, 318.0, 455.0, 384.0], [303.0, 385.0, 455.0, 513.0]]","[[29.0, 23.0, 406.0, 102.0]]","[[-1.0, -1.0, -1.0, -1.0], [-1.0, -1.0, -1.0, -1.0], [-1.0, -1.0, -1.0, -1.0]]",FEEDBACK,0.3125,0.9,"{""anger"": 0.8526, ""disgust"": 0.0394, ""surprise"": 0.032, ""fear"": 0.0265, ""neutral"": 0.0211, ""joy"": 0.0182, ""sadness"": 0.0103}"
bp_0_21_2,it is imperative that we maintain this precise altitude!,"['suddenly, the sky is blotted out by a great wall of granite which looms in the path of the onrushing multi-plane...']","[[10.0, 275.0, 201.0, 462.0], [336.0, 318.0, 455.0, 384.0], [303.0, 385.0, 455.0, 513.0]]","[[29.0, 23.0, 406.0, 102.0]]","[[-1.0, -1.0, -1.0, -1.0], [-1.0, -1.0, -1.0, -1.0], [-1.0, -1.0, -1.0, -1.0]]",INFORM,0.5,0.8,"{""neutral"": 0.3555, ""anger"": 0.2461, ""fear"": 0.2009, ""surprise"": 0.1266, ""joy"": 0.0363, ""disgust"": 0.0205, ""sadness"": 0.0141}"
bp_0_22_3,"we did it, by george! we're alive!","['mister little, as always, proves himself right! At the moment of impact, the mountain wall slides open to receive the speeding craft within a huge stone corridor...']","[[127.0, 106.0, 211.0, 196.0], [291.0, 124.0, 417.0, 203.0]]","[[4.0, 4.0, 444.0, 98.0]]","[[-1.0, -1.0, -1.0, -1.0], [-1.0, -1.0, -1.0, -1.0]]",,0.125,0.4,"{""surprise"": 0.5804, ""joy"": 0.1841, ""neutral"": 0.1094, ""anger"": 0.103, ""disgust"": 0.0117, ""sadness"": 0.0086, ""fear"": 0.0029}"
bp_0_22_3,"you're infallible, mister little!","['mister little, as always, proves himself right! At the moment of impact, the mountain wall slides open to receive the speeding craft within a huge stone corridor...']","[[127.0, 106.0, 211.0, 196.0], [291.0, 124.0, 417.0, 203.0]]","[[4.0, 4.0, 444.0, 98.0]]","[[-1.0, -1.0, -1.0, -1.0], [-1.0, -1.0, -1.0, -1.0]]",INFORM,-0.234375,0.5,"{""surprise"": 0.3193, ""joy"": 0.2785, ""anger"": 0.2218, ""neutral"": 0.1327, ""disgust"": 0.0338, ""fear"": 0.0076, ""sadness"": 0.0064}"
bp_0_26_0,"as a collecting enthusiast, i bow to a clever but unscrupulous colleague!",[],"[[7.0, 7.0, 191.0, 97.0], [59.0, 121.0, 207.0, 219.0], [338.0, 7.0, 455.0, 156.0]]",[],"[[103.0, 237.0, 170.0, 314.0], [223.0, 27.0, 291.0, 96.0], [302.0, 238.0, 464.0, 458.0]]",INFORM,0.20833333333333331,0.8333333333333334,"{""joy"": 0.8283, ""anger"": 0.1126, ""neutral"": 0.0319, ""disgust"": 0.0146, ""fear"": 0.0062, ""surprise"": 0.0039, ""sadness"": 0.0026}"
bp_0_26_0,i lost five good mechanics before i learned the secret!,[],"[[7.0, 7.0, 191.0, 97.0], [59.0, 121.0, 207.0, 219.0], [338.0, 7.0, 455.0, 156.0]]",[],"[[103.0, 237.0, 170.0, 314.0], [223.0, 27.0, 291.0, 96.0], [302.0, 238.0, 464.0, 458.0]]",INFORM,0.09999999999999998,0.65,"{""sadness"": 0.6739, ""anger"": 0.1963, ""surprise"": 0.0902, ""joy"": 0.0146, ""neutral"": 0.0091, ""disgust"": 0.0089, ""fear"": 0.007}"
bp_0_26_0,postpone the small talk! we've got to get on with the search!,[],"[[7.0, 7.0, 191.0, 97.0], [59.0, 121.0, 207.0, 219.0], [338.0, 7.0, 455.0, 156.0]]",[],"[[103.0, 237.0, 170.0, 314.0], [223.0, 27.0, 291.0, 96.0], [302.0, 238.0, 464.0, 458.0]]",ORDER,-0.390625,0.4,"{""joy"": 0.4029, ""surprise"": 0.251, ""neutral"": 0.1959, ""sadness"": 0.1021, ""anger"": 0.0356, ""disgust"": 0.0077, ""fear"": 0.0048}"
bp_0_26_1,foolish fellow! you acted before i could warn you! king solomon's tomb is secured by complex forces,[],"[[9.0, 7.0, 205.0, 132.0], [240.0, 6.0, 448.0, 118.0]]",[],"[[12.0, 239.0, 118.0, 399.0], [184.0, 102.0, 319.0, 269.0]]",,-0.3,0.4,"{""anger"": 0.7059, ""surprise"": 0.0714, ""joy"": 0.0697, ""disgust"": 0.0524, ""sadness"": 0.0513, ""neutral"": 0.0454, ""fear"": 0.0038}"
bp_0_26_1,"high voltage forces i'd say! if not for my protective gloves, i'd be dead at this moment!",[],"[[9.0, 7.0, 205.0, 132.0], [240.0, 6.0, 448.0, 118.0]]",[],"[[12.0, 239.0, 118.0, 399.0], [184.0, 102.0, 319.0, 269.0]]",,-0.024999999999999994,0.47000000000000003,"{""surprise"": 0.3147, ""sadness"": 0.2495, ""anger"": 0.2382, ""fear"": 0.078, ""disgust"": 0.0619, ""neutral"": 0.0495, ""joy"": 0.0083}"
bp_0_26_2,i-it's certainly dark in there-!,"['realizing the necessity for caution, the black panther slowly enters the adjoining chamber...']","[[290.0, 77.0, 458.0, 119.0], [363.0, 118.0, 436.0, 220.0]]","[[4.0, 5.0, 456.0, 65.0]]","[[105.0, 130.0, 344.0, 462.0], [103.0, 129.0, 342.0, 460.0]]",INFORM,-0.1875,0.4,"{""sadness"": 0.5965, ""fear"": 0.1824, ""surprise"": 0.1621, ""joy"": 0.0249, ""neutral"": 0.0181, ""anger"": 0.0106, ""disgust"": 0.0054}"
bp_0_26_2,i can't see a thing!,"['realizing the necessity for caution, the black panther slowly enters the adjoining chamber...']","[[290.0, 77.0, 458.0, 119.0], [363.0, 118.0, 436.0, 220.0]]","[[4.0, 5.0, 456.0, 65.0]]","[[105.0, 130.0, 344.0, 462.0], [103.0, 129.0, 342.0, 460.0]]",INFORM,0.0,0.0,"{""surprise"": 0.9028, ""anger"": 0.0445, ""sadness"": 0.0198, ""disgust"": 0.016, ""fear"": 0.009, ""neutral"": 0.0046, ""joy"": 0.0032}"
bp_0_26_3,you fools are wasting precious time! that's and ancient wizards lock! i have one in my collection of rare artifacts!,[],"[[17.0, 12.0, 206.0, 160.0], [302.0, 10.0, 429.0, 82.0], [344.0, 107.0, 444.0, 233.0]]",[],"[[21.0, 104.0, 101.0, 453.0], [227.0, 105.0, 302.0, 194.0], [301.0, 276.0, 397.0, 387.0]]",INFORM,0.578125,0.95,"{""anger"": 0.4956, ""surprise"": 0.2256, ""disgust"": 0.0974, ""neutral"": 0.0784, ""sadness"": 0.0706, ""joy"": 0.0281, ""fear"": 0.0043}"
bp_0_26_3,"that's fine, princess... but, can you open it!?",[],"[[17.0, 12.0, 206.0, 160.0], [302.0, 10.0, 429.0, 82.0], [344.0, 107.0, 444.0, 233.0]]",[],"[[21.0, 104.0, 101.0, 453.0], [227.0, 105.0, 302.0, 194.0], [301.0, 276.0, 397.0, 387.0]]",,0.20833333333333334,0.5,"{""surprise"": 0.5145, ""anger"": 0.1267, ""disgust"": 0.1264, ""neutral"": 0.1164, ""sadness"": 0.082, ""fear"": 0.019, ""joy"": 0.015}"
bp_0_26_3,"a fair question... wouldn't you say so, my dear zanda?",[],"[[17.0, 12.0, 206.0, 160.0], [302.0, 10.0, 429.0, 82.0], [344.0, 107.0, 444.0, 233.0]]",[],"[[21.0, 104.0, 101.0, 453.0], [227.0, 105.0, 302.0, 194.0], [301.0, 276.0, 397.0, 387.0]]",,0.7,0.9,"{""surprise"": 0.5288, ""neutral"": 0.3267, ""anger"": 0.0534, ""disgust"": 0.0438, ""sadness"": 0.0269, ""fear"": 0.012, ""joy"": 0.0083}"
bp_0_26_5,she did it!the door is opening!we've got it made!,[],"[[6.0, 6.0, 184.0, 85.0], [304.0, 1.0, 452.0, 128.0]]",[],"[[-1.0, -1.0, -1.0, -1.0], [-1.0, -1.0, -1.0, -1.0]]",,0.0,0.0,"{""surprise"": 0.8224, ""joy"": 0.0883, ""anger"": 0.0419, ""neutral"": 0.0302, ""sadness"": 0.0109, ""disgust"": 0.0042, ""fear"": 0.0021}"
bp_0_26_5,"well bless my stars!!the lady is not without talent, after all!",[],"[[6.0, 6.0, 184.0, 85.0], [304.0, 1.0, 452.0, 128.0]]",[],"[[-1.0, -1.0, -1.0, -1.0], [-1.0, -1.0, -1.0, -1.0]]",,0.0,0.0,"{""joy"": 0.5276, ""surprise"": 0.3487, ""neutral"": 0.086, ""sadness"": 0.018, ""anger"": 0.0149, ""disgust"": 0.0035, ""fear"": 0.0013}"
bp_0_27_4,it must be done! i've got to put this behemoth down!,[],"[[293.0, 20.0, 448.0, 117.0]]",[],"[[182.0, 52.0, 299.0, 222.0]]",,-0.19444444444444445,0.2888888888888889,"{""anger"": 0.4215, ""sadness"": 0.1975, ""surprise"": 0.1748, ""disgust"": 0.0926, ""neutral"": 0.053, ""fear"": 0.0306, ""joy"": 0.0302}"
bp_0_28_0,i'll--eradicate--you!--like--vermin--!,['mister little backtracks slowly. then ne breaks into a run...'],"[[181.0, 41.0, 355.0, 99.0], [287.0, 102.0, 415.0, 135.0]]","[[7.0, 6.0, 455.0, 64.0]]","[[-1.0, -1.0, -1.0, -1.0], [-1.0, -1.0, -1.0, -1.0]]",COMMIT,0.0,0.0,"{""neutral"": 0.5583, ""anger"": 0.2221, ""joy"": 0.0756, ""sadness"": 0.0755, ""surprise"": 0.028, ""disgust"": 0.0275, ""fear"": 0.0129}"
bp_0_28_0,yeoow!!,['mister little backtracks slowly. then ne breaks into a run...'],"[[181.0, 41.0, 355.0, 99.0], [287.0, 102.0, 415.0, 135.0]]","[[7.0, 6.0, 455.0, 64.0]]","[[-1.0, -1.0, -1.0, -1.0], [-1.0, -1.0, -1.0, -1.0]]",BACKCHANNEL,0.0,0.0,"{""surprise"": 0.6081, ""disgust"": 0.0967, ""joy"": 0.0837, ""sadness"": 0.0751, ""neutral"": 0.0665, ""anger"": 0.0608, ""fear"": 0.009}"
bp_0_28_2,you-! you did -- this -- to -- me--! little animal--!,[],"[[5.0, 2.0, 170.0, 113.0], [220.0, 5.0, 456.0, 86.0], [275.0, 93.0, 438.0, 192.0]]",[],"[[-1.0, -1.0, -1.0, -1.0], [136.0, 67.0, 201.0, 129.0], [136.0, 66.0, 200.0, 129.0]]",NOT_CLASSIFIABLE,-0.234375,0.5,"{""surprise"": 0.4858, ""anger"": 0.2898, ""disgust"": 0.0797, ""joy"": 0.0796, ""neutral"": 0.0335, ""sadness"": 0.0255, ""fear"": 0.0062}"
bp_0_28_2,"i-it was only meant to calm you, sir-- so we could-- heh heh --communicate-!",[],"[[5.0, 2.0, 170.0, 113.0], [220.0, 5.0, 456.0, 86.0], [275.0, 93.0, 438.0, 192.0]]",[],"[[-1.0, -1.0, -1.0, -1.0], [136.0, 67.0, 201.0, 129.0], [136.0, 66.0, 200.0, 129.0]]",INFORM,0.18750000000000003,0.875,"{""anger"": 0.325, ""fear"": 0.22, ""joy"": 0.1608, ""neutral"": 0.1515, ""surprise"": 0.071, ""sadness"": 0.0578, ""disgust"": 0.0139}"
bp_0_28_2,i'm afreaid he wasn't too thrilled by that reply!,[],"[[5.0, 2.0, 170.0, 113.0], [220.0, 5.0, 456.0, 86.0], [275.0, 93.0, 438.0, 192.0]]",[],"[[-1.0, -1.0, -1.0, -1.0], [136.0, 67.0, 201.0, 129.0], [136.0, 66.0, 200.0, 129.0]]",FEEDBACK,0.75,0.7,"{""surprise"": 0.7861, ""joy"": 0.1732, ""neutral"": 0.0127, ""anger"": 0.0124, ""sadness"": 0.0122, ""fear"": 0.003, ""disgust"": 0.0005}"
bp_0_28_3,"the odds against the black panther are formidable! if he's defeated, we'll be trapped here--",[],"[[55.0, 6.0, 359.0, 79.0], [199.0, 84.0, 422.0, 202.0]]",[],"[[138.0, 165.0, 277.0, 295.0], [137.0, 164.0, 274.0, 294.0]]",,-0.20416666666666666,0.21666666666666667,"{""fear"": 0.6931, ""anger"": 0.1465, ""neutral"": 0.0967, ""sadness"": 0.022, ""disgust"": 0.0218, ""surprise"": 0.0133, ""joy"": 0.0066}"
bp_0_28_3,"it's time to take a risk!-- an extremely chancy risk!-- but, it could work in our favor!",[],"[[55.0, 6.0, 359.0, 79.0], [199.0, 84.0, 422.0, 202.0]]",[],"[[138.0, 165.0, 277.0, 295.0], [137.0, 164.0, 274.0, 294.0]]",,-0.1953125,1.0,"{""neutral"": 0.657, ""fear"": 0.1569, ""anger"": 0.0587, ""joy"": 0.0578, ""sadness"": 0.0322, ""disgust"": 0.0216, ""surprise"": 0.0158}"
bp_0_2_1,"what's this all about, mister little? i didn't pursue that man because i sense that his capture is certain -- because he's a frightened stranger among us.",[],"[[5.0, 2.0, 455.0, 83.0], [229.0, 113.0, 442.0, 245.0]]",[],"[[62.0, 109.0, 199.0, 258.0], [321.0, 289.0, 427.0, 361.0]]",,0.013392857142857137,0.5357142857142857,"{""fear"": 0.9874, ""neutral"": 0.004, ""surprise"": 0.0035, ""sadness"": 0.0018, ""anger"": 0.0016, ""joy"": 0.0009, ""disgust"": 0.0008}"
bp_0_2_1,because he's the real mccoy my boy! a living warrior plucked from antiquity and transplanted this century!,[],"[[5.0, 2.0, 455.0, 83.0], [229.0, 113.0, 442.0, 245.0]]",[],"[[62.0, 109.0, 199.0, 258.0], [321.0, 289.0, 427.0, 361.0]]",,0.3125,0.30000000000000004,"{""joy"": 0.3617, ""surprise"": 0.2963, ""neutral"": 0.195, ""anger"": 0.1181, ""disgust"": 0.0163, ""sadness"": 0.0081, ""fear"": 0.0045}"
bp_0_30_0,get down. i said!,[],"[[18.0, 53.0, 185.0, 113.0]]",[],"[[411.0, 199.0, 480.0, 272.0]]",ORDER,-0.19444444444444445,0.2888888888888889,"{""anger"": 0.6781, ""surprise"": 0.1462, ""joy"": 0.0781, ""neutral"": 0.0312, ""disgust"": 0.0246, ""sadness"": 0.0241, ""fear"": 0.0177}"
bp_0_31_0,fools! they've only exchanged one form of danger for another...,['but there is still another danger to be reckoned with! -- perhaps a greater menace anything the ancient past could unleash...'],"[[62.0, 138.0, 228.0, 246.0], [428.0, 1.0, 619.0, 86.0], [684.0, 4.0, 881.0, 81.0], [760.0, 103.0, 881.0, 181.0]]","[[2.0, 4.0, 326.0, 99.0]]","[[3.0, 267.0, 74.0, 346.0], [268.0, 43.0, 466.0, 297.0], [684.0, 130.0, 764.0, 205.0], [857.0, 204.0, 881.0, 265.0]]",,0.0,1.0,"{""disgust"": 0.4528, ""anger"": 0.2479, ""neutral"": 0.1853, ""surprise"": 0.0728, ""sadness"": 0.0305, ""joy"": 0.0067, ""fear"": 0.0039}"
bp_0_31_0,bothersome--fleas--! you--won't--escape--this--time!,['but there is still another danger to be reckoned with! -- perhaps a greater menace anything the ancient past could unleash...'],"[[62.0, 138.0, 228.0, 246.0], [428.0, 1.0, 619.0, 86.0], [684.0, 4.0, 881.0, 81.0], [760.0, 103.0, 881.0, 181.0]]","[[2.0, 4.0, 326.0, 99.0]]","[[3.0, 267.0, 74.0, 346.0], [268.0, 43.0, 466.0, 297.0], [684.0, 130.0, 764.0, 205.0], [857.0, 204.0, 881.0, 265.0]]",,0.0,0.0,"{""anger"": 0.6236, ""surprise"": 0.1182, ""sadness"": 0.0763, ""disgust"": 0.0698, ""neutral"": 0.0475, ""fear"": 0.0403, ""joy"": 0.0243}"
bp_0_31_0,"got any new ideas, mister little? we may only have time for one more!",['but there is still another danger to be reckoned with! -- perhaps a greater menace anything the ancient past could unleash...'],"[[62.0, 138.0, 228.0, 246.0], [428.0, 1.0, 619.0, 86.0], [684.0, 4.0, 881.0, 81.0], [760.0, 103.0, 881.0, 181.0]]","[[2.0, 4.0, 326.0, 99.0]]","[[3.0, 267.0, 74.0, 346.0], [268.0, 43.0, 466.0, 297.0], [684.0, 130.0, 764.0, 205.0], [857.0, 204.0, 881.0, 265.0]]",,0.1434659090909091,0.6136363636363636,"{""neutral"": 0.5965, ""surprise"": 0.2988, ""sadness"": 0.0463, ""joy"": 0.0375, ""anger"": 0.0107, ""disgust"": 0.0056, ""fear"": 0.0046}"
bp_0_31_0,"w-we can't die, now!--not when we're so close to our goal-!",['but there is still another danger to be reckoned with! -- perhaps a greater menace anything the ancient past could unleash...'],"[[62.0, 138.0, 228.0, 246.0], [428.0, 1.0, 619.0, 86.0], [684.0, 4.0, 881.0, 81.0], [760.0, 103.0, 881.0, 181.0]]","[[2.0, 4.0, 326.0, 99.0]]","[[3.0, 267.0, 74.0, 346.0], [268.0, 43.0, 466.0, 297.0], [684.0, 130.0, 764.0, 205.0], [857.0, 204.0, 881.0, 265.0]]",,0.0,0.0,"{""anger"": 0.3143, ""sadness"": 0.2361, ""surprise"": 0.188, ""neutral"": 0.0796, ""fear"": 0.078, ""joy"": 0.0728, ""disgust"": 0.0312}"
bp_0_31_1,i'll stop him!,['princess zanda suddenly datrs from hiding. she holds a large stone high above her head...'],"[[3.0, 74.0, 74.0, 138.0], [86.0, 85.0, 177.0, 118.0], [181.0, 75.0, 238.0, 152.0], [240.0, 73.0, 418.0, 148.0]]","[[5.0, 5.0, 410.0, 66.0]]","[[23.0, 243.0, 111.0, 324.0], [-1.0, -1.0, -1.0, -1.0], [-1.0, -1.0, -1.0, -1.0], [-1.0, -1.0, -1.0, -1.0]]",INFORM,0.0,0.0,"{""anger"": 0.9528, ""fear"": 0.0362, ""sadness"": 0.003, ""surprise"": 0.0026, ""neutral"": 0.0024, ""joy"": 0.0018, ""disgust"": 0.0013}"
bp_0_31_1,zanda!!,['princess zanda suddenly datrs from hiding. she holds a large stone high above her head...'],"[[3.0, 74.0, 74.0, 138.0], [86.0, 85.0, 177.0, 118.0], [181.0, 75.0, 238.0, 152.0], [240.0, 73.0, 418.0, 148.0]]","[[5.0, 5.0, 410.0, 66.0]]","[[23.0, 243.0, 111.0, 324.0], [-1.0, -1.0, -1.0, -1.0], [-1.0, -1.0, -1.0, -1.0], [-1.0, -1.0, -1.0, -1.0]]",NOT_CLASSIFIABLE,0.0,0.0,"{""surprise"": 0.5775, ""joy"": 0.1808, ""neutral"": 0.1265, ""anger"": 0.0629, ""sadness"": 0.0328, ""disgust"": 0.013, ""fear"": 0.0065}"
bp_0_31_1,drop it and run!,['princess zanda suddenly datrs from hiding. she holds a large stone high above her head...'],"[[3.0, 74.0, 74.0, 138.0], [86.0, 85.0, 177.0, 118.0], [181.0, 75.0, 238.0, 152.0], [240.0, 73.0, 418.0, 148.0]]","[[5.0, 5.0, 410.0, 66.0]]","[[23.0, 243.0, 111.0, 324.0], [-1.0, -1.0, -1.0, -1.0], [-1.0, -1.0, -1.0, -1.0], [-1.0, -1.0, -1.0, -1.0]]",ORDER,0.0,0.0,"{""anger"": 0.6452, ""neutral"": 0.2343, ""joy"": 0.0646, ""surprise"": 0.0223, ""disgust"": 0.0183, ""fear"": 0.0081, ""sadness"": 0.0073}"
bp_0_31_1,he's got a disintegrator eye in the back of his head!,['princess zanda suddenly datrs from hiding. she holds a large stone high above her head...'],"[[3.0, 74.0, 74.0, 138.0], [86.0, 85.0, 177.0, 118.0], [181.0, 75.0, 238.0, 152.0], [240.0, 73.0, 418.0, 148.0]]","[[5.0, 5.0, 410.0, 66.0]]","[[23.0, 243.0, 111.0, 324.0], [-1.0, -1.0, -1.0, -1.0], [-1.0, -1.0, -1.0, -1.0], [-1.0, -1.0, -1.0, -1.0]]",INFORM,0.0,0.0,"{""surprise"": 0.4812, ""disgust"": 0.2989, ""anger"": 0.151, ""neutral"": 0.0316, ""sadness"": 0.0221, ""fear"": 0.0096, ""joy"": 0.0057}"
bp_0_32_0,the treasure!nothing can keep me from it!,"['it is a sight seen by few others in the course of passing centuries. although the survivors boasted of their claims to the marvels within the crypt, they soon joined their predecessors in death-- a fate destined for all defilers of the crypt! the black panther and his companions risk another blast to answer the irresistible attraction of the treasure...']","[[92.0, 814.0, 231.0, 920.0], [286.0, 637.0, 370.0, 711.0], [416.0, 664.0, 500.0, 739.0], [598.0, 785.0, 698.0, 861.0], [645.0, 828.0, 820.0, 923.0]]","[[4.0, 7.0, 759.0, 121.0]]","[[289.0, 827.0, 325.0, 861.0], [375.0, 706.0, 403.0, 732.0], [375.0, 706.0, 405.0, 734.0], [535.0, 786.0, 569.0, 827.0], [536.0, 789.0, 568.0, 823.0]]",,0.0,0.0,"{""surprise"": 0.337, ""anger"": 0.305, ""joy"": 0.1718, ""sadness"": 0.1101, ""neutral"": 0.0454, ""fear"": 0.0233, ""disgust"": 0.0074}"
bp_0_32_0,i-it's all there!,"['it is a sight seen by few others in the course of passing centuries. although the survivors boasted of their claims to the marvels within the crypt, they soon joined their predecessors in death-- a fate destined for all defilers of the crypt! the black panther and his companions risk another blast to answer the irresistible attraction of the treasure...']","[[92.0, 814.0, 231.0, 920.0], [286.0, 637.0, 370.0, 711.0], [416.0, 664.0, 500.0, 739.0], [598.0, 785.0, 698.0, 861.0], [645.0, 828.0, 820.0, 923.0]]","[[4.0, 7.0, 759.0, 121.0]]","[[289.0, 827.0, 325.0, 861.0], [375.0, 706.0, 403.0, 732.0], [375.0, 706.0, 405.0, 734.0], [535.0, 786.0, 569.0, 827.0], [536.0, 789.0, 568.0, 823.0]]",INFORM,0.0,0.0,"{""surprise"": 0.8327, ""joy"": 0.1183, ""anger"": 0.0206, ""neutral"": 0.0141, ""sadness"": 0.0099, ""disgust"": 0.0022, ""fear"": 0.0021}"
bp_0_32_0,--for the taking!,"['it is a sight seen by few others in the course of passing centuries. although the survivors boasted of their claims to the marvels within the crypt, they soon joined their predecessors in death-- a fate destined for all defilers of the crypt! the black panther and his companions risk another blast to answer the irresistible attraction of the treasure...']","[[92.0, 814.0, 231.0, 920.0], [286.0, 637.0, 370.0, 711.0], [416.0, 664.0, 500.0, 739.0], [598.0, 785.0, 698.0, 861.0], [645.0, 828.0, 820.0, 923.0]]","[[4.0, 7.0, 759.0, 121.0]]","[[289.0, 827.0, 325.0, 861.0], [375.0, 706.0, 403.0, 732.0], [375.0, 706.0, 405.0, 734.0], [535.0, 786.0, 569.0, 827.0], [536.0, 789.0, 568.0, 823.0]]",INFORM,0.0,0.0,"{""neutral"": 0.3936, ""anger"": 0.3833, ""joy"": 0.0946, ""surprise"": 0.0899, ""fear"": 0.0155, ""disgust"": 0.0124, ""sadness"": 0.0106}"
bp_0_32_0,forget your greed!,"['it is a sight seen by few others in the course of passing centuries. although the survivors boasted of their claims to the marvels within the crypt, they soon joined their predecessors in death-- a fate destined for all defilers of the crypt! the black panther and his companions risk another blast to answer the irresistible attraction of the treasure...']","[[92.0, 814.0, 231.0, 920.0], [286.0, 637.0, 370.0, 711.0], [416.0, 664.0, 500.0, 739.0], [598.0, 785.0, 698.0, 861.0], [645.0, 828.0, 820.0, 923.0]]","[[4.0, 7.0, 759.0, 121.0]]","[[289.0, 827.0, 325.0, 861.0], [375.0, 706.0, 403.0, 732.0], [375.0, 706.0, 405.0, 734.0], [535.0, 786.0, 569.0, 827.0], [536.0, 789.0, 568.0, 823.0]]",ORDER,0.0,0.0,"{""anger"": 0.9697, ""disgust"": 0.0144, ""neutral"": 0.0058, ""fear"": 0.0029, ""surprise"": 0.0029, ""sadness"": 0.0028, ""joy"": 0.0015}"
bp_0_32_0,"if our friend here regains his full faculties, we're doomed!","['it is a sight seen by few others in the course of passing centuries. although the survivors boasted of their claims to the marvels within the crypt, they soon joined their predecessors in death-- a fate destined for all defilers of the crypt! the black panther and his companions risk another blast to answer the irresistible attraction of the treasure...']","[[92.0, 814.0, 231.0, 920.0], [286.0, 637.0, 370.0, 711.0], [416.0, 664.0, 500.0, 739.0], [598.0, 785.0, 698.0, 861.0], [645.0, 828.0, 820.0, 923.0]]","[[4.0, 7.0, 759.0, 121.0]]","[[289.0, 827.0, 325.0, 861.0], [375.0, 706.0, 403.0, 732.0], [375.0, 706.0, 405.0, 734.0], [535.0, 786.0, 569.0, 827.0], [536.0, 789.0, 568.0, 823.0]]",INFORM,0.4375,0.55,"{""sadness"": 0.7323, ""anger"": 0.0845, ""disgust"": 0.078, ""neutral"": 0.0503, ""fear"": 0.0278, ""surprise"": 0.021, ""joy"": 0.006}"
bp_0_32_1,Curse this thing from the ages to come!,"['even as it destroys the stone, the deadly disintegrating ray strikes a far wall and continues its terrifying work ...']","[[74.0, 357.0, 224.0, 443.0]]","[[5.0, 5.0, 461.0, 63.0]]","[[277.0, 399.0, 319.0, 438.0]]",INFORM,0.0,0.0,"{""anger"": 0.7463, ""disgust"": 0.1933, ""neutral"": 0.0225, ""sadness"": 0.0148, ""fear"": 0.0117, ""surprise"": 0.0075, ""joy"": 0.0039}"
bp_0_33_0,"diamonds, pearls, jeweled crowns and cups of gold! there is enough treasure here to random a hundred kingdoms!",[],"[[3.0, 3.0, 317.0, 102.0], [425.0, 5.0, 597.0, 129.0], [623.0, 4.0, 936.0, 76.0], [832.0, 68.0, 937.0, 128.0]]",[],"[[94.0, 91.0, 154.0, 149.0], [424.0, 122.0, 515.0, 275.0], [767.0, 53.0, 818.0, 124.0], [767.0, 52.0, 816.0, 123.0]]",,-0.3125,0.5,"{""surprise"": 0.6015, ""neutral"": 0.2711, ""joy"": 0.0911, ""anger"": 0.0221, ""sadness"": 0.0099, ""disgust"": 0.0026, ""fear"": 0.0018}"
bp_0_33_0,by the stars! each ertifact in this crypt is of priceless value!,[],"[[3.0, 3.0, 317.0, 102.0], [425.0, 5.0, 597.0, 129.0], [623.0, 4.0, 936.0, 76.0], [832.0, 68.0, 937.0, 128.0]]",[],"[[94.0, 91.0, 154.0, 149.0], [424.0, 122.0, 515.0, 275.0], [767.0, 53.0, 818.0, 124.0], [767.0, 52.0, 816.0, 123.0]]",,1.0,1.0,"{""joy"": 0.8528, ""neutral"": 0.1012, ""surprise"": 0.0284, ""anger"": 0.0107, ""sadness"": 0.0036, ""disgust"": 0.0022, ""fear"": 0.0011}"
bp_0_33_0,have you two gone mad!? don't you realize that death is at our very heels!?,[],"[[3.0, 3.0, 317.0, 102.0], [425.0, 5.0, 597.0, 129.0], [623.0, 4.0, 936.0, 76.0], [832.0, 68.0, 937.0, 128.0]]",[],"[[94.0, 91.0, 154.0, 149.0], [424.0, 122.0, 515.0, 275.0], [767.0, 53.0, 818.0, 124.0], [767.0, 52.0, 816.0, 123.0]]",,-0.265625,0.65,"{""surprise"": 0.5578, ""anger"": 0.2775, ""disgust"": 0.0562, ""neutral"": 0.0363, ""sadness"": 0.034, ""fear"": 0.0304, ""joy"": 0.0079}"
bp_0_33_0,we've got work to do-!,[],"[[3.0, 3.0, 317.0, 102.0], [425.0, 5.0, 597.0, 129.0], [623.0, 4.0, 936.0, 76.0], [832.0, 68.0, 937.0, 128.0]]",[],"[[94.0, 91.0, 154.0, 149.0], [424.0, 122.0, 515.0, 275.0], [767.0, 53.0, 818.0, 124.0], [767.0, 52.0, 816.0, 123.0]]",INFORM,0.0,0.0,"{""joy"": 0.7184, ""surprise"": 0.1009, ""neutral"": 0.0749, ""sadness"": 0.0539, ""anger"": 0.0425, ""disgust"": 0.0052, ""fear"": 0.004}"
bp_0_33_3,ugh--!,['a grim reminder comes a split second later! the chamber is rocked by a sharp explosion'],"[[142.0, 75.0, 216.0, 102.0], [293.0, 147.0, 380.0, 212.0]]","[[6.0, 4.0, 423.0, 63.0]]","[[79.0, 203.0, 136.0, 245.0], [372.0, 250.0, 463.0, 397.0]]",BACKCHANNEL,0.0,0.0,"{""anger"": 0.2809, ""disgust"": 0.2624, ""surprise"": 0.1876, ""sadness"": 0.156, ""neutral"": 0.0644, ""joy"": 0.0275, ""fear"": 0.0212}"
bp_0_33_3,let's make tracks!,['a grim reminder comes a split second later! the chamber is rocked by a sharp explosion'],"[[142.0, 75.0, 216.0, 102.0], [293.0, 147.0, 380.0, 212.0]]","[[6.0, 4.0, 423.0, 63.0]]","[[79.0, 203.0, 136.0, 245.0], [372.0, 250.0, 463.0, 397.0]]",ORDER,0.0,0.0,"{""joy"": 0.4786, ""neutral"": 0.4213, ""surprise"": 0.046, ""anger"": 0.0342, ""sadness"": 0.0109, ""disgust"": 0.0046, ""fear"": 0.0044}"
bp_0_33_4,i-it ins't fair! that thing will destroy everything!,"['assisting hiw two stunned companions, the black panther retreats inte the inner recesses of the treasure chamber...']","[[45.0, 78.0, 202.0, 142.0], [244.0, 75.0, 446.0, 161.0]]","[[10.0, 6.0, 458.0, 65.0]]","[[-1.0, -1.0, -1.0, -1.0], [-1.0, -1.0, -1.0, -1.0]]",INFORM,0.3125,0.45,"{""anger"": 0.8918, ""sadness"": 0.0391, ""surprise"": 0.033, ""joy"": 0.0208, ""neutral"": 0.0057, ""disgust"": 0.0051, ""fear"": 0.0045}"
bp_0_33_4,not if we can find the twin to the brass frog mister little carries on his person!,"['assisting hiw two stunned companions, the black panther retreats inte the inner recesses of the treasure chamber...']","[[45.0, 78.0, 202.0, 142.0], [244.0, 75.0, 446.0, 161.0]]","[[10.0, 6.0, 458.0, 65.0]]","[[-1.0, -1.0, -1.0, -1.0], [-1.0, -1.0, -1.0, -1.0]]",FEEDBACK,-0.234375,0.5,"{""anger"": 0.3643, ""neutral"": 0.3025, ""disgust"": 0.1404, ""surprise"": 0.1254, ""sadness"": 0.0308, ""fear"": 0.0222, ""joy"": 0.0143}"
bp_0_34_0,we did it none too soon! there were only seconds to spare!,[],"[[6.0, 8.0, 176.0, 102.0], [4.0, 126.0, 109.0, 250.0], [186.0, 2.0, 349.0, 124.0], [392.0, 4.0, 620.0, 143.0]]",[],"[[47.0, 323.0, 201.0, 477.0], [47.0, 323.0, 201.0, 471.0], [134.0, 140.0, 218.0, 238.0], [359.0, 69.0, 490.0, 236.0]]",INFORM,0.0,1.0,"{""surprise"": 0.7126, ""neutral"": 0.1656, ""sadness"": 0.0598, ""joy"": 0.0361, ""anger"": 0.0192, ""disgust"": 0.0046, ""fear"": 0.0021}"
bp_0_34_0,flashing comets!! this was too close for comfort!!,[],"[[6.0, 8.0, 176.0, 102.0], [4.0, 126.0, 109.0, 250.0], [186.0, 2.0, 349.0, 124.0], [392.0, 4.0, 620.0, 143.0]]",[],"[[47.0, 323.0, 201.0, 477.0], [47.0, 323.0, 201.0, 471.0], [134.0, 140.0, 218.0, 238.0], [359.0, 69.0, 490.0, 236.0]]",INFORM,0.0,0.0,"{""joy"": 0.5818, ""surprise"": 0.2786, ""neutral"": 0.1128, ""sadness"": 0.0145, ""anger"": 0.008, ""disgust"": 0.0025, ""fear"": 0.0017}"
bp_0_34_0,our lives meant nothing to him! we would have died like insects!,[],"[[6.0, 8.0, 176.0, 102.0], [4.0, 126.0, 109.0, 250.0], [186.0, 2.0, 349.0, 124.0], [392.0, 4.0, 620.0, 143.0]]",[],"[[47.0, 323.0, 201.0, 477.0], [47.0, 323.0, 201.0, 471.0], [134.0, 140.0, 218.0, 238.0], [359.0, 69.0, 490.0, 236.0]]",INFORM,0.0,0.0,"{""anger"": 0.7704, ""disgust"": 0.0739, ""sadness"": 0.0712, ""surprise"": 0.0414, ""neutral"": 0.021, ""fear"": 0.0171, ""joy"": 0.005}"
bp_0_34_0,let's face it. the man belonged to another time-- another place--! let's hope that he stays there!,[],"[[6.0, 8.0, 176.0, 102.0], [4.0, 126.0, 109.0, 250.0], [186.0, 2.0, 349.0, 124.0], [392.0, 4.0, 620.0, 143.0]]",[],"[[47.0, 323.0, 201.0, 477.0], [47.0, 323.0, 201.0, 471.0], [134.0, 140.0, 218.0, 238.0], [359.0, 69.0, 490.0, 236.0]]",CLOSE,0.0,0.0,"{""anger"": 0.4947, ""neutral"": 0.1327, ""surprise"": 0.1232, ""joy"": 0.0983, ""sadness"": 0.0727, ""disgust"": 0.0683, ""fear"": 0.0101}"
bp_0_35_2,he's not going to make it! our only chance may be to run!,[],"[[1.0, 1.0, 183.0, 79.0], [100.0, 80.0, 209.0, 181.0], [197.0, 2.0, 439.0, 95.0]]",[],"[[12.0, 103.0, 118.0, 225.0], [9.0, 102.0, 118.0, 223.0], [158.0, 94.0, 353.0, 318.0]]",,0.0,1.0,"{""sadness"": 0.7661, ""surprise"": 0.0939, ""anger"": 0.0783, ""neutral"": 0.0323, ""joy"": 0.0121, ""disgust"": 0.0102, ""fear"": 0.0071}"
bp_0_35_2,what are you up to now!?,[],"[[1.0, 1.0, 183.0, 79.0], [100.0, 80.0, 209.0, 181.0], [197.0, 2.0, 439.0, 95.0]]",[],"[[12.0, 103.0, 118.0, 225.0], [9.0, 102.0, 118.0, 223.0], [158.0, 94.0, 353.0, 318.0]]",WHY_QUESTION,0.0,0.0,"{""surprise"": 0.8112, ""anger"": 0.0805, ""neutral"": 0.0495, ""sadness"": 0.0225, ""disgust"": 0.0189, ""fear"": 0.0104, ""joy"": 0.007}"
bp_0_35_2,"i'm testing another of these objects! don't interfere, princess zanda!",[],"[[1.0, 1.0, 183.0, 79.0], [100.0, 80.0, 209.0, 181.0], [197.0, 2.0, 439.0, 95.0]]",[],"[[12.0, 103.0, 118.0, 225.0], [9.0, 102.0, 118.0, 223.0], [158.0, 94.0, 353.0, 318.0]]",,0.0,0.0,"{""joy"": 0.4575, ""anger"": 0.2697, ""neutral"": 0.1591, ""surprise"": 0.0811, ""sadness"": 0.0195, ""fear"": 0.0082, ""disgust"": 0.0048}"
bp_0_35_3,poor girl! no wonder shes shy and retiring!,[],"[[37.0, 26.0, 318.0, 129.0]]",[],"[[114.0, 296.0, 304.0, 554.0]]",,-0.5625,0.55,"{""fear"": 0.4454, ""sadness"": 0.3663, ""surprise"": 0.0939, ""neutral"": 0.0719, ""disgust"": 0.0093, ""anger"": 0.007, ""joy"": 0.0061}"
bp_0_36_0,hasn't it sunk into your clouded minds that this plice is one big mine field?!! each ornament here may strike us with lethal force at any given moment!,[],"[[9.0, 6.0, 366.0, 217.0], [289.0, 62.0, 387.0, 202.0]]",[],"[[85.0, 79.0, 314.0, 311.0], [85.0, 79.0, 314.0, 308.0]]",,0.0,0.1,"{""anger"": 0.5579, ""fear"": 0.3155, ""surprise"": 0.0674, ""neutral"": 0.031, ""sadness"": 0.0123, ""disgust"": 0.0121, ""joy"": 0.0038}"
bp_0_36_0,each of us must help the others keep their head!,[],"[[9.0, 6.0, 366.0, 217.0], [289.0, 62.0, 387.0, 202.0]]",[],"[[85.0, 79.0, 314.0, 311.0], [85.0, 79.0, 314.0, 308.0]]",ORDER,0.0,0.0,"{""anger"": 0.6833, ""neutral"": 0.1432, ""disgust"": 0.0689, ""fear"": 0.04, ""sadness"": 0.0369, ""joy"": 0.0161, ""surprise"": 0.0115}"
bp_0_36_4,"see here, young fellow! you've no right to snatch that artifact! it's mine -- by right of possession!",[],"[[5.0, 4.0, 171.0, 154.0], [284.0, 3.0, 425.0, 130.0]]",[],"[[12.0, 203.0, 195.0, 376.0], [203.0, 24.0, 304.0, 166.0]]",,0.10119047619047618,0.4904761904761905,"{""anger"": 0.732, ""disgust"": 0.1072, ""surprise"": 0.071, ""sadness"": 0.0313, ""neutral"": 0.0307, ""joy"": 0.0141, ""fear"": 0.0137}"
bp_0_36_4,you two collectors have meddled enough with the objects in this tomb!,[],"[[5.0, 4.0, 171.0, 154.0], [284.0, 3.0, 425.0, 130.0]]",[],"[[12.0, 203.0, 195.0, 376.0], [203.0, 24.0, 304.0, 166.0]]",INFORM,0.0,0.5,"{""anger"": 0.7669, ""disgust"": 0.1168, ""surprise"": 0.0541, ""neutral"": 0.0332, ""sadness"": 0.0156, ""joy"": 0.0077, ""fear"": 0.0055}"
bp_0_37_2,"yes, that's so! abner little is prone to the collector's syndrone but he does keep his word!",[],"[[4.0, 5.0, 191.0, 123.0], [200.0, 8.0, 403.0, 82.0]]",[],"[[14.0, 131.0, 148.0, 283.0], [290.0, 61.0, 403.0, 171.0]]",,-0.234375,0.5,"{""neutral"": 0.7626, ""anger"": 0.0689, ""disgust"": 0.0573, ""surprise"": 0.0529, ""sadness"": 0.0258, ""joy"": 0.0224, ""fear"": 0.0101}"
bp_0_37_2,"well, i made no such promise! i claim them as mine!",[],"[[4.0, 5.0, 191.0, 123.0], [200.0, 8.0, 403.0, 82.0]]",[],"[[14.0, 131.0, 148.0, 283.0], [290.0, 61.0, 403.0, 171.0]]",,0.0,0.5,"{""anger"": 0.6329, ""surprise"": 0.1549, ""disgust"": 0.0875, ""sadness"": 0.0561, ""neutral"": 0.0398, ""joy"": 0.0149, ""fear"": 0.0138}"
bp_0_38_0,there! it can be nothing more than the chariot itself! if we can make it work...!,"['with no choice but to blindly seek escape, the black panther obeys mister little and finds the chamber...']","[[4.0, 71.0, 176.0, 192.0], [229.0, 63.0, 444.0, 124.0]]","[[3.0, 3.0, 512.0, 58.0]]","[[50.0, 245.0, 95.0, 291.0], [168.0, 119.0, 215.0, 149.0]]",,0.78125,0.5,"{""surprise"": 0.5883, ""joy"": 0.1451, ""anger"": 0.1419, ""neutral"": 0.0748, ""sadness"": 0.0233, ""disgust"": 0.0189, ""fear"": 0.0077}"
bp_0_38_0,why not! everything works only too well in this tomb!,"['with no choice but to blindly seek escape, the black panther obeys mister little and finds the chamber...']","[[4.0, 71.0, 176.0, 192.0], [229.0, 63.0, 444.0, 124.0]]","[[3.0, 3.0, 512.0, 58.0]]","[[50.0, 245.0, 95.0, 291.0], [168.0, 119.0, 215.0, 149.0]]",,0.0,1.0,"{""neutral"": 0.6431, ""surprise"": 0.2517, ""anger"": 0.0405, ""joy"": 0.0313, ""sadness"": 0.02, ""disgust"": 0.0071, ""fear"": 0.0063}"
bp_0_38_1,"don't crowd me, mister little! i don't know what this thing can do!",[],"[[5.0, 5.0, 148.0, 139.0], [183.0, 7.0, 424.0, 101.0], [311.0, 116.0, 431.0, 257.0]]",[],"[[34.0, 107.0, 309.0, 432.0], [37.0, 111.0, 308.0, 431.0], [37.0, 111.0, 308.0, 431.0]]",,-0.29296875,0.5,"{""surprise"": 0.3518, ""anger"": 0.3043, ""fear"": 0.1298, ""disgust"": 0.0995, ""sadness"": 0.0671, ""neutral"": 0.0251, ""joy"": 0.0224}"
bp_0_38_1,"if i push the wrong button, i could possibly blow us and this wagon to kingdom come!",[],"[[5.0, 5.0, 148.0, 139.0], [183.0, 7.0, 424.0, 101.0], [311.0, 116.0, 431.0, 257.0]]",[],"[[34.0, 107.0, 309.0, 432.0], [37.0, 111.0, 308.0, 431.0], [37.0, 111.0, 308.0, 431.0]]",INFORM,-0.25,0.95,"{""anger"": 0.5756, ""fear"": 0.3376, ""surprise"": 0.0369, ""sadness"": 0.0246, ""disgust"": 0.009, ""joy"": 0.0088, ""neutral"": 0.0074}"
bp_0_38_1,"however, time is short! here we go!!",[],"[[5.0, 5.0, 148.0, 139.0], [183.0, 7.0, 424.0, 101.0], [311.0, 116.0, 431.0, 257.0]]",[],"[[34.0, 107.0, 309.0, 432.0], [37.0, 111.0, 308.0, 431.0], [37.0, 111.0, 308.0, 431.0]]",,0.0,0.3,"{""joy"": 0.4299, ""surprise"": 0.3093, ""neutral"": 0.1946, ""anger"": 0.0376, ""sadness"": 0.0183, ""fear"": 0.0071, ""disgust"": 0.0032}"
bp_0_38_3,the ancient builders were too proud to leave an inoperable object behind them! this thing is ready to run! i can sense it!,[],"[[11.0, 3.0, 222.0, 131.0], [259.0, 5.0, 424.0, 95.0], [313.0, 101.0, 424.0, 162.0]]",[],"[[24.0, 168.0, 108.0, 274.0], [212.0, 133.0, 293.0, 244.0], [348.0, 170.0, 421.0, 269.0]]",,0.2041666666666667,0.7333333333333334,"{""surprise"": 0.4993, ""anger"": 0.157, ""neutral"": 0.1518, ""joy"": 0.1503, ""disgust"": 0.0279, ""fear"": 0.0073, ""sadness"": 0.0064}"
bp_0_38_3,there are just two hand bars with a button on each...,[],"[[11.0, 3.0, 222.0, 131.0], [259.0, 5.0, 424.0, 95.0], [313.0, 101.0, 424.0, 162.0]]",[],"[[24.0, 168.0, 108.0, 274.0], [212.0, 133.0, 293.0, 244.0], [348.0, 170.0, 421.0, 269.0]]",INFORM,0.0,0.0,"{""neutral"": 0.8786, ""surprise"": 0.0965, ""sadness"": 0.0094, ""joy"": 0.0053, ""anger"": 0.0047, ""disgust"": 0.0044, ""fear"": 0.0011}"
bp_0_38_3,push one of the buttons!,[],"[[11.0, 3.0, 222.0, 131.0], [259.0, 5.0, 424.0, 95.0], [313.0, 101.0, 424.0, 162.0]]",[],"[[24.0, 168.0, 108.0, 274.0], [212.0, 133.0, 293.0, 244.0], [348.0, 170.0, 421.0, 269.0]]",ORDER,0.0,0.0,"{""anger"": 0.4418, ""neutral"": 0.2527, ""surprise"": 0.2309, ""joy"": 0.0414, ""fear"": 0.0143, ""sadness"": 0.0098, ""disgust"": 0.009}"
bp_0_39_0,i pay my army of servitors well! they are always on hand when they're needed!,[],"[[10.0, 0.0, 296.0, 81.0], [200.0, 90.0, 415.0, 207.0]]",[],"[[19.0, 55.0, 111.0, 156.0], [193.0, 267.0, 387.0, 430.0]]",,0.0,0.0,"{""joy"": 0.9667, ""surprise"": 0.0142, ""neutral"": 0.0106, ""anger"": 0.0043, ""sadness"": 0.003, ""disgust"": 0.0006, ""fear"": 0.0004}"
bp_0_39_0,you-you scheming female! you intended to hijack whatever we found in the burial chamber!,[],"[[10.0, 0.0, 296.0, 81.0], [200.0, 90.0, 415.0, 207.0]]",[],"[[19.0, 55.0, 111.0, 156.0], [193.0, 267.0, 387.0, 430.0]]",,0.0,0.16666666666666666,"{""anger"": 0.8232, ""disgust"": 0.0989, ""surprise"": 0.0282, ""fear"": 0.0182, ""neutral"": 0.0127, ""joy"": 0.0117, ""sadness"": 0.0071}"
bp_0_3_3,"but you must see this through, my friend! i don't intend to keep the brass frog. it must be returned to its original resting place--king solomon's burial chamber!!",[],"[[12.0, 9.0, 311.0, 131.0], [275.0, 246.0, 457.0, 366.0]]",[],"[[-1.0, -1.0, -1.0, -1.0], [-1.0, -1.0, -1.0, -1.0]]",,0.5859375,0.75,"{""anger"": 0.2655, ""sadness"": 0.2444, ""disgust"": 0.1548, ""surprise"": 0.1234, ""neutral"": 0.0866, ""fear"": 0.0849, ""joy"": 0.0403}"
bp_0_3_3,"w-what!? you've gone crazy, mister little! an army of fools has died following that fairy tale!!",[],"[[12.0, 9.0, 311.0, 131.0], [275.0, 246.0, 457.0, 366.0]]",[],"[[-1.0, -1.0, -1.0, -1.0], [-1.0, -1.0, -1.0, -1.0]]",,-0.278125,0.5,"{""surprise"": 0.8359, ""anger"": 0.0648, ""sadness"": 0.0357, ""disgust"": 0.023, ""fear"": 0.0184, ""neutral"": 0.0129, ""joy"": 0.0094}"
bp_0_3_4,ah i feel better already! now for a brisk walk to calm my jangled nerves!,[],"[[16.0, 35.0, 328.0, 160.0]]",[],"[[187.0, 233.0, 254.0, 295.0]]",,0.5,0.625,"{""joy"": 0.9914, ""sadness"": 0.0026, ""neutral"": 0.0025, ""surprise"": 0.0019, ""anger"": 0.0009, ""disgust"": 0.0005, ""fear"": 0.0002}"
bp_0_40_0,is something wrong with the chariot?,[],"[[283.0, 12.0, 465.0, 94.0], [520.0, 30.0, 703.0, 152.0], [716.0, 10.0, 881.0, 179.0]]",[],"[[-1.0, -1.0, -1.0, -1.0], [425.0, 104.0, 517.0, 205.0], [673.0, 265.0, 780.0, 353.0]]",YES-NO_QUESTION,-0.5,0.9,"{""neutral"": 0.4082, ""surprise"": 0.2514, ""anger"": 0.111, ""sadness"": 0.1029, ""fear"": 0.078, ""disgust"": 0.0463, ""joy"": 0.0022}"
bp_0_40_0,yes...what's all this pushing and shoving about? have you gone mad!?,[],"[[283.0, 12.0, 465.0, 94.0], [520.0, 30.0, 703.0, 152.0], [716.0, 10.0, 881.0, 179.0]]",[],"[[-1.0, -1.0, -1.0, -1.0], [425.0, 104.0, 517.0, 205.0], [673.0, 265.0, 780.0, 353.0]]",,-0.78125,1.0,"{""anger"": 0.4656, ""surprise"": 0.3528, ""disgust"": 0.06, ""sadness"": 0.0473, ""fear"": 0.0368, ""neutral"": 0.0297, ""joy"": 0.0079}"
bp_0_40_0,this old tub is making engine noises i don't like! now follow the princess! there's not much time!,[],"[[283.0, 12.0, 465.0, 94.0], [520.0, 30.0, 703.0, 152.0], [716.0, 10.0, 881.0, 179.0]]",[],"[[-1.0, -1.0, -1.0, -1.0], [425.0, 104.0, 517.0, 205.0], [673.0, 265.0, 780.0, 353.0]]",,0.015625,0.2,"{""sadness"": 0.5389, ""surprise"": 0.2698, ""neutral"": 0.0796, ""anger"": 0.045, ""joy"": 0.0363, ""disgust"": 0.0249, ""fear"": 0.0056}"
bp_0_40_3,this is some kinda trick!,[],"[[4.0, 19.0, 90.0, 125.0], [140.0, 4.0, 328.0, 81.0]]",[],"[[-1.0, -1.0, -1.0, -1.0], [186.0, 96.0, 245.0, 174.0]]",FEEDBACK,0.0,0.0,"{""joy"": 0.4853, ""surprise"": 0.2628, ""neutral"": 0.1675, ""anger"": 0.0548, ""disgust"": 0.0183, ""sadness"": 0.0069, ""fear"": 0.0045}"
bp_0_40_3,if what i suspect is true... this may be my last one!,[],"[[4.0, 19.0, 90.0, 125.0], [140.0, 4.0, 328.0, 81.0]]",[],"[[-1.0, -1.0, -1.0, -1.0], [186.0, 96.0, 245.0, 174.0]]",INFORM,0.175,0.35833333333333334,"{""surprise"": 0.7799, ""neutral"": 0.1834, ""joy"": 0.0115, ""sadness"": 0.0093, ""anger"": 0.0081, ""fear"": 0.0062, ""disgust"": 0.0016}"
bp_0_41_0,"i've had a fantastic time in your company, mister little, but i think it's time that i moved on to other pursuits.","['days later, at the royal palace in the exotic capital of narobia...']","[[397.0, 7.0, 642.0, 100.0], [684.0, 7.0, 864.0, 93.0]]","[[8.0, 4.0, 215.0, 79.0]]","[[229.0, 0.0, 359.0, 51.0], [581.0, 134.0, 640.0, 199.0]]",INFORM,0.029166666666666674,0.5916666666666667,"{""joy"": 0.9509, ""sadness"": 0.0428, ""surprise"": 0.0021, ""neutral"": 0.0018, ""anger"": 0.0011, ""fear"": 0.0008, ""disgust"": 0.0005}"
bp_0_41_0,does princess zanda know that you're checking out of these plush diggings?,"['days later, at the royal palace in the exotic capital of narobia...']","[[397.0, 7.0, 642.0, 100.0], [684.0, 7.0, 864.0, 93.0]]","[[8.0, 4.0, 215.0, 79.0]]","[[229.0, 0.0, 359.0, 51.0], [581.0, 134.0, 640.0, 199.0]]",YES-NO_QUESTION,0.0,0.0,"{""neutral"": 0.7154, ""surprise"": 0.2414, ""sadness"": 0.0124, ""joy"": 0.0108, ""disgust"": 0.0096, ""anger"": 0.0071, ""fear"": 0.0033}"
bp_0_42_0,"hundreds of years ago, his clan was driven into exile to an area so remote it was not discovered until this day! the capture of the samurai by one of my raiding parties revealed what the collectors have always suspected!",[],"[[12.0, 7.0, 277.0, 176.0], [303.0, 11.0, 431.0, 145.0], [319.0, 183.0, 429.0, 212.0]]",[],"[[-1.0, -1.0, -1.0, -1.0], [116.0, 177.0, 217.0, 311.0], [-1.0, -1.0, -1.0, -1.0]]",,-0.15625,0.2,"{""surprise"": 0.4858, ""anger"": 0.2292, ""fear"": 0.121, ""neutral"": 0.1066, ""sadness"": 0.0264, ""disgust"": 0.0228, ""joy"": 0.0082}"
bp_0_42_0,"the collectors, eh? stop right there! i'll have no part in your schemes!",[],"[[12.0, 7.0, 277.0, 176.0], [303.0, 11.0, 431.0, 145.0], [319.0, 183.0, 429.0, 212.0]]",[],"[[-1.0, -1.0, -1.0, -1.0], [116.0, 177.0, 217.0, 311.0], [-1.0, -1.0, -1.0, -1.0]]",,0.4464285714285714,0.5357142857142857,"{""anger"": 0.918, ""disgust"": 0.0245, ""neutral"": 0.0168, ""fear"": 0.0133, ""sadness"": 0.0116, ""surprise"": 0.0111, ""joy"": 0.0048}"
bp_0_42_0,silence!,[],"[[12.0, 7.0, 277.0, 176.0], [303.0, 11.0, 431.0, 145.0], [319.0, 183.0, 429.0, 212.0]]",[],"[[-1.0, -1.0, -1.0, -1.0], [116.0, 177.0, 217.0, 311.0], [-1.0, -1.0, -1.0, -1.0]]",ORDER,0.0,0.0,"{""anger"": 0.858, ""disgust"": 0.0882, ""fear"": 0.0196, ""neutral"": 0.0185, ""sadness"": 0.0078, ""surprise"": 0.0057, ""joy"": 0.0024}"
bp_0_42_3,i'm not in the mood to listen to anything... except the word goodbye!,[],"[[1.0, 3.0, 186.0, 104.0], [17.0, 111.0, 182.0, 187.0], [199.0, 4.0, 423.0, 86.0], [255.0, 87.0, 421.0, 177.0]]",[],"[[3.0, 192.0, 103.0, 400.0], [3.0, 193.0, 100.0, 398.0], [194.0, 183.0, 273.0, 291.0], [335.0, 210.0, 421.0, 303.0]]",,0.0,0.0,"{""sadness"": 0.9289, ""joy"": 0.026, ""anger"": 0.0168, ""surprise"": 0.0148, ""neutral"": 0.0082, ""disgust"": 0.0029, ""fear"": 0.0022}"
bp_0_42_3,i've had all i can take of this place!,[],"[[1.0, 3.0, 186.0, 104.0], [17.0, 111.0, 182.0, 187.0], [199.0, 4.0, 423.0, 86.0], [255.0, 87.0, 421.0, 177.0]]",[],"[[3.0, 192.0, 103.0, 400.0], [3.0, 193.0, 100.0, 398.0], [194.0, 183.0, 273.0, 291.0], [335.0, 210.0, 421.0, 303.0]]",INFORM,0.0,0.0,"{""joy"": 0.7128, ""surprise"": 0.2136, ""neutral"": 0.0363, ""anger"": 0.0234, ""sadness"": 0.0091, ""disgust"": 0.0033, ""fear"": 0.0015}"
bp_0_42_3,"not yet, panther! we didn't test you without reason! you will stay and listen to us!",[],"[[1.0, 3.0, 186.0, 104.0], [17.0, 111.0, 182.0, 187.0], [199.0, 4.0, 423.0, 86.0], [255.0, 87.0, 421.0, 177.0]]",[],"[[3.0, 192.0, 103.0, 400.0], [3.0, 193.0, 100.0, 398.0], [194.0, 183.0, 273.0, 291.0], [335.0, 210.0, 421.0, 303.0]]",,0.0,0.0,"{""anger"": 0.3899, ""neutral"": 0.2538, ""joy"": 0.1419, ""surprise"": 0.1348, ""sadness"": 0.0372, ""disgust"": 0.0224, ""fear"": 0.0201}"
bp_0_42_3,that was a real samurai you fought! his kind still exists!,[],"[[1.0, 3.0, 186.0, 104.0], [17.0, 111.0, 182.0, 187.0], [199.0, 4.0, 423.0, 86.0], [255.0, 87.0, 421.0, 177.0]]",[],"[[3.0, 192.0, 103.0, 400.0], [3.0, 193.0, 100.0, 398.0], [194.0, 183.0, 273.0, 291.0], [335.0, 210.0, 421.0, 303.0]]",,0.5,0.6000000000000001,"{""surprise"": 0.8499, ""neutral"": 0.0567, ""anger"": 0.049, ""disgust"": 0.0182, ""joy"": 0.0131, ""sadness"": 0.011, ""fear"": 0.002}"
bp_0_43_1,"very well... i shall leave you to your silly old map! goodbye, mister little!",[],"[[7.0, 8.0, 233.0, 81.0], [283.0, 25.0, 429.0, 180.0]]",[],"[[109.0, 72.0, 194.0, 210.0], [342.0, 170.0, 407.0, 234.0]]",,-0.10234375,0.46875,"{""joy"": 0.7971, ""neutral"": 0.0794, ""sadness"": 0.0633, ""surprise"": 0.0493, ""anger"": 0.0069, ""disgust"": 0.0026, ""fear"": 0.0014}"
bp_0_43_1,"wait, black panther! this map is authentic! the samurai city is not a myth!",[],"[[7.0, 8.0, 233.0, 81.0], [283.0, 25.0, 429.0, 180.0]]",[],"[[109.0, 72.0, 194.0, 210.0], [342.0, 170.0, 407.0, 234.0]]",,0.28645833333333337,0.5916666666666667,"{""surprise"": 0.4283, ""neutral"": 0.4004, ""anger"": 0.0909, ""fear"": 0.0258, ""disgust"": 0.0253, ""sadness"": 0.0184, ""joy"": 0.0109}"
bp_0_45_1,"and if you intend to include me in your plans, i'd advise you to forget it!",[],"[[4.0, 6.0, 263.0, 113.0], [281.0, 7.0, 460.0, 150.0]]",[],"[[106.0, 52.0, 174.0, 127.0], [269.0, 67.0, 339.0, 140.0]]",ORDER,0.0,0.0,"{""anger"": 0.3623, ""sadness"": 0.2092, ""neutral"": 0.1783, ""surprise"": 0.1518, ""fear"": 0.0417, ""disgust"": 0.0417, ""joy"": 0.015}"
bp_0_45_1,"as a leader of your people you should learn more about the uses of power, t'challa!",[],"[[4.0, 6.0, 263.0, 113.0], [281.0, 7.0, 460.0, 150.0]]",[],"[[106.0, 52.0, 174.0, 127.0], [269.0, 67.0, 339.0, 140.0]]",INFORM,0.625,0.5,"{""neutral"": 0.7037, ""anger"": 0.1377, ""fear"": 0.0531, ""disgust"": 0.0526, ""surprise"": 0.0254, ""joy"": 0.0221, ""sadness"": 0.0054}"
bp_0_45_3,it's real enough! this samurai's body will soon join the other oddities that grace my collection!,[],"[[20.0, 8.0, 261.0, 101.0], [311.0, 8.0, 425.0, 71.0]]",[],"[[-1.0, -1.0, -1.0, -1.0], [-1.0, -1.0, -1.0, -1.0]]",INFORM,-0.078125,0.5625,"{""surprise"": 0.6327, ""joy"": 0.1799, ""neutral"": 0.1436, ""anger"": 0.0275, ""sadness"": 0.0077, ""disgust"": 0.0056, ""fear"": 0.003}"
bp_0_45_3,cold blooped female!!,[],"[[20.0, 8.0, 261.0, 101.0], [311.0, 8.0, 425.0, 71.0]]",[],"[[-1.0, -1.0, -1.0, -1.0], [-1.0, -1.0, -1.0, -1.0]]",NOT_CLASSIFIABLE,-0.3,0.5833333333333334,"{""anger"": 0.6986, ""neutral"": 0.0918, ""disgust"": 0.0881, ""surprise"": 0.062, ""sadness"": 0.0332, ""fear"": 0.0141, ""joy"": 0.0122}"
bp_0_45_4,it's your weird band of collectors who should be kept as curiousities in these tanks! you're no longer human!,[],"[[16.0, 6.0, 269.0, 115.0], [293.0, 6.0, 451.0, 137.0]]",[],"[[106.0, 169.0, 233.0, 312.0], [249.0, 119.0, 371.0, 220.0]]",,-0.3125,0.55,"{""disgust"": 0.6923, ""surprise"": 0.1937, ""neutral"": 0.0643, ""anger"": 0.0235, ""fear"": 0.0149, ""joy"": 0.0062, ""sadness"": 0.0049}"
bp_0_45_4,"oh, we're human, all right! none of us look forward to eventual death!",[],"[[16.0, 6.0, 269.0, 115.0], [293.0, 6.0, 451.0, 137.0]]",[],"[[106.0, 169.0, 233.0, 312.0], [249.0, 119.0, 371.0, 220.0]]",,0.2232142857142857,0.31785714285714284,"{""anger"": 0.3507, ""joy"": 0.2161, ""neutral"": 0.1895, ""disgust"": 0.1127, ""surprise"": 0.0587, ""sadness"": 0.0394, ""fear"": 0.0327}"
bp_0_46_2,i can do that --with one such as you!,[],"[[4.0, 3.0, 173.0, 74.0], [222.0, 6.0, 421.0, 83.0]]",[],"[[46.0, 87.0, 220.0, 456.0], [189.0, 86.0, 453.0, 452.0]]",INFORM,0.0,0.5,"{""joy"": 0.921, ""surprise"": 0.0426, ""neutral"": 0.0145, ""sadness"": 0.0108, ""anger"": 0.0091, ""disgust"": 0.0012, ""fear"": 0.0008}"
bp_0_46_2,"can you??can you really give, instead of take!?",[],"[[4.0, 3.0, 173.0, 74.0], [222.0, 6.0, 421.0, 83.0]]",[],"[[46.0, 87.0, 220.0, 456.0], [189.0, 86.0, 453.0, 452.0]]",,0.25,0.2,"{""surprise"": 0.9249, ""anger"": 0.0367, ""neutral"": 0.0139, ""sadness"": 0.0082, ""disgust"": 0.0075, ""fear"": 0.0048, ""joy"": 0.0041}"
bp_0_48_0,"i speak of a first strike, panther! i speak of a nuclear attack which will your peace lovers off the world map!","[""to t'challa's astonishment, a great missile rises from its silo...""]","[[27.0, 38.0, 267.0, 171.0], [333.0, 47.0, 505.0, 135.0], [552.0, 34.0, 811.0, 141.0]]","[[2.0, 3.0, 753.0, 34.0]]","[[-1.0, -1.0, -1.0, -1.0], [-1.0, -1.0, -1.0, -1.0], [-1.0, -1.0, -1.0, -1.0]]",,0.390625,0.3333333333333333,"{""anger"": 0.4674, ""fear"": 0.3863, ""surprise"": 0.0578, ""joy"": 0.0569, ""sadness"": 0.0196, ""neutral"": 0.0097, ""disgust"": 0.0024}"
bp_0_48_0,y-you would dare resort to this!?,"[""to t'challa's astonishment, a great missile rises from its silo...""]","[[27.0, 38.0, 267.0, 171.0], [333.0, 47.0, 505.0, 135.0], [552.0, 34.0, 811.0, 141.0]]","[[2.0, 3.0, 753.0, 34.0]]","[[-1.0, -1.0, -1.0, -1.0], [-1.0, -1.0, -1.0, -1.0], [-1.0, -1.0, -1.0, -1.0]]",YES-NO_QUESTION,0.0,0.0,"{""anger"": 0.9174, ""fear"": 0.0331, ""surprise"": 0.0278, ""disgust"": 0.0118, ""joy"": 0.0041, ""sadness"": 0.0032, ""neutral"": 0.0026}"
bp_0_48_0,"take it from abner little, young fellow-- zanda will stop at nothing to get what she wants","[""to t'challa's astonishment, a great missile rises from its silo...""]","[[27.0, 38.0, 267.0, 171.0], [333.0, 47.0, 505.0, 135.0], [552.0, 34.0, 811.0, 141.0]]","[[2.0, 3.0, 753.0, 34.0]]","[[-1.0, -1.0, -1.0, -1.0], [-1.0, -1.0, -1.0, -1.0], [-1.0, -1.0, -1.0, -1.0]]",,0.037500000000000006,0.3333333333333333,"{""anger"": 0.5766, ""neutral"": 0.3587, ""disgust"": 0.0184, ""sadness"": 0.0161, ""fear"": 0.015, ""surprise"": 0.0077, ""joy"": 0.0075}"
bp_0_48_1,"this is the true meaning of power! as ruler of an oil-rich emirate, i have the means to enforce my every wish!",[],"[[20.0, 11.0, 299.0, 101.0], [182.0, 110.0, 289.0, 155.0], [169.0, 161.0, 294.0, 239.0], [324.0, 165.0, 465.0, 322.0]]",[],"[[67.0, 187.0, 130.0, 257.0], [67.0, 186.0, 130.0, 256.0], [68.0, 184.0, 129.0, 253.0], [271.0, 392.0, 367.0, 484.0]]",,0.546875,0.65,"{""anger"": 0.627, ""joy"": 0.1126, ""neutral"": 0.1027, ""surprise"": 0.0877, ""disgust"": 0.0504, ""fear"": 0.0118, ""sadness"": 0.0077}"
bp_0_48_1,do my bidding--,[],"[[20.0, 11.0, 299.0, 101.0], [182.0, 110.0, 289.0, 155.0], [169.0, 161.0, 294.0, 239.0], [324.0, 165.0, 465.0, 322.0]]",[],"[[67.0, 187.0, 130.0, 257.0], [67.0, 186.0, 130.0, 256.0], [68.0, 184.0, 129.0, 253.0], [271.0, 392.0, 367.0, 484.0]]",ORDER,0.0,0.0,"{""neutral"": 0.7247, ""anger"": 0.1638, ""disgust"": 0.0311, ""joy"": 0.0288, ""sadness"": 0.0256, ""fear"": 0.015, ""surprise"": 0.011}"
bp_0_48_1,--or the wakandas cease to exist!!,[],"[[20.0, 11.0, 299.0, 101.0], [182.0, 110.0, 289.0, 155.0], [169.0, 161.0, 294.0, 239.0], [324.0, 165.0, 465.0, 322.0]]",[],"[[67.0, 187.0, 130.0, 257.0], [67.0, 186.0, 130.0, 256.0], [68.0, 184.0, 129.0, 253.0], [271.0, 392.0, 367.0, 484.0]]",NOT_CLASSIFIABLE,0.0,0.0,"{""anger"": 0.4096, ""sadness"": 0.2498, ""neutral"": 0.1235, ""surprise"": 0.0783, ""fear"": 0.0638, ""disgust"": 0.0637, ""joy"": 0.0113}"
bp_0_48_1,my people ... held hostage -- by a group of mad collectors! a strange destiny indeed!,[],"[[20.0, 11.0, 299.0, 101.0], [182.0, 110.0, 289.0, 155.0], [169.0, 161.0, 294.0, 239.0], [324.0, 165.0, 465.0, 322.0]]",[],"[[67.0, 187.0, 130.0, 257.0], [67.0, 186.0, 130.0, 256.0], [68.0, 184.0, 129.0, 253.0], [271.0, 392.0, 367.0, 484.0]]",,-0.421875,0.575,"{""surprise"": 0.8247, ""anger"": 0.0739, ""fear"": 0.0343, ""sadness"": 0.0326, ""disgust"": 0.0158, ""neutral"": 0.014, ""joy"": 0.0048}"
bp_0_48_2,"and you, mister little?! most noble friend and companion... you knew about this!!?",[],"[[2.0, 2.0, 310.0, 101.0], [232.0, 84.0, 459.0, 223.0], [186.0, 219.0, 305.0, 404.0]]",[],"[[0.0, 89.0, 162.0, 478.0], [285.0, 231.0, 467.0, 513.0], [287.0, 234.0, 461.0, 514.0]]",,0.4010416666666667,0.6333333333333333,"{""surprise"": 0.8966, ""joy"": 0.0346, ""neutral"": 0.0288, ""anger"": 0.0272, ""disgust"": 0.0045, ""sadness"": 0.0042, ""fear"": 0.0042}"
bp_0_48_2,"do it, panther! not because you have no choice.. do it because men say it can't be done!",[],"[[2.0, 2.0, 310.0, 101.0], [232.0, 84.0, 459.0, 223.0], [186.0, 219.0, 305.0, 404.0]]",[],"[[0.0, 89.0, 162.0, 478.0], [285.0, 231.0, 467.0, 513.0], [287.0, 234.0, 461.0, 514.0]]",,0.0,0.0,"{""anger"": 0.8005, ""fear"": 0.0596, ""neutral"": 0.0395, ""surprise"": 0.037, ""disgust"": 0.0299, ""joy"": 0.017, ""sadness"": 0.0165}"
bp_0_48_2,you and i shall seek and find the water of immortality!!,[],"[[2.0, 2.0, 310.0, 101.0], [232.0, 84.0, 459.0, 223.0], [186.0, 219.0, 305.0, 404.0]]",[],"[[0.0, 89.0, 162.0, 478.0], [285.0, 231.0, 467.0, 513.0], [287.0, 234.0, 461.0, 514.0]]",NOT_CLASSIFIABLE,0.0,0.0,"{""neutral"": 0.4729, ""joy"": 0.3355, ""anger"": 0.0694, ""sadness"": 0.0444, ""fear"": 0.0389, ""surprise"": 0.027, ""disgust"": 0.0119}"
bp_0_49_4,"but as long as we're commited, let us make the most of this bold venture!",[],"[[7.0, 8.0, 221.0, 106.0], [264.0, 6.0, 444.0, 100.0]]",[],"[[-1.0, -1.0, -1.0, -1.0], [-1.0, -1.0, -1.0, -1.0]]",ORDER,0.2888888888888889,0.5222222222222223,"{""joy"": 0.6202, ""neutral"": 0.1898, ""anger"": 0.1431, ""fear"": 0.0149, ""surprise"": 0.0139, ""sadness"": 0.0101, ""disgust"": 0.008}"
bp_0_49_4,huh! a flight to nowhere -- a land of old stones and bones!,[],"[[7.0, 8.0, 221.0, 106.0], [264.0, 6.0, 444.0, 100.0]]",[],"[[-1.0, -1.0, -1.0, -1.0], [-1.0, -1.0, -1.0, -1.0]]",,0.125,0.2,"{""surprise"": 0.7601, ""disgust"": 0.0816, ""anger"": 0.0527, ""fear"": 0.0382, ""sadness"": 0.0334, ""neutral"": 0.0277, ""joy"": 0.0064}"
bp_0_4_0,i -- i think he intends to snatch this copter out of the air!!,['the pursuer closes rapidly with his prey! huge doors open in the mouth of the mystery plane...'],"[[243.0, 516.0, 471.0, 640.0]]","[[3.0, 5.0, 266.0, 108.0]]","[[547.0, 498.0, 694.0, 631.0]]",INFORM,0.0,0.0,"{""surprise"": 0.4627, ""anger"": 0.3465, ""fear"": 0.0659, ""sadness"": 0.0584, ""joy"": 0.0418, ""neutral"": 0.0142, ""disgust"": 0.0105}"
bp_0_50_3,wh-what's happening!? this craft has suddenly become as hot as a furnace!,[],"[[4.0, 6.0, 197.0, 148.0], [222.0, 3.0, 331.0, 102.0], [371.0, 18.0, 449.0, 85.0]]",[],"[[-1.0, -1.0, -1.0, -1.0], [-1.0, -1.0, -1.0, -1.0], [-1.0, -1.0, -1.0, -1.0]]",,0.15625,0.675,"{""surprise"": 0.9573, ""anger"": 0.0168, ""disgust"": 0.0068, ""fear"": 0.0062, ""neutral"": 0.0051, ""sadness"": 0.0047, ""joy"": 0.003}"
bp_0_50_3,look trough the window!!,[],"[[4.0, 6.0, 197.0, 148.0], [222.0, 3.0, 331.0, 102.0], [371.0, 18.0, 449.0, 85.0]]",[],"[[-1.0, -1.0, -1.0, -1.0], [-1.0, -1.0, -1.0, -1.0], [-1.0, -1.0, -1.0, -1.0]]",ORDER,0.0,0.0,"{""surprise"": 0.6737, ""anger"": 0.094, ""neutral"": 0.083, ""fear"": 0.0461, ""disgust"": 0.038, ""joy"": 0.0356, ""sadness"": 0.0296}"
bp_0_50_3,we're on fire!!,[],"[[4.0, 6.0, 197.0, 148.0], [222.0, 3.0, 331.0, 102.0], [371.0, 18.0, 449.0, 85.0]]",[],"[[-1.0, -1.0, -1.0, -1.0], [-1.0, -1.0, -1.0, -1.0], [-1.0, -1.0, -1.0, -1.0]]",INFORM,0.0,0.0,"{""anger"": 0.8515, ""surprise"": 0.0628, ""fear"": 0.0277, ""disgust"": 0.0199, ""neutral"": 0.0191, ""sadness"": 0.0149, ""joy"": 0.0042}"
bp_0_51_0,"see here, collector! i'm cold and wet and miserable--and scarcely in the mood for further conversation!",[],"[[14.0, 8.0, 185.0, 168.0], [264.0, 9.0, 452.0, 66.0]]",[],"[[-1.0, -1.0, -1.0, -1.0], [207.0, 101.0, 379.0, 267.0]]",,-0.2333333333333333,0.6333333333333333,"{""sadness"": 0.9843, ""neutral"": 0.0043, ""surprise"": 0.0036, ""anger"": 0.0033, ""joy"": 0.0026, ""disgust"": 0.0013, ""fear"": 0.0006}"
bp_0_51_0,ulp!! y-you dont't--understand--!,[],"[[14.0, 8.0, 185.0, 168.0], [264.0, 9.0, 452.0, 66.0]]",[],"[[-1.0, -1.0, -1.0, -1.0], [207.0, 101.0, 379.0, 267.0]]",,0.0,0.0,"{""surprise"": 0.4709, ""anger"": 0.2849, ""sadness"": 0.1018, ""disgust"": 0.0705, ""neutral"": 0.0344, ""fear"": 0.0237, ""joy"": 0.0137}"
bp_0_52_2,don't you see?!,[],"[[4.0, 3.0, 92.0, 77.0], [100.0, 19.0, 215.0, 91.0], [104.0, 94.0, 211.0, 194.0], [255.0, 6.0, 448.0, 81.0]]",[],"[[3.0, 94.0, 97.0, 270.0], [3.0, 95.0, 95.0, 268.0], [3.0, 93.0, 95.0, 268.0], [303.0, 87.0, 454.0, 253.0]]",YES-NO_QUESTION,0.0,0.0,"{""anger"": 0.3844, ""surprise"": 0.3783, ""disgust"": 0.1882, ""neutral"": 0.0176, ""sadness"": 0.0126, ""fear"": 0.0096, ""joy"": 0.0093}"
bp_0_52_2,we're not alone!,[],"[[4.0, 3.0, 92.0, 77.0], [100.0, 19.0, 215.0, 91.0], [104.0, 94.0, 211.0, 194.0], [255.0, 6.0, 448.0, 81.0]]",[],"[[3.0, 94.0, 97.0, 270.0], [3.0, 95.0, 95.0, 268.0], [3.0, 93.0, 95.0, 268.0], [303.0, 87.0, 454.0, 253.0]]",INFORM,0.0,0.0,"{""sadness"": 0.4647, ""surprise"": 0.2311, ""neutral"": 0.1691, ""anger"": 0.0715, ""fear"": 0.0346, ""joy"": 0.0166, ""disgust"": 0.0124}"
bp_0_52_2,there are others here!!,[],"[[4.0, 3.0, 92.0, 77.0], [100.0, 19.0, 215.0, 91.0], [104.0, 94.0, 211.0, 194.0], [255.0, 6.0, 448.0, 81.0]]",[],"[[3.0, 94.0, 97.0, 270.0], [3.0, 95.0, 95.0, 268.0], [3.0, 93.0, 95.0, 268.0], [303.0, 87.0, 454.0, 253.0]]",INFORM,0.0,0.0,"{""surprise"": 0.823, ""neutral"": 0.0718, ""joy"": 0.0695, ""anger"": 0.0187, ""sadness"": 0.0088, ""disgust"": 0.0061, ""fear"": 0.0021}"
bp_0_52_2,by the great panther totem!!,[],"[[4.0, 3.0, 92.0, 77.0], [100.0, 19.0, 215.0, 91.0], [104.0, 94.0, 211.0, 194.0], [255.0, 6.0, 448.0, 81.0]]",[],"[[3.0, 94.0, 97.0, 270.0], [3.0, 95.0, 95.0, 268.0], [3.0, 93.0, 95.0, 268.0], [303.0, 87.0, 454.0, 253.0]]",INFORM,1.0,0.75,"{""surprise"": 0.5476, ""joy"": 0.3112, ""neutral"": 0.0905, ""anger"": 0.0288, ""sadness"": 0.0091, ""fear"": 0.0088, ""disgust"": 0.004}"
bp_0_54_0,uughh!i-i'm free -!,[],"[[747.0, 7.0, 858.0, 77.0], [764.0, 335.0, 938.0, 426.0]]",[],"[[862.0, 213.0, 936.0, 287.0], [862.0, 213.0, 935.0, 283.0]]",,0.5,0.8,"{""surprise"": 0.4457, ""joy"": 0.3379, ""sadness"": 0.1085, ""neutral"": 0.052, ""anger"": 0.0404, ""disgust"": 0.0086, ""fear"": 0.0068}"
bp_0_54_0,"that took every ounce of my strength!but, it worked!",[],"[[747.0, 7.0, 858.0, 77.0], [764.0, 335.0, 938.0, 426.0]]",[],"[[862.0, 213.0, 936.0, 287.0], [862.0, 213.0, 935.0, 283.0]]",,0.0,0.0,"{""surprise"": 0.6892, ""sadness"": 0.1157, ""anger"": 0.1053, ""joy"": 0.0427, ""neutral"": 0.0225, ""disgust"": 0.0172, ""fear"": 0.0074}"
bp_0_54_3,my head!! he'll twist it completely off my shoulders----if i don't use it-- now!!,[],"[[37.0, 9.0, 451.0, 92.0]]",[],"[[163.0, 105.0, 407.0, 252.0]]",,0.15625,0.4,"{""anger"": 0.6853, ""surprise"": 0.1079, ""fear"": 0.0757, ""disgust"": 0.059, ""sadness"": 0.0312, ""neutral"": 0.0284, ""joy"": 0.0125}"
bp_0_55_3,he's stopped in his tracks -- but he won't go down!,[],"[[127.0, 6.0, 319.0, 82.0], [327.0, 8.0, 458.0, 153.0]]",[],"[[102.0, 65.0, 172.0, 142.0], [302.0, 195.0, 409.0, 329.0]]",INFORM,-0.19444444444444445,0.2888888888888889,"{""anger"": 0.6398, ""sadness"": 0.1232, ""surprise"": 0.0739, ""neutral"": 0.0681, ""fear"": 0.057, ""disgust"": 0.0301, ""joy"": 0.0079}"
bp_0_55_3,a few more shots will tell the tale! he must have a vital spot!,[],"[[127.0, 6.0, 319.0, 82.0], [327.0, 8.0, 458.0, 153.0]]",[],"[[102.0, 65.0, 172.0, 142.0], [302.0, 195.0, 409.0, 329.0]]",,0.18333333333333335,0.3333333333333333,"{""neutral"": 0.5082, ""joy"": 0.3361, ""surprise"": 0.0983, ""anger"": 0.032, ""fear"": 0.0107, ""sadness"": 0.0101, ""disgust"": 0.0045}"
bp_0_55_5,you've only aroused him to full fury! he'll crush us like mice!,[],"[[123.0, 5.0, 284.0, 109.0], [307.0, 5.0, 452.0, 123.0]]",[],"[[-1.0, -1.0, -1.0, -1.0], [210.0, 146.0, 267.0, 213.0]]",,0.21562499999999998,0.7166666666666668,"{""anger"": 0.9885, ""disgust"": 0.0034, ""neutral"": 0.0029, ""fear"": 0.0022, ""surprise"": 0.0015, ""sadness"": 0.0011, ""joy"": 0.0005}"
bp_0_55_5,he'll finish us at any rate-- if we don't find a way to get him first!,[],"[[123.0, 5.0, 284.0, 109.0], [307.0, 5.0, 452.0, 123.0]]",[],"[[-1.0, -1.0, -1.0, -1.0], [210.0, 146.0, 267.0, 213.0]]",,0.3125,0.3333333333333333,"{""anger"": 0.8299, ""neutral"": 0.0678, ""disgust"": 0.0483, ""sadness"": 0.0147, ""surprise"": 0.0136, ""fear"": 0.0132, ""joy"": 0.0125}"
bp_0_56_4,"you've got it, mister little, the ball is yours!",[],"[[303.0, 73.0, 457.0, 158.0], [367.0, 162.0, 463.0, 242.0]]",[],"[[228.0, 97.0, 265.0, 155.0], [395.0, 241.0, 425.0, 259.0]]",INFORM,-0.234375,0.5,"{""joy"": 0.3069, ""anger"": 0.277, ""neutral"": 0.2438, ""surprise"": 0.0996, ""disgust"": 0.0486, ""sadness"": 0.0158, ""fear"": 0.0083}"
bp_0_56_4,"i-it's mad,but i'll do it!",[],"[[303.0, 73.0, 457.0, 158.0], [367.0, 162.0, 463.0, 242.0]]",[],"[[228.0, 97.0, 265.0, 155.0], [395.0, 241.0, 425.0, 259.0]]",,0.0,0.0,"{""anger"": 0.6804, ""sadness"": 0.1906, ""surprise"": 0.0549, ""neutral"": 0.0217, ""joy"": 0.021, ""disgust"": 0.0187, ""fear"": 0.0128}"
bp_0_57_1,"we've done it, mister little! you can come out now!",[],"[[4.0, 2.0, 180.0, 97.0]]",[],"[[-1.0, -1.0, -1.0, -1.0]]",,-0.29296875,0.5,"{""joy"": 0.4805, ""surprise"": 0.1724, ""neutral"": 0.1462, ""anger"": 0.129, ""sadness"": 0.0383, ""disgust"": 0.0265, ""fear"": 0.0072}"
bp_0_57_3,the gateway to the hidden samurai city can't be far!our lives depend on finding it!,[],"[[5.0, 8.0, 178.0, 133.0], [21.0, 165.0, 157.0, 239.0], [263.0, 5.0, 420.0, 71.0]]",[],"[[3.0, 335.0, 139.0, 466.0], [3.0, 337.0, 138.0, 452.0], [195.0, 111.0, 462.0, 421.0]]",,-0.20833333333333331,0.3333333333333333,"{""surprise"": 0.4178, ""neutral"": 0.3303, ""joy"": 0.1518, ""anger"": 0.0519, ""fear"": 0.0276, ""sadness"": 0.0187, ""disgust"": 0.0018}"
bp_0_57_3,if only the map hadn't been lost that--,[],"[[5.0, 8.0, 178.0, 133.0], [21.0, 165.0, 157.0, 239.0], [263.0, 5.0, 420.0, 71.0]]",[],"[[3.0, 335.0, 139.0, 466.0], [3.0, 337.0, 138.0, 452.0], [195.0, 111.0, 462.0, 421.0]]",NOT_CLASSIFIABLE,0.0,1.0,"{""sadness"": 0.3705, ""neutral"": 0.3172, ""anger"": 0.1036, ""surprise"": 0.0961, ""fear"": 0.0589, ""disgust"": 0.047, ""joy"": 0.0068}"
bp_0_57_3,hold it--! we may have a guide!,[],"[[5.0, 8.0, 178.0, 133.0], [21.0, 165.0, 157.0, 239.0], [263.0, 5.0, 420.0, 71.0]]",[],"[[3.0, 335.0, 139.0, 466.0], [3.0, 337.0, 138.0, 452.0], [195.0, 111.0, 462.0, 421.0]]",,0.0,0.0,"{""anger"": 0.4795, ""neutral"": 0.2726, ""joy"": 0.0867, ""surprise"": 0.0716, ""disgust"": 0.0435, ""fear"": 0.0328, ""sadness"": 0.0134}"
bp_0_59_1,yes! we know! we also know that the samurai code forbids the slaying of unarmed opponents!,[],"[[3.0, 3.0, 198.0, 181.0], [216.0, 62.0, 321.0, 245.0]]",[],"[[86.0, 229.0, 141.0, 305.0], [334.0, 137.0, 464.0, 348.0]]",,0.0,0.0,"{""anger"": 0.2849, ""neutral"": 0.2537, ""disgust"": 0.1652, ""surprise"": 0.1618, ""joy"": 0.0994, ""sadness"": 0.0175, ""fear"": 0.0175}"
bp_0_59_1,"that is so, fat little fly! but destiny has changed its meaning!",[],"[[3.0, 3.0, 198.0, 181.0], [216.0, 62.0, 321.0, 245.0]]",[],"[[86.0, 229.0, 141.0, 305.0], [334.0, 137.0, 464.0, 348.0]]",,0.40625,0.7,"{""surprise"": 0.4524, ""neutral"": 0.1763, ""anger"": 0.1336, ""disgust"": 0.1049, ""sadness"": 0.0634, ""joy"": 0.0555, ""fear"": 0.014}"
bp_0_59_4,that is--if you're truly what you claim to be! the ronin samurai are known to have died centuries ago!,[],"[[8.0, 9.0, 314.0, 137.0], [314.0, 9.0, 452.0, 237.0]]",[],"[[96.0, 63.0, 155.0, 132.0], [-1.0, -1.0, -1.0, -1.0]]",,0.0,0.0,"{""surprise"": 0.5689, ""neutral"": 0.256, ""anger"": 0.0983, ""disgust"": 0.0409, ""sadness"": 0.0162, ""joy"": 0.0141, ""fear"": 0.0056}"
bp_0_59_4,your tongue is as oily as your purpose here! you know that we have survived the centuries!,[],"[[8.0, 9.0, 314.0, 137.0], [314.0, 9.0, 452.0, 237.0]]",[],"[[96.0, 63.0, 155.0, 132.0], [-1.0, -1.0, -1.0, -1.0]]",,0.0,0.0,"{""anger"": 0.4615, ""disgust"": 0.4015, ""neutral"": 0.0835, ""surprise"": 0.02, ""sadness"": 0.0137, ""joy"": 0.012, ""fear"": 0.0079}"
bp_0_5_2,he's been blown to bits!! the blast almost took us with him! I'm surprised that your copter still has all its rivets!!,[],"[[58.0, 4.0, 418.0, 86.0], [252.0, 99.0, 458.0, 215.0]]",[],"[[4.0, 95.0, 244.0, 418.0], [191.0, 358.0, 307.0, 456.0]]",,0.15625,0.9,"{""surprise"": 0.9696, ""anger"": 0.0129, ""neutral"": 0.0053, ""disgust"": 0.0052, ""sadness"": 0.003, ""fear"": 0.0024, ""joy"": 0.0016}"
bp_0_5_2,"it's a sturdy craft, i assure you! abner little's equipment is unequalled for quality!",[],"[[58.0, 4.0, 418.0, 86.0], [252.0, 99.0, 458.0, 215.0]]",[],"[[4.0, 95.0, 244.0, 418.0], [191.0, 358.0, 307.0, 456.0]]",,-0.234375,0.5,"{""joy"": 0.4755, ""surprise"": 0.248, ""neutral"": 0.2472, ""anger"": 0.0161, ""sadness"": 0.0066, ""disgust"": 0.0045, ""fear"": 0.002}"
bp_0_60_3,i admit that your strategy of distracting him with conversation was well planned!,[],"[[0.0, 2.0, 240.0, 119.0], [240.0, 1.0, 420.0, 100.0], [1.0, 120.0, 215.0, 253.0]]",[],"[[81.0, 245.0, 152.0, 316.0], [237.0, 123.0, 361.0, 327.0], [82.0, 245.0, 150.0, 314.0]]",INFORM,0.0,0.0,"{""joy"": 0.9444, ""anger"": 0.0385, ""surprise"": 0.0085, ""sadness"": 0.0036, ""neutral"": 0.003, ""fear"": 0.001, ""disgust"": 0.0009}"
bp_0_60_3,who would criticize such flawless timing?,[],"[[0.0, 2.0, 240.0, 119.0], [240.0, 1.0, 420.0, 100.0], [1.0, 120.0, 215.0, 253.0]]",[],"[[81.0, 245.0, 152.0, 316.0], [237.0, 123.0, 361.0, 327.0], [82.0, 245.0, 150.0, 314.0]]",WHY_QUESTION,0.5,0.75,"{""surprise"": 0.591, ""anger"": 0.2316, ""neutral"": 0.1006, ""disgust"": 0.0645, ""fear"": 0.0058, ""sadness"": 0.0053, ""joy"": 0.0013}"
bp_0_60_3,--but clumsily carried out! i trust that you realise the value of my sterling assistance!,[],"[[0.0, 2.0, 240.0, 119.0], [240.0, 1.0, 420.0, 100.0], [1.0, 120.0, 215.0, 253.0]]",[],"[[81.0, 245.0, 152.0, 316.0], [237.0, 123.0, 361.0, 327.0], [82.0, 245.0, 150.0, 314.0]]",INFORM,-0.46875,0.4,"{""joy"": 0.9756, ""neutral"": 0.0113, ""surprise"": 0.0052, ""anger"": 0.0037, ""sadness"": 0.0016, ""disgust"": 0.0015, ""fear"": 0.001}"
bp_0_61_1,"i am t'challa, ruler of the wakandas!",[],"[[8.0, 0.0, 293.0, 47.0], [116.0, 49.0, 267.0, 156.0], [110.0, 161.0, 267.0, 295.0], [297.0, 3.0, 447.0, 78.0], [320.0, 73.0, 427.0, 132.0]]",[],"[[2.0, 49.0, 105.0, 277.0], [3.0, 49.0, 104.0, 273.0], [3.0, 49.0, 102.0, 273.0], [273.0, 139.0, 446.0, 316.0], [274.0, 137.0, 444.0, 314.0]]",INFORM,0.0,0.0,"{""joy"": 0.4417, ""anger"": 0.2822, ""surprise"": 0.1778, ""neutral"": 0.04, ""sadness"": 0.0376, ""fear"": 0.0166, ""disgust"": 0.0041}"
bp_0_61_1,it is no disgrace to lose a fight at my hands!,[],"[[8.0, 0.0, 293.0, 47.0], [116.0, 49.0, 267.0, 156.0], [110.0, 161.0, 267.0, 295.0], [297.0, 3.0, 447.0, 78.0], [320.0, 73.0, 427.0, 132.0]]",[],"[[2.0, 49.0, 105.0, 277.0], [3.0, 49.0, 104.0, 273.0], [3.0, 49.0, 102.0, 273.0], [273.0, 139.0, 446.0, 316.0], [274.0, 137.0, 444.0, 314.0]]",INFORM,0.0,0.0,"{""anger"": 0.4822, ""disgust"": 0.2986, ""sadness"": 0.1864, ""neutral"": 0.0172, ""surprise"": 0.0084, ""fear"": 0.0043, ""joy"": 0.0029}"
bp_0_61_1,besides... you were merely deceived by a desperate ruse!,[],"[[8.0, 0.0, 293.0, 47.0], [116.0, 49.0, 267.0, 156.0], [110.0, 161.0, 267.0, 295.0], [297.0, 3.0, 447.0, 78.0], [320.0, 73.0, 427.0, 132.0]]",[],"[[2.0, 49.0, 105.0, 277.0], [3.0, 49.0, 104.0, 273.0], [3.0, 49.0, 102.0, 273.0], [273.0, 139.0, 446.0, 316.0], [274.0, 137.0, 444.0, 314.0]]",INFORM,-0.625,0.75,"{""anger"": 0.717, ""disgust"": 0.1725, ""neutral"": 0.0478, ""sadness"": 0.0244, ""fear"": 0.0239, ""surprise"": 0.0124, ""joy"": 0.0021}"
bp_0_61_1,no matter! i've failed in my duty!,[],"[[8.0, 0.0, 293.0, 47.0], [116.0, 49.0, 267.0, 156.0], [110.0, 161.0, 267.0, 295.0], [297.0, 3.0, 447.0, 78.0], [320.0, 73.0, 427.0, 132.0]]",[],"[[2.0, 49.0, 105.0, 277.0], [3.0, 49.0, 104.0, 273.0], [3.0, 49.0, 102.0, 273.0], [273.0, 139.0, 446.0, 316.0], [274.0, 137.0, 444.0, 314.0]]",,-0.625,0.3,"{""anger"": 0.884, ""disgust"": 0.0575, ""sadness"": 0.0306, ""fear"": 0.0104, ""neutral"": 0.0088, ""surprise"": 0.006, ""joy"": 0.0028}"
bp_0_61_1,i must die--!,[],"[[8.0, 0.0, 293.0, 47.0], [116.0, 49.0, 267.0, 156.0], [110.0, 161.0, 267.0, 295.0], [297.0, 3.0, 447.0, 78.0], [320.0, 73.0, 427.0, 132.0]]",[],"[[2.0, 49.0, 105.0, 277.0], [3.0, 49.0, 104.0, 273.0], [3.0, 49.0, 102.0, 273.0], [273.0, 139.0, 446.0, 316.0], [274.0, 137.0, 444.0, 314.0]]",INFORM,0.0,0.0,"{""sadness"": 0.8615, ""anger"": 0.0836, ""joy"": 0.0179, ""surprise"": 0.0153, ""neutral"": 0.0096, ""fear"": 0.0089, ""disgust"": 0.0032}"
bp_0_61_2,"you don't understand, stranger...to lose one's sword so shamefully is a total disgrace!",[],"[[4.0, 3.0, 184.0, 159.0], [185.0, 2.0, 345.0, 90.0], [374.0, 9.0, 455.0, 193.0]]",[],"[[99.0, 100.0, 160.0, 163.0], [206.0, 85.0, 270.0, 143.0], [348.0, 226.0, 425.0, 299.0]]",,0.0,0.75,"{""disgust"": 0.8674, ""anger"": 0.0714, ""sadness"": 0.0266, ""neutral"": 0.0161, ""surprise"": 0.0091, ""fear"": 0.0083, ""joy"": 0.001}"
bp_0_61_2,sorry -- but it must stay in my keeping!,[],"[[4.0, 3.0, 184.0, 159.0], [185.0, 2.0, 345.0, 90.0], [374.0, 9.0, 455.0, 193.0]]",[],"[[99.0, 100.0, 160.0, 163.0], [206.0, 85.0, 270.0, 143.0], [348.0, 226.0, 425.0, 299.0]]",FEEDBACK,-0.625,1.0,"{""sadness"": 0.889, ""neutral"": 0.0438, ""surprise"": 0.0418, ""disgust"": 0.0092, ""joy"": 0.0077, ""anger"": 0.0045, ""fear"": 0.0039}"
bp_0_61_2,poor fellow.i know what he means by shabby treatment!,[],"[[4.0, 3.0, 184.0, 159.0], [185.0, 2.0, 345.0, 90.0], [374.0, 9.0, 455.0, 193.0]]",[],"[[99.0, 100.0, 160.0, 163.0], [206.0, 85.0, 270.0, 143.0], [348.0, 226.0, 425.0, 299.0]]",,-0.5,0.6,"{""sadness"": 0.7092, ""surprise"": 0.1852, ""disgust"": 0.0403, ""anger"": 0.0305, ""neutral"": 0.0183, ""joy"": 0.0136, ""fear"": 0.0028}"
bp_0_62_0,we samurais have not centuries without keeping abreast of your technical achievements!,"['to the astonishment of his onlookers, the warrior unleashes a laser beam...']","[[5.0, 81.0, 347.0, 167.0], [717.0, 28.0, 934.0, 169.0], [765.0, 178.0, 936.0, 287.0]]","[[2.0, 2.0, 459.0, 48.0]]","[[121.0, 179.0, 276.0, 328.0], [654.0, 160.0, 699.0, 224.0], [812.0, 299.0, 852.0, 346.0]]",INFORM,0.0,0.1,"{""neutral"": 0.4834, ""anger"": 0.1913, ""surprise"": 0.1827, ""joy"": 0.0953, ""sadness"": 0.0199, ""disgust"": 0.018, ""fear"": 0.0094}"
bp_0_62_0,incredible!an ancient culture has kept it's traditions intact in a world of modern wonders!,"['to the astonishment of his onlookers, the warrior unleashes a laser beam...']","[[5.0, 81.0, 347.0, 167.0], [717.0, 28.0, 934.0, 169.0], [765.0, 178.0, 936.0, 287.0]]","[[2.0, 2.0, 459.0, 48.0]]","[[121.0, 179.0, 276.0, 328.0], [654.0, 160.0, 699.0, 224.0], [812.0, 299.0, 852.0, 346.0]]",,0.25,0.3,"{""surprise"": 0.8732, ""joy"": 0.0644, ""neutral"": 0.0408, ""anger"": 0.0122, ""sadness"": 0.0041, ""fear"": 0.0032, ""disgust"": 0.0021}"
bp_0_62_0,the laser ray is making contact with that exposed device!,"['to the astonishment of his onlookers, the warrior unleashes a laser beam...']","[[5.0, 81.0, 347.0, 167.0], [717.0, 28.0, 934.0, 169.0], [765.0, 178.0, 936.0, 287.0]]","[[2.0, 2.0, 459.0, 48.0]]","[[121.0, 179.0, 276.0, 328.0], [654.0, 160.0, 699.0, 224.0], [812.0, 299.0, 852.0, 346.0]]",INFORM,0.0,0.0,"{""anger"": 0.4356, ""surprise"": 0.41, ""disgust"": 0.073, ""neutral"": 0.0296, ""sadness"": 0.0223, ""fear"": 0.02, ""joy"": 0.0095}"
bp_0_63_4,that's the largest gong i've ever seen.,['then...'],"[[4.0, 287.0, 128.0, 368.0], [320.0, 291.0, 454.0, 372.0]]","[[2.0, 3.0, 96.0, 31.0]]","[[109.0, 379.0, 137.0, 406.0], [238.0, 354.0, 289.0, 385.0]]",INFORM,0.0,0.0,"{""surprise"": 0.8238, ""neutral"": 0.1011, ""joy"": 0.0507, ""disgust"": 0.0126, ""anger"": 0.0067, ""fear"": 0.003, ""sadness"": 0.0022}"
bp_0_63_4,"stay back, outsiders! this must be done!",['then...'],"[[4.0, 287.0, 128.0, 368.0], [320.0, 291.0, 454.0, 372.0]]","[[2.0, 3.0, 96.0, 31.0]]","[[109.0, 379.0, 137.0, 406.0], [238.0, 354.0, 289.0, 385.0]]",,0.0,0.0,"{""anger"": 0.5525, ""fear"": 0.1423, ""sadness"": 0.1388, ""neutral"": 0.0651, ""surprise"": 0.0493, ""disgust"": 0.0418, ""joy"": 0.0103}"
bp_0_64_2,the echoes from tha gong are bursting my skull! i must find surcease from these devilish customs!,[],"[[5.0, 2.0, 274.0, 120.0], [313.0, 4.0, 468.0, 111.0]]",[],"[[113.0, 95.0, 323.0, 368.0], [-1.0, -1.0, -1.0, -1.0]]",INFORM,0.0,0.0,"{""fear"": 0.7216, ""anger"": 0.1868, ""sadness"": 0.0357, ""disgust"": 0.0245, ""joy"": 0.0118, ""surprise"": 0.0101, ""neutral"": 0.0095}"
bp_0_64_2,"personally, i look forward to a six month headache!",[],"[[5.0, 2.0, 274.0, 120.0], [313.0, 4.0, 468.0, 111.0]]",[],"[[113.0, 95.0, 323.0, 368.0], [-1.0, -1.0, -1.0, -1.0]]",INFORM,0.0,0.3,"{""sadness"": 0.88, ""surprise"": 0.0356, ""fear"": 0.0245, ""joy"": 0.0199, ""anger"": 0.0191, ""neutral"": 0.0156, ""disgust"": 0.0053}"
bp_0_64_4,"we've got to move quickly, t'challa! we must locate the prize we came for -- and depart before these rituals kill us!",[],"[[7.0, 7.0, 234.0, 208.0], [326.0, 7.0, 451.0, 151.0]]",[],"[[54.0, 220.0, 212.0, 368.0], [222.0, 15.0, 333.0, 147.0]]",,0.5208333333333333,0.5,"{""fear"": 0.4643, ""anger"": 0.2383, ""neutral"": 0.1925, ""surprise"": 0.0471, ""sadness"": 0.0324, ""disgust"": 0.0133, ""joy"": 0.012}"
bp_0_64_4,"the rituals don't concern me anymore... turn around, mister little.",[],"[[7.0, 7.0, 234.0, 208.0], [326.0, 7.0, 451.0, 151.0]]",[],"[[54.0, 220.0, 212.0, 368.0], [222.0, 15.0, 333.0, 147.0]]",,-0.1875,0.5,"{""neutral"": 0.3689, ""sadness"": 0.2026, ""anger"": 0.1608, ""fear"": 0.1285, ""disgust"": 0.0824, ""surprise"": 0.0331, ""joy"": 0.0238}"
bp_0_65_0,death to those who serve the ruler!,"[""meanwhile, in the tribal kingdom of wakandas, tragedy strikes the people of t'challa!""]","[[2.0, 82.0, 137.0, 179.0], [311.0, 67.0, 455.0, 136.0], [633.0, 10.0, 749.0, 75.0]]","[[7.0, 3.0, 418.0, 66.0]]","[[-1.0, -1.0, -1.0, -1.0], [183.0, 91.0, 289.0, 171.0], [821.0, 23.0, 881.0, 92.0]]",INFORM,0.0,0.0,"{""anger"": 0.6502, ""disgust"": 0.2668, ""sadness"": 0.0459, ""surprise"": 0.0142, ""neutral"": 0.0121, ""fear"": 0.0087, ""joy"": 0.0021}"
bp_0_65_0,no! don't! this is treason!,"[""meanwhile, in the tribal kingdom of wakandas, tragedy strikes the people of t'challa!""]","[[2.0, 82.0, 137.0, 179.0], [311.0, 67.0, 455.0, 136.0], [633.0, 10.0, 749.0, 75.0]]","[[7.0, 3.0, 418.0, 66.0]]","[[-1.0, -1.0, -1.0, -1.0], [183.0, 91.0, 289.0, 171.0], [821.0, 23.0, 881.0, 92.0]]",,0.0,0.0,"{""anger"": 0.759, ""fear"": 0.1744, ""disgust"": 0.0465, ""sadness"": 0.0094, ""neutral"": 0.0056, ""surprise"": 0.0031, ""joy"": 0.0021}"
bp_0_65_0,warn the regent!ugh--!,"[""meanwhile, in the tribal kingdom of wakandas, tragedy strikes the people of t'challa!""]","[[2.0, 82.0, 137.0, 179.0], [311.0, 67.0, 455.0, 136.0], [633.0, 10.0, 749.0, 75.0]]","[[7.0, 3.0, 418.0, 66.0]]","[[-1.0, -1.0, -1.0, -1.0], [183.0, 91.0, 289.0, 171.0], [821.0, 23.0, 881.0, 92.0]]",,0.0,0.0,"{""anger"": 0.352, ""fear"": 0.2797, ""sadness"": 0.2006, ""neutral"": 0.0564, ""disgust"": 0.0495, ""surprise"": 0.0468, ""joy"": 0.015}"
bp_0_65_4,"stand where you are, n'gassi! we're taking charge --and stripping you of your duties!",[],"[[13.0, 5.0, 228.0, 115.0], [243.0, 7.0, 457.0, 138.0]]",[],"[[-1.0, -1.0, -1.0, -1.0], [343.0, 94.0, 386.0, 150.0]]",,0.0,0.0,"{""anger"": 0.8555, ""disgust"": 0.0429, ""fear"": 0.03, ""surprise"": 0.0279, ""neutral"": 0.0259, ""sadness"": 0.0095, ""joy"": 0.0083}"
bp_0_65_4,"only t'challa can do that! until he returns, i alone am entrusted with the affairs of this domain!",[],"[[13.0, 5.0, 228.0, 115.0], [243.0, 7.0, 457.0, 138.0]]",[],"[[-1.0, -1.0, -1.0, -1.0], [343.0, 94.0, 386.0, 150.0]]",FEEDBACK,0.0,1.0,"{""anger"": 0.4566, ""sadness"": 0.2555, ""fear"": 0.1293, ""neutral"": 0.0751, ""surprise"": 0.04, ""disgust"": 0.0333, ""joy"": 0.0101}"
bp_0_66_1,long live general jakarra -- ruler of the wakandas and first guardian of the panther cult!,[],"[[27.0, 5.0, 416.0, 76.0], [171.0, 69.0, 339.0, 177.0]]",[],"[[10.0, 77.0, 123.0, 182.0], [160.0, 194.0, 271.0, 343.0]]",NOT_CLASSIFIABLE,0.11221590909090909,0.4333333333333333,"{""surprise"": 0.4143, ""neutral"": 0.3243, ""joy"": 0.2162, ""anger"": 0.0266, ""sadness"": 0.0111, ""fear"": 0.005, ""disgust"": 0.0026}"
bp_0_66_1,"a rather impressive title, eh n'gassi?",[],"[[27.0, 5.0, 416.0, 76.0], [171.0, 69.0, 339.0, 177.0]]",[],"[[10.0, 77.0, 123.0, 182.0], [160.0, 194.0, 271.0, 343.0]]",YES-NO_QUESTION,1.0,1.0,"{""surprise"": 0.7877, ""joy"": 0.1402, ""neutral"": 0.0513, ""anger"": 0.0094, ""fear"": 0.0054, ""disgust"": 0.0038, ""sadness"": 0.0023}"
bp_0_66_3,it was wasted on one such as t'challa! it's time for the wakanda name to achieve new and greated prominence!,[],"[[3.0, 9.0, 180.0, 237.0], [260.0, 3.0, 457.0, 163.0]]",[],"[[58.0, 333.0, 150.0, 452.0], [229.0, 196.0, 331.0, 321.0]]",,-0.009848484848484856,0.3181818181818182,"{""sadness"": 0.3882, ""anger"": 0.2601, ""neutral"": 0.1994, ""surprise"": 0.06, ""joy"": 0.0468, ""disgust"": 0.0427, ""fear"": 0.0028}"
bp_0_66_3,your cursed envy of t'challa will lead us all to destruction! i warn you -- be content with the rank you've earned!,[],"[[3.0, 9.0, 180.0, 237.0], [260.0, 3.0, 457.0, 163.0]]",[],"[[58.0, 333.0, 150.0, 452.0], [229.0, 196.0, 331.0, 321.0]]",,-1.0,0.9,"{""anger"": 0.8468, ""neutral"": 0.0538, ""disgust"": 0.0295, ""joy"": 0.0242, ""sadness"": 0.0241, ""surprise"": 0.0145, ""fear"": 0.0072}"
bp_0_67_1,"however, if t'challa does win this match, it would be sporting of you to give us a sample of your water of immortality!!",[],"[[9.0, 11.0, 188.0, 169.0], [199.0, 9.0, 310.0, 181.0]]",[],"[[61.0, 239.0, 220.0, 398.0], [293.0, 77.0, 419.0, 392.0]]",NOT_CLASSIFIABLE,1.0,0.4,"{""joy"": 0.4072, ""neutral"": 0.3829, ""surprise"": 0.0752, ""anger"": 0.0713, ""disgust"": 0.0392, ""sadness"": 0.0128, ""fear"": 0.0115}"
bp_0_67_1,it is the vain dream of all outsiders who seek out this domain!,[],"[[9.0, 11.0, 188.0, 169.0], [199.0, 9.0, 310.0, 181.0]]",[],"[[61.0, 239.0, 220.0, 398.0], [293.0, 77.0, 419.0, 392.0]]",INFORM,0.0,0.0,"{""anger"": 0.5797, ""disgust"": 0.1153, ""neutral"": 0.0937, ""sadness"": 0.0915, ""surprise"": 0.0557, ""fear"": 0.0539, ""joy"": 0.0102}"
bp_0_67_4,"what does he mean, mister little? i detect a grudge fight in the offing!",[],"[[3.0, 4.0, 285.0, 130.0], [300.0, 1.0, 454.0, 83.0], [299.0, 82.0, 456.0, 188.0]]",[],"[[45.0, 47.0, 147.0, 173.0], [191.0, 179.0, 424.0, 404.0], [190.0, 180.0, 421.0, 403.0]]",,-0.2734375,0.59375,"{""anger"": 0.9358, ""disgust"": 0.0342, ""neutral"": 0.011, ""sadness"": 0.0075, ""fear"": 0.005, ""surprise"": 0.0048, ""joy"": 0.0017}"
bp_0_67_4,"it's nothing you can't handle, t'challa!",[],"[[3.0, 4.0, 285.0, 130.0], [300.0, 1.0, 454.0, 83.0], [299.0, 82.0, 456.0, 188.0]]",[],"[[45.0, 47.0, 147.0, 173.0], [191.0, 179.0, 424.0, 404.0], [190.0, 180.0, 421.0, 403.0]]",FEEDBACK,0.0,0.0,"{""anger"": 0.6728, ""disgust"": 0.0918, ""fear"": 0.088, ""surprise"": 0.0671, ""sadness"": 0.0458, ""neutral"": 0.024, ""joy"": 0.0106}"
bp_0_67_4,in the land of the ronin we live by shinzu's word!,[],"[[3.0, 4.0, 285.0, 130.0], [300.0, 1.0, 454.0, 83.0], [299.0, 82.0, 456.0, 188.0]]",[],"[[45.0, 47.0, 147.0, 173.0], [191.0, 179.0, 424.0, 404.0], [190.0, 180.0, 421.0, 403.0]]",FEEDBACK,0.17045454545454544,0.5,"{""neutral"": 0.3148, ""joy"": 0.2622, ""surprise"": 0.246, ""anger"": 0.1471, ""sadness"": 0.0121, ""disgust"": 0.0118, ""fear"": 0.006}"
bp_0_68_1,you shall fight again with the fist against one schooled in the art.,[],"[[6.0, 9.0, 193.0, 105.0], [5.0, 130.0, 216.0, 270.0]]",[],"[[-1.0, -1.0, -1.0, -1.0], [-1.0, -1.0, -1.0, -1.0]]",INFORM,0.0,0.0,"{""anger"": 0.9695, ""fear"": 0.0099, ""neutral"": 0.0098, ""disgust"": 0.0044, ""sadness"": 0.0037, ""joy"": 0.0016, ""surprise"": 0.0011}"
bp_0_68_1,win or lose--it will be your worthiness as a foe which will prove akiro's right to remain as a ronin!,[],"[[6.0, 9.0, 193.0, 105.0], [5.0, 130.0, 216.0, 270.0]]",[],"[[-1.0, -1.0, -1.0, -1.0], [-1.0, -1.0, -1.0, -1.0]]",INFORM,0.5785714285714285,0.46785714285714286,"{""neutral"": 0.4299, ""anger"": 0.2803, ""joy"": 0.1956, ""surprise"": 0.0363, ""disgust"": 0.0319, ""fear"": 0.0184, ""sadness"": 0.0076}"
bp_0_69_0,the panther has all the lowly virtues of the rat and the eel!,[],"[[5.0, 4.0, 160.0, 125.0], [346.0, 244.0, 454.0, 417.0]]",[],"[[149.0, 70.0, 213.0, 121.0], [257.0, 131.0, 358.0, 230.0]]",INFORM,0.0,0.3,"{""disgust"": 0.7995, ""neutral"": 0.0607, ""anger"": 0.0604, ""sadness"": 0.0356, ""fear"": 0.02, ""surprise"": 0.0178, ""joy"": 0.0061}"
bp_0_69_0,"i'll clear up your confusion, once i adjust this ritual hood!",[],"[[5.0, 4.0, 160.0, 125.0], [346.0, 244.0, 454.0, 417.0]]",[],"[[149.0, 70.0, 213.0, 121.0], [257.0, 131.0, 358.0, 230.0]]",,0.12499999999999999,0.3833333333333333,"{""neutral"": 0.7026, ""anger"": 0.1118, ""sadness"": 0.0909, ""joy"": 0.0363, ""fear"": 0.0306, ""surprise"": 0.0173, ""disgust"": 0.0105}"
bp_0_69_5,t'challa seems to have seized controll of the battle!,['the cruelling battle continues in a wearing test of strength and stamina!'],"[[9.0, 221.0, 140.0, 319.0]]","[[4.0, 1.0, 265.0, 90.0]]","[[34.0, 332.0, 102.0, 406.0]]",INFORM,0.0,0.0,"{""surprise"": 0.5299, ""neutral"": 0.198, ""anger"": 0.1833, ""joy"": 0.0322, ""disgust"": 0.0229, ""fear"": 0.0208, ""sadness"": 0.0129}"
bp_0_6_2,"they want us to land, mister little. they mean business!",['the jet-packers keep pace with the copter like an aerial escort. they point their weapons and signal for surrender!'],"[[208.0, 74.0, 462.0, 167.0]]","[[3.0, 2.0, 463.0, 61.0]]","[[204.0, 121.0, 330.0, 237.0]]",,-0.2890625,0.59375,"{""anger"": 0.7026, ""disgust"": 0.1903, ""neutral"": 0.041, ""surprise"": 0.0265, ""joy"": 0.0186, ""sadness"": 0.0123, ""fear"": 0.0087}"
bp_0_70_1,they're leaving! this is the opportunity i've been waiting for!,['then ...'],"[[7.0, 40.0, 194.0, 136.0], [208.0, 5.0, 349.0, 89.0], [258.0, 271.0, 425.0, 387.0]]","[[4.0, 4.0, 98.0, 36.0]]","[[45.0, 153.0, 137.0, 202.0], [191.0, 95.0, 251.0, 137.0], [269.0, 80.0, 322.0, 115.0]]",,0.0,0.0,"{""surprise"": 0.6909, ""joy"": 0.1588, ""neutral"": 0.0935, ""anger"": 0.0317, ""sadness"": 0.0201, ""disgust"": 0.0027, ""fear"": 0.0023}"
bp_0_70_1,"let us see to our duties, senji.",['then ...'],"[[7.0, 40.0, 194.0, 136.0], [208.0, 5.0, 349.0, 89.0], [258.0, 271.0, 425.0, 387.0]]","[[4.0, 4.0, 98.0, 36.0]]","[[45.0, 153.0, 137.0, 202.0], [191.0, 95.0, 251.0, 137.0], [269.0, 80.0, 322.0, 115.0]]",ORDER,0.0,0.0,"{""neutral"": 0.8498, ""disgust"": 0.0648, ""anger"": 0.0407, ""sadness"": 0.0188, ""joy"": 0.0163, ""fear"": 0.0069, ""surprise"": 0.0027}"
bp_0_70_1,it is a trust we can now carry out with renewed vigor!,['then ...'],"[[7.0, 40.0, 194.0, 136.0], [208.0, 5.0, 349.0, 89.0], [258.0, 271.0, 425.0, 387.0]]","[[4.0, 4.0, 98.0, 36.0]]","[[45.0, 153.0, 137.0, 202.0], [191.0, 95.0, 251.0, 137.0], [269.0, 80.0, 322.0, 115.0]]",INFORM,0.0,0.0,"{""neutral"": 0.5482, ""joy"": 0.3874, ""surprise"": 0.0308, ""anger"": 0.0208, ""fear"": 0.0062, ""disgust"": 0.0033, ""sadness"": 0.0032}"
bp_0_70_2,and this is a task which requires the immediate appliance of the mental agility i'm so famous for.,[],"[[8.0, 11.0, 256.0, 105.0], [290.0, 10.0, 454.0, 126.0]]",[],"[[129.0, 119.0, 290.0, 282.0], [130.0, 119.0, 290.0, 282.0]]",INFORM,0.2,0.6,"{""neutral"": 0.5852, ""surprise"": 0.3236, ""joy"": 0.0588, ""anger"": 0.0162, ""sadness"": 0.007, ""fear"": 0.0052, ""disgust"": 0.004}"
bp_0_70_2,i've still got my pistol and time enough to get what i came for!,[],"[[8.0, 11.0, 256.0, 105.0], [290.0, 10.0, 454.0, 126.0]]",[],"[[129.0, 119.0, 290.0, 282.0], [130.0, 119.0, 290.0, 282.0]]",INFORM,0.0,0.5,"{""joy"": 0.5134, ""surprise"": 0.3149, ""neutral"": 0.1039, ""sadness"": 0.0385, ""anger"": 0.0253, ""disgust"": 0.0024, ""fear"": 0.0016}"
bp_0_70_4,by jupiter's myriad moons!,"['after wandering undiscovered, the collector is drawn to the sound of voices...']","[[173.0, 58.0, 389.0, 119.0], [259.0, 132.0, 455.0, 256.0]]","[[4.0, 3.0, 387.0, 69.0]]","[[5.0, 99.0, 243.0, 443.0], [-1.0, -1.0, -1.0, -1.0]]",BACKCHANNEL,0.0,0.0,"{""joy"": 0.5041, ""surprise"": 0.361, ""neutral"": 0.1088, ""sadness"": 0.012, ""anger"": 0.0106, ""fear"": 0.0024, ""disgust"": 0.0011}"
bp_0_70_4,"it is time, senji!fill your cup and live as a ronin for the next hundred years!","['after wandering undiscovered, the collector is drawn to the sound of voices...']","[[173.0, 58.0, 389.0, 119.0], [259.0, 132.0, 455.0, 256.0]]","[[4.0, 3.0, 387.0, 69.0]]","[[5.0, 99.0, 243.0, 443.0], [-1.0, -1.0, -1.0, -1.0]]",,0.06818181818181818,0.25,"{""joy"": 0.339, ""anger"": 0.2634, ""neutral"": 0.2627, ""surprise"": 0.0892, ""sadness"": 0.0211, ""disgust"": 0.0128, ""fear"": 0.0118}"
bp_0_71_3,"time is on my side, puny one!","[""t'challa barely manages to block a bone-crushing blow...""]","[[364.0, 2.0, 457.0, 115.0], [293.0, 306.0, 449.0, 393.0]]","[[5.0, 7.0, 226.0, 84.0]]","[[-1.0, -1.0, -1.0, -1.0], [150.0, 259.0, 257.0, 430.0]]",,0.0,0.0,"{""joy"": 0.6918, ""neutral"": 0.1846, ""surprise"": 0.0846, ""sadness"": 0.0223, ""anger"": 0.0107, ""disgust"": 0.0046, ""fear"": 0.0015}"
bp_0_71_3,"crow if you like, but this isn't over yet!","[""t'challa barely manages to block a bone-crushing blow...""]","[[364.0, 2.0, 457.0, 115.0], [293.0, 306.0, 449.0, 393.0]]","[[5.0, 7.0, 226.0, 84.0]]","[[-1.0, -1.0, -1.0, -1.0], [150.0, 259.0, 257.0, 430.0]]",,0.0,0.0,"{""sadness"": 0.6536, ""neutral"": 0.1507, ""surprise"": 0.0997, ""disgust"": 0.035, ""anger"": 0.0287, ""joy"": 0.018, ""fear"": 0.0143}"
bp_0_72_0,"forget that silly brawl, t'challa! let's get out of here!","['suddenly, mister little dashes into view -- pursued by a squad of angered samurai...']","[[9.0, 77.0, 189.0, 174.0], [178.0, 155.0, 264.0, 209.0], [576.0, 9.0, 697.0, 47.0], [139.0, 475.0, 305.0, 585.0], [786.0, 363.0, 942.0, 491.0]]","[[6.0, 5.0, 373.0, 68.0]]","[[27.0, 257.0, 121.0, 336.0], [297.0, 68.0, 397.0, 177.0], [596.0, 74.0, 692.0, 173.0], [555.0, 493.0, 740.0, 681.0], [508.0, 252.0, 630.0, 347.0]]",,-0.78125,0.875,"{""joy"": 0.4554, ""anger"": 0.3636, ""neutral"": 0.0955, ""disgust"": 0.0248, ""sadness"": 0.0245, ""surprise"": 0.0217, ""fear"": 0.0145}"
bp_0_72_0,stop him--!,"['suddenly, mister little dashes into view -- pursued by a squad of angered samurai...']","[[9.0, 77.0, 189.0, 174.0], [178.0, 155.0, 264.0, 209.0], [576.0, 9.0, 697.0, 47.0], [139.0, 475.0, 305.0, 585.0], [786.0, 363.0, 942.0, 491.0]]","[[6.0, 5.0, 373.0, 68.0]]","[[27.0, 257.0, 121.0, 336.0], [297.0, 68.0, 397.0, 177.0], [596.0, 74.0, 692.0, 173.0], [555.0, 493.0, 740.0, 681.0], [508.0, 252.0, 630.0, 347.0]]",ORDER,0.0,0.0,"{""anger"": 0.916, ""fear"": 0.038, ""disgust"": 0.0143, ""sadness"": 0.011, ""surprise"": 0.0087, ""neutral"": 0.0082, ""joy"": 0.0038}"
bp_0_72_0,this is sacrilege!,"['suddenly, mister little dashes into view -- pursued by a squad of angered samurai...']","[[9.0, 77.0, 189.0, 174.0], [178.0, 155.0, 264.0, 209.0], [576.0, 9.0, 697.0, 47.0], [139.0, 475.0, 305.0, 585.0], [786.0, 363.0, 942.0, 491.0]]","[[6.0, 5.0, 373.0, 68.0]]","[[27.0, 257.0, 121.0, 336.0], [297.0, 68.0, 397.0, 177.0], [596.0, 74.0, 692.0, 173.0], [555.0, 493.0, 740.0, 681.0], [508.0, 252.0, 630.0, 347.0]]",FEEDBACK,0.0,0.0,"{""disgust"": 0.8964, ""anger"": 0.073, ""fear"": 0.0134, ""surprise"": 0.0077, ""sadness"": 0.0053, ""neutral"": 0.0036, ""joy"": 0.0007}"
bp_0_72_0,he's seized a vase of the sacred water! it means his death!,"['suddenly, mister little dashes into view -- pursued by a squad of angered samurai...']","[[9.0, 77.0, 189.0, 174.0], [178.0, 155.0, 264.0, 209.0], [576.0, 9.0, 697.0, 47.0], [139.0, 475.0, 305.0, 585.0], [786.0, 363.0, 942.0, 491.0]]","[[6.0, 5.0, 373.0, 68.0]]","[[27.0, 257.0, 121.0, 336.0], [297.0, 68.0, 397.0, 177.0], [596.0, 74.0, 692.0, 173.0], [555.0, 493.0, 740.0, 681.0], [508.0, 252.0, 630.0, 347.0]]",,0.0,0.0,"{""anger"": 0.544, ""surprise"": 0.1781, ""disgust"": 0.1653, ""sadness"": 0.0702, ""neutral"": 0.0181, ""fear"": 0.0179, ""joy"": 0.0065}"
bp_0_72_0,that greedy little collector has done it again! anything can happen now--!,"['suddenly, mister little dashes into view -- pursued by a squad of angered samurai...']","[[9.0, 77.0, 189.0, 174.0], [178.0, 155.0, 264.0, 209.0], [576.0, 9.0, 697.0, 47.0], [139.0, 475.0, 305.0, 585.0], [786.0, 363.0, 942.0, 491.0]]","[[6.0, 5.0, 373.0, 68.0]]","[[27.0, 257.0, 121.0, 336.0], [297.0, 68.0, 397.0, 177.0], [596.0, 74.0, 692.0, 173.0], [555.0, 493.0, 740.0, 681.0], [508.0, 252.0, 630.0, 347.0]]",,-0.29296875,0.5,"{""anger"": 0.8384, ""neutral"": 0.0439, ""surprise"": 0.041, ""joy"": 0.0222, ""disgust"": 0.0222, ""sadness"": 0.0173, ""fear"": 0.015}"
bp_0_73_1,instead of rushing to mister littles's aid i should join these samurai in hunting him down!,[],"[[5.0, 6.0, 170.0, 149.0], [105.0, 194.0, 222.0, 252.0], [355.0, 259.0, 455.0, 351.0]]",[],"[[184.0, 49.0, 254.0, 104.0], [4.0, 184.0, 118.0, 459.0], [270.0, 272.0, 366.0, 421.0]]",INFORM,-0.19444444444444445,0.2888888888888889,"{""anger"": 0.7521, ""joy"": 0.0812, ""fear"": 0.0627, ""neutral"": 0.0626, ""sadness"": 0.0284, ""surprise"": 0.007, ""disgust"": 0.0059}"
bp_0_73_1,close in on the stranger!!,[],"[[5.0, 6.0, 170.0, 149.0], [105.0, 194.0, 222.0, 252.0], [355.0, 259.0, 455.0, 351.0]]",[],"[[184.0, 49.0, 254.0, 104.0], [4.0, 184.0, 118.0, 459.0], [270.0, 272.0, 366.0, 421.0]]",ORDER,0.0,0.0,"{""surprise"": 0.4139, ""fear"": 0.2666, ""anger"": 0.1178, ""neutral"": 0.096, ""joy"": 0.0462, ""disgust"": 0.031, ""sadness"": 0.0284}"
bp_0_73_1,never fear we've got him trapped!,[],"[[5.0, 6.0, 170.0, 149.0], [105.0, 194.0, 222.0, 252.0], [355.0, 259.0, 455.0, 351.0]]",[],"[[184.0, 49.0, 254.0, 104.0], [4.0, 184.0, 118.0, 459.0], [270.0, 272.0, 366.0, 421.0]]",FEEDBACK,-0.25,0.0,"{""fear"": 0.905, ""anger"": 0.062, ""neutral"": 0.0108, ""surprise"": 0.0079, ""sadness"": 0.0069, ""disgust"": 0.0041, ""joy"": 0.0033}"
bp_0_73_3,you're mad as a hatter! you won't live another five minutes in this sea of swords!,[],"[[1.0, 3.0, 246.0, 109.0], [5.0, 124.0, 128.0, 244.0], [356.0, 1.0, 458.0, 83.0]]",[],"[[133.0, 89.0, 236.0, 224.0], [134.0, 88.0, 233.0, 221.0], [351.0, 153.0, 457.0, 280.0]]",,-0.3053977272727273,0.75,"{""anger"": 0.9433, ""surprise"": 0.0129, ""disgust"": 0.0118, ""neutral"": 0.0111, ""sadness"": 0.0102, ""fear"": 0.0062, ""joy"": 0.0045}"
bp_0_73_3,whatever chance we had of staying alive is gone!,[],"[[1.0, 3.0, 246.0, 109.0], [5.0, 124.0, 128.0, 244.0], [356.0, 1.0, 458.0, 83.0]]",[],"[[133.0, 89.0, 236.0, 224.0], [134.0, 88.0, 233.0, 221.0], [351.0, 153.0, 457.0, 280.0]]",INFORM,0.125,0.4,"{""anger"": 0.329, ""surprise"": 0.2858, ""sadness"": 0.1972, ""neutral"": 0.0779, ""disgust"": 0.0654, ""fear"": 0.0332, ""joy"": 0.0117}"
bp_0_73_3,that remains to be seen!,[],"[[1.0, 3.0, 246.0, 109.0], [5.0, 124.0, 128.0, 244.0], [356.0, 1.0, 458.0, 83.0]]",[],"[[133.0, 89.0, 236.0, 224.0], [134.0, 88.0, 233.0, 221.0], [351.0, 153.0, 457.0, 280.0]]",FEEDBACK,0.0,0.0,"{""neutral"": 0.554, ""surprise"": 0.2013, ""anger"": 0.1039, ""joy"": 0.0639, ""disgust"": 0.0277, ""sadness"": 0.0247, ""fear"": 0.0244}"
bp_0_74_0,that tiny maggot is a thief without honor! yet you would defend him with you life!,[],"[[7.0, 7.0, 227.0, 102.0], [261.0, 3.0, 464.0, 84.0], [583.0, 5.0, 839.0, 96.0]]",[],"[[26.0, 111.0, 130.0, 241.0], [365.0, 157.0, 545.0, 339.0], [497.0, 2.0, 580.0, 77.0]]",,0.0,0.5,"{""anger"": 0.8868, ""disgust"": 0.0538, ""surprise"": 0.0286, ""fear"": 0.0133, ""neutral"": 0.0078, ""sadness"": 0.007, ""joy"": 0.0027}"
bp_0_74_0,he is a warmless victim of his own greed! must he die for this?,[],"[[7.0, 7.0, 227.0, 102.0], [261.0, 3.0, 464.0, 84.0], [583.0, 5.0, 839.0, 96.0]]",[],"[[26.0, 111.0, 130.0, 241.0], [365.0, 157.0, 545.0, 339.0], [497.0, 2.0, 580.0, 77.0]]",,0.3375,0.525,"{""anger"": 0.8741, ""disgust"": 0.0831, ""sadness"": 0.0225, ""neutral"": 0.0123, ""surprise"": 0.0036, ""fear"": 0.0035, ""joy"": 0.0008}"
bp_0_74_0,even now he clings to a flask of our sacred water! the gnat stole it--! the grat shall die for it!,[],"[[7.0, 7.0, 227.0, 102.0], [261.0, 3.0, 464.0, 84.0], [583.0, 5.0, 839.0, 96.0]]",[],"[[26.0, 111.0, 130.0, 241.0], [365.0, 157.0, 545.0, 339.0], [497.0, 2.0, 580.0, 77.0]]",,0.0,0.0,"{""anger"": 0.8435, ""disgust"": 0.0953, ""sadness"": 0.019, ""surprise"": 0.0147, ""neutral"": 0.0144, ""fear"": 0.0089, ""joy"": 0.0043}"
bp_0_74_1,"explain yourself! if you mock the code in hope of deceiving us, your heart shall be swiftly pierced!",[],"[[5.0, 3.0, 224.0, 141.0], [228.0, 2.0, 466.0, 126.0]]",[],"[[-1.0, -1.0, -1.0, -1.0], [107.0, 131.0, 393.0, 464.0]]",,0.0,0.0,"{""anger"": 0.8676, ""fear"": 0.0956, ""disgust"": 0.0142, ""surprise"": 0.0079, ""sadness"": 0.007, ""neutral"": 0.0055, ""joy"": 0.0022}"
bp_0_74_1,"then, look upon t'challa, ruler of the wakandas, a people of honor equal to your samurai!",[],"[[5.0, 3.0, 224.0, 141.0], [228.0, 2.0, 466.0, 126.0]]",[],"[[-1.0, -1.0, -1.0, -1.0], [107.0, 131.0, 393.0, 464.0]]",FEEDBACK,0.0,0.25,"{""anger"": 0.5626, ""disgust"": 0.1343, ""surprise"": 0.1111, ""neutral"": 0.0933, ""joy"": 0.059, ""fear"": 0.0324, ""sadness"": 0.0073}"
bp_0_74_2,"that is a well conceived jest, but totally unworthy of your mettle. it cannot save you!",[],"[[4.0, 3.0, 197.0, 140.0], [243.0, 3.0, 459.0, 64.0], [282.0, 92.0, 460.0, 261.0]]",[],"[[2.0, 238.0, 114.0, 464.0], [205.0, 50.0, 262.0, 136.0], [204.0, 49.0, 262.0, 135.0]]",,0.0,0.75,"{""anger"": 0.493, ""disgust"": 0.2919, ""sadness"": 0.0825, ""joy"": 0.0542, ""neutral"": 0.0415, ""surprise"": 0.0206, ""fear"": 0.0164}"
bp_0_74_2,"if that is so, i wait for the strike of the sword!",[],"[[4.0, 3.0, 197.0, 140.0], [243.0, 3.0, 459.0, 64.0], [282.0, 92.0, 460.0, 261.0]]",[],"[[2.0, 238.0, 114.0, 464.0], [205.0, 50.0, 262.0, 136.0], [204.0, 49.0, 262.0, 135.0]]",OFFER,0.0,0.0,"{""neutral"": 0.8101, ""fear"": 0.0549, ""joy"": 0.0505, ""anger"": 0.0365, ""surprise"": 0.0269, ""sadness"": 0.0173, ""disgust"": 0.0038}"
bp_0_74_2,"but, i see doubt in the eyes of mighty shinzu. he knows that i speak the truth! a king rules wherever he stands!",[],"[[4.0, 3.0, 197.0, 140.0], [243.0, 3.0, 459.0, 64.0], [282.0, 92.0, 460.0, 261.0]]",[],"[[2.0, 238.0, 114.0, 464.0], [205.0, 50.0, 262.0, 136.0], [204.0, 49.0, 262.0, 135.0]]",,0.625,0.9,"{""anger"": 0.566, ""surprise"": 0.1531, ""fear"": 0.1234, ""neutral"": 0.0569, ""joy"": 0.0522, ""disgust"": 0.0341, ""sadness"": 0.0143}"
bp_0_75_0,"behold, shinzu -- i return this priceless water to its rightful guardians.",[],"[[6.0, 10.0, 142.0, 144.0], [363.0, 69.0, 453.0, 223.0]]",[],"[[-1.0, -1.0, -1.0, -1.0], [308.0, 309.0, 385.0, 381.0]]",,1.0,1.0,"{""neutral"": 0.5009, ""anger"": 0.3468, ""disgust"": 0.0962, ""sadness"": 0.0229, ""joy"": 0.0177, ""fear"": 0.01, ""surprise"": 0.0057}"
bp_0_75_0,you are wise to give freely what we could easily take!,[],"[[6.0, 10.0, 142.0, 144.0], [363.0, 69.0, 453.0, 223.0]]",[],"[[-1.0, -1.0, -1.0, -1.0], [308.0, 309.0, 385.0, 381.0]]",INFORM,0.5472222222222223,0.8444444444444446,"{""joy"": 0.4928, ""neutral"": 0.4027, ""anger"": 0.0593, ""surprise"": 0.0277, ""disgust"": 0.0092, ""sadness"": 0.0054, ""fear"": 0.0029}"
bp_0_75_1,and who but a true king can dispense justice that settles an issue?,[],"[[5.0, 7.0, 261.0, 90.0], [269.0, 4.0, 464.0, 88.0]]",[],"[[43.0, 113.0, 176.0, 291.0], [256.0, 117.0, 462.0, 364.0]]",WHY_QUESTION,0.35,0.65,"{""neutral"": 0.804, ""surprise"": 0.0781, ""anger"": 0.0512, ""sadness"": 0.0271, ""disgust"": 0.0218, ""fear"": 0.0129, ""joy"": 0.0049}"
bp_0_75_1,"what are you up to, t'challa? what are you going to do!?",[],"[[5.0, 7.0, 261.0, 90.0], [269.0, 4.0, 464.0, 88.0]]",[],"[[43.0, 113.0, 176.0, 291.0], [256.0, 117.0, 462.0, 364.0]]",,0.0,0.0,"{""surprise"": 0.6597, ""anger"": 0.2231, ""neutral"": 0.0388, ""fear"": 0.0296, ""sadness"": 0.0221, ""disgust"": 0.0166, ""joy"": 0.0102}"
bp_0_75_3,"i'm claiming diplomatic immunity to save your miserable hide, abner little!",[],"[[7.0, 6.0, 225.0, 139.0], [226.0, 6.0, 429.0, 52.0], [271.0, 72.0, 384.0, 127.0]]",[],"[[109.0, 80.0, 240.0, 218.0], [109.0, 78.0, 242.0, 217.0], [-1.0, -1.0, -1.0, -1.0]]",INFORM,-0.6171875,0.75,"{""sadness"": 0.9383, ""joy"": 0.0286, ""anger"": 0.0198, ""neutral"": 0.0059, ""surprise"": 0.0042, ""disgust"": 0.0019, ""fear"": 0.0013}"
bp_0_75_3,"now, give me that water jug!",[],"[[7.0, 6.0, 225.0, 139.0], [226.0, 6.0, 429.0, 52.0], [271.0, 72.0, 384.0, 127.0]]",[],"[[109.0, 80.0, 240.0, 218.0], [109.0, 78.0, 242.0, 217.0], [-1.0, -1.0, -1.0, -1.0]]",ORDER,0.0,0.0,"{""anger"": 0.743, ""joy"": 0.06, ""neutral"": 0.0588, ""surprise"": 0.0538, ""disgust"": 0.0457, ""fear"": 0.0234, ""sadness"": 0.0153}"
bp_0_75_3,no--! no!!,[],"[[7.0, 6.0, 225.0, 139.0], [226.0, 6.0, 429.0, 52.0], [271.0, 72.0, 384.0, 127.0]]",[],"[[109.0, 80.0, 240.0, 218.0], [109.0, 78.0, 242.0, 217.0], [-1.0, -1.0, -1.0, -1.0]]",FEEDBACK,0.0,0.0,"{""anger"": 0.308, ""surprise"": 0.2189, ""sadness"": 0.1588, ""disgust"": 0.1496, ""fear"": 0.0874, ""neutral"": 0.0522, ""joy"": 0.0251}"
bp_0_75_4,"let me go, you mound of muscle!i've dropped the jug!!",[],"[[2.0, 3.0, 198.0, 76.0], [291.0, 0.0, 455.0, 89.0]]",[],"[[60.0, 187.0, 180.0, 269.0], [210.0, 38.0, 316.0, 140.0]]",,0.0,0.0,"{""anger"": 0.5891, ""sadness"": 0.1241, ""surprise"": 0.1003, ""disgust"": 0.0664, ""joy"": 0.0528, ""neutral"": 0.0352, ""fear"": 0.0321}"
bp_0_75_4,the thing is made of metal --it won't spill a drop!,[],"[[2.0, 3.0, 198.0, 76.0], [291.0, 0.0, 455.0, 89.0]]",[],"[[60.0, 187.0, 180.0, 269.0], [210.0, 38.0, 316.0, 140.0]]",INFORM,0.0,0.0,"{""neutral"": 0.5738, ""anger"": 0.2377, ""disgust"": 0.0884, ""surprise"": 0.0418, ""joy"": 0.0282, ""fear"": 0.0166, ""sadness"": 0.0135}"
bp_0_77_1,i've neglected family and duty for lengthy involvements with the world...,[],"[[5.0, 4.0, 262.0, 83.0], [7.0, 83.0, 248.0, 209.0], [274.0, 27.0, 451.0, 176.0], [275.0, 185.0, 449.0, 320.0]]",[],"[[146.0, 172.0, 244.0, 295.0], [147.0, 171.0, 244.0, 291.0], [240.0, 351.0, 343.0, 457.0], [240.0, 349.0, 342.0, 453.0]]",INFORM,0.0,0.0,"{""sadness"": 0.9822, ""anger"": 0.0079, ""joy"": 0.0048, ""neutral"": 0.002, ""surprise"": 0.0014, ""fear"": 0.0009, ""disgust"": 0.0008}"
bp_0_77_1,this time i shall return to the land of the panther cult--where no man calls me--outsider!,[],"[[5.0, 4.0, 262.0, 83.0], [7.0, 83.0, 248.0, 209.0], [274.0, 27.0, 451.0, 176.0], [275.0, 185.0, 449.0, 320.0]]",[],"[[146.0, 172.0, 244.0, 295.0], [147.0, 171.0, 244.0, 291.0], [240.0, 351.0, 343.0, 457.0], [240.0, 349.0, 342.0, 453.0]]",COMMIT,0.0,0.0,"{""anger"": 0.6214, ""fear"": 0.1568, ""neutral"": 0.1061, ""disgust"": 0.0483, ""sadness"": 0.032, ""surprise"": 0.0184, ""joy"": 0.0169}"
bp_0_77_1,homesickness will not change the facts. your domain is rather small and remote!,[],"[[5.0, 4.0, 262.0, 83.0], [7.0, 83.0, 248.0, 209.0], [274.0, 27.0, 451.0, 176.0], [275.0, 185.0, 449.0, 320.0]]",[],"[[146.0, 172.0, 244.0, 295.0], [147.0, 171.0, 244.0, 291.0], [240.0, 351.0, 343.0, 457.0], [240.0, 349.0, 342.0, 453.0]]",,-0.1875,0.30000000000000004,"{""sadness"": 0.9179, ""surprise"": 0.0356, ""anger"": 0.0151, ""fear"": 0.0117, ""neutral"": 0.01, ""joy"": 0.0055, ""disgust"": 0.0043}"
bp_0_77_1,"you're really an african provincial, my lad!",[],"[[5.0, 4.0, 262.0, 83.0], [7.0, 83.0, 248.0, 209.0], [274.0, 27.0, 451.0, 176.0], [275.0, 185.0, 449.0, 320.0]]",[],"[[146.0, 172.0, 244.0, 295.0], [147.0, 171.0, 244.0, 291.0], [240.0, 351.0, 343.0, 457.0], [240.0, 349.0, 342.0, 453.0]]",INFORM,0.0,0.0,"{""surprise"": 0.7449, ""joy"": 0.1382, ""neutral"": 0.0519, ""anger"": 0.0354, ""disgust"": 0.0188, ""sadness"": 0.0072, ""fear"": 0.0036}"
bp_0_77_5,"when this is over, i'm going home, mister little--home to the wakandas!",['the journey continues through deep sea tunnels that wind endlessly onward...'],"[[255.0, 124.0, 412.0, 231.0]]","[[3.0, 3.0, 425.0, 71.0]]","[[-1.0, -1.0, -1.0, -1.0]]",INFORM,0.0,0.0,"{""sadness"": 0.379, ""joy"": 0.2562, ""surprise"": 0.1519, ""neutral"": 0.1045, ""anger"": 0.078, ""fear"": 0.0169, ""disgust"": 0.0135}"
bp_0_78_3,a flashing star has fallen upon our land! it is a thing of great wonder!,"['""my ancestors were people of truth! they saw it happen and recorded the event for all time...']","[[5.0, 71.0, 259.0, 151.0], [231.0, 119.0, 443.0, 235.0]]","[[3.0, 2.0, 457.0, 68.0]]","[[56.0, 170.0, 201.0, 351.0], [233.0, 250.0, 308.0, 362.0]]",,1.0,0.75,"{""surprise"": 0.8768, ""joy"": 0.0854, ""neutral"": 0.0162, ""anger"": 0.0091, ""fear"": 0.0061, ""sadness"": 0.0049, ""disgust"": 0.0016}"
bp_0_78_3,"though it shakes the ground and fills the air with sounds of thunder, we fear it not--!","['""my ancestors were people of truth! they saw it happen and recorded the event for all time...']","[[5.0, 71.0, 259.0, 151.0], [231.0, 119.0, 443.0, 235.0]]","[[3.0, 2.0, 457.0, 68.0]]","[[56.0, 170.0, 201.0, 351.0], [233.0, 250.0, 308.0, 362.0]]",FEEDBACK,0.0,0.0,"{""fear"": 0.9714, ""anger"": 0.0085, ""surprise"": 0.0056, ""neutral"": 0.0055, ""sadness"": 0.0046, ""joy"": 0.003, ""disgust"": 0.0014}"
bp_0_79_1,"home-grown propaganda, dear fellow!every nation breeds it to keep its people united as well as interested!",[],"[[7.0, 31.0, 177.0, 185.0], [233.0, 9.0, 449.0, 107.0]]",[],"[[1.0, 211.0, 110.0, 315.0], [333.0, 74.0, 458.0, 198.0]]",,0.10625,0.3,"{""neutral"": 0.3899, ""joy"": 0.2613, ""anger"": 0.1992, ""surprise"": 0.099, ""disgust"": 0.029, ""sadness"": 0.0154, ""fear"": 0.0061}"
bp_0_79_1,"then, tell me why that mound produces a metal found nowhere else on earth!",[],"[[7.0, 31.0, 177.0, 185.0], [233.0, 9.0, 449.0, 107.0]]",[],"[[1.0, 211.0, 110.0, 315.0], [333.0, 74.0, 458.0, 198.0]]",FEEDBACK,0.0,0.0,"{""surprise"": 0.6822, ""anger"": 0.143, ""disgust"": 0.1066, ""neutral"": 0.0431, ""fear"": 0.0135, ""sadness"": 0.0076, ""joy"": 0.0041}"
bp_0_79_2,--and where can you find a people who would dedicate their future to keep all men from the harmful effects of an alien infection!,[],"[[6.0, 6.0, 280.0, 146.0], [313.0, 7.0, 445.0, 196.0]]",[],"[[106.0, 120.0, 305.0, 388.0], [356.0, 184.0, 459.0, 299.0]]",WHY_QUESTION,-0.15625,0.4375,"{""neutral"": 0.3912, ""anger"": 0.2362, ""surprise"": 0.1853, ""disgust"": 0.1282, ""sadness"": 0.0314, ""fear"": 0.0218, ""joy"": 0.0058}"
bp_0_79_2,"ah, yes... we come to the profitable venture which your family created: the panther cult!",[],"[[6.0, 6.0, 280.0, 146.0], [313.0, 7.0, 445.0, 196.0]]",[],"[[106.0, 120.0, 305.0, 388.0], [356.0, 184.0, 459.0, 299.0]]",FEEDBACK,0.0,0.0,"{""joy"": 0.5305, ""surprise"": 0.2297, ""neutral"": 0.129, ""anger"": 0.0816, ""disgust"": 0.0142, ""sadness"": 0.0101, ""fear"": 0.0049}"
bp_0_7_2,mister little! look out!!,['the flash of gunfire suddenly decides the issue...'],"[[9.0, 57.0, 140.0, 116.0], [249.0, 340.0, 338.0, 378.0]]","[[4.0, 5.0, 350.0, 51.0]]","[[29.0, 136.0, 84.0, 187.0], [120.0, 190.0, 180.0, 237.0]]",,-0.3662109375,0.5,"{""joy"": 0.4704, ""surprise"": 0.2768, ""neutral"": 0.1524, ""anger"": 0.0451, ""sadness"": 0.0431, ""disgust"": 0.0068, ""fear"": 0.0054}"
bp_0_7_2,ugh--!,['the flash of gunfire suddenly decides the issue...'],"[[9.0, 57.0, 140.0, 116.0], [249.0, 340.0, 338.0, 378.0]]","[[4.0, 5.0, 350.0, 51.0]]","[[29.0, 136.0, 84.0, 187.0], [120.0, 190.0, 180.0, 237.0]]",BACKCHANNEL,0.0,0.0,"{""anger"": 0.2809, ""disgust"": 0.2624, ""surprise"": 0.1876, ""sadness"": 0.156, ""neutral"": 0.0644, ""joy"": 0.0275, ""fear"": 0.0212}"
bp_0_7_3,"you can slow it down now, mister little!! we've definitely lost them!!","['meanwhile, miles ahead, the copter streaks on at blurring speeds...']","[[104.0, 73.0, 286.0, 193.0], [298.0, 72.0, 456.0, 180.0]]","[[102.0, 6.0, 455.0, 66.0]]","[[-1.0, -1.0, -1.0, -1.0], [-1.0, -1.0, -1.0, -1.0]]",,-0.1871310763888889,0.4222222222222222,"{""sadness"": 0.4425, ""surprise"": 0.2441, ""neutral"": 0.1261, ""disgust"": 0.0889, ""anger"": 0.052, ""fear"": 0.0319, ""joy"": 0.0144}"
bp_0_7_3,very well. my landing pad is not far from this area!,"['meanwhile, miles ahead, the copter streaks on at blurring speeds...']","[[104.0, 73.0, 286.0, 193.0], [298.0, 72.0, 456.0, 180.0]]","[[102.0, 6.0, 455.0, 66.0]]","[[-1.0, -1.0, -1.0, -1.0], [-1.0, -1.0, -1.0, -1.0]]",,0.06875,0.65,"{""surprise"": 0.6139, ""neutral"": 0.227, ""joy"": 0.0968, ""sadness"": 0.0481, ""anger"": 0.0087, ""fear"": 0.003, ""disgust"": 0.0025}"
bp_0_83_2,"forgive us, n'gassi -- we follow your orders, now!",[],"[[37.0, 5.0, 217.0, 98.0], [241.0, 3.0, 452.0, 144.0]]",[],"[[0.0, 6.0, 131.0, 306.0], [273.0, 181.0, 358.0, 294.0]]",POLITENESS_FORMULA,0.0,0.0,"{""anger"": 0.9027, ""disgust"": 0.0369, ""neutral"": 0.0217, ""fear"": 0.0126, ""joy"": 0.0108, ""surprise"": 0.0091, ""sadness"": 0.0061}"
bp_0_83_2,the people must be warned to avoid all contact with jakarra!he's the carrier of a grave infection!,[],"[[37.0, 5.0, 217.0, 98.0], [241.0, 3.0, 452.0, 144.0]]",[],"[[0.0, 6.0, 131.0, 306.0], [273.0, 181.0, 358.0, 294.0]]",,0.0,0.0,"{""fear"": 0.7677, ""sadness"": 0.1339, ""neutral"": 0.0322, ""anger"": 0.0288, ""disgust"": 0.0237, ""surprise"": 0.0109, ""joy"": 0.0028}"
bp_0_85_1,you collectors are so devious that you wouldn't know the truth if you heard it!,[],"[[187.0, 2.0, 368.0, 141.0], [6.0, 297.0, 112.0, 413.0], [375.0, 327.0, 468.0, 421.0]]",[],"[[222.0, 146.0, 281.0, 207.0], [103.0, 315.0, 200.0, 430.0], [-1.0, -1.0, -1.0, -1.0]]",INFORM,0.0,0.0,"{""anger"": 0.617, ""disgust"": 0.3493, ""neutral"": 0.0143, ""surprise"": 0.0079, ""sadness"": 0.0066, ""fear"": 0.0031, ""joy"": 0.0019}"
bp_0_85_1,don't test my patience panther!,[],"[[187.0, 2.0, 368.0, 141.0], [6.0, 297.0, 112.0, 413.0], [375.0, 327.0, 468.0, 421.0]]",[],"[[222.0, 146.0, 281.0, 207.0], [103.0, 315.0, 200.0, 430.0], [-1.0, -1.0, -1.0, -1.0]]",ORDER,0.0,0.0,"{""anger"": 0.9066, ""fear"": 0.048, ""sadness"": 0.0126, ""neutral"": 0.0124, ""disgust"": 0.0101, ""surprise"": 0.0075, ""joy"": 0.0028}"
bp_0_85_1,"make him talk, zanda!",[],"[[187.0, 2.0, 368.0, 141.0], [6.0, 297.0, 112.0, 413.0], [375.0, 327.0, 468.0, 421.0]]",[],"[[222.0, 146.0, 281.0, 207.0], [103.0, 315.0, 200.0, 430.0], [-1.0, -1.0, -1.0, -1.0]]",ORDER,0.0,0.0,"{""anger"": 0.6244, ""joy"": 0.1106, ""surprise"": 0.0905, ""neutral"": 0.084, ""disgust"": 0.0437, ""sadness"": 0.0263, ""fear"": 0.0204}"
bp_0_85_2,i gave you full warning of what would befall your precious wakandas if you failed me!,[],"[[6.0, 5.0, 210.0, 96.0], [11.0, 119.0, 109.0, 146.0], [261.0, 9.0, 451.0, 108.0]]",[],"[[82.0, 186.0, 164.0, 271.0], [83.0, 187.0, 164.0, 270.0], [225.0, 134.0, 362.0, 290.0]]",INFORM,0.075,0.6166666666666667,"{""anger"": 0.5094, ""fear"": 0.2357, ""sadness"": 0.2146, ""surprise"": 0.0208, ""neutral"": 0.0089, ""joy"": 0.0076, ""disgust"": 0.0029}"
bp_0_85_2,look,[],"[[6.0, 5.0, 210.0, 96.0], [11.0, 119.0, 109.0, 146.0], [261.0, 9.0, 451.0, 108.0]]",[],"[[82.0, 186.0, 164.0, 271.0], [83.0, 187.0, 164.0, 270.0], [225.0, 134.0, 362.0, 290.0]]",ORDER,0.0,0.0,"{""neutral"": 0.8125, ""surprise"": 0.1184, ""fear"": 0.0271, ""sadness"": 0.0148, ""disgust"": 0.0127, ""anger"": 0.011, ""joy"": 0.0035}"
bp_0_85_2,"yes, i see it--the missile still waits on its launching pad--ready to be fired!",[],"[[6.0, 5.0, 210.0, 96.0], [11.0, 119.0, 109.0, 146.0], [261.0, 9.0, 451.0, 108.0]]",[],"[[82.0, 186.0, 164.0, 271.0], [83.0, 187.0, 164.0, 270.0], [225.0, 134.0, 362.0, 290.0]]",FEEDBACK,0.0,0.0,"{""surprise"": 0.779, ""anger"": 0.0944, ""neutral"": 0.0593, ""disgust"": 0.0296, ""joy"": 0.0188, ""sadness"": 0.0118, ""fear"": 0.0071}"
bp_0_85_3,"although i lost the larger flask to the samurai, i managed to retain a small amount of the miracle water in this vial--!",[],"[[4.0, 3.0, 243.0, 154.0], [274.0, 2.0, 459.0, 106.0], [336.0, 128.0, 442.0, 206.0]]",[],"[[-1.0, -1.0, -1.0, -1.0], [-1.0, -1.0, -1.0, -1.0], [-1.0, -1.0, -1.0, -1.0]]",INFORM,-0.15625,0.45,"{""surprise"": 0.6132, ""joy"": 0.1936, ""neutral"": 0.1102, ""sadness"": 0.0405, ""anger"": 0.0252, ""disgust"": 0.013, ""fear"": 0.0042}"
bp_0_85_3,you sawed-off schemer! i knew you were holding out on us!,[],"[[4.0, 3.0, 243.0, 154.0], [274.0, 2.0, 459.0, 106.0], [336.0, 128.0, 442.0, 206.0]]",[],"[[-1.0, -1.0, -1.0, -1.0], [-1.0, -1.0, -1.0, -1.0], [-1.0, -1.0, -1.0, -1.0]]",FEEDBACK,0.0,0.0,"{""surprise"": 0.4746, ""anger"": 0.3638, ""joy"": 0.066, ""disgust"": 0.0367, ""neutral"": 0.0238, ""sadness"": 0.0177, ""fear"": 0.0174}"
bp_0_85_3,i'll take that!,[],"[[4.0, 3.0, 243.0, 154.0], [274.0, 2.0, 459.0, 106.0], [336.0, 128.0, 442.0, 206.0]]",[],"[[-1.0, -1.0, -1.0, -1.0], [-1.0, -1.0, -1.0, -1.0], [-1.0, -1.0, -1.0, -1.0]]",INFORM,0.0,0.0,"{""joy"": 0.9027, ""neutral"": 0.0553, ""anger"": 0.0214, ""surprise"": 0.0121, ""disgust"": 0.0033, ""sadness"": 0.0032, ""fear"": 0.002}"
bp_0_86_1,"you can handle this one, too!the the vial!",[],"[[7.0, 286.0, 176.0, 402.0], [232.0, 2.0, 350.0, 60.0]]",[],"[[106.0, 192.0, 166.0, 264.0], [322.0, 22.0, 451.0, 155.0]]",,0.0,0.0,"{""joy"": 0.3352, ""surprise"": 0.2924, ""neutral"": 0.2249, ""anger"": 0.0925, ""sadness"": 0.0345, ""disgust"": 0.016, ""fear"": 0.0044}"
bp_0_86_1,what in blazes!?,[],"[[7.0, 286.0, 176.0, 402.0], [232.0, 2.0, 350.0, 60.0]]",[],"[[106.0, 192.0, 166.0, 264.0], [322.0, 22.0, 451.0, 155.0]]",WHY_QUESTION,0.0,0.0,"{""surprise"": 0.9366, ""anger"": 0.026, ""neutral"": 0.0189, ""fear"": 0.0062, ""sadness"": 0.006, ""disgust"": 0.0049, ""joy"": 0.0014}"
bp_0_86_2,"start running, panther! it's you they'll be after, now!",[],"[[230.0, 4.0, 452.0, 85.0], [257.0, 95.0, 452.0, 184.0]]",[],"[[164.0, 177.0, 327.0, 419.0], [165.0, 175.0, 321.0, 410.0]]",,0.0,0.0,"{""surprise"": 0.6444, ""neutral"": 0.1355, ""anger"": 0.0867, ""joy"": 0.077, ""sadness"": 0.0404, ""disgust"": 0.0097, ""fear"": 0.0062}"
bp_0_86_2,send me a post card when you reach home!,[],"[[230.0, 4.0, 452.0, 85.0], [257.0, 95.0, 452.0, 184.0]]",[],"[[164.0, 177.0, 327.0, 419.0], [165.0, 175.0, 321.0, 410.0]]",ORDER,0.0,0.0,"{""neutral"": 0.4853, ""joy"": 0.2645, ""surprise"": 0.1882, ""anger"": 0.0395, ""sadness"": 0.0136, ""fear"": 0.0059, ""disgust"": 0.003}"
bp_0_87_1,begone!,[],"[[390.0, 60.0, 544.0, 103.0]]",[],"[[302.0, 55.0, 380.0, 154.0]]",ORDER,0.0,0.0,"{""surprise"": 0.6378, ""sadness"": 0.1189, ""anger"": 0.0972, ""neutral"": 0.0862, ""joy"": 0.0305, ""disgust"": 0.0204, ""fear"": 0.0089}"
bp_0_88_0,"look out for exploding fuel drums, soldiers!",['the black panther lunges ahead--creating chaos in his path!'],"[[7.0, 96.0, 167.0, 213.0], [817.0, 63.0, 948.0, 159.0]]","[[4.0, 5.0, 329.0, 75.0]]","[[88.0, 196.0, 153.0, 262.0], [823.0, 154.0, 887.0, 198.0]]",INFORM,0.0,0.0,"{""anger"": 0.6789, ""fear"": 0.1962, ""surprise"": 0.045, ""neutral"": 0.0356, ""disgust"": 0.0199, ""joy"": 0.0137, ""sadness"": 0.0106}"
bp_0_88_0,he's wrecking the air-field!,['the black panther lunges ahead--creating chaos in his path!'],"[[7.0, 96.0, 167.0, 213.0], [817.0, 63.0, 948.0, 159.0]]","[[4.0, 5.0, 329.0, 75.0]]","[[88.0, 196.0, 153.0, 262.0], [823.0, 154.0, 887.0, 198.0]]",INFORM,0.0,0.0,"{""anger"": 0.6623, ""surprise"": 0.1442, ""disgust"": 0.1053, ""sadness"": 0.0487, ""neutral"": 0.0168, ""fear"": 0.0157, ""joy"": 0.007}"
bp_0_92_5,two men in a raft! i've got no choice but to pick them up--!,[],"[[3.0, 3.0, 268.0, 71.0], [5.0, 74.0, 226.0, 183.0]]",[],"[[318.0, 7.0, 434.0, 358.0], [317.0, 4.0, 434.0, 358.0]]",,0.0,0.0,"{""surprise"": 0.6355, ""anger"": 0.1769, ""sadness"": 0.0628, ""joy"": 0.0554, ""disgust"": 0.0357, ""neutral"": 0.0247, ""fear"": 0.0091}"
bp_0_92_5,count on the unexpected to erect a roadblock when you're hurrying home!,[],"[[3.0, 3.0, 268.0, 71.0], [5.0, 74.0, 226.0, 183.0]]",[],"[[318.0, 7.0, 434.0, 358.0], [317.0, 4.0, 434.0, 358.0]]",INFORM,0.125,1.0,"{""surprise"": 0.7405, ""anger"": 0.1049, ""neutral"": 0.0862, ""joy"": 0.0303, ""fear"": 0.022, ""sadness"": 0.0105, ""disgust"": 0.0055}"
bp_0_94_1,"i won't be handsome, that's for certain!",[],"[[11.0, 4.0, 253.0, 47.0], [211.0, 306.0, 331.0, 417.0]]",[],"[[-1.0, -1.0, -1.0, -1.0], [199.0, 162.0, 239.0, 211.0]]",,0.3839285714285714,0.7857142857142857,"{""joy"": 0.7761, ""surprise"": 0.1242, ""sadness"": 0.0525, ""neutral"": 0.0322, ""anger"": 0.0123, ""fear"": 0.0017, ""disgust"": 0.001}"
bp_0_94_1,"be cautious, men! this won't be an ordinary capture!",[],"[[11.0, 4.0, 253.0, 47.0], [211.0, 306.0, 331.0, 417.0]]",[],"[[-1.0, -1.0, -1.0, -1.0], [199.0, 162.0, 239.0, 211.0]]",,-0.3125,0.5,"{""fear"": 0.8592, ""neutral"": 0.0906, ""anger"": 0.0163, ""surprise"": 0.0154, ""sadness"": 0.0098, ""disgust"": 0.0059, ""joy"": 0.0028}"
bp_0_94_4,he's chosen to attack! cut him down!,[],"[[11.0, 5.0, 190.0, 74.0], [248.0, 1.0, 463.0, 189.0]]",[],"[[-1.0, -1.0, -1.0, -1.0], [206.0, 19.0, 287.0, 108.0]]",,-0.19444444444444445,0.2888888888888889,"{""anger"": 0.9442, ""fear"": 0.0183, ""disgust"": 0.0132, ""surprise"": 0.0103, ""sadness"": 0.006, ""neutral"": 0.0057, ""joy"": 0.0024}"
bp_0_94_4,save your ammunition! the new jakarra is made of sterner substance than the man you knew!,[],"[[11.0, 5.0, 190.0, 74.0], [248.0, 1.0, 463.0, 189.0]]",[],"[[-1.0, -1.0, -1.0, -1.0], [206.0, 19.0, 287.0, 108.0]]",,0.17045454545454544,0.45454545454545453,"{""neutral"": 0.5221, ""surprise"": 0.2212, ""anger"": 0.0928, ""joy"": 0.074, ""disgust"": 0.0418, ""sadness"": 0.0391, ""fear"": 0.009}"
bp_0_94_5,he sought power--and found it-- in the strangest of ways!,[],"[[7.0, 2.0, 129.0, 116.0], [3.0, 242.0, 111.0, 358.0], [261.0, 4.0, 413.0, 100.0]]",[],"[[-1.0, -1.0, -1.0, -1.0], [77.0, 170.0, 141.0, 236.0], [358.0, 48.0, 420.0, 113.0]]",INFORM,0.0,0.0,"{""surprise"": 0.6988, ""disgust"": 0.1222, ""neutral"": 0.0606, ""joy"": 0.0505, ""fear"": 0.0328, ""anger"": 0.0272, ""sadness"": 0.008}"
bp_0_94_5,"look out, men! he's got the strength of a tank!",[],"[[7.0, 2.0, 129.0, 116.0], [3.0, 242.0, 111.0, 358.0], [261.0, 4.0, 413.0, 100.0]]",[],"[[-1.0, -1.0, -1.0, -1.0], [77.0, 170.0, 141.0, 236.0], [358.0, 48.0, 420.0, 113.0]]",,0.0,0.0,"{""surprise"": 0.6835, ""anger"": 0.1545, ""disgust"": 0.0548, ""joy"": 0.0437, ""neutral"": 0.0434, ""sadness"": 0.0111, ""fear"": 0.0091}"
bp_0_94_5,that power has driven you mad! you're a menace to all of humanity!,[],"[[7.0, 2.0, 129.0, 116.0], [3.0, 242.0, 111.0, 358.0], [261.0, 4.0, 413.0, 100.0]]",[],"[[-1.0, -1.0, -1.0, -1.0], [77.0, 170.0, 141.0, 236.0], [358.0, 48.0, 420.0, 113.0]]",,-0.9765625,1.0,"{""anger"": 0.8938, ""fear"": 0.0537, ""disgust"": 0.0242, ""surprise"": 0.0104, ""neutral"": 0.0083, ""sadness"": 0.0061, ""joy"": 0.0033}"
bp_0_96_0,forget your home-- wherever that is! just do as you're told and stay alive!,[],"[[6.0, 8.0, 234.0, 77.0], [155.0, 112.0, 369.0, 185.0], [261.0, 2.0, 429.0, 94.0]]",[],"[[3.0, 99.0, 137.0, 333.0], [94.0, 185.0, 280.0, 431.0], [-1.0, -1.0, -1.0, -1.0]]",,0.125,0.4,"{""anger"": 0.8719, ""disgust"": 0.0341, ""neutral"": 0.034, ""fear"": 0.0213, ""surprise"": 0.0143, ""joy"": 0.0137, ""sadness"": 0.0108}"
bp_0_96_0,we've reached the african coast! i won't turn back for death himself!,[],"[[6.0, 8.0, 234.0, 77.0], [155.0, 112.0, 369.0, 185.0], [261.0, 2.0, 429.0, 94.0]]",[],"[[3.0, 99.0, 137.0, 333.0], [94.0, 185.0, 280.0, 431.0], [-1.0, -1.0, -1.0, -1.0]]",,0.0,0.0,"{""joy"": 0.3663, ""surprise"": 0.2221, ""neutral"": 0.1756, ""anger"": 0.1732, ""sadness"": 0.0333, ""fear"": 0.0254, ""disgust"": 0.004}"
bp_0_96_0,"that's sound advice, fly-boy! your next mistake will be fatal!",[],"[[6.0, 8.0, 234.0, 77.0], [155.0, 112.0, 369.0, 185.0], [261.0, 2.0, 429.0, 94.0]]",[],"[[3.0, 99.0, 137.0, 333.0], [94.0, 185.0, 280.0, 431.0], [-1.0, -1.0, -1.0, -1.0]]",,0.25,0.2,"{""fear"": 0.4331, ""anger"": 0.2613, ""sadness"": 0.1454, ""neutral"": 0.0833, ""surprise"": 0.035, ""disgust"": 0.0303, ""joy"": 0.0116}"
bp_0_96_1,so! you had the smarts all this time!,[],"[[2.0, 5.0, 204.0, 74.0], [4.0, 73.0, 199.0, 184.0]]",[],"[[-1.0, -1.0, -1.0, -1.0], [-1.0, -1.0, -1.0, -1.0]]",INFORM,0.0,0.0,"{""surprise"": 0.7081, ""joy"": 0.1504, ""neutral"": 0.0595, ""anger"": 0.0514, ""sadness"": 0.0195, ""disgust"": 0.0096, ""fear"": 0.0015}"
bp_0_96_1,i recognized your face the moment it appeared in the open hatch--scarpa!,[],"[[2.0, 5.0, 204.0, 74.0], [4.0, 73.0, 199.0, 184.0]]",[],"[[-1.0, -1.0, -1.0, -1.0], [-1.0, -1.0, -1.0, -1.0]]",FEEDBACK,0.0,0.5,"{""surprise"": 0.7926, ""anger"": 0.0976, ""joy"": 0.0641, ""neutral"": 0.0249, ""fear"": 0.0098, ""disgust"": 0.0068, ""sadness"": 0.0042}"
bp_0_96_5,it's got everything we need -- lots of fuel -- a good pilot -- and this heater for insurance!,[],"[[7.0, 5.0, 258.0, 105.0], [6.0, 106.0, 224.0, 183.0], [282.0, 6.0, 429.0, 106.0]]",[],"[[-1.0, -1.0, -1.0, -1.0], [-1.0, -1.0, -1.0, -1.0], [284.0, 139.0, 430.0, 383.0]]",INFORM,0.875,0.6000000000000001,"{""neutral"": 0.645, ""surprise"": 0.1686, ""joy"": 0.1097, ""anger"": 0.0444, ""sadness"": 0.0204, ""disgust"": 0.0092, ""fear"": 0.0027}"
bp_0_96_5,"didn't know i was packing one, did you!?",[],"[[7.0, 5.0, 258.0, 105.0], [6.0, 106.0, 224.0, 183.0], [282.0, 6.0, 429.0, 106.0]]",[],"[[-1.0, -1.0, -1.0, -1.0], [-1.0, -1.0, -1.0, -1.0], [284.0, 139.0, 430.0, 383.0]]",,0.0,0.0,"{""surprise"": 0.9363, ""anger"": 0.0239, ""neutral"": 0.0141, ""disgust"": 0.0103, ""sadness"": 0.0058, ""fear"": 0.0049, ""joy"": 0.0047}"
bp_0_96_5,i was thinking of home too. it was a mistake!,[],"[[7.0, 5.0, 258.0, 105.0], [6.0, 106.0, 224.0, 183.0], [282.0, 6.0, 429.0, 106.0]]",[],"[[-1.0, -1.0, -1.0, -1.0], [-1.0, -1.0, -1.0, -1.0], [284.0, 139.0, 430.0, 383.0]]",,0.0,0.0,"{""sadness"": 0.8165, ""surprise"": 0.0962, ""anger"": 0.0431, ""neutral"": 0.0237, ""fear"": 0.0075, ""disgust"": 0.0069, ""joy"": 0.0061}"
bp_0_97_3,"i can't zero in on him, boss!",[],"[[345.0, 40.0, 431.0, 154.0], [205.0, 148.0, 337.0, 271.0], [42.0, 411.0, 184.0, 556.0]]",[],"[[206.0, 278.0, 308.0, 413.0], [206.0, 278.0, 309.0, 411.0], [191.0, 450.0, 436.0, 651.0]]",INFORM,0.0,0.0,"{""anger"": 0.8412, ""sadness"": 0.0736, ""surprise"": 0.0429, ""joy"": 0.0146, ""fear"": 0.0114, ""disgust"": 0.0097, ""neutral"": 0.0067}"
bp_0_97_3,not while he's shaking this tub to pieces!,[],"[[345.0, 40.0, 431.0, 154.0], [205.0, 148.0, 337.0, 271.0], [42.0, 411.0, 184.0, 556.0]]",[],"[[206.0, 278.0, 308.0, 413.0], [206.0, 278.0, 309.0, 411.0], [191.0, 450.0, 436.0, 651.0]]",INFORM,0.0,0.0,"{""anger"": 0.2855, ""surprise"": 0.2787, ""fear"": 0.2172, ""disgust"": 0.146, ""neutral"": 0.0445, ""sadness"": 0.0179, ""joy"": 0.0102}"
bp_0_97_3,don't shoot to kill! just make him bleed a little! we need him alive!,[],"[[345.0, 40.0, 431.0, 154.0], [205.0, 148.0, 337.0, 271.0], [42.0, 411.0, 184.0, 556.0]]",[],"[[206.0, 278.0, 308.0, 413.0], [206.0, 278.0, 309.0, 411.0], [191.0, 450.0, 436.0, 651.0]]",,-0.0546875,0.45,"{""anger"": 0.7387, ""disgust"": 0.0797, ""fear"": 0.0626, ""surprise"": 0.0373, ""neutral"": 0.036, ""sadness"": 0.0322, ""joy"": 0.0136}"
bp_0_98_3,"i should have left you in that flaming wreckage, scarpa!",['soon after...'],"[[89.0, 31.0, 317.0, 96.0], [289.0, 88.0, 428.0, 194.0]]","[[4.0, 3.0, 161.0, 34.0]]","[[193.0, 143.0, 249.0, 206.0], [189.0, 141.0, 249.0, 203.0]]",INFORM,0.0,0.0,"{""anger"": 0.8927, ""sadness"": 0.0785, ""surprise"": 0.0117, ""fear"": 0.0063, ""disgust"": 0.0057, ""joy"": 0.0026, ""neutral"": 0.0025}"
bp_0_98_3,let us hope i can get to your partner before the tanks blow!,['soon after...'],"[[89.0, 31.0, 317.0, 96.0], [289.0, 88.0, 428.0, 194.0]]","[[4.0, 3.0, 161.0, 34.0]]","[[193.0, 143.0, 249.0, 206.0], [189.0, 141.0, 249.0, 203.0]]",INFORM,0.0,0.0,"{""neutral"": 0.5072, ""joy"": 0.2175, ""anger"": 0.1009, ""surprise"": 0.089, ""sadness"": 0.0493, ""fear"": 0.026, ""disgust"": 0.01}"
bp_0_99_0,"well, well... the old man has come at last!",['then...'],"[[12.0, 39.0, 153.0, 108.0], [180.0, 9.0, 377.0, 75.0], [298.0, 86.0, 447.0, 153.0], [440.0, 4.0, 619.0, 108.0], [638.0, 6.0, 867.0, 75.0]]","[[6.0, 8.0, 96.0, 29.0]]","[[62.0, 159.0, 124.0, 243.0], [175.0, 111.0, 243.0, 171.0], [355.0, 198.0, 415.0, 266.0], [461.0, 124.0, 519.0, 190.0], [-1.0, -1.0, -1.0, -1.0]]",INFORM,0.05,0.13333333333333333,"{""joy"": 0.2612, ""neutral"": 0.2493, ""surprise"": 0.2171, ""anger"": 0.1207, ""sadness"": 0.0852, ""disgust"": 0.056, ""fear"": 0.0105}"
bp_0_99_0,he dresses rather simply for an administrator of high office!,['then...'],"[[12.0, 39.0, 153.0, 108.0], [180.0, 9.0, 377.0, 75.0], [298.0, 86.0, 447.0, 153.0], [440.0, 4.0, 619.0, 108.0], [638.0, 6.0, 867.0, 75.0]]","[[6.0, 8.0, 96.0, 29.0]]","[[62.0, 159.0, 124.0, 243.0], [175.0, 111.0, 243.0, 171.0], [355.0, 198.0, 415.0, 266.0], [461.0, 124.0, 519.0, 190.0], [-1.0, -1.0, -1.0, -1.0]]",INFORM,0.1,0.4485714285714286,"{""surprise"": 0.7859, ""anger"": 0.0975, ""neutral"": 0.0537, ""disgust"": 0.0403, ""joy"": 0.0105, ""sadness"": 0.0069, ""fear"": 0.0051}"
bp_0_99_0,a wise man needn't be a fashion plate.,['then...'],"[[12.0, 39.0, 153.0, 108.0], [180.0, 9.0, 377.0, 75.0], [298.0, 86.0, 447.0, 153.0], [440.0, 4.0, 619.0, 108.0], [638.0, 6.0, 867.0, 75.0]]","[[6.0, 8.0, 96.0, 29.0]]","[[62.0, 159.0, 124.0, 243.0], [175.0, 111.0, 243.0, 171.0], [355.0, 198.0, 415.0, 266.0], [461.0, 124.0, 519.0, 190.0], [-1.0, -1.0, -1.0, -1.0]]",INFORM,0.7,0.9,"{""neutral"": 0.8834, ""sadness"": 0.0284, ""surprise"": 0.0273, ""disgust"": 0.026, ""anger"": 0.0175, ""joy"": 0.0113, ""fear"": 0.006}"
bp_0_99_0,hunh! i knew the old leopard when he had less wisdom and more spirit!,['then...'],"[[12.0, 39.0, 153.0, 108.0], [180.0, 9.0, 377.0, 75.0], [298.0, 86.0, 447.0, 153.0], [440.0, 4.0, 619.0, 108.0], [638.0, 6.0, 867.0, 75.0]]","[[6.0, 8.0, 96.0, 29.0]]","[[62.0, 159.0, 124.0, 243.0], [175.0, 111.0, 243.0, 171.0], [355.0, 198.0, 415.0, 266.0], [461.0, 124.0, 519.0, 190.0], [-1.0, -1.0, -1.0, -1.0]]",,0.18611111111111112,0.25555555555555554,"{""surprise"": 0.6674, ""disgust"": 0.1366, ""anger"": 0.0663, ""sadness"": 0.0643, ""neutral"": 0.0291, ""joy"": 0.0248, ""fear"": 0.0115}"
bp_0_99_0,"i present n'gassi, first regent and aid to the mighty t'challa!",['then...'],"[[12.0, 39.0, 153.0, 108.0], [180.0, 9.0, 377.0, 75.0], [298.0, 86.0, 447.0, 153.0], [440.0, 4.0, 619.0, 108.0], [638.0, 6.0, 867.0, 75.0]]","[[6.0, 8.0, 96.0, 29.0]]","[[62.0, 159.0, 124.0, 243.0], [175.0, 111.0, 243.0, 171.0], [355.0, 198.0, 415.0, 266.0], [461.0, 124.0, 519.0, 190.0], [-1.0, -1.0, -1.0, -1.0]]",INFORM,0.25,0.41111111111111115,"{""joy"": 0.9382, ""surprise"": 0.0383, ""neutral"": 0.011, ""anger"": 0.0065, ""fear"": 0.0037, ""sadness"": 0.0019, ""disgust"": 0.0004}"
bp_0_99_2,this era of mobility has played havoc with our heritage! even mighty t'challa is out of reach in this grave hour...,[],"[[11.0, 11.0, 250.0, 105.0], [275.0, 9.0, 412.0, 75.0]]",[],"[[69.0, 214.0, 197.0, 397.0], [297.0, 97.0, 426.0, 281.0]]",INFORM,0.4,0.9,"{""fear"": 0.7406, ""sadness"": 0.1092, ""neutral"": 0.0583, ""anger"": 0.045, ""surprise"": 0.0292, ""disgust"": 0.0145, ""joy"": 0.0032}"
bp_0_99_2,"he is sorely needed, noble one!",[],"[[11.0, 11.0, 250.0, 105.0], [275.0, 9.0, 412.0, 75.0]]",[],"[[69.0, 214.0, 197.0, 397.0], [297.0, 97.0, 426.0, 281.0]]",INFORM,0.75,0.9,"{""joy"": 0.9368, ""neutral"": 0.0176, ""anger"": 0.0171, ""sadness"": 0.0143, ""surprise"": 0.0113, ""disgust"": 0.0017, ""fear"": 0.0011}"
bp_0_99_3,"i've seen the others.they seem unlikely candidates for the task we face.it demands a warrior's hand, sire!perhaps mine..",[],"[[6.0, 4.0, 340.0, 93.0], [186.0, 108.0, 405.0, 223.0]]",[],"[[18.0, 72.0, 175.0, 275.0], [269.0, 162.0, 400.0, 335.0]]",,-0.5,0.5,"{""sadness"": 0.7861, ""fear"": 0.0789, ""surprise"": 0.0681, ""neutral"": 0.0294, ""anger"": 0.0224, ""joy"": 0.0113, ""disgust"": 0.0037}"
bp_0_99_3,"yours would do fine, jiru...if it coursed with the blood of royalty!",[],"[[6.0, 4.0, 340.0, 93.0], [186.0, 108.0, 405.0, 223.0]]",[],"[[18.0, 72.0, 175.0, 275.0], [269.0, 162.0, 400.0, 335.0]]",,0.5208333333333334,0.5,"{""anger"": 0.8286, ""disgust"": 0.1228, ""fear"": 0.0168, ""sadness"": 0.0162, ""neutral"": 0.0112, ""joy"": 0.0028, ""surprise"": 0.0015}"
bp_0_9_0,at last it's mine! the doorway to time itself--! compact and secure within this humble object!,[],"[[3.0, 3.0, 393.0, 73.0], [279.0, 74.0, 455.0, 178.0]]",[],"[[73.0, 143.0, 230.0, 290.0], [378.0, 209.0, 461.0, 310.0]]",,0.05000000000000001,0.35555555555555557,"{""neutral"": 0.441, ""joy"": 0.2215, ""anger"": 0.1518, ""surprise"": 0.1239, ""disgust"": 0.0273, ""sadness"": 0.0191, ""fear"": 0.0155}"
bp_0_9_0,but it cannot be controlled highness! it!s dangerous to use!!,[],"[[3.0, 3.0, 393.0, 73.0], [279.0, 74.0, 455.0, 178.0]]",[],"[[73.0, 143.0, 230.0, 290.0], [378.0, 209.0, 461.0, 310.0]]",,-0.9375,0.9,"{""anger"": 0.7004, ""fear"": 0.2125, ""sadness"": 0.0615, ""joy"": 0.0098, ""surprise"": 0.0071, ""disgust"": 0.005, ""neutral"": 0.0037}"
bp_1_158_1,"oh, we'll stop all right--","['in the country known as azania, the justice of the government tends to have one form...']","[[465.0, 379.0, 639.0, 425.0]]","[[18.0, 306.0, 266.0, 384.0]]","[[541.0, 30.0, 585.0, 96.0]]",COMMIT,0.2857142857142857,0.5357142857142857,"{""anger"": 0.7345, ""fear"": 0.1212, ""neutral"": 0.0536, ""sadness"": 0.0461, ""disgust"": 0.0344, ""surprise"": 0.0073, ""joy"": 0.0029}"
bp_1_158_3,"oh, great panther-spirit, hear my prayer and bring deliverance--",[],"[[3.0, 4.0, 255.0, 75.0]]",[],"[[222.0, 5.0, 649.0, 230.0]]",,0.8,0.75,"{""neutral"": 0.4765, ""joy"": 0.2912, ""surprise"": 0.1269, ""sadness"": 0.0456, ""fear"": 0.0312, ""anger"": 0.0177, ""disgust"": 0.0108}"
bp_1_159_1,how long o panther spirit? how long before you hear our cries?,['azania...'],"[[44.0, 596.0, 271.0, 658.0]]","[[0.0, 7.0, 114.0, 21.0]]","[[79.0, 240.0, 199.0, 413.0]]",WHY_QUESTION,-0.05,0.4,"{""neutral"": 0.8112, ""surprise"": 0.1008, ""fear"": 0.0328, ""sadness"": 0.0202, ""anger"": 0.0185, ""disgust"": 0.0142, ""joy"": 0.0023}"
bp_1_159_5,blasted holy men...they're half crazy to begin with!,[],"[[5.0, 6.0, 145.0, 88.0]]",[],"[[-1.0, -1.0, -1.0, -1.0]]",,-0.5055555555555555,0.6555555555555556,"{""surprise"": 0.3469, ""disgust"": 0.3098, ""anger"": 0.2363, ""neutral"": 0.0451, ""sadness"": 0.0433, ""fear"": 0.0115, ""joy"": 0.0072}"
bp_1_161_3,my king -- are you all righ?,[],"[[22.0, 5.0, 174.0, 48.0]]",[],"[[4.0, 63.0, 193.0, 355.0]]",YES-NO_QUESTION,0.0,0.0,"{""surprise"": 0.5692, ""sadness"": 0.2136, ""neutral"": 0.0861, ""fear"": 0.0526, ""anger"": 0.0425, ""disgust"": 0.0222, ""joy"": 0.0138}"
bp_1_163_0,"and now, when i most need the strength and surety that comes from my god",[],"[[0.0, 0.0, 239.0, 82.0], [6.0, 893.0, 154.0, 966.0]]",[],"[[4.0, 110.0, 318.0, 859.0], [5.0, 109.0, 315.0, 859.0]]",NOT_CLASSIFIABLE,0.5,0.5,"{""joy"": 0.8606, ""surprise"": 0.0547, ""neutral"": 0.0275, ""sadness"": 0.0203, ""anger"": 0.0185, ""fear"": 0.0164, ""disgust"": 0.0021}"
bp_1_163_0,"has he, in fact, deserted me? has he?",[],"[[0.0, 0.0, 239.0, 82.0], [6.0, 893.0, 154.0, 966.0]]",[],"[[4.0, 110.0, 318.0, 859.0], [5.0, 109.0, 315.0, 859.0]]",,0.0,0.0,"{""sadness"": 0.3571, ""neutral"": 0.283, ""disgust"": 0.1186, ""anger"": 0.1026, ""surprise"": 0.0828, ""fear"": 0.0547, ""joy"": 0.0012}"
bp_1_163_2,our host certainly seems to be of mercurial temperament tonight!,[],"[[0.0, 4.0, 115.0, 146.0], [0.0, 219.0, 369.0, 265.0]]",[],"[[138.0, 10.0, 296.0, 194.0], [392.0, 28.0, 580.0, 246.0]]",INFORM,0.26785714285714285,0.5714285714285714,"{""joy"": 0.8337, ""neutral"": 0.1444, ""surprise"": 0.0095, ""anger"": 0.0051, ""disgust"": 0.0033, ""sadness"": 0.0032, ""fear"": 0.0008}"
bp_1_163_2,"he may act abruptly, but not without reason, ambassador inouye!",[],"[[0.0, 4.0, 115.0, 146.0], [0.0, 219.0, 369.0, 265.0]]",[],"[[138.0, 10.0, 296.0, 194.0], [392.0, 28.0, 580.0, 246.0]]",FEEDBACK,-0.15625,1.0,"{""anger"": 0.4405, ""surprise"": 0.2449, ""fear"": 0.2408, ""neutral"": 0.0444, ""sadness"": 0.017, ""disgust"": 0.0087, ""joy"": 0.0038}"
bp_1_163_4,"hurry, fools! you know the black panther must not be seen without an honor guard-- especially now!",[],"[[1.0, 5.0, 117.0, 170.0]]",[],"[[140.0, 22.0, 155.0, 40.0]]",,-0.08333333333333333,0.7166666666666667,"{""anger"": 0.6365, ""fear"": 0.1559, ""disgust"": 0.0828, ""neutral"": 0.0453, ""sadness"": 0.0437, ""surprise"": 0.022, ""joy"": 0.0137}"
bp_1_164_2,"homelands! we uproot them from homes they thought they owned, give them scraps of veldt with no resources and then force them to work in our factories as aliens without rights!",[],"[[4.0, 3.0, 164.0, 171.0]]",[],"[[-1.0, -1.0, -1.0, -1.0]]",,0.0,0.0,"{""anger"": 0.8853, ""disgust"": 0.0339, ""surprise"": 0.0287, ""neutral"": 0.0226, ""fear"": 0.0167, ""joy"": 0.0066, ""sadness"": 0.0063}"
bp_1_164_9,what sort of system is that?,[],"[[5.0, 3.0, 144.0, 46.0], [81.0, 271.0, 136.0, 351.0]]",[],"[[-1.0, -1.0, -1.0, -1.0], [1.0, 46.0, 141.0, 456.0]]",WHY_QUESTION,0.0,0.0,"{""neutral"": 0.674, ""surprise"": 0.2639, ""anger"": 0.0312, ""disgust"": 0.0195, ""sadness"": 0.0049, ""fear"": 0.0041, ""joy"": 0.0024}"
bp_1_164_9,"alas, it is the one we have.",[],"[[5.0, 3.0, 144.0, 46.0], [81.0, 271.0, 136.0, 351.0]]",[],"[[-1.0, -1.0, -1.0, -1.0], [1.0, 46.0, 141.0, 456.0]]",FEEDBACK,-0.4,1.0,"{""neutral"": 0.8144, ""surprise"": 0.1423, ""joy"": 0.0194, ""sadness"": 0.0145, ""anger"": 0.0048, ""disgust"": 0.0032, ""fear"": 0.0013}"
bp_1_165_6,stand aside! this is our country!,[],"[[0.0, 0.0, 118.0, 62.0]]",[],"[[36.0, 159.0, 54.0, 181.0]]",,0.0,0.0,"{""anger"": 0.872, ""disgust"": 0.0427, ""fear"": 0.0307, ""surprise"": 0.029, ""neutral"": 0.0133, ""sadness"": 0.0069, ""joy"": 0.0055}"
bp_1_167_1,--you're more enslaved than the azanians!,"['minutes later, loudspeakers throughout the city make an announcement...']","[[339.0, 3.0, 563.0, 38.0], [306.0, 349.0, 613.0, 458.0]]","[[365.0, 209.0, 525.0, 289.0]]","[[308.0, 86.0, 338.0, 119.0], [-1.0, -1.0, -1.0, -1.0]]",INFORM,0.625,0.5,"{""surprise"": 0.3835, ""disgust"": 0.2846, ""anger"": 0.2066, ""neutral"": 0.0681, ""sadness"": 0.0388, ""fear"": 0.011, ""joy"": 0.0073}"
bp_1_167_1,"attention!t'challa kins of the wakanda's, the black panther, shall give a public address at the temple square in twenty minutes!all wakandans are welcome!","['minutes later, loudspeakers throughout the city make an announcement...']","[[339.0, 3.0, 563.0, 38.0], [306.0, 349.0, 613.0, 458.0]]","[[365.0, 209.0, 525.0, 289.0]]","[[308.0, 86.0, 338.0, 119.0], [-1.0, -1.0, -1.0, -1.0]]",,0.2777777777777778,0.4666666666666666,"{""joy"": 0.6713, ""surprise"": 0.173, ""neutral"": 0.1181, ""anger"": 0.0201, ""sadness"": 0.0091, ""fear"": 0.0069, ""disgust"": 0.0015}"
bp_1_167_2,young one--the panther spirit is our nation--!,[],"[[141.0, 5.0, 289.0, 58.0], [141.0, 411.0, 289.0, 459.0]]",[],"[[44.0, 57.0, 134.0, 132.0], [52.0, 143.0, 221.0, 383.0]]",INFORM,0.125,0.4,"{""neutral"": 0.3918, ""surprise"": 0.2228, ""joy"": 0.2096, ""anger"": 0.1164, ""disgust"": 0.0311, ""sadness"": 0.0167, ""fear"": 0.0116}"
bp_1_167_2,no! it's a club you hold over our heads!,[],"[[141.0, 5.0, 289.0, 58.0], [141.0, 411.0, 289.0, 459.0]]",[],"[[44.0, 57.0, 134.0, 132.0], [52.0, 143.0, 221.0, 383.0]]",,0.0,0.0,"{""surprise"": 0.6635, ""anger"": 0.2076, ""joy"": 0.0497, ""disgust"": 0.0327, ""neutral"": 0.0248, ""fear"": 0.0112, ""sadness"": 0.0105}"
bp_1_168_0,"i am shocked to learn of brutal murder of governor fugard in his home two days ago. although a member of goverment all just men must condemn, he fought long and hard for equality and representative rule. i condemn his murderer.","['soon, as his speech is transmitted by video relay to every outlying village, the panther begins--']","[[34.0, 123.0, 298.0, 315.0]]","[[4.0, 3.0, 324.0, 57.0]]","[[-1.0, -1.0, -1.0, -1.0]]",,-0.4791666666666667,0.6854166666666667,"{""surprise"": 0.7666, ""fear"": 0.1198, ""anger"": 0.0849, ""sadness"": 0.0134, ""disgust"": 0.0103, ""joy"": 0.0029, ""neutral"": 0.0021}"
bp_1_168_1,i condemn the man who arrogates to himself the panther spirit's name and so gives the evil men who rule azania nothing less than an excuse to commit genocide--,[],"[[4.0, 5.0, 251.0, 125.0], [26.0, 130.0, 246.0, 222.0]]",[],"[[158.0, 572.0, 185.0, 603.0], [161.0, 575.0, 187.0, 605.0]]",INFORM,-0.4055555555555556,0.37222222222222223,"{""anger"": 0.9587, ""sadness"": 0.0233, ""fear"": 0.0075, ""disgust"": 0.0056, ""joy"": 0.0039, ""neutral"": 0.0005, ""surprise"": 0.0005}"
bp_1_168_1,"and, while i condemn apartheid as a blot on the face of all humanity that must be erased--",[],"[[4.0, 5.0, 251.0, 125.0], [26.0, 130.0, 246.0, 222.0]]",[],"[[158.0, 572.0, 185.0, 603.0], [161.0, 575.0, 187.0, 605.0]]",INFORM,0.0,0.0,"{""anger"": 0.6327, ""disgust"": 0.175, ""sadness"": 0.151, ""fear"": 0.0252, ""neutral"": 0.0121, ""joy"": 0.0028, ""surprise"": 0.0013}"
bp_1_168_3,"-- i condemn this fruitless revolt, and plead that both sides lay down their arms in truce.",[],"[[116.0, 3.0, 520.0, 50.0]]",[],"[[-1.0, -1.0, -1.0, -1.0]]",INFORM,-0.15555555555555556,0.2888888888888889,"{""anger"": 0.6545, ""sadness"": 0.2527, ""disgust"": 0.0691, ""neutral"": 0.0086, ""joy"": 0.0078, ""fear"": 0.0062, ""surprise"": 0.0011}"
bp_1_168_4,"i condemn the masters of azania who, for generations have infucted pain and death on an innocent populace because of their race--",[],"[[4.0, 4.0, 144.0, 177.0]]",[],"[[23.0, 266.0, 131.0, 398.0]]",INFORM,0.5,0.7,"{""anger"": 0.7909, ""sadness"": 0.1397, ""disgust"": 0.0356, ""joy"": 0.0232, ""fear"": 0.0075, ""neutral"": 0.0017, ""surprise"": 0.0014}"
bp_1_169_3,traitor!!,[],"[[4.0, 2.0, 140.0, 50.0], [54.0, 382.0, 324.0, 486.0]]",[],"[[10.0, 138.0, 185.0, 337.0], [11.0, 136.0, 185.0, 338.0]]",NOT_CLASSIFIABLE,0.0,0.0,"{""surprise"": 0.413, ""neutral"": 0.2854, ""anger"": 0.1549, ""disgust"": 0.0588, ""fear"": 0.0357, ""sadness"": 0.0276, ""joy"": 0.0246}"
bp_1_169_3,by this you have given public support to that cursed regime! no wonder the panther spirit deserted you-- it can't stomach traitors!,[],"[[4.0, 2.0, 140.0, 50.0], [54.0, 382.0, 324.0, 486.0]]",[],"[[10.0, 138.0, 185.0, 337.0], [11.0, 136.0, 185.0, 338.0]]",INFORM,0.0,0.06666666666666667,"{""anger"": 0.4752, ""disgust"": 0.3649, ""sadness"": 0.0529, ""surprise"": 0.0451, ""neutral"": 0.033, ""fear"": 0.0246, ""joy"": 0.0043}"
bp_1_169_5,"it is you who are the traitor, ndebele!i thing the government itselt set this revolt up to consolidate their power!",[],"[[5.0, 3.0, 223.0, 101.0], [153.0, 235.0, 320.0, 313.0]]",[],"[[52.0, 291.0, 97.0, 340.0], [52.0, 293.0, 98.0, 335.0]]",,0.0,0.0,"{""anger"": 0.9429, ""sadness"": 0.013, ""disgust"": 0.0123, ""surprise"": 0.0113, ""neutral"": 0.0095, ""fear"": 0.0072, ""joy"": 0.0038}"
bp_1_169_5,and i will not desert my king at the first bad omen!,[],"[[5.0, 3.0, 223.0, 101.0], [153.0, 235.0, 320.0, 313.0]]",[],"[[52.0, 291.0, 97.0, 340.0], [52.0, 293.0, 98.0, 335.0]]",INFORM,-0.3124999999999999,0.5,"{""anger"": 0.9389, ""fear"": 0.0247, ""sadness"": 0.0176, ""disgust"": 0.0083, ""neutral"": 0.0051, ""joy"": 0.0035, ""surprise"": 0.0018}"
bp_1_169_6,--in order to see with certainty whether the panther spirit yet dwells within you--,[],"[[7.0, 4.0, 199.0, 90.0]]",[],"[[5.0, 102.0, 197.0, 527.0]]",FEEDBACK,0.0,0.0,"{""neutral"": 0.7339, ""fear"": 0.1453, ""anger"": 0.0357, ""joy"": 0.0255, ""disgust"": 0.0255, ""surprise"": 0.0175, ""sadness"": 0.0167}"
bp_1_170_4,it's tabby!!,[],"[[225.0, 4.0, 338.0, 55.0]]",[],"[[45.0, 34.0, 219.0, 247.0]]",INFORM,0.0,0.0,"{""surprise"": 0.6878, ""neutral"": 0.1531, ""joy"": 0.0992, ""anger"": 0.0292, ""sadness"": 0.0164, ""disgust"": 0.0109, ""fear"": 0.0033}"
bp_1_174_3,the citizens of azania put their faith in you--to protect our way of life... to live up to your pledge!,[],"[[4.0, 5.0, 223.0, 96.0], [804.0, 66.0, 964.0, 136.0]]",[],"[[267.0, 55.0, 289.0, 80.0], [649.0, 5.0, 684.0, 41.0]]",INFORM,0.17045454545454544,0.5,"{""anger"": 0.7668, ""neutral"": 0.1209, ""joy"": 0.0579, ""fear"": 0.0201, ""disgust"": 0.0147, ""surprise"": 0.0145, ""sadness"": 0.005}"
bp_1_174_3,for duty-- for honor-- for country!,[],"[[4.0, 5.0, 223.0, 96.0], [804.0, 66.0, 964.0, 136.0]]",[],"[[267.0, 55.0, 289.0, 80.0], [649.0, 5.0, 684.0, 41.0]]",NOT_CLASSIFIABLE,0.0,0.0,"{""anger"": 0.7191, ""joy"": 0.1449, ""neutral"": 0.0684, ""disgust"": 0.0462, ""surprise"": 0.0137, ""sadness"": 0.0042, ""fear"": 0.0033}"
bp_1_174_5,so now we take the fight to him. we're going into wakanda.,[],"[[4.0, 3.0, 159.0, 67.0]]",[],"[[4.0, 142.0, 169.0, 483.0]]",,0.0,0.0,"{""neutral"": 0.9533, ""joy"": 0.0147, ""surprise"": 0.0098, ""anger"": 0.0077, ""sadness"": 0.0059, ""disgust"": 0.0043, ""fear"": 0.0043}"
bp_1_176_3,the revolt in azania is a ghastly failure! it is precisely the excuse the government needs to exterminate the natives in that country!,[],"[[4.0, 1.0, 257.0, 105.0], [441.0, 136.0, 643.0, 243.0]]",[],"[[229.0, 157.0, 245.0, 169.0], [344.0, 107.0, 364.0, 125.0]]",,-0.01944444444444443,0.38333333333333336,"{""fear"": 0.9866, ""anger"": 0.0075, ""surprise"": 0.0016, ""sadness"": 0.0015, ""disgust"": 0.0013, ""joy"": 0.001, ""neutral"": 0.0005}"
bp_1_176_3,"even so, our king should have demonstrated solidarity with the rebels their cause is a just one!",[],"[[4.0, 1.0, 257.0, 105.0], [441.0, 136.0, 643.0, 243.0]]",[],"[[229.0, 157.0, 245.0, 169.0], [344.0, 107.0, 364.0, 125.0]]",,0.0,0.0,"{""neutral"": 0.5914, ""anger"": 0.271, ""disgust"": 0.0881, ""sadness"": 0.0165, ""surprise"": 0.0164, ""joy"": 0.0085, ""fear"": 0.008}"
bp_1_177_0,-- has never survived on faith!,[],"[[29.0, 5.0, 216.0, 68.0], [23.0, 670.0, 183.0, 741.0]]",[],"[[-1.0, -1.0, -1.0, -1.0], [48.0, 161.0, 310.0, 577.0]]",INFORM,0.0,0.0,"{""sadness"": 0.2763, ""surprise"": 0.2363, ""neutral"": 0.2199, ""anger"": 0.1247, ""disgust"": 0.0665, ""fear"": 0.0656, ""joy"": 0.0108}"
bp_1_177_0,arrrrgh! my ear-- the pain--!,[],"[[29.0, 5.0, 216.0, 68.0], [23.0, 670.0, 183.0, 741.0]]",[],"[[-1.0, -1.0, -1.0, -1.0], [48.0, 161.0, 310.0, 577.0]]",,0.0,0.0,"{""surprise"": 0.6806, ""sadness"": 0.2102, ""anger"": 0.0365, ""disgust"": 0.0216, ""fear"": 0.0187, ""neutral"": 0.0178, ""joy"": 0.0146}"
bp_1_177_2,seek not to sway me with words of king--,[],"[[7.0, 319.0, 91.0, 414.0], [149.0, 655.0, 304.0, 743.0]]",[],"[[46.0, 442.0, 230.0, 661.0], [45.0, 441.0, 229.0, 661.0]]",NOT_CLASSIFIABLE,0.0,0.0,"{""fear"": 0.6651, ""anger"": 0.1867, ""neutral"": 0.0575, ""sadness"": 0.0511, ""disgust"": 0.0284, ""joy"": 0.0064, ""surprise"": 0.0048}"
bp_1_177_2,--neither the cleverness of the warrior nor the cat is with words!,[],"[[7.0, 319.0, 91.0, 414.0], [149.0, 655.0, 304.0, 743.0]]",[],"[[46.0, 442.0, 230.0, 661.0], [45.0, 441.0, 229.0, 661.0]]",FEEDBACK,0.0,0.0,"{""disgust"": 0.4081, ""anger"": 0.2471, ""neutral"": 0.2275, ""surprise"": 0.0635, ""fear"": 0.0237, ""sadness"": 0.0216, ""joy"": 0.0085}"
bp_1_179_3,"we koff koff fight you, murderer! to the end!you never conquer our people!",[],"[[124.0, 4.0, 320.0, 108.0], [211.0, 393.0, 302.0, 465.0]]",[],"[[106.0, 76.0, 178.0, 166.0], [-1.0, -1.0, -1.0, -1.0]]",,0.0,0.0,"{""anger"": 0.9431, ""fear"": 0.0228, ""disgust"": 0.0099, ""neutral"": 0.0075, ""surprise"": 0.0058, ""joy"": 0.0057, ""sadness"": 0.0052}"
bp_1_179_3,a kid.i almost killed a kid.,[],"[[124.0, 4.0, 320.0, 108.0], [211.0, 393.0, 302.0, 465.0]]",[],"[[106.0, 76.0, 178.0, 166.0], [-1.0, -1.0, -1.0, -1.0]]",,-0.2,0.0,"{""surprise"": 0.3886, ""sadness"": 0.3775, ""fear"": 0.1334, ""anger"": 0.0412, ""neutral"": 0.0251, ""disgust"": 0.0189, ""joy"": 0.0154}"
bp_1_179_4,"well, he can't have got far! show yourself panther!",[],"[[164.0, 331.0, 300.0, 441.0]]",[],"[[8.0, 3.0, 188.0, 316.0]]",,0.15625,1.0,"{""surprise"": 0.5028, ""neutral"": 0.1368, ""joy"": 0.1339, ""sadness"": 0.1153, ""anger"": 0.083, ""disgust"": 0.0227, ""fear"": 0.0055}"
bp_1_180_0,... is you!,[],"[[37.0, 5.0, 161.0, 33.0], [165.0, 387.0, 240.0, 439.0]]",[],"[[-1.0, -1.0, -1.0, -1.0], [4.0, 26.0, 169.0, 465.0]]",INFORM,0.0,0.0,"{""surprise"": 0.9131, ""anger"": 0.0288, ""neutral"": 0.0265, ""joy"": 0.0113, ""sadness"": 0.0099, ""disgust"": 0.0079, ""fear"": 0.0025}"
bp_1_180_0,uh-oh...,[],"[[37.0, 5.0, 161.0, 33.0], [165.0, 387.0, 240.0, 439.0]]",[],"[[-1.0, -1.0, -1.0, -1.0], [4.0, 26.0, 169.0, 465.0]]",BACKCHANNEL,0.0,0.0,"{""surprise"": 0.3661, ""neutral"": 0.3142, ""sadness"": 0.1278, ""fear"": 0.119, ""joy"": 0.0289, ""disgust"": 0.0248, ""anger"": 0.0191}"
bp_1_180_1,what's all the ruckus over here?,[],"[[313.0, 2.0, 425.0, 99.0], [357.0, 302.0, 492.0, 380.0]]",[],"[[294.0, 218.0, 315.0, 244.0], [297.0, 218.0, 315.0, 244.0]]",WHY_QUESTION,0.0,0.0,"{""anger"": 0.8038, ""disgust"": 0.1138, ""sadness"": 0.0376, ""neutral"": 0.0213, ""surprise"": 0.0182, ""fear"": 0.003, ""joy"": 0.0023}"
bp_1_180_1,guys! have you got the panther yet?,[],"[[313.0, 2.0, 425.0, 99.0], [357.0, 302.0, 492.0, 380.0]]",[],"[[294.0, 218.0, 315.0, 244.0], [297.0, 218.0, 315.0, 244.0]]",,0.0,0.0,"{""surprise"": 0.7914, ""neutral"": 0.0779, ""joy"": 0.0724, ""sadness"": 0.0333, ""anger"": 0.0177, ""disgust"": 0.0054, ""fear"": 0.0019}"
bp_1_180_2,the panther has defeated them!,[],"[[4.0, 292.0, 119.0, 394.0], [158.0, 391.0, 330.0, 483.0]]",[],"[[65.0, 136.0, 158.0, 265.0], [247.0, 96.0, 285.0, 134.0]]",INFORM,0.0,0.0,"{""surprise"": 0.7316, ""anger"": 0.1276, ""joy"": 0.0543, ""neutral"": 0.0506, ""sadness"": 0.0157, ""disgust"": 0.0151, ""fear"": 0.005}"
bp_1_180_2,there can be no more proof needed than this! he is our king!,[],"[[4.0, 292.0, 119.0, 394.0], [158.0, 391.0, 330.0, 483.0]]",[],"[[65.0, 136.0, 158.0, 265.0], [247.0, 96.0, 285.0, 134.0]]",,-0.390625,0.5,"{""anger"": 0.5804, ""surprise"": 0.2343, ""disgust"": 0.0805, ""neutral"": 0.0456, ""joy"": 0.0284, ""fear"": 0.0161, ""sadness"": 0.0146}"
bp_1_183_2,we have to get more information about it-- find out whatever else your source might know --,[],"[[4.0, 4.0, 211.0, 83.0], [3.0, 440.0, 130.0, 479.0]]",[],"[[5.0, 85.0, 278.0, 418.0], [4.0, 85.0, 278.0, 418.0]]",,0.5,0.5,"{""neutral"": 0.9278, ""surprise"": 0.0223, ""anger"": 0.0151, ""sadness"": 0.0139, ""fear"": 0.0081, ""disgust"": 0.007, ""joy"": 0.0059}"
bp_1_183_2,"and act, act before it's --",[],"[[4.0, 4.0, 211.0, 83.0], [3.0, 440.0, 130.0, 479.0]]",[],"[[5.0, 85.0, 278.0, 418.0], [4.0, 85.0, 278.0, 418.0]]",ORDER,0.0,0.0,"{""neutral"": 0.6156, ""anger"": 0.1847, ""fear"": 0.1243, ""sadness"": 0.0318, ""disgust"": 0.0191, ""surprise"": 0.0167, ""joy"": 0.0078}"
bp_1_183_3,as for the beeper.. i'm afraid there's no place to put it with this outfit.,[],"[[325.0, 4.0, 478.0, 105.0]]",[],"[[-1.0, -1.0, -1.0, -1.0]]",,-0.6,0.9,"{""fear"": 0.9448, ""neutral"": 0.0256, ""sadness"": 0.0151, ""surprise"": 0.0079, ""anger"": 0.0031, ""disgust"": 0.0023, ""joy"": 0.0013}"
bp_1_183_4,"so, does the one true black panther wish to go over trade reports.. or just have an early breakfast?",[],"[[177.0, 4.0, 390.0, 86.0]]",[],"[[24.0, 22.0, 184.0, 200.0]]",OR_QUESTION,0.09444444444444444,0.4611111111111112,"{""neutral"": 0.8975, ""surprise"": 0.0552, ""sadness"": 0.0288, ""disgust"": 0.006, ""joy"": 0.0045, ""fear"": 0.0041, ""anger"": 0.004}"
bp_1_184_0,"you know i could have the gun empty ist chambers, and return it to you before you had a chance to pull the trigger",[],"[[6.0, 8.0, 326.0, 71.0], [116.0, 653.0, 333.0, 725.0], [358.0, 3.0, 653.0, 151.0], [546.0, 158.0, 657.0, 282.0], [417.0, 678.0, 655.0, 726.0]]",[],"[[94.0, 120.0, 209.0, 258.0], [-1.0, -1.0, -1.0, -1.0], [557.0, 370.0, 635.0, 470.0], [558.0, 372.0, 634.0, 471.0], [381.0, 213.0, 490.0, 397.0]]",INFORM,-0.1,0.5,"{""neutral"": 0.6935, ""surprise"": 0.1704, ""anger"": 0.059, ""sadness"": 0.0311, ""fear"": 0.0268, ""joy"": 0.0113, ""disgust"": 0.0079}"
bp_1_184_0,that's not the point t'challa!you can't continue to run out on your country!,[],"[[6.0, 8.0, 326.0, 71.0], [116.0, 653.0, 333.0, 725.0], [358.0, 3.0, 653.0, 151.0], [546.0, 158.0, 657.0, 282.0], [417.0, 678.0, 655.0, 726.0]]",[],"[[94.0, 120.0, 209.0, 258.0], [-1.0, -1.0, -1.0, -1.0], [557.0, 370.0, 635.0, 470.0], [558.0, 372.0, 634.0, 471.0], [381.0, 213.0, 490.0, 397.0]]",,0.0,0.0,"{""anger"": 0.7609, ""surprise"": 0.0901, ""sadness"": 0.0399, ""fear"": 0.0362, ""disgust"": 0.0294, ""neutral"": 0.0249, ""joy"": 0.0186}"
bp_1_184_0,"malaika--there is a force leading a black revolt against the ruling whites in azania in my name.my right to wear the sacred panther garb is being disputed.and, a member of my shadow cabinet tells me some lunatic has a missile pointed at the heart of my kingdom!",[],"[[6.0, 8.0, 326.0, 71.0], [116.0, 653.0, 333.0, 725.0], [358.0, 3.0, 653.0, 151.0], [546.0, 158.0, 657.0, 282.0], [417.0, 678.0, 655.0, 726.0]]",[],"[[94.0, 120.0, 209.0, 258.0], [-1.0, -1.0, -1.0, -1.0], [557.0, 370.0, 635.0, 470.0], [558.0, 372.0, 634.0, 471.0], [381.0, 213.0, 490.0, 397.0]]",,0.09523809523809522,0.4845238095238095,"{""anger"": 0.9324, ""fear"": 0.0391, ""surprise"": 0.013, ""sadness"": 0.0067, ""neutral"": 0.0039, ""joy"": 0.0028, ""disgust"": 0.0021}"
bp_1_184_0,did you expect me to sit in council and debate ways and means?,[],"[[6.0, 8.0, 326.0, 71.0], [116.0, 653.0, 333.0, 725.0], [358.0, 3.0, 653.0, 151.0], [546.0, 158.0, 657.0, 282.0], [417.0, 678.0, 655.0, 726.0]]",[],"[[94.0, 120.0, 209.0, 258.0], [-1.0, -1.0, -1.0, -1.0], [557.0, 370.0, 635.0, 470.0], [558.0, 372.0, 634.0, 471.0], [381.0, 213.0, 490.0, 397.0]]",YES-NO_QUESTION,0.0,0.0,"{""surprise"": 0.5138, ""neutral"": 0.4045, ""anger"": 0.0429, ""disgust"": 0.0165, ""fear"": 0.0143, ""sadness"": 0.0055, ""joy"": 0.0026}"
bp_1_184_0,i knew you would come.you had to come.,[],"[[6.0, 8.0, 326.0, 71.0], [116.0, 653.0, 333.0, 725.0], [358.0, 3.0, 653.0, 151.0], [546.0, 158.0, 657.0, 282.0], [417.0, 678.0, 655.0, 726.0]]",[],"[[94.0, 120.0, 209.0, 258.0], [-1.0, -1.0, -1.0, -1.0], [557.0, 370.0, 635.0, 470.0], [558.0, 372.0, 634.0, 471.0], [381.0, 213.0, 490.0, 397.0]]",,0.0,0.0,"{""sadness"": 0.4846, ""surprise"": 0.2339, ""joy"": 0.1242, ""neutral"": 0.1071, ""fear"": 0.0306, ""anger"": 0.0181, ""disgust"": 0.0016}"
bp_1_184_2,but why me?why can't he continue to deal with you?,[],"[[7.0, 2.0, 229.0, 52.0], [9.0, 432.0, 243.0, 482.0]]",[],"[[74.0, 124.0, 89.0, 139.0], [56.0, 126.0, 67.0, 138.0]]",,0.0,0.0,"{""surprise"": 0.5166, ""anger"": 0.3591, ""sadness"": 0.0594, ""fear"": 0.0321, ""neutral"": 0.018, ""disgust"": 0.0116, ""joy"": 0.0031}"
bp_1_184_2,"his unstructions were explicit.you came along, or no deal.",[],"[[7.0, 2.0, 229.0, 52.0], [9.0, 432.0, 243.0, 482.0]]",[],"[[74.0, 124.0, 89.0, 139.0], [56.0, 126.0, 67.0, 138.0]]",,0.0,0.0,"{""neutral"": 0.4649, ""anger"": 0.3786, ""sadness"": 0.0491, ""joy"": 0.0397, ""disgust"": 0.0326, ""surprise"": 0.0265, ""fear"": 0.0087}"
bp_1_185_0,you are already under censure and arrest for interfering with sacret ritual -- don't make it harder on yourself!,[],"[[163.0, 3.0, 460.0, 76.0], [333.0, 229.0, 459.0, 380.0], [46.0, 462.0, 458.0, 486.0]]",[],"[[100.0, 40.0, 158.0, 112.0], [331.0, 104.0, 395.0, 208.0], [181.0, 191.0, 251.0, 281.0]]",,-0.0875,0.0,"{""anger"": 0.797, ""fear"": 0.1234, ""disgust"": 0.0312, ""neutral"": 0.0263, ""sadness"": 0.0181, ""surprise"": 0.0027, ""joy"": 0.0014}"
bp_1_185_0,a message was transmitted to wakanda from europe -- and it has been traced to you!,[],"[[163.0, 3.0, 460.0, 76.0], [333.0, 229.0, 459.0, 380.0], [46.0, 462.0, 458.0, 486.0]]",[],"[[100.0, 40.0, 158.0, 112.0], [331.0, 104.0, 395.0, 208.0], [181.0, 191.0, 251.0, 281.0]]",,0.0,0.0,"{""surprise"": 0.8521, ""neutral"": 0.0518, ""joy"": 0.046, ""anger"": 0.0354, ""sadness"": 0.0101, ""disgust"": 0.0025, ""fear"": 0.002}"
bp_1_185_0,"i know nothing about a message, ndebele.",[],"[[163.0, 3.0, 460.0, 76.0], [333.0, 229.0, 459.0, 380.0], [46.0, 462.0, 458.0, 486.0]]",[],"[[100.0, 40.0, 158.0, 112.0], [331.0, 104.0, 395.0, 208.0], [181.0, 191.0, 251.0, 281.0]]",INFORM,0.0,0.0,"{""neutral"": 0.5926, ""sadness"": 0.1837, ""surprise"": 0.0819, ""anger"": 0.0493, ""fear"": 0.0411, ""disgust"": 0.0277, ""joy"": 0.0237}"
bp_1_185_4,he is one of t'challa's order of the panther -- i know they're up to something!,[],"[[7.0, 5.0, 224.0, 68.0], [4.0, 403.0, 227.0, 484.0]]",[],"[[116.0, 87.0, 169.0, 135.0], [104.0, 86.0, 170.0, 134.0]]",,0.0,0.0,"{""surprise"": 0.5698, ""neutral"": 0.2341, ""anger"": 0.0923, ""disgust"": 0.0442, ""joy"": 0.044, ""sadness"": 0.0086, ""fear"": 0.0071}"
bp_1_185_4,"i know they hate our adherence to the old ways..and now that the omens fal against t'challa, they seek to--to do what?",[],"[[7.0, 5.0, 224.0, 68.0], [4.0, 403.0, 227.0, 484.0]]",[],"[[116.0, 87.0, 169.0, 135.0], [104.0, 86.0, 170.0, 134.0]]",,-0.35000000000000003,0.55,"{""anger"": 0.9296, ""sadness"": 0.0395, ""disgust"": 0.0089, ""fear"": 0.0075, ""neutral"": 0.006, ""surprise"": 0.0053, ""joy"": 0.0033}"
bp_1_186_0,a baby-buggy like this won't get us from the center of africa to its southern tip in six months!,[],"[[4.0, 7.0, 228.0, 81.0], [49.0, 409.0, 163.0, 450.0], [186.0, 418.0, 370.0, 481.0]]",[],"[[2.0, 180.0, 97.0, 316.0], [133.0, 149.0, 236.0, 380.0], [133.0, 148.0, 235.0, 380.0]]",INFORM,-0.05,0.05,"{""surprise"": 0.4135, ""neutral"": 0.2225, ""sadness"": 0.1664, ""anger"": 0.0966, ""fear"": 0.0411, ""disgust"": 0.036, ""joy"": 0.024}"
bp_1_186_0,"ordinarily, yes --",[],"[[4.0, 7.0, 228.0, 81.0], [49.0, 409.0, 163.0, 450.0], [186.0, 418.0, 370.0, 481.0]]",[],"[[2.0, 180.0, 97.0, 316.0], [133.0, 149.0, 236.0, 380.0], [133.0, 148.0, 235.0, 380.0]]",FEEDBACK,-0.25,0.5,"{""neutral"": 0.7208, ""surprise"": 0.1293, ""disgust"": 0.0521, ""anger"": 0.0392, ""fear"": 0.0259, ""joy"": 0.0165, ""sadness"": 0.0161}"
bp_1_186_0,-- but slip a few bars of wakandan vibranium into the engine housing --,[],"[[4.0, 7.0, 228.0, 81.0], [49.0, 409.0, 163.0, 450.0], [186.0, 418.0, 370.0, 481.0]]",[],"[[2.0, 180.0, 97.0, 316.0], [133.0, 149.0, 236.0, 380.0], [133.0, 148.0, 235.0, 380.0]]",INFORM,-0.2,0.1,"{""neutral"": 0.9135, ""surprise"": 0.0239, ""disgust"": 0.0173, ""joy"": 0.0149, ""sadness"": 0.0135, ""anger"": 0.0126, ""fear"": 0.0045}"
bp_1_186_3,"what's this? a security lock? only the king could have done this--but why keep it secret, unless--",[],"[[5.0, 5.0, 322.0, 54.0], [204.0, 386.0, 326.0, 486.0]]",[],"[[128.0, 119.0, 169.0, 156.0], [127.0, 120.0, 168.0, 155.0]]",,-0.2,0.85,"{""surprise"": 0.7835, ""neutral"": 0.1519, ""anger"": 0.0321, ""sadness"": 0.0107, ""fear"": 0.0102, ""disgust"": 0.0094, ""joy"": 0.0022}"
bp_1_186_3,"well, as a council member, i know the overrides, so i'll soon--",[],"[[5.0, 5.0, 322.0, 54.0], [204.0, 386.0, 326.0, 486.0]]",[],"[[128.0, 119.0, 169.0, 156.0], [127.0, 120.0, 168.0, 155.0]]",INFORM,0.0,0.0,"{""neutral"": 0.8038, ""joy"": 0.0563, ""anger"": 0.0378, ""disgust"": 0.0298, ""fear"": 0.0282, ""sadness"": 0.0257, ""surprise"": 0.0183}"
bp_1_186_4,-- atomic attack imminent --,[],"[[122.0, 2.0, 301.0, 43.0], [10.0, 426.0, 78.0, 482.0]]",[],"[[41.0, 57.0, 307.0, 486.0], [42.0, 56.0, 307.0, 486.0]]",NOT_CLASSIFIABLE,0.0,0.0,"{""fear"": 0.9557, ""anger"": 0.0136, ""neutral"": 0.0107, ""sadness"": 0.0084, ""surprise"": 0.0067, ""joy"": 0.0028, ""disgust"": 0.002}"
bp_1_186_4,"oh, my g--",[],"[[122.0, 2.0, 301.0, 43.0], [10.0, 426.0, 78.0, 482.0]]",[],"[[41.0, 57.0, 307.0, 486.0], [42.0, 56.0, 307.0, 486.0]]",BACKCHANNEL,0.0,0.0,"{""surprise"": 0.7756, ""sadness"": 0.0985, ""disgust"": 0.0391, ""anger"": 0.0343, ""fear"": 0.0242, ""neutral"": 0.0172, ""joy"": 0.0111}"
bp_1_186_6,--see. by the white ape--!,[],"[[6.0, 2.0, 278.0, 29.0], [155.0, 430.0, 302.0, 480.0]]",[],"[[71.0, 45.0, 232.0, 311.0], [71.0, 45.0, 232.0, 311.0]]",INFORM,0.0,0.0,"{""anger"": 0.3335, ""surprise"": 0.2877, ""joy"": 0.2068, ""disgust"": 0.0955, ""neutral"": 0.0471, ""sadness"": 0.0213, ""fear"": 0.0081}"
bp_1_186_6,red alert. all systems stand by--!,[],"[[6.0, 2.0, 278.0, 29.0], [155.0, 430.0, 302.0, 480.0]]",[],"[[71.0, 45.0, 232.0, 311.0], [71.0, 45.0, 232.0, 311.0]]",ORDER,0.0,0.0,"{""neutral"": 0.4704, ""anger"": 0.2211, ""fear"": 0.1177, ""sadness"": 0.0756, ""surprise"": 0.0578, ""joy"": 0.0515, ""disgust"": 0.0058}"
bp_1_187_2,"according to little's information, a few more minutes should put us in striking distance of the missile base.",[],"[[4.0, 5.0, 317.0, 88.0]]",[],"[[7.0, 75.0, 316.0, 480.0]]",INFORM,-0.0375,0.62,"{""neutral"": 0.9558, ""joy"": 0.0198, ""surprise"": 0.0109, ""fear"": 0.0043, ""sadness"": 0.0039, ""anger"": 0.003, ""disgust"": 0.0023}"
bp_1_187_4,this is as far as we dare go. from here i must go alone.,[],"[[6.0, 272.0, 167.0, 379.0]]",[],"[[-1.0, -1.0, -1.0, -1.0]]",,0.1,1.0,"{""anger"": 0.5305, ""fear"": 0.4339, ""sadness"": 0.0237, ""joy"": 0.0071, ""neutral"": 0.0021, ""surprise"": 0.0014, ""disgust"": 0.0014}"
bp_1_189_5,and the answer is-- not unless you stop that missile. give the order now.,[],"[[4.0, 3.0, 204.0, 71.0]]",[],"[[5.0, 109.0, 193.0, 362.0]]",,0.0,0.0,"{""anger"": 0.7051, ""neutral"": 0.1843, ""sadness"": 0.0615, ""fear"": 0.024, ""disgust"": 0.0125, ""surprise"": 0.0075, ""joy"": 0.0051}"
bp_1_190_0,"if you will pull that missile back into its silo, siphon off its fuel as a token of your good will, i will surrender myself to you and make any statement to the world press you want me to make.i will also, naturally, not tear out your living heart as i had intended.",[],"[[360.0, 5.0, 956.0, 85.0], [735.0, 92.0, 877.0, 164.0]]",[],"[[226.0, 17.0, 368.0, 173.0], [549.0, 86.0, 667.0, 203.0]]",,0.21666666666666665,0.3333333333333333,"{""anger"": 0.9177, ""joy"": 0.0271, ""sadness"": 0.0235, ""neutral"": 0.0127, ""fear"": 0.0125, ""disgust"": 0.0056, ""surprise"": 0.0009}"
bp_1_190_0,you do not frighten me.i agree to your temrs.,[],"[[360.0, 5.0, 956.0, 85.0], [735.0, 92.0, 877.0, 164.0]]",[],"[[226.0, 17.0, 368.0, 173.0], [549.0, 86.0, 667.0, 203.0]]",,0.0,0.0,"{""fear"": 0.9905, ""joy"": 0.0033, ""anger"": 0.0021, ""sadness"": 0.0017, ""neutral"": 0.0015, ""surprise"": 0.0007, ""disgust"": 0.0002}"
bp_1_190_2,-- is seeing the black panther groveling before a white man for all the world to see!,[],"[[4.0, 605.0, 171.0, 710.0]]",[],"[[4.0, 214.0, 175.0, 600.0]]",FEEDBACK,-0.08333333333333333,0.21666666666666667,"{""disgust"": 0.9214, ""anger"": 0.0337, ""surprise"": 0.0141, ""sadness"": 0.0138, ""neutral"": 0.0121, ""fear"": 0.0032, ""joy"": 0.0016}"
bp_1_190_3,attention!delay the launch ten minutes!await further instructions!,[],"[[141.0, 4.0, 489.0, 37.0]]",[],"[[324.0, 61.0, 381.0, 106.0]]",,0.0,0.25,"{""sadness"": 0.5682, ""neutral"": 0.1749, ""surprise"": 0.1288, ""anger"": 0.1018, ""joy"": 0.0112, ""fear"": 0.0108, ""disgust"": 0.0045}"
bp_1_193_1,"oh, look! the dancers are re-enacting your triumph over the supremacists!",[],"[[9.0, 8.0, 155.0, 120.0]]",[],"[[-1.0, -1.0, -1.0, -1.0]]",,0.0,0.0,"{""surprise"": 0.5397, ""joy"": 0.2218, ""anger"": 0.1155, ""disgust"": 0.0654, ""neutral"": 0.0322, ""sadness"": 0.0178, ""fear"": 0.0076}"
bp_1_193_5,"you could be a little cheerier, t'challa.people might think you're not having a good time --!",[],"[[134.0, 6.0, 304.0, 105.0]]",[],"[[5.0, 124.0, 136.0, 298.0]]",,0.34375,0.55,"{""joy"": 0.9613, ""neutral"": 0.0179, ""sadness"": 0.008, ""surprise"": 0.0071, ""anger"": 0.0037, ""disgust"": 0.0017, ""fear"": 0.0004}"
bp_1_194_3,i only hope we can stop him before he does something stupid..!,[],"[[11.0, 367.0, 157.0, 461.0]]",[],"[[120.0, 198.0, 139.0, 218.0]]",INFORM,-0.49999999999999994,1.0,"{""anger"": 0.5538, ""sadness"": 0.3824, ""surprise"": 0.0197, ""joy"": 0.0183, ""fear"": 0.0105, ""neutral"": 0.01, ""disgust"": 0.0054}"
bp_1_195_1,holy--!,[],"[[4.0, 1.0, 117.0, 47.0], [75.0, 155.0, 282.0, 342.0]]",[],"[[-1.0, -1.0, -1.0, -1.0], [-1.0, -1.0, -1.0, -1.0]]",NOT_CLASSIFIABLE,0.0,0.0,"{""surprise"": 0.8683, ""anger"": 0.0449, ""joy"": 0.0424, ""neutral"": 0.0195, ""disgust"": 0.0147, ""sadness"": 0.0067, ""fear"": 0.0034}"
bp_1_195_1,"you shall be tried by fang and claw, and your sinew and blood shall be torn by my judgement, t'challa son of t'chaka",[],"[[4.0, 1.0, 117.0, 47.0], [75.0, 155.0, 282.0, 342.0]]",[],"[[-1.0, -1.0, -1.0, -1.0], [-1.0, -1.0, -1.0, -1.0]]",INFORM,0.0,0.0,"{""anger"": 0.9376, ""sadness"": 0.0269, ""fear"": 0.0149, ""neutral"": 0.0093, ""disgust"": 0.0088, ""joy"": 0.0015, ""surprise"": 0.0009}"
bp_1_195_2,"so it shall, great one -- if unworthiness lies in me.",[],"[[29.0, 5.0, 207.0, 89.0], [26.0, 148.0, 161.0, 215.0]]",[],"[[-1.0, -1.0, -1.0, -1.0], [213.0, 72.0, 453.0, 243.0]]",INFORM,0.8,0.75,"{""neutral"": 0.3754, ""sadness"": 0.3351, ""fear"": 0.1143, ""disgust"": 0.0848, ""joy"": 0.0554, ""anger"": 0.0322, ""surprise"": 0.0029}"
bp_1_195_2,"we shall see, mortal ..",[],"[[29.0, 5.0, 207.0, 89.0], [26.0, 148.0, 161.0, 215.0]]",[],"[[-1.0, -1.0, -1.0, -1.0], [213.0, 72.0, 453.0, 243.0]]",FEEDBACK,0.0,0.0,"{""neutral"": 0.546, ""disgust"": 0.1721, ""sadness"": 0.1579, ""fear"": 0.0517, ""surprise"": 0.0362, ""anger"": 0.0293, ""joy"": 0.0067}"
bp_1_195_4,now is the time when all i am is called into question.,[],"[[4.0, 8.0, 189.0, 75.0], [156.0, 408.0, 263.0, 468.0]]",[],"[[197.0, 117.0, 308.0, 304.0], [196.0, 118.0, 308.0, 304.0]]",INFORM,0.0,0.0,"{""fear"": 0.7074, ""anger"": 0.214, ""sadness"": 0.037, ""surprise"": 0.0298, ""neutral"": 0.0078, ""joy"": 0.0023, ""disgust"": 0.0017}"
bp_1_195_4,but not your soul alone.,[],"[[4.0, 8.0, 189.0, 75.0], [156.0, 408.0, 263.0, 468.0]]",[],"[[197.0, 117.0, 308.0, 304.0], [196.0, 118.0, 308.0, 304.0]]",INFORM,0.0,0.0,"{""sadness"": 0.9335, ""neutral"": 0.0434, ""fear"": 0.0082, ""disgust"": 0.0069, ""anger"": 0.0036, ""surprise"": 0.0028, ""joy"": 0.0015}"
bp_1_198_1,he's broken free -- but that bite took out a fair chunk of his arm.,[],"[[5.0, 39.0, 158.0, 160.0], [194.0, 10.0, 328.0, 290.0], [133.0, 525.0, 279.0, 596.0]]",[],"[[-1.0, -1.0, -1.0, -1.0], [-1.0, -1.0, -1.0, -1.0], [-1.0, -1.0, -1.0, -1.0]]",INFORM,0.2333333333333333,0.7000000000000001,"{""sadness"": 0.5812, ""neutral"": 0.174, ""disgust"": 0.0754, ""surprise"": 0.0728, ""anger"": 0.0509, ""fear"": 0.0412, ""joy"": 0.0045}"
bp_1_198_1,so that's what happened in azania -- the panther spirit took another person's form and led the revolt. it seems almost beyond belief.,[],"[[5.0, 39.0, 158.0, 160.0], [194.0, 10.0, 328.0, 290.0], [133.0, 525.0, 279.0, 596.0]]",[],"[[-1.0, -1.0, -1.0, -1.0], [-1.0, -1.0, -1.0, -1.0], [-1.0, -1.0, -1.0, -1.0]]",INFORM,0.0,0.0,"{""surprise"": 0.5203, ""neutral"": 0.4106, ""anger"": 0.0314, ""disgust"": 0.0183, ""fear"": 0.0109, ""sadness"": 0.0051, ""joy"": 0.0033}"
bp_1_198_1,"mightn't be instead, bomwana --",[],"[[5.0, 39.0, 158.0, 160.0], [194.0, 10.0, 328.0, 290.0], [133.0, 525.0, 279.0, 596.0]]",[],"[[-1.0, -1.0, -1.0, -1.0], [-1.0, -1.0, -1.0, -1.0], [-1.0, -1.0, -1.0, -1.0]]",NOT_CLASSIFIABLE,0.0,0.0,"{""neutral"": 0.4341, ""surprise"": 0.253, ""sadness"": 0.236, ""anger"": 0.023, ""fear"": 0.0215, ""disgust"": 0.0193, ""joy"": 0.0131}"
bp_1_198_5,whatever you say.,[],"[[222.0, 0.0, 385.0, 53.0]]",[],"[[-1.0, -1.0, -1.0, -1.0]]",NOT_CLASSIFIABLE,0.0,0.0,"{""neutral"": 0.398, ""disgust"": 0.3188, ""anger"": 0.2229, ""sadness"": 0.0261, ""fear"": 0.0134, ""joy"": 0.0121, ""surprise"": 0.0089}"
bp_1_199_3,the session's already started: i can just hear that madman raving on again about--,[],"[[11.0, 7.0, 262.0, 79.0]]",[],"[[199.0, 140.0, 218.0, 171.0]]",INFORM,0.0,0.0,"{""neutral"": 0.5551, ""anger"": 0.1396, ""surprise"": 0.0987, ""disgust"": 0.0804, ""sadness"": 0.0624, ""fear"": 0.0384, ""joy"": 0.0254}"
bp_1_200_0,yes! run! the chase will be good! the chase will be quick!,['he iis faster-- tirelesss--'],"[[9.0, 7.0, 356.0, 62.0]]","[[625.0, 212.0, 759.0, 284.0]]","[[216.0, 109.0, 261.0, 164.0]]",,0.6458333333333333,0.55,"{""joy"": 0.6793, ""neutral"": 0.1523, ""surprise"": 0.1277, ""anger"": 0.0191, ""sadness"": 0.0178, ""fear"": 0.002, ""disgust"": 0.0018}"
bp_1_201_2,no.,[],"[[30.0, 18.0, 95.0, 54.0], [11.0, 370.0, 85.0, 430.0]]",[],"[[18.0, 66.0, 274.0, 326.0], [19.0, 67.0, 274.0, 326.0]]",FEEDBACK,0.0,0.0,"{""neutral"": 0.691, ""sadness"": 0.1436, ""disgust"": 0.0857, ""fear"": 0.0354, ""anger"": 0.019, ""surprise"": 0.0162, ""joy"": 0.0091}"
bp_1_201_2,you are mine.,[],"[[30.0, 18.0, 95.0, 54.0], [11.0, 370.0, 85.0, 430.0]]",[],"[[18.0, 66.0, 274.0, 326.0], [19.0, 67.0, 274.0, 326.0]]",INFORM,0.0,0.0,"{""neutral"": 0.9146, ""surprise"": 0.0389, ""joy"": 0.0175, ""anger"": 0.0094, ""sadness"": 0.0084, ""fear"": 0.0059, ""disgust"": 0.0054}"
bp_1_203_1,i still don't understand.. how could you lose to the panther - spirit and still win? don't tell me you argued him out of it!,['wakanda'],"[[36.0, 55.0, 193.0, 212.0], [205.0, 190.0, 314.0, 223.0]]","[[4.0, 3.0, 128.0, 41.0]]","[[84.0, 246.0, 128.0, 290.0], [151.0, 291.0, 186.0, 325.0]]",,1.0,0.4,"{""surprise"": 0.8914, ""sadness"": 0.0529, ""anger"": 0.0314, ""neutral"": 0.011, ""fear"": 0.0081, ""joy"": 0.0037, ""disgust"": 0.0016}"
bp_1_203_1,malaika --,['wakanda'],"[[36.0, 55.0, 193.0, 212.0], [205.0, 190.0, 314.0, 223.0]]","[[4.0, 3.0, 128.0, 41.0]]","[[84.0, 246.0, 128.0, 290.0], [151.0, 291.0, 186.0, 325.0]]",FEEDBACK,0.0,0.0,"{""neutral"": 0.6969, ""surprise"": 0.175, ""joy"": 0.0669, ""sadness"": 0.042, ""anger"": 0.0115, ""disgust"": 0.0038, ""fear"": 0.0038}"
bp_1_203_4,-- we did not argue.,[],"[[6.0, 5.0, 157.0, 56.0], [5.0, 266.0, 169.0, 386.0]]",[],"[[38.0, 5.0, 170.0, 547.0], [45.0, 5.0, 170.0, 547.0]]",INFORM,0.0,0.0,"{""neutral"": 0.6031, ""anger"": 0.1647, ""disgust"": 0.1376, ""sadness"": 0.0546, ""fear"": 0.0156, ""surprise"": 0.0129, ""joy"": 0.0115}"
bp_1_203_4,"the blood of out brothers is a holy thing, and their bondage blasphemy.",[],"[[6.0, 5.0, 157.0, 56.0], [5.0, 266.0, 169.0, 386.0]]",[],"[[38.0, 5.0, 170.0, 547.0], [45.0, 5.0, 170.0, 547.0]]",INFORM,0.0,0.0,"{""disgust"": 0.9441, ""anger"": 0.0409, ""neutral"": 0.0062, ""fear"": 0.0042, ""sadness"": 0.003, ""joy"": 0.0012, ""surprise"": 0.0004}"
bp_2_205_1,"okay, ross, your report is starting to make a little sence now.",[],"[[343.0, 155.0, 488.0, 282.0], [345.0, 269.0, 486.0, 340.0], [144.0, 349.0, 262.0, 426.0], [721.0, 346.0, 876.0, 448.0], [726.0, 448.0, 895.0, 581.0]]",[],"[[-1.0, -1.0, -1.0, -1.0], [-1.0, -1.0, -1.0, -1.0], [290.0, 350.0, 477.0, 533.0], [574.0, 450.0, 670.0, 563.0], [573.0, 449.0, 671.0, 561.0]]",FEEDBACK,0.10416666666666667,0.3666666666666667,"{""neutral"": 0.6636, ""surprise"": 0.1382, ""joy"": 0.0768, ""sadness"": 0.0522, ""disgust"": 0.0481, ""anger"": 0.015, ""fear"": 0.0061}"
bp_2_205_1,which could mean i'm just crazy.,[],"[[343.0, 155.0, 488.0, 282.0], [345.0, 269.0, 486.0, 340.0], [144.0, 349.0, 262.0, 426.0], [721.0, 346.0, 876.0, 448.0], [726.0, 448.0, 895.0, 581.0]]",[],"[[-1.0, -1.0, -1.0, -1.0], [-1.0, -1.0, -1.0, -1.0], [290.0, 350.0, 477.0, 533.0], [574.0, 450.0, 670.0, 563.0], [573.0, 449.0, 671.0, 561.0]]",INFORM,-0.45625,0.79375,"{""surprise"": 0.5071, ""anger"": 0.2147, ""neutral"": 0.1229, ""disgust"": 0.0988, ""sadness"": 0.0267, ""fear"": 0.0219, ""joy"": 0.0079}"
bp_2_205_1,"hey,why should i be the only one?",[],"[[343.0, 155.0, 488.0, 282.0], [345.0, 269.0, 486.0, 340.0], [144.0, 349.0, 262.0, 426.0], [721.0, 346.0, 876.0, 448.0], [726.0, 448.0, 895.0, 581.0]]",[],"[[-1.0, -1.0, -1.0, -1.0], [-1.0, -1.0, -1.0, -1.0], [290.0, 350.0, 477.0, 533.0], [574.0, 450.0, 670.0, 563.0], [573.0, 449.0, 671.0, 561.0]]",,0.0,1.0,"{""surprise"": 0.8732, ""anger"": 0.0421, ""neutral"": 0.0222, ""fear"": 0.0192, ""sadness"": 0.0185, ""joy"": 0.0161, ""disgust"": 0.0086}"
bp_2_205_1,"so the client caught the bad guy, droped him with that cop tork--",[],"[[343.0, 155.0, 488.0, 282.0], [345.0, 269.0, 486.0, 340.0], [144.0, 349.0, 262.0, 426.0], [721.0, 346.0, 876.0, 448.0], [726.0, 448.0, 895.0, 581.0]]",[],"[[-1.0, -1.0, -1.0, -1.0], [-1.0, -1.0, -1.0, -1.0], [290.0, 350.0, 477.0, 533.0], [574.0, 450.0, 670.0, 563.0], [573.0, 449.0, 671.0, 561.0]]",INFORM,-0.6999999999999998,0.6666666666666666,"{""anger"": 0.7421, ""disgust"": 0.1234, ""neutral"": 0.0618, ""sadness"": 0.0357, ""fear"": 0.0286, ""surprise"": 0.0044, ""joy"": 0.004}"
bp_2_205_1,--and was free to head home and deal with achebe -- the creep who'd stolen his country.Then what --?!,[],"[[343.0, 155.0, 488.0, 282.0], [345.0, 269.0, 486.0, 340.0], [144.0, 349.0, 262.0, 426.0], [721.0, 346.0, 876.0, 448.0], [726.0, 448.0, 895.0, 581.0]]",[],"[[-1.0, -1.0, -1.0, -1.0], [-1.0, -1.0, -1.0, -1.0], [290.0, 350.0, 477.0, 533.0], [574.0, 450.0, 670.0, 563.0], [573.0, 449.0, 671.0, 561.0]]",,0.5,0.8,"{""surprise"": 0.8285, ""anger"": 0.0924, ""neutral"": 0.027, ""disgust"": 0.0216, ""fear"": 0.0183, ""sadness"": 0.0076, ""joy"": 0.0046}"
bp_2_207_0,keep moving!,[],"[[41.0, 25.0, 142.0, 65.0], [292.0, 57.0, 446.0, 177.0], [561.0, 21.0, 719.0, 91.0], [644.0, 315.0, 817.0, 377.0], [694.0, 382.0, 873.0, 441.0]]",[],"[[196.0, 27.0, 283.0, 104.0], [201.0, 31.0, 282.0, 99.0], [462.0, 50.0, 540.0, 147.0], [807.0, 45.0, 898.0, 147.0], [805.0, 43.0, 896.0, 145.0]]",ORDER,0.0,0.0,"{""anger"": 0.5138, ""neutral"": 0.2079, ""joy"": 0.1433, ""surprise"": 0.0766, ""sadness"": 0.0297, ""disgust"": 0.019, ""fear"": 0.0097}"
bp_2_207_0,only one of them can climb through this vent at a time -- and they don't dare attack us alone!,[],"[[41.0, 25.0, 142.0, 65.0], [292.0, 57.0, 446.0, 177.0], [561.0, 21.0, 719.0, 91.0], [644.0, 315.0, 817.0, 377.0], [694.0, 382.0, 873.0, 441.0]]",[],"[[196.0, 27.0, 283.0, 104.0], [201.0, 31.0, 282.0, 99.0], [462.0, 50.0, 540.0, 147.0], [807.0, 45.0, 898.0, 147.0], [805.0, 43.0, 896.0, 145.0]]",INFORM,0.0,1.0,"{""fear"": 0.683, ""anger"": 0.2856, ""neutral"": 0.0133, ""disgust"": 0.0059, ""joy"": 0.0047, ""sadness"": 0.0041, ""surprise"": 0.0034}"
bp_2_207_0,but -- what's ahead? where's this vent lead to?!,[],"[[41.0, 25.0, 142.0, 65.0], [292.0, 57.0, 446.0, 177.0], [561.0, 21.0, 719.0, 91.0], [644.0, 315.0, 817.0, 377.0], [694.0, 382.0, 873.0, 441.0]]",[],"[[196.0, 27.0, 283.0, 104.0], [201.0, 31.0, 282.0, 99.0], [462.0, 50.0, 540.0, 147.0], [807.0, 45.0, 898.0, 147.0], [805.0, 43.0, 896.0, 145.0]]",,0.0,0.0,"{""surprise"": 0.6114, ""neutral"": 0.2257, ""sadness"": 0.0819, ""anger"": 0.0456, ""fear"": 0.015, ""disgust"": 0.0123, ""joy"": 0.0082}"
bp_2_207_0,"irrelevant, agent 13 -- there is no turning back!",[],"[[41.0, 25.0, 142.0, 65.0], [292.0, 57.0, 446.0, 177.0], [561.0, 21.0, 719.0, 91.0], [644.0, 315.0, 817.0, 377.0], [694.0, 382.0, 873.0, 441.0]]",[],"[[196.0, 27.0, 283.0, 104.0], [201.0, 31.0, 282.0, 99.0], [462.0, 50.0, 540.0, 147.0], [807.0, 45.0, 898.0, 147.0], [805.0, 43.0, 896.0, 145.0]]",,-0.25,0.5,"{""surprise"": 0.3798, ""neutral"": 0.3411, ""anger"": 0.1555, ""disgust"": 0.0594, ""sadness"": 0.0302, ""joy"": 0.0248, ""fear"": 0.009}"
bp_2_207_0,whatever awaits us at the other end -- we will overcome!,[],"[[41.0, 25.0, 142.0, 65.0], [292.0, 57.0, 446.0, 177.0], [561.0, 21.0, 719.0, 91.0], [644.0, 315.0, 817.0, 377.0], [694.0, 382.0, 873.0, 441.0]]",[],"[[196.0, 27.0, 283.0, 104.0], [201.0, 31.0, 282.0, 99.0], [462.0, 50.0, 540.0, 147.0], [807.0, 45.0, 898.0, 147.0], [805.0, 43.0, 896.0, 145.0]]",COMMIT,-0.15625,0.375,"{""neutral"": 0.5739, ""joy"": 0.1853, ""surprise"": 0.1268, ""anger"": 0.0437, ""fear"": 0.0383, ""sadness"": 0.0237, ""disgust"": 0.0083}"
bp_2_207_1,and this has exactly what to do with my question--?,[],"[[42.0, 51.0, 181.0, 119.0], [195.0, 105.0, 281.0, 143.0]]",[],"[[-1.0, -1.0, -1.0, -1.0], [-1.0, -1.0, -1.0, -1.0]]",WHY_QUESTION,0.25,0.25,"{""surprise"": 0.5905, ""neutral"": 0.3117, ""anger"": 0.0491, ""disgust"": 0.0172, ""sadness"": 0.0138, ""fear"": 0.0113, ""joy"": 0.0065}"
bp_2_207_1,"context, nikki",[],"[[42.0, 51.0, 181.0, 119.0], [195.0, 105.0, 281.0, 143.0]]",[],"[[-1.0, -1.0, -1.0, -1.0], [-1.0, -1.0, -1.0, -1.0]]",FEEDBACK,0.0,0.0,"{""neutral"": 0.8964, ""surprise"": 0.0394, ""anger"": 0.0231, ""disgust"": 0.0229, ""fear"": 0.0075, ""sadness"": 0.0073, ""joy"": 0.0033}"
bp_2_207_3,"since i am no longer on active duty with the avengers, the have a vacancy in their roster -- -- one which i hope will be filled by -- the panther!",[],"[[14.0, 5.0, 226.0, 144.0], [133.0, 129.0, 283.0, 188.0]]",[],"[[8.0, 166.0, 81.0, 293.0], [85.0, 191.0, 201.0, 380.0]]",INFORM,0.18333333333333335,0.75,"{""neutral"": 0.4245, ""surprise"": 0.2589, ""sadness"": 0.1491, ""joy"": 0.1317, ""anger"": 0.0228, ""fear"": 0.0072, ""disgust"": 0.0058}"
bp_2_207_3,"i wish to consider it, my friend --",[],"[[14.0, 5.0, 226.0, 144.0], [133.0, 129.0, 283.0, 188.0]]",[],"[[8.0, 166.0, 81.0, 293.0], [85.0, 191.0, 201.0, 380.0]]",FEEDBACK,0.0,0.0,"{""sadness"": 0.8027, ""joy"": 0.1549, ""surprise"": 0.016, ""neutral"": 0.0121, ""anger"": 0.007, ""fear"": 0.0045, ""disgust"": 0.0029}"
bp_2_207_4,-- you asked me about that business with the avengers --,[],"[[88.0, 28.0, 243.0, 111.0], [18.0, 112.0, 151.0, 241.0], [32.0, 359.0, 192.0, 434.0]]",[],"[[212.0, 300.0, 247.0, 344.0], [140.0, 254.0, 182.0, 303.0], [142.0, 254.0, 181.0, 301.0]]",INFORM,0.0,0.0,"{""neutral"": 0.7486, ""surprise"": 0.1483, ""sadness"": 0.0327, ""anger"": 0.0273, ""joy"": 0.0249, ""disgust"": 0.0108, ""fear"": 0.0074}"
bp_2_207_4,"yes, since the president of the united states called you on the carpet about it --",[],"[[88.0, 28.0, 243.0, 111.0], [18.0, 112.0, 151.0, 241.0], [32.0, 359.0, 192.0, 434.0]]",[],"[[212.0, 300.0, 247.0, 344.0], [140.0, 254.0, 182.0, 303.0], [142.0, 254.0, 181.0, 301.0]]",FEEDBACK,0.0,0.0,"{""neutral"": 0.4364, ""disgust"": 0.2672, ""anger"": 0.1708, ""sadness"": 0.0373, ""fear"": 0.0367, ""surprise"": 0.0317, ""joy"": 0.0199}"
bp_2_207_4,-- and gave you 24 hours to get king t'challa on the leash --,[],"[[88.0, 28.0, 243.0, 111.0], [18.0, 112.0, 151.0, 241.0], [32.0, 359.0, 192.0, 434.0]]",[],"[[212.0, 300.0, 247.0, 344.0], [140.0, 254.0, 182.0, 303.0], [142.0, 254.0, 181.0, 301.0]]",FEEDBACK,0.0,0.0,"{""neutral"": 0.8983, ""joy"": 0.0307, ""anger"": 0.0242, ""surprise"": 0.0202, ""sadness"": 0.017, ""disgust"": 0.0062, ""fear"": 0.0034}"
bp_2_208_5,...biting every hand that feeds him. get dressed. i've taken the liberty of buying you some new clothes.,[],"[[198.0, 47.0, 316.0, 248.0]]",[],"[[4.0, 14.0, 203.0, 450.0]]",,0.13636363636363635,0.45454545454545453,"{""neutral"": 0.6157, ""joy"": 0.1464, ""sadness"": 0.102, ""surprise"": 0.096, ""anger"": 0.0331, ""disgust"": 0.0046, ""fear"": 0.0022}"
bp_2_209_3,-- that factions within the u.s. intelligece community have effected a coup d'etat in my homeland. my friends--,[],"[[182.0, 10.0, 420.0, 93.0], [324.0, 71.0, 426.0, 143.0]]",[],"[[159.0, 123.0, 235.0, 223.0], [160.0, 122.0, 232.0, 221.0]]",,0.0,0.0,"{""anger"": 0.8002, ""sadness"": 0.0916, ""fear"": 0.0511, ""disgust"": 0.0314, ""neutral"": 0.0145, ""surprise"": 0.0087, ""joy"": 0.0027}"
bp_2_209_3,this constitutes an act of war.,[],"[[182.0, 10.0, 420.0, 93.0], [324.0, 71.0, 426.0, 143.0]]",[],"[[159.0, 123.0, 235.0, 223.0], [160.0, 122.0, 232.0, 221.0]]",INFORM,0.0,0.0,"{""disgust"": 0.4837, ""anger"": 0.4651, ""fear"": 0.0301, ""neutral"": 0.0122, ""sadness"": 0.0052, ""surprise"": 0.0029, ""joy"": 0.001}"
bp_2_210_3,get back to new york. you've got 24 hours to get king t'challa to retract his statement or you're shipping out to --,[],"[[9.0, 5.0, 286.0, 100.0]]",[],"[[35.0, 114.0, 183.0, 356.0]]",,0.06818181818181818,0.22727272727272727,"{""neutral"": 0.944, ""surprise"": 0.0216, ""sadness"": 0.0125, ""anger"": 0.0105, ""joy"": 0.0058, ""disgust"": 0.0034, ""fear"": 0.0022}"
bp_2_211_0,t'challa -- what do you want from me?!,[],"[[186.0, 23.0, 306.0, 93.0], [327.0, 20.0, 433.0, 73.0], [420.0, 29.0, 583.0, 159.0], [434.0, 162.0, 597.0, 273.0]]",[],"[[296.0, 218.0, 330.0, 250.0], [375.0, 190.0, 411.0, 226.0], [379.0, 192.0, 411.0, 229.0], [376.0, 192.0, 406.0, 227.0]]",WHY_QUESTION,0.0,0.0,"{""surprise"": 0.5887, ""anger"": 0.2719, ""neutral"": 0.0502, ""fear"": 0.0268, ""sadness"": 0.024, ""disgust"": 0.0233, ""joy"": 0.015}"
bp_2_211_0,nicole.. it is not our time.,[],"[[186.0, 23.0, 306.0, 93.0], [327.0, 20.0, 433.0, 73.0], [420.0, 29.0, 583.0, 159.0], [434.0, 162.0, 597.0, 273.0]]",[],"[[296.0, 218.0, 330.0, 250.0], [375.0, 190.0, 411.0, 226.0], [379.0, 192.0, 411.0, 229.0], [376.0, 192.0, 406.0, 227.0]]",FEEDBACK,0.0,0.0,"{""neutral"": 0.7777, ""sadness"": 0.1578, ""surprise"": 0.027, ""disgust"": 0.016, ""fear"": 0.0104, ""anger"": 0.0069, ""joy"": 0.0043}"
bp_2_211_0,"first in my life is to defend and serve the wakandans.for me to truly lead, i must be more than king --",[],"[[186.0, 23.0, 306.0, 93.0], [327.0, 20.0, 433.0, 73.0], [420.0, 29.0, 583.0, 159.0], [434.0, 162.0, 597.0, 273.0]]",[],"[[296.0, 218.0, 330.0, 250.0], [375.0, 190.0, 411.0, 226.0], [379.0, 192.0, 411.0, 229.0], [376.0, 192.0, 406.0, 227.0]]",,0.375,0.41666666666666663,"{""fear"": 0.3411, ""anger"": 0.2348, ""joy"": 0.1894, ""neutral"": 0.13, ""sadness"": 0.0613, ""disgust"": 0.0311, ""surprise"": 0.0125}"
bp_2_211_0,-- i must be chieftain of the panther clan.my studies here are part of that pilgrimage.,[],"[[186.0, 23.0, 306.0, 93.0], [327.0, 20.0, 433.0, 73.0], [420.0, 29.0, 583.0, 159.0], [434.0, 162.0, 597.0, 273.0]]",[],"[[296.0, 218.0, 330.0, 250.0], [375.0, 190.0, 411.0, 226.0], [379.0, 192.0, 411.0, 229.0], [376.0, 192.0, 406.0, 227.0]]",,0.0,0.0,"{""neutral"": 0.5946, ""surprise"": 0.1461, ""joy"": 0.1447, ""sadness"": 0.0972, ""fear"": 0.0074, ""anger"": 0.0053, ""disgust"": 0.0047}"
bp_2_211_1,"i mean, nick, there are practical limits to what i can tell a head of state to do or not to do --",[],"[[207.0, 187.0, 368.0, 308.0]]",[],"[[-1.0, -1.0, -1.0, -1.0]]",FEEDBACK,-0.3125,0.6875,"{""neutral"": 0.801, ""anger"": 0.0677, ""surprise"": 0.0434, ""disgust"": 0.0404, ""fear"": 0.0189, ""sadness"": 0.0166, ""joy"": 0.0119}"
bp_2_211_2,and me? was i part of the journey?,[],"[[270.0, 5.0, 402.0, 57.0], [36.0, 310.0, 220.0, 452.0], [315.0, 349.0, 377.0, 433.0]]",[],"[[310.0, 104.0, 399.0, 210.0], [124.0, 81.0, 209.0, 194.0], [310.0, 105.0, 398.0, 209.0]]",,0.0,0.0,"{""surprise"": 0.6472, ""neutral"": 0.3073, ""sadness"": 0.0142, ""fear"": 0.013, ""anger"": 0.0078, ""joy"": 0.0073, ""disgust"": 0.0032}"
bp_2_211_2,of course. but the journey continues. if i rest... if i stray... my people perish. you must understand that.,[],"[[270.0, 5.0, 402.0, 57.0], [36.0, 310.0, 220.0, 452.0], [315.0, 349.0, 377.0, 433.0]]",[],"[[310.0, 104.0, 399.0, 210.0], [124.0, 81.0, 209.0, 194.0], [310.0, 105.0, 398.0, 209.0]]",,0.0,0.0,"{""sadness"": 0.9715, ""neutral"": 0.0129, ""anger"": 0.0057, ""joy"": 0.0039, ""fear"": 0.0031, ""disgust"": 0.0017, ""surprise"": 0.0012}"
bp_2_211_2,-- -- i do.,[],"[[270.0, 5.0, 402.0, 57.0], [36.0, 310.0, 220.0, 452.0], [315.0, 349.0, 377.0, 433.0]]",[],"[[310.0, 104.0, 399.0, 210.0], [124.0, 81.0, 209.0, 194.0], [310.0, 105.0, 398.0, 209.0]]",FEEDBACK,0.0,0.0,"{""neutral"": 0.8536, ""sadness"": 0.0481, ""surprise"": 0.0327, ""anger"": 0.023, ""joy"": 0.0196, ""disgust"": 0.0192, ""fear"": 0.0039}"
bp_2_213_0,"and, so...",['the hockey puck'],"[[139.0, 84.0, 190.0, 121.0], [139.0, 120.0, 300.0, 240.0], [161.0, 240.0, 281.0, 311.0], [594.0, 75.0, 712.0, 137.0]]","[[262.0, 9.0, 658.0, 57.0]]","[[-1.0, -1.0, -1.0, -1.0], [-1.0, -1.0, -1.0, -1.0], [-1.0, -1.0, -1.0, -1.0], [677.0, 152.0, 729.0, 215.0]]",NOT_CLASSIFIABLE,0.0,0.0,"{""neutral"": 0.8379, ""surprise"": 0.0554, ""joy"": 0.0391, ""sadness"": 0.0325, ""anger"": 0.0163, ""disgust"": 0.0143, ""fear"": 0.0044}"
bp_2_213_0,"... you've pled your case before the global council, declared war on the mightiest nation on the planet --",['the hockey puck'],"[[139.0, 84.0, 190.0, 121.0], [139.0, 120.0, 300.0, 240.0], [161.0, 240.0, 281.0, 311.0], [594.0, 75.0, 712.0, 137.0]]","[[262.0, 9.0, 658.0, 57.0]]","[[-1.0, -1.0, -1.0, -1.0], [-1.0, -1.0, -1.0, -1.0], [-1.0, -1.0, -1.0, -1.0], [677.0, 152.0, 729.0, 215.0]]",INFORM,0.0,0.0,"{""neutral"": 0.5235, ""anger"": 0.2243, ""disgust"": 0.0599, ""sadness"": 0.0547, ""fear"": 0.0539, ""surprise"": 0.0508, ""joy"": 0.0328}"
bp_2_213_0,-- and scarcely do the winds of change blow.,['the hockey puck'],"[[139.0, 84.0, 190.0, 121.0], [139.0, 120.0, 300.0, 240.0], [161.0, 240.0, 281.0, 311.0], [594.0, 75.0, 712.0, 137.0]]","[[262.0, 9.0, 658.0, 57.0]]","[[-1.0, -1.0, -1.0, -1.0], [-1.0, -1.0, -1.0, -1.0], [-1.0, -1.0, -1.0, -1.0], [677.0, 152.0, 729.0, 215.0]]",INFORM,0.0,0.0,"{""neutral"": 0.8893, ""surprise"": 0.0434, ""anger"": 0.0208, ""sadness"": 0.0208, ""disgust"": 0.0155, ""fear"": 0.0073, ""joy"": 0.0029}"
bp_2_213_0,how the mighty have fallen.,['the hockey puck'],"[[139.0, 84.0, 190.0, 121.0], [139.0, 120.0, 300.0, 240.0], [161.0, 240.0, 281.0, 311.0], [594.0, 75.0, 712.0, 137.0]]","[[262.0, 9.0, 658.0, 57.0]]","[[-1.0, -1.0, -1.0, -1.0], [-1.0, -1.0, -1.0, -1.0], [-1.0, -1.0, -1.0, -1.0], [677.0, 152.0, 729.0, 215.0]]",INFORM,0.4,0.9,"{""surprise"": 0.5632, ""sadness"": 0.3675, ""neutral"": 0.0389, ""fear"": 0.0151, ""anger"": 0.0082, ""disgust"": 0.0043, ""joy"": 0.0028}"
bp_2_213_2,"you will be assassinated before dawn, t'challa we both know it.",[],"[[34.0, 6.0, 266.0, 58.0], [266.0, 6.0, 490.0, 58.0], [125.0, 338.0, 243.0, 397.0]]",[],"[[60.0, 63.0, 183.0, 203.0], [266.0, 85.0, 442.0, 217.0], [-1.0, -1.0, -1.0, -1.0]]",INFORM,0.0,0.0,"{""sadness"": 0.4, ""neutral"": 0.2681, ""anger"": 0.15, ""fear"": 0.1181, ""surprise"": 0.0382, ""disgust"": 0.0221, ""joy"": 0.0036}"
bp_2_213_2,we both know you need me now. if it wasn't for me,[],"[[34.0, 6.0, 266.0, 58.0], [266.0, 6.0, 490.0, 58.0], [125.0, 338.0, 243.0, 397.0]]",[],"[[60.0, 63.0, 183.0, 203.0], [266.0, 85.0, 442.0, 217.0], [-1.0, -1.0, -1.0, -1.0]]",FEEDBACK,0.0,0.0,"{""neutral"": 0.4319, ""sadness"": 0.4045, ""surprise"": 0.1047, ""joy"": 0.0234, ""anger"": 0.0216, ""disgust"": 0.0077, ""fear"": 0.0063}"
bp_2_213_2,"ah, finally -- my cue --",[],"[[34.0, 6.0, 266.0, 58.0], [266.0, 6.0, 490.0, 58.0], [125.0, 338.0, 243.0, 397.0]]",[],"[[60.0, 63.0, 183.0, 203.0], [266.0, 85.0, 442.0, 217.0], [-1.0, -1.0, -1.0, -1.0]]",FEEDBACK,0.0,1.0,"{""surprise"": 0.4029, ""joy"": 0.3223, ""neutral"": 0.2183, ""anger"": 0.0286, ""sadness"": 0.0207, ""fear"": 0.004, ""disgust"": 0.0032}"
bp_2_215_2,"i thougnt we had a deal, t'challa. i thought after my royal dumping, i'd be through with this kind of thing.",[],"[[16.0, 2.0, 188.0, 134.0], [52.0, 472.0, 210.0, 667.0]]",[],"[[108.0, 197.0, 256.0, 371.0], [112.0, 198.0, 256.0, 371.0]]",,0.6,0.9,"{""sadness"": 0.4375, ""surprise"": 0.2992, ""neutral"": 0.1624, ""joy"": 0.0354, ""anger"": 0.0263, ""fear"": 0.0203, ""disgust"": 0.0188}"
bp_2_215_2,"i've been kidnapped, made into a human bomb, arrested, trailed by spy-guys, shot at, and ""detained"" by that creepy white wolf.all in all, a pretty full day.",[],"[[16.0, 2.0, 188.0, 134.0], [52.0, 472.0, 210.0, 667.0]]",[],"[[108.0, 197.0, 256.0, 371.0], [112.0, 198.0, 256.0, 371.0]]",,0.019999999999999997,0.53,"{""fear"": 0.7768, ""sadness"": 0.0886, ""anger"": 0.0851, ""joy"": 0.033, ""surprise"": 0.0101, ""neutral"": 0.0051, ""disgust"": 0.0013}"
bp_2_216_4,yes!nail 'em your high --,"['thank you, dr. achebe.']","[[150.0, 1.0, 323.0, 86.0]]","[[18.0, 15.0, 116.0, 70.0]]","[[176.0, 80.0, 287.0, 245.0]]",,0.16,0.54,"{""joy"": 0.3425, ""neutral"": 0.2622, ""anger"": 0.2139, ""sadness"": 0.0825, ""surprise"": 0.0657, ""disgust"": 0.0223, ""fear"": 0.0109}"
bp_2_217_1,"only here, in the techno jungle, can the prowlers be stopped.",[],"[[4.0, 4.0, 168.0, 95.0], [28.0, 304.0, 196.0, 401.0], [446.0, 6.0, 680.0, 132.0], [576.0, 258.0, 773.0, 399.0]]",[],"[[-1.0, -1.0, -1.0, -1.0], [-1.0, -1.0, -1.0, -1.0], [353.0, 69.0, 484.0, 238.0], [704.0, 71.0, 811.0, 220.0]]",INFORM,0.0,1.0,"{""neutral"": 0.8273, ""fear"": 0.0781, ""anger"": 0.0321, ""surprise"": 0.026, ""sadness"": 0.026, ""disgust"": 0.0079, ""joy"": 0.0028}"
bp_2_217_1,hidden within this labyrinth are protocols and controls known only to me.,[],"[[4.0, 4.0, 168.0, 95.0], [28.0, 304.0, 196.0, 401.0], [446.0, 6.0, 680.0, 132.0], [576.0, 258.0, 773.0, 399.0]]",[],"[[-1.0, -1.0, -1.0, -1.0], [-1.0, -1.0, -1.0, -1.0], [353.0, 69.0, 484.0, 238.0], [704.0, 71.0, 811.0, 220.0]]",INFORM,-0.08333333333333333,0.6666666666666666,"{""neutral"": 0.7798, ""fear"": 0.0636, ""surprise"": 0.0478, ""disgust"": 0.0429, ""sadness"": 0.0411, ""anger"": 0.0193, ""joy"": 0.0055}"
bp_2_217_1,"you've known all along, haven't you? you knew the trip to the u.s. was a lure -- you knew there'd be a coup --",[],"[[4.0, 4.0, 168.0, 95.0], [28.0, 304.0, 196.0, 401.0], [446.0, 6.0, 680.0, 132.0], [576.0, 258.0, 773.0, 399.0]]",[],"[[-1.0, -1.0, -1.0, -1.0], [-1.0, -1.0, -1.0, -1.0], [353.0, 69.0, 484.0, 238.0], [704.0, 71.0, 811.0, 220.0]]",,0.0,0.0,"{""neutral"": 0.4637, ""fear"": 0.2817, ""surprise"": 0.0968, ""anger"": 0.0908, ""joy"": 0.0277, ""sadness"": 0.0223, ""disgust"": 0.017}"
bp_2_217_1,"i suspected. had i not feigned ignorance, many more innocents would have been harmed --",[],"[[4.0, 4.0, 168.0, 95.0], [28.0, 304.0, 196.0, 401.0], [446.0, 6.0, 680.0, 132.0], [576.0, 258.0, 773.0, 399.0]]",[],"[[-1.0, -1.0, -1.0, -1.0], [-1.0, -1.0, -1.0, -1.0], [353.0, 69.0, 484.0, 238.0], [704.0, 71.0, 811.0, 220.0]]",,0.5,0.5,"{""sadness"": 0.5129, ""anger"": 0.4014, ""fear"": 0.0566, ""neutral"": 0.0108, ""joy"": 0.0086, ""disgust"": 0.0058, ""surprise"": 0.0039}"
bp_2_219_0,"-- this trap, or the fact achebe must have been planning to put you in it for months.",[],"[[695.0, 3.0, 902.0, 77.0], [791.0, 83.0, 903.0, 174.0]]",[],"[[459.0, 27.0, 601.0, 142.0], [459.0, 25.0, 601.0, 141.0]]",INFORM,0.0,0.0,"{""neutral"": 0.8295, ""anger"": 0.0456, ""sadness"": 0.0395, ""disgust"": 0.0356, ""fear"": 0.0271, ""surprise"": 0.0166, ""joy"": 0.0061}"
bp_2_219_0,i mean you don't exactly buy one of these things from k-mart...,[],"[[695.0, 3.0, 902.0, 77.0], [791.0, 83.0, 903.0, 174.0]]",[],"[[459.0, 27.0, 601.0, 142.0], [459.0, 25.0, 601.0, 141.0]]",INFORM,-0.03125,0.46875,"{""surprise"": 0.8221, ""neutral"": 0.1297, ""sadness"": 0.0163, ""anger"": 0.0147, ""disgust"": 0.01, ""fear"": 0.0045, ""joy"": 0.0026}"
bp_2_219_1,"ah, yes. i know that...",[],"[[600.0, 198.0, 656.0, 251.0], [655.0, 175.0, 813.0, 287.0]]",[],"[[224.0, 29.0, 375.0, 171.0], [225.0, 28.0, 373.0, 168.0]]",,0.0,0.0,"{""neutral"": 0.5237, ""surprise"": 0.1367, ""sadness"": 0.1184, ""joy"": 0.0748, ""disgust"": 0.0594, ""fear"": 0.0471, ""anger"": 0.04}"
bp_2_219_1,"y'know, your highness, i don't know what's scarier --",[],"[[600.0, 198.0, 656.0, 251.0], [655.0, 175.0, 813.0, 287.0]]",[],"[[224.0, 29.0, 375.0, 171.0], [225.0, 28.0, 373.0, 168.0]]",INFORM,0.0,0.0,"{""fear"": 0.7591, ""sadness"": 0.1456, ""neutral"": 0.0407, ""disgust"": 0.0307, ""anger"": 0.0125, ""joy"": 0.0084, ""surprise"": 0.003}"
bp_2_219_4,"and, you're naked.",[],"[[27.0, 8.0, 127.0, 74.0], [6.0, 73.0, 110.0, 108.0], [38.0, 112.0, 136.0, 180.0], [13.0, 173.0, 112.0, 213.0]]",[],"[[140.0, 58.0, 295.0, 244.0], [-1.0, -1.0, -1.0, -1.0], [139.0, 57.0, 295.0, 245.0], [-1.0, -1.0, -1.0, -1.0]]",INFORM,0.0,0.4,"{""disgust"": 0.4218, ""neutral"": 0.2862, ""surprise"": 0.1942, ""sadness"": 0.0391, ""anger"": 0.0256, ""fear"": 0.0179, ""joy"": 0.0151}"
bp_2_219_4,correct.,[],"[[27.0, 8.0, 127.0, 74.0], [6.0, 73.0, 110.0, 108.0], [38.0, 112.0, 136.0, 180.0], [13.0, 173.0, 112.0, 213.0]]",[],"[[140.0, 58.0, 295.0, 244.0], [-1.0, -1.0, -1.0, -1.0], [139.0, 57.0, 295.0, 245.0], [-1.0, -1.0, -1.0, -1.0]]",FEEDBACK,0.0,0.0,"{""neutral"": 0.8799, ""disgust"": 0.0444, ""anger"": 0.0325, ""sadness"": 0.0193, ""surprise"": 0.0143, ""fear"": 0.0059, ""joy"": 0.0037}"
bp_2_219_4,"and if i don't, i'll probably die.",[],"[[27.0, 8.0, 127.0, 74.0], [6.0, 73.0, 110.0, 108.0], [38.0, 112.0, 136.0, 180.0], [13.0, 173.0, 112.0, 213.0]]",[],"[[140.0, 58.0, 295.0, 244.0], [-1.0, -1.0, -1.0, -1.0], [139.0, 57.0, 295.0, 245.0], [-1.0, -1.0, -1.0, -1.0]]",INFORM,0.0,0.0,"{""sadness"": 0.4928, ""fear"": 0.1625, ""neutral"": 0.1426, ""anger"": 0.1366, ""disgust"": 0.0431, ""joy"": 0.0114, ""surprise"": 0.0109}"
bp_2_219_4,correct.,[],"[[27.0, 8.0, 127.0, 74.0], [6.0, 73.0, 110.0, 108.0], [38.0, 112.0, 136.0, 180.0], [13.0, 173.0, 112.0, 213.0]]",[],"[[140.0, 58.0, 295.0, 244.0], [-1.0, -1.0, -1.0, -1.0], [139.0, 57.0, 295.0, 245.0], [-1.0, -1.0, -1.0, -1.0]]",FEEDBACK,0.0,0.0,"{""neutral"": 0.8799, ""disgust"": 0.0444, ""anger"": 0.0325, ""sadness"": 0.0193, ""surprise"": 0.0143, ""fear"": 0.0059, ""joy"": 0.0037}"
bp_2_220_5,...maybe he thinks i'm his friend...,[],"[[101.0, 64.0, 218.0, 118.0]]",[],"[[163.0, 189.0, 301.0, 389.0]]",FEEDBACK,0.0,0.0,"{""neutral"": 0.7483, ""surprise"": 0.1455, ""sadness"": 0.0291, ""disgust"": 0.0266, ""anger"": 0.0223, ""joy"": 0.0209, ""fear"": 0.0072}"
bp_2_221_1,... go home.,[],"[[20.0, 30.0, 90.0, 73.0], [110.0, 19.0, 227.0, 96.0]]",[],"[[54.0, 140.0, 108.0, 217.0], [156.0, 120.0, 301.0, 272.0]]",ORDER,0.0,0.0,"{""neutral"": 0.4704, ""sadness"": 0.3721, ""surprise"": 0.0578, ""joy"": 0.0564, ""anger"": 0.0239, ""disgust"": 0.0114, ""fear"": 0.0081}"
bp_2_221_1,i am home.i was home.,[],"[[20.0, 30.0, 90.0, 73.0], [110.0, 19.0, 227.0, 96.0]]",[],"[[54.0, 140.0, 108.0, 217.0], [156.0, 120.0, 301.0, 272.0]]",,0.0,0.0,"{""joy"": 0.431, ""sadness"": 0.3405, ""surprise"": 0.1771, ""neutral"": 0.0459, ""anger"": 0.0029, ""fear"": 0.0017, ""disgust"": 0.0009}"
bp_2_221_3,i should have told you about school-- about t'challa and me.,[],"[[16.0, 15.0, 155.0, 82.0], [131.0, 75.0, 214.0, 129.0]]",[],"[[248.0, 66.0, 284.0, 104.0], [248.0, 67.0, 281.0, 104.0]]",INFORM,0.0,0.0,"{""sadness"": 0.3001, ""joy"": 0.2792, ""neutral"": 0.2363, ""surprise"": 0.1398, ""anger"": 0.0245, ""fear"": 0.0142, ""disgust"": 0.0059}"
bp_2_221_3,ross-- it was a long time ago.,[],"[[16.0, 15.0, 155.0, 82.0], [131.0, 75.0, 214.0, 129.0]]",[],"[[248.0, 66.0, 284.0, 104.0], [248.0, 67.0, 281.0, 104.0]]",INFORM,-0.05,0.4,"{""neutral"": 0.7123, ""surprise"": 0.2287, ""sadness"": 0.0257, ""disgust"": 0.0108, ""anger"": 0.01, ""joy"": 0.0084, ""fear"": 0.0041}"
bp_2_222_5,... i'll kill you... you ...,[],"[[130.0, 8.0, 250.0, 80.0]]",[],"[[27.0, 44.0, 152.0, 178.0]]",INFORM,0.0,0.0,"{""anger"": 0.6933, ""fear"": 0.186, ""neutral"": 0.0472, ""disgust"": 0.0332, ""sadness"": 0.0272, ""surprise"": 0.0089, ""joy"": 0.0042}"
bp_2_222_8,you-- son of a--!!,[],"[[59.0, 36.0, 119.0, 79.0]]",[],"[[38.0, 273.0, 86.0, 305.0]]",NOT_CLASSIFIABLE,0.0,0.0,"{""anger"": 0.6446, ""disgust"": 0.2445, ""surprise"": 0.0456, ""sadness"": 0.0286, ""neutral"": 0.0189, ""joy"": 0.0108, ""fear"": 0.0069}"
bp_2_223_0,-- take it like a man.,[],"[[118.0, 20.0, 211.0, 80.0], [19.0, 71.0, 190.0, 148.0], [20.0, 147.0, 174.0, 228.0], [23.0, 223.0, 200.0, 305.0], [446.0, 280.0, 515.0, 324.0], [425.0, 346.0, 534.0, 385.0]]",[],"[[267.0, 97.0, 388.0, 234.0], [268.0, 95.0, 387.0, 230.0], [268.0, 98.0, 385.0, 230.0], [266.0, 98.0, 384.0, 231.0], [481.0, 7.0, 678.0, 251.0], [266.0, 94.0, 385.0, 233.0]]",ORDER,0.0,0.0,"{""neutral"": 0.5904, ""anger"": 0.2268, ""disgust"": 0.1499, ""fear"": 0.0118, ""sadness"": 0.0101, ""joy"": 0.006, ""surprise"": 0.0049}"
bp_2_223_0,"y'know, for a tall guy raised in harlem -- you play ball like a girl.",[],"[[118.0, 20.0, 211.0, 80.0], [19.0, 71.0, 190.0, 148.0], [20.0, 147.0, 174.0, 228.0], [23.0, 223.0, 200.0, 305.0], [446.0, 280.0, 515.0, 324.0], [425.0, 346.0, 534.0, 385.0]]",[],"[[267.0, 97.0, 388.0, 234.0], [268.0, 95.0, 387.0, 230.0], [268.0, 98.0, 385.0, 230.0], [266.0, 98.0, 384.0, 231.0], [481.0, 7.0, 678.0, 251.0], [266.0, 94.0, 385.0, 233.0]]",INFORM,0.0,0.0,"{""neutral"": 0.7612, ""joy"": 0.0965, ""disgust"": 0.0713, ""anger"": 0.0372, ""surprise"": 0.0151, ""fear"": 0.0098, ""sadness"": 0.0088}"
bp_2_223_0,all that muscle makes your trip over your own feet.,[],"[[118.0, 20.0, 211.0, 80.0], [19.0, 71.0, 190.0, 148.0], [20.0, 147.0, 174.0, 228.0], [23.0, 223.0, 200.0, 305.0], [446.0, 280.0, 515.0, 324.0], [425.0, 346.0, 534.0, 385.0]]",[],"[[267.0, 97.0, 388.0, 234.0], [268.0, 95.0, 387.0, 230.0], [268.0, 98.0, 385.0, 230.0], [266.0, 98.0, 384.0, 231.0], [481.0, 7.0, 678.0, 251.0], [266.0, 94.0, 385.0, 233.0]]",INFORM,0.6,1.0,"{""neutral"": 0.8234, ""surprise"": 0.0837, ""disgust"": 0.0322, ""sadness"": 0.0209, ""fear"": 0.0188, ""anger"": 0.0172, ""joy"": 0.0038}"
bp_2_223_0,makes me wonder how you managed to beat t'challa so many times.,[],"[[118.0, 20.0, 211.0, 80.0], [19.0, 71.0, 190.0, 148.0], [20.0, 147.0, 174.0, 228.0], [23.0, 223.0, 200.0, 305.0], [446.0, 280.0, 515.0, 324.0], [425.0, 346.0, 534.0, 385.0]]",[],"[[267.0, 97.0, 388.0, 234.0], [268.0, 95.0, 387.0, 230.0], [268.0, 98.0, 385.0, 230.0], [266.0, 98.0, 384.0, 231.0], [481.0, 7.0, 678.0, 251.0], [266.0, 94.0, 385.0, 233.0]]",INFORM,0.5,0.5,"{""surprise"": 0.9802, ""neutral"": 0.0084, ""anger"": 0.0041, ""sadness"": 0.0022, ""disgust"": 0.002, ""joy"": 0.0015, ""fear"": 0.0015}"
bp_2_223_0,every time.,[],"[[118.0, 20.0, 211.0, 80.0], [19.0, 71.0, 190.0, 148.0], [20.0, 147.0, 174.0, 228.0], [23.0, 223.0, 200.0, 305.0], [446.0, 280.0, 515.0, 324.0], [425.0, 346.0, 534.0, 385.0]]",[],"[[267.0, 97.0, 388.0, 234.0], [268.0, 95.0, 387.0, 230.0], [268.0, 98.0, 385.0, 230.0], [266.0, 98.0, 384.0, 231.0], [481.0, 7.0, 678.0, 251.0], [266.0, 94.0, 385.0, 233.0]]",FEEDBACK,0.0,0.0,"{""neutral"": 0.6569, ""fear"": 0.2075, ""surprise"": 0.0728, ""anger"": 0.026, ""disgust"": 0.0153, ""sadness"": 0.0135, ""joy"": 0.0081}"
bp_2_223_0,whatever.,[],"[[118.0, 20.0, 211.0, 80.0], [19.0, 71.0, 190.0, 148.0], [20.0, 147.0, 174.0, 228.0], [23.0, 223.0, 200.0, 305.0], [446.0, 280.0, 515.0, 324.0], [425.0, 346.0, 534.0, 385.0]]",[],"[[267.0, 97.0, 388.0, 234.0], [268.0, 95.0, 387.0, 230.0], [268.0, 98.0, 385.0, 230.0], [266.0, 98.0, 384.0, 231.0], [481.0, 7.0, 678.0, 251.0], [266.0, 94.0, 385.0, 233.0]]",FEEDBACK,0.0,0.0,"{""neutral"": 0.4566, ""disgust"": 0.4076, ""anger"": 0.0732, ""sadness"": 0.0269, ""fear"": 0.0185, ""surprise"": 0.0094, ""joy"": 0.0077}"
bp_2_223_1,y'know -- -- i don't think i like you.,[],"[[5.0, 8.0, 145.0, 104.0], [6.0, 392.0, 147.0, 537.0]]",[],"[[169.0, 8.0, 369.0, 231.0], [-1.0, -1.0, -1.0, -1.0]]",INFORM,0.0,0.0,"{""sadness"": 0.2947, ""surprise"": 0.2648, ""neutral"": 0.2344, ""disgust"": 0.106, ""anger"": 0.0476, ""joy"": 0.0309, ""fear"": 0.0215}"
bp_2_223_1,"c'mon, erik killmonger -- big chief n'jadaka -- the michael milken of the african continent -- toughest guy in town --",[],"[[5.0, 8.0, 145.0, 104.0], [6.0, 392.0, 147.0, 537.0]]",[],"[[169.0, 8.0, 369.0, 231.0], [-1.0, -1.0, -1.0, -1.0]]",NOT_CLASSIFIABLE,0.0,0.05,"{""neutral"": 0.6308, ""joy"": 0.1833, ""surprise"": 0.0906, ""anger"": 0.0481, ""sadness"": 0.0261, ""fear"": 0.0143, ""disgust"": 0.0069}"
bp_2_227_0,you got any tuna?,[],"[[647.0, 63.0, 740.0, 117.0], [680.0, 148.0, 774.0, 178.0], [780.0, 153.0, 902.0, 247.0], [751.0, 254.0, 820.0, 292.0]]",[],"[[819.0, 331.0, 928.0, 605.0], [625.0, 346.0, 771.0, 621.0], [819.0, 324.0, 926.0, 604.0], [627.0, 347.0, 767.0, 619.0]]",YES-NO_QUESTION,0.0,0.0,"{""surprise"": 0.5197, ""neutral"": 0.4399, ""anger"": 0.0125, ""disgust"": 0.0091, ""joy"": 0.0077, ""sadness"": 0.0073, ""fear"": 0.0037}"
bp_2_227_0,pantry.,[],"[[647.0, 63.0, 740.0, 117.0], [680.0, 148.0, 774.0, 178.0], [780.0, 153.0, 902.0, 247.0], [751.0, 254.0, 820.0, 292.0]]",[],"[[819.0, 331.0, 928.0, 605.0], [625.0, 346.0, 771.0, 621.0], [819.0, 324.0, 926.0, 604.0], [627.0, 347.0, 767.0, 619.0]]",FEEDBACK,0.0,0.0,"{""joy"": 0.6888, ""disgust"": 0.1535, ""neutral"": 0.087, ""sadness"": 0.0366, ""anger"": 0.0166, ""surprise"": 0.0115, ""fear"": 0.006}"
bp_2_227_0,think i'll grab a sandwich. you want -- ?,[],"[[647.0, 63.0, 740.0, 117.0], [680.0, 148.0, 774.0, 178.0], [780.0, 153.0, 902.0, 247.0], [751.0, 254.0, 820.0, 292.0]]",[],"[[819.0, 331.0, 928.0, 605.0], [625.0, 346.0, 771.0, 621.0], [819.0, 324.0, 926.0, 604.0], [627.0, 347.0, 767.0, 619.0]]",,0.0,0.0,"{""neutral"": 0.6941, ""surprise"": 0.188, ""joy"": 0.0817, ""sadness"": 0.0156, ""anger"": 0.011, ""fear"": 0.0069, ""disgust"": 0.0029}"
bp_2_227_0,sure.,[],"[[647.0, 63.0, 740.0, 117.0], [680.0, 148.0, 774.0, 178.0], [780.0, 153.0, 902.0, 247.0], [751.0, 254.0, 820.0, 292.0]]",[],"[[819.0, 331.0, 928.0, 605.0], [625.0, 346.0, 771.0, 621.0], [819.0, 324.0, 926.0, 604.0], [627.0, 347.0, 767.0, 619.0]]",FEEDBACK,0.5,0.8888888888888888,"{""neutral"": 0.9016, ""fear"": 0.036, ""surprise"": 0.0172, ""disgust"": 0.0124, ""anger"": 0.012, ""sadness"": 0.0114, ""joy"": 0.0093}"
bp_2_227_2,"not in the mood, queen.","['*no, actually it means ""adored ones"". --tom']","[[77.0, 8.0, 181.0, 58.0], [29.0, 73.0, 149.0, 154.0], [261.0, 239.0, 396.0, 333.0]]","[[400.0, 284.0, 531.0, 323.0]]","[[357.0, 4.0, 530.0, 225.0], [178.0, 67.0, 282.0, 219.0], [179.0, 68.0, 283.0, 220.0]]",FEEDBACK,0.0,0.0,"{""sadness"": 0.6514, ""neutral"": 0.2887, ""disgust"": 0.0359, ""anger"": 0.009, ""surprise"": 0.0088, ""fear"": 0.0032, ""joy"": 0.003}"
bp_2_227_2,look at me! at what they made me wear!,"['*no, actually it means ""adored ones"". --tom']","[[77.0, 8.0, 181.0, 58.0], [29.0, 73.0, 149.0, 154.0], [261.0, 239.0, 396.0, 333.0]]","[[400.0, 284.0, 531.0, 323.0]]","[[357.0, 4.0, 530.0, 225.0], [178.0, 67.0, 282.0, 219.0], [179.0, 68.0, 283.0, 220.0]]",,0.0,0.0,"{""surprise"": 0.4923, ""anger"": 0.3054, ""joy"": 0.1506, ""sadness"": 0.0162, ""neutral"": 0.0133, ""fear"": 0.0112, ""disgust"": 0.0109}"
bp_2_227_2,"does ""dora milaje"" mean ""ready for cocktail party at all times""?*","['*no, actually it means ""adored ones"". --tom']","[[77.0, 8.0, 181.0, 58.0], [29.0, 73.0, 149.0, 154.0], [261.0, 239.0, 396.0, 333.0]]","[[400.0, 284.0, 531.0, 323.0]]","[[357.0, 4.0, 530.0, 225.0], [178.0, 67.0, 282.0, 219.0], [179.0, 68.0, 283.0, 220.0]]",YES-NO_QUESTION,-0.056249999999999994,0.59375,"{""neutral"": 0.9382, ""surprise"": 0.0231, ""fear"": 0.0153, ""disgust"": 0.009, ""anger"": 0.0072, ""sadness"": 0.0037, ""joy"": 0.0035}"
bp_2_228_0,ghaaaaaahhh-- put me downnn--!!,"['--tends to fold like a cheap suit the minute you take their toys away.', 'the client was just a tad obsessed, which, depending on which side of the good guy/dirtbag fence you were on--', '--made this the ultimate good news/bad news situation.']","[[117.0, 117.0, 267.0, 169.0]]","[[10.0, 24.0, 206.0, 78.0], [213.0, 806.0, 463.0, 878.0], [628.0, 903.0, 846.0, 946.0]]","[[231.0, 241.0, 315.0, 317.0]]",,0.0,0.0,"{""surprise"": 0.3349, ""sadness"": 0.3241, ""joy"": 0.1232, ""anger"": 0.0903, ""disgust"": 0.0499, ""neutral"": 0.0407, ""fear"": 0.0369}"
bp_2_230_4,"-- remember, here in america, you are not to kill.",[],"[[263.0, 4.0, 443.0, 62.0]]",[],"[[-1.0, -1.0, -1.0, -1.0]]",INFORM,0.0,0.0,"{""neutral"": 0.7022, ""disgust"": 0.1137, ""anger"": 0.0899, ""fear"": 0.0702, ""sadness"": 0.0121, ""surprise"": 0.0063, ""joy"": 0.0056}"
bp_2_231_2,"grown""?! i'm only 16, gramps.",[],"[[279.0, 9.0, 383.0, 56.0], [314.0, 56.0, 472.0, 137.0], [329.0, 153.0, 451.0, 188.0], [643.0, 36.0, 769.0, 83.0]]",[],"[[512.0, 58.0, 614.0, 170.0], [180.0, 74.0, 252.0, 148.0], [517.0, 62.0, 606.0, 161.0], [182.0, 76.0, 246.0, 143.0]]",,0.0,1.0,"{""surprise"": 0.8578, ""neutral"": 0.0808, ""anger"": 0.0259, ""disgust"": 0.0225, ""sadness"": 0.0059, ""fear"": 0.0046, ""joy"": 0.0025}"
bp_2_231_2,"in our culture, you would be married by now! we do not infantilize our young!",[],"[[279.0, 9.0, 383.0, 56.0], [314.0, 56.0, 472.0, 137.0], [329.0, 153.0, 451.0, 188.0], [643.0, 36.0, 769.0, 83.0]]",[],"[[512.0, 58.0, 614.0, 170.0], [180.0, 74.0, 252.0, 148.0], [517.0, 62.0, 606.0, 161.0], [182.0, 76.0, 246.0, 143.0]]",,0.21875,0.325,"{""anger"": 0.3515, ""neutral"": 0.2581, ""surprise"": 0.1705, ""disgust"": 0.1435, ""fear"": 0.0319, ""joy"": 0.0274, ""sadness"": 0.017}"
bp_2_231_2,... obviously ...,[],"[[279.0, 9.0, 383.0, 56.0], [314.0, 56.0, 472.0, 137.0], [329.0, 153.0, 451.0, 188.0], [643.0, 36.0, 769.0, 83.0]]",[],"[[512.0, 58.0, 614.0, 170.0], [180.0, 74.0, 252.0, 148.0], [517.0, 62.0, 606.0, 161.0], [182.0, 76.0, 246.0, 143.0]]",FEEDBACK,0.0,0.5,"{""neutral"": 0.8111, ""surprise"": 0.0812, ""sadness"": 0.0336, ""disgust"": 0.0272, ""anger"": 0.0238, ""joy"": 0.0122, ""fear"": 0.0109}"
bp_2_231_2,and you shall address me as mama!,[],"[[279.0, 9.0, 383.0, 56.0], [314.0, 56.0, 472.0, 137.0], [329.0, 153.0, 451.0, 188.0], [643.0, 36.0, 769.0, 83.0]]",[],"[[512.0, 58.0, 614.0, 170.0], [180.0, 74.0, 252.0, 148.0], [517.0, 62.0, 606.0, 161.0], [182.0, 76.0, 246.0, 143.0]]",ORDER,0.0,0.0,"{""joy"": 0.4723, ""anger"": 0.1767, ""neutral"": 0.1748, ""surprise"": 0.1249, ""sadness"": 0.0258, ""fear"": 0.017, ""disgust"": 0.0085}"
bp_2_232_1,let's see... do i feel like tribal or tribal--?,[],"[[54.0, 4.0, 213.0, 52.0], [128.0, 58.0, 295.0, 111.0], [170.0, 124.0, 283.0, 210.0], [128.0, 391.0, 283.0, 457.0]]",[],"[[323.0, 86.0, 405.0, 193.0], [321.0, 86.0, 403.0, 193.0], [-1.0, -1.0, -1.0, -1.0], [322.0, 86.0, 402.0, 191.0]]",OR_QUESTION,0.0,0.0,"{""neutral"": 0.5063, ""sadness"": 0.1392, ""disgust"": 0.128, ""fear"": 0.0736, ""surprise"": 0.0681, ""anger"": 0.0654, ""joy"": 0.0195}"
bp_2_232_1,whose closet am i digging through --?,[],"[[54.0, 4.0, 213.0, 52.0], [128.0, 58.0, 295.0, 111.0], [170.0, 124.0, 283.0, 210.0], [128.0, 391.0, 283.0, 457.0]]",[],"[[323.0, 86.0, 405.0, 193.0], [321.0, 86.0, 403.0, 193.0], [-1.0, -1.0, -1.0, -1.0], [322.0, 86.0, 402.0, 191.0]]",WHY_QUESTION,0.0,0.0,"{""surprise"": 0.5917, ""neutral"": 0.3204, ""sadness"": 0.04, ""anger"": 0.0213, ""disgust"": 0.0152, ""fear"": 0.0068, ""joy"": 0.0046}"
bp_2_232_1,yours. you will find they are all in your size--,[],"[[54.0, 4.0, 213.0, 52.0], [128.0, 58.0, 295.0, 111.0], [170.0, 124.0, 283.0, 210.0], [128.0, 391.0, 283.0, 457.0]]",[],"[[323.0, 86.0, 405.0, 193.0], [321.0, 86.0, 403.0, 193.0], [-1.0, -1.0, -1.0, -1.0], [322.0, 86.0, 402.0, 191.0]]",,0.0,0.0,"{""neutral"": 0.6919, ""surprise"": 0.2615, ""disgust"": 0.0155, ""sadness"": 0.0127, ""anger"": 0.0086, ""joy"": 0.0069, ""fear"": 0.0029}"
bp_2_232_1,realy--? well--i may have found somethink i like--,[],"[[54.0, 4.0, 213.0, 52.0], [128.0, 58.0, 295.0, 111.0], [170.0, 124.0, 283.0, 210.0], [128.0, 391.0, 283.0, 457.0]]",[],"[[323.0, 86.0, 405.0, 193.0], [321.0, 86.0, 403.0, 193.0], [-1.0, -1.0, -1.0, -1.0], [322.0, 86.0, 402.0, 191.0]]",,0.0,0.0,"{""surprise"": 0.4952, ""neutral"": 0.3524, ""joy"": 0.0918, ""sadness"": 0.036, ""anger"": 0.0147, ""disgust"": 0.006, ""fear"": 0.0039}"
bp_2_232_2,whatever.,[],"[[41.0, 5.0, 128.0, 25.0], [137.0, 4.0, 232.0, 47.0], [31.0, 50.0, 190.0, 130.0]]",[],"[[2.0, 128.0, 269.0, 479.0], [2.0, 127.0, 269.0, 478.0], [2.0, 127.0, 268.0, 478.0]]",FEEDBACK,0.0,0.0,"{""neutral"": 0.4566, ""disgust"": 0.4076, ""anger"": 0.0732, ""sadness"": 0.0269, ""fear"": 0.0185, ""surprise"": 0.0094, ""joy"": 0.0077}"
bp_2_232_2,hey here's an idea...,[],"[[41.0, 5.0, 128.0, 25.0], [137.0, 4.0, 232.0, 47.0], [31.0, 50.0, 190.0, 130.0]]",[],"[[2.0, 128.0, 269.0, 479.0], [2.0, 127.0, 269.0, 478.0], [2.0, 127.0, 268.0, 478.0]]",INFORM,0.0,0.0,"{""joy"": 0.507, ""neutral"": 0.2632, ""surprise"": 0.1894, ""anger"": 0.0195, ""sadness"": 0.0097, ""disgust"": 0.0065, ""fear"": 0.0045}"
bp_2_232_2,"y'know, with a little bit of work--we might actually be onto something here...",[],"[[41.0, 5.0, 128.0, 25.0], [137.0, 4.0, 232.0, 47.0], [31.0, 50.0, 190.0, 130.0]]",[],"[[2.0, 128.0, 269.0, 479.0], [2.0, 127.0, 269.0, 478.0], [2.0, 127.0, 268.0, 478.0]]",INFORM,-0.09375,0.3,"{""neutral"": 0.7987, ""surprise"": 0.0871, ""joy"": 0.0428, ""disgust"": 0.0254, ""anger"": 0.0232, ""fear"": 0.0132, ""sadness"": 0.0096}"
bp_2_233_0,that's the third phone today.,"['easier said than done.', 'having recently lost a tribal challenge to his worst enemy, the king had retreated to the implausible labyrinth beneath central wakanda --', '-- a place he called the techno-jungle.', 'no one knew for sure exactly where he was, or what he was doing.', ""so it was actually much later that i found out he'd run into an old friend...""]","[[234.0, 18.0, 376.0, 80.0], [559.0, 6.0, 713.0, 75.0], [722.0, 21.0, 915.0, 239.0], [534.0, 640.0, 649.0, 690.0]]","[[46.0, 275.0, 215.0, 306.0], [181.0, 316.0, 462.0, 390.0], [340.0, 385.0, 511.0, 432.0], [533.0, 288.0, 817.0, 329.0], [716.0, 327.0, 910.0, 386.0]]","[[413.0, 23.0, 547.0, 164.0], [-1.0, -1.0, -1.0, -1.0], [412.0, 20.0, 546.0, 162.0], [622.0, 472.0, 696.0, 550.0]]",INFORM,0.0,0.0,"{""surprise"": 0.5488, ""neutral"": 0.3658, ""joy"": 0.0705, ""sadness"": 0.0069, ""anger"": 0.0051, ""disgust"": 0.0016, ""fear"": 0.0014}"
bp_2_233_0,please tell me you've found something.,"['easier said than done.', 'having recently lost a tribal challenge to his worst enemy, the king had retreated to the implausible labyrinth beneath central wakanda --', '-- a place he called the techno-jungle.', 'no one knew for sure exactly where he was, or what he was doing.', ""so it was actually much later that i found out he'd run into an old friend...""]","[[234.0, 18.0, 376.0, 80.0], [559.0, 6.0, 713.0, 75.0], [722.0, 21.0, 915.0, 239.0], [534.0, 640.0, 649.0, 690.0]]","[[46.0, 275.0, 215.0, 306.0], [181.0, 316.0, 462.0, 390.0], [340.0, 385.0, 511.0, 432.0], [533.0, 288.0, 817.0, 329.0], [716.0, 327.0, 910.0, 386.0]]","[[413.0, 23.0, 547.0, 164.0], [-1.0, -1.0, -1.0, -1.0], [412.0, 20.0, 546.0, 162.0], [622.0, 472.0, 696.0, 550.0]]",POLITENESS_FORMULA,0.0,0.0,"{""neutral"": 0.8873, ""surprise"": 0.0549, ""sadness"": 0.0193, ""anger"": 0.0168, ""fear"": 0.0081, ""disgust"": 0.0077, ""joy"": 0.0059}"
bp_2_233_0,"ross -- if you act as an agent of a foreign power -- it can be viewed as, well, treason ---- you can be denied u.s. citizenship. you need to see the king.","['easier said than done.', 'having recently lost a tribal challenge to his worst enemy, the king had retreated to the implausible labyrinth beneath central wakanda --', '-- a place he called the techno-jungle.', 'no one knew for sure exactly where he was, or what he was doing.', ""so it was actually much later that i found out he'd run into an old friend...""]","[[234.0, 18.0, 376.0, 80.0], [559.0, 6.0, 713.0, 75.0], [722.0, 21.0, 915.0, 239.0], [534.0, 640.0, 649.0, 690.0]]","[[46.0, 275.0, 215.0, 306.0], [181.0, 316.0, 462.0, 390.0], [340.0, 385.0, 511.0, 432.0], [533.0, 288.0, 817.0, 329.0], [716.0, 327.0, 910.0, 386.0]]","[[413.0, 23.0, 547.0, 164.0], [-1.0, -1.0, -1.0, -1.0], [412.0, 20.0, 546.0, 162.0], [622.0, 472.0, 696.0, 550.0]]",,-0.125,0.125,"{""anger"": 0.6134, ""disgust"": 0.2386, ""neutral"": 0.0785, ""fear"": 0.0378, ""sadness"": 0.0286, ""surprise"": 0.0016, ""joy"": 0.0014}"
bp_2_233_0,beloved...,"['easier said than done.', 'having recently lost a tribal challenge to his worst enemy, the king had retreated to the implausible labyrinth beneath central wakanda --', '-- a place he called the techno-jungle.', 'no one knew for sure exactly where he was, or what he was doing.', ""so it was actually much later that i found out he'd run into an old friend...""]","[[234.0, 18.0, 376.0, 80.0], [559.0, 6.0, 713.0, 75.0], [722.0, 21.0, 915.0, 239.0], [534.0, 640.0, 649.0, 690.0]]","[[46.0, 275.0, 215.0, 306.0], [181.0, 316.0, 462.0, 390.0], [340.0, 385.0, 511.0, 432.0], [533.0, 288.0, 817.0, 329.0], [716.0, 327.0, 910.0, 386.0]]","[[413.0, 23.0, 547.0, 164.0], [-1.0, -1.0, -1.0, -1.0], [412.0, 20.0, 546.0, 162.0], [622.0, 472.0, 696.0, 550.0]]",NOT_CLASSIFIABLE,0.7,1.0,"{""sadness"": 0.3608, ""neutral"": 0.2733, ""surprise"": 0.1828, ""joy"": 0.1736, ""anger"": 0.0046, ""disgust"": 0.0032, ""fear"": 0.0017}"
bp_2_233_1,"yeah, well, get me the president-- after all, i was action on his orders!","[""i'd just been stripped of my american citizenship. Which, of course, was impossible...""]","[[31.0, 323.0, 169.0, 412.0], [111.0, 412.0, 197.0, 486.0]]","[[6.0, 7.0, 244.0, 71.0]]","[[285.0, 186.0, 353.0, 261.0], [283.0, 184.0, 355.0, 263.0]]",INFORM,0.125,0.1,"{""anger"": 0.6351, ""disgust"": 0.0995, ""surprise"": 0.0841, ""joy"": 0.0704, ""neutral"": 0.0601, ""sadness"": 0.0256, ""fear"": 0.0253}"
bp_2_233_1,"no, not that president, the old one--","[""i'd just been stripped of my american citizenship. Which, of course, was impossible...""]","[[31.0, 323.0, 169.0, 412.0], [111.0, 412.0, 197.0, 486.0]]","[[6.0, 7.0, 244.0, 71.0]]","[[285.0, 186.0, 353.0, 261.0], [283.0, 184.0, 355.0, 263.0]]",INFORM,0.1,0.2,"{""neutral"": 0.5676, ""disgust"": 0.1641, ""surprise"": 0.0772, ""anger"": 0.0636, ""sadness"": 0.0627, ""fear"": 0.0501, ""joy"": 0.0147}"
bp_2_234_2,"i have sinned gaginst you, my lord",[],"[[19.0, 1.0, 142.0, 50.0], [108.0, 53.0, 202.0, 95.0], [149.0, 100.0, 279.0, 161.0]]",[],"[[80.0, 220.0, 171.0, 345.0], [78.0, 217.0, 168.0, 340.0], [78.0, 219.0, 167.0, 337.0]]",INFORM,0.0,0.0,"{""sadness"": 0.8621, ""anger"": 0.0575, ""disgust"": 0.0569, ""fear"": 0.0103, ""neutral"": 0.0071, ""surprise"": 0.004, ""joy"": 0.0021}"
bp_2_234_2,i intend to go on sinning,[],"[[19.0, 1.0, 142.0, 50.0], [108.0, 53.0, 202.0, 95.0], [149.0, 100.0, 279.0, 161.0]]",[],"[[80.0, 220.0, 171.0, 345.0], [78.0, 217.0, 168.0, 340.0], [78.0, 219.0, 167.0, 337.0]]",INFORM,0.0,0.0,"{""sadness"": 0.9616, ""joy"": 0.0227, ""anger"": 0.0109, ""neutral"": 0.0017, ""disgust"": 0.0015, ""fear"": 0.001, ""surprise"": 0.0006}"
bp_2_234_2,until you are finally mine and mine alone,[],"[[19.0, 1.0, 142.0, 50.0], [108.0, 53.0, 202.0, 95.0], [149.0, 100.0, 279.0, 161.0]]",[],"[[80.0, 220.0, 171.0, 345.0], [78.0, 217.0, 168.0, 340.0], [78.0, 219.0, 167.0, 337.0]]",INFORM,0.0,1.0,"{""sadness"": 0.893, ""neutral"": 0.0672, ""fear"": 0.018, ""joy"": 0.0073, ""surprise"": 0.0068, ""anger"": 0.0061, ""disgust"": 0.0016}"
bp_2_235_0,your highness-- --you've got to help me with this--!,[],"[[71.0, 18.0, 272.0, 125.0], [568.0, 14.0, 739.0, 131.0], [731.0, 91.0, 850.0, 206.0], [29.0, 345.0, 331.0, 430.0], [142.0, 401.0, 236.0, 458.0], [317.0, 363.0, 407.0, 425.0], [444.0, 349.0, 704.0, 440.0], [492.0, 417.0, 629.0, 486.0], [530.0, 484.0, 623.0, 601.0]]",[],"[[288.0, 64.0, 392.0, 188.0], [540.0, 134.0, 613.0, 211.0], [621.0, 181.0, 680.0, 249.0], [67.0, 476.0, 177.0, 597.0], [328.0, 414.0, 430.0, 528.0], [-1.0, -1.0, -1.0, -1.0], [615.0, 458.0, 701.0, 566.0], [724.0, 371.0, 824.0, 478.0], [451.0, 487.0, 545.0, 573.0]]",,0.0,0.0,"{""joy"": 0.4853, ""anger"": 0.2204, ""surprise"": 0.1635, ""neutral"": 0.0817, ""disgust"": 0.0242, ""sadness"": 0.0211, ""fear"": 0.0038}"
bp_2_235_0,to blazes with all of you--!! i want achebe-- now!!!,[],"[[71.0, 18.0, 272.0, 125.0], [568.0, 14.0, 739.0, 131.0], [731.0, 91.0, 850.0, 206.0], [29.0, 345.0, 331.0, 430.0], [142.0, 401.0, 236.0, 458.0], [317.0, 363.0, 407.0, 425.0], [444.0, 349.0, 704.0, 440.0], [492.0, 417.0, 629.0, 486.0], [530.0, 484.0, 623.0, 601.0]]",[],"[[288.0, 64.0, 392.0, 188.0], [540.0, 134.0, 613.0, 211.0], [621.0, 181.0, 680.0, 249.0], [67.0, 476.0, 177.0, 597.0], [328.0, 414.0, 430.0, 528.0], [-1.0, -1.0, -1.0, -1.0], [615.0, 458.0, 701.0, 566.0], [724.0, 371.0, 824.0, 478.0], [451.0, 487.0, 545.0, 573.0]]",,0.0,0.0,"{""surprise"": 0.5949, ""anger"": 0.1184, ""joy"": 0.1129, ""neutral"": 0.0918, ""sadness"": 0.0632, ""fear"": 0.0149, ""disgust"": 0.0038}"
bp_2_235_0,"c'mon, t'challa... let me kill him. please.",[],"[[71.0, 18.0, 272.0, 125.0], [568.0, 14.0, 739.0, 131.0], [731.0, 91.0, 850.0, 206.0], [29.0, 345.0, 331.0, 430.0], [142.0, 401.0, 236.0, 458.0], [317.0, 363.0, 407.0, 425.0], [444.0, 349.0, 704.0, 440.0], [492.0, 417.0, 629.0, 486.0], [530.0, 484.0, 623.0, 601.0]]",[],"[[288.0, 64.0, 392.0, 188.0], [540.0, 134.0, 613.0, 211.0], [621.0, 181.0, 680.0, 249.0], [67.0, 476.0, 177.0, 597.0], [328.0, 414.0, 430.0, 528.0], [-1.0, -1.0, -1.0, -1.0], [615.0, 458.0, 701.0, 566.0], [724.0, 371.0, 824.0, 478.0], [451.0, 487.0, 545.0, 573.0]]",,0.0,0.0,"{""sadness"": 0.4016, ""anger"": 0.3569, ""neutral"": 0.1101, ""fear"": 0.0662, ""disgust"": 0.0319, ""surprise"": 0.0191, ""joy"": 0.0141}"
bp_2_235_0,you've got to call the state department -- get this cleared up--!! nikki -- nobody said this job would be permanent!!,[],"[[71.0, 18.0, 272.0, 125.0], [568.0, 14.0, 739.0, 131.0], [731.0, 91.0, 850.0, 206.0], [29.0, 345.0, 331.0, 430.0], [142.0, 401.0, 236.0, 458.0], [317.0, 363.0, 407.0, 425.0], [444.0, 349.0, 704.0, 440.0], [492.0, 417.0, 629.0, 486.0], [530.0, 484.0, 623.0, 601.0]]",[],"[[288.0, 64.0, 392.0, 188.0], [540.0, 134.0, 613.0, 211.0], [621.0, 181.0, 680.0, 249.0], [67.0, 476.0, 177.0, 597.0], [328.0, 414.0, 430.0, 528.0], [-1.0, -1.0, -1.0, -1.0], [615.0, 458.0, 701.0, 566.0], [724.0, 371.0, 824.0, 478.0], [451.0, 487.0, 545.0, 573.0]]",,0.0,0.0,"{""surprise"": 0.4524, ""neutral"": 0.234, ""anger"": 0.1135, ""sadness"": 0.0882, ""joy"": 0.0605, ""disgust"": 0.0259, ""fear"": 0.0255}"
bp_2_235_0,ross--calm down--,[],"[[71.0, 18.0, 272.0, 125.0], [568.0, 14.0, 739.0, 131.0], [731.0, 91.0, 850.0, 206.0], [29.0, 345.0, 331.0, 430.0], [142.0, 401.0, 236.0, 458.0], [317.0, 363.0, 407.0, 425.0], [444.0, 349.0, 704.0, 440.0], [492.0, 417.0, 629.0, 486.0], [530.0, 484.0, 623.0, 601.0]]",[],"[[288.0, 64.0, 392.0, 188.0], [540.0, 134.0, 613.0, 211.0], [621.0, 181.0, 680.0, 249.0], [67.0, 476.0, 177.0, 597.0], [328.0, 414.0, 430.0, 528.0], [-1.0, -1.0, -1.0, -1.0], [615.0, 458.0, 701.0, 566.0], [724.0, 371.0, 824.0, 478.0], [451.0, 487.0, 545.0, 573.0]]",ORDER,-0.15555555555555556,0.2888888888888889,"{""neutral"": 0.7963, ""surprise"": 0.0892, ""sadness"": 0.0536, ""anger"": 0.0247, ""fear"": 0.0213, ""disgust"": 0.0092, ""joy"": 0.0057}"
bp_2_235_0,i least of all--,[],"[[71.0, 18.0, 272.0, 125.0], [568.0, 14.0, 739.0, 131.0], [731.0, 91.0, 850.0, 206.0], [29.0, 345.0, 331.0, 430.0], [142.0, 401.0, 236.0, 458.0], [317.0, 363.0, 407.0, 425.0], [444.0, 349.0, 704.0, 440.0], [492.0, 417.0, 629.0, 486.0], [530.0, 484.0, 623.0, 601.0]]",[],"[[288.0, 64.0, 392.0, 188.0], [540.0, 134.0, 613.0, 211.0], [621.0, 181.0, 680.0, 249.0], [67.0, 476.0, 177.0, 597.0], [328.0, 414.0, 430.0, 528.0], [-1.0, -1.0, -1.0, -1.0], [615.0, 458.0, 701.0, 566.0], [724.0, 371.0, 824.0, 478.0], [451.0, 487.0, 545.0, 573.0]]",FEEDBACK,-0.3,0.4,"{""anger"": 0.3556, ""sadness"": 0.254, ""neutral"": 0.1782, ""disgust"": 0.1336, ""surprise"": 0.0359, ""fear"": 0.0275, ""joy"": 0.0152}"
bp_2_235_0,"--w'kabi, your true regent! my lord, this travesty with the american has gone on far too long!",[],"[[71.0, 18.0, 272.0, 125.0], [568.0, 14.0, 739.0, 131.0], [731.0, 91.0, 850.0, 206.0], [29.0, 345.0, 331.0, 430.0], [142.0, 401.0, 236.0, 458.0], [317.0, 363.0, 407.0, 425.0], [444.0, 349.0, 704.0, 440.0], [492.0, 417.0, 629.0, 486.0], [530.0, 484.0, 623.0, 601.0]]",[],"[[288.0, 64.0, 392.0, 188.0], [540.0, 134.0, 613.0, 211.0], [621.0, 181.0, 680.0, 249.0], [67.0, 476.0, 177.0, 597.0], [328.0, 414.0, 430.0, 528.0], [-1.0, -1.0, -1.0, -1.0], [615.0, 458.0, 701.0, 566.0], [724.0, 371.0, 824.0, 478.0], [451.0, 487.0, 545.0, 573.0]]",,0.11875,0.5125,"{""disgust"": 0.5452, ""surprise"": 0.2322, ""anger"": 0.1171, ""sadness"": 0.0353, ""fear"": 0.0305, ""neutral"": 0.0286, ""joy"": 0.0111}"
bp_2_235_0,you--?! hunter? kill me?,[],"[[71.0, 18.0, 272.0, 125.0], [568.0, 14.0, 739.0, 131.0], [731.0, 91.0, 850.0, 206.0], [29.0, 345.0, 331.0, 430.0], [142.0, 401.0, 236.0, 458.0], [317.0, 363.0, 407.0, 425.0], [444.0, 349.0, 704.0, 440.0], [492.0, 417.0, 629.0, 486.0], [530.0, 484.0, 623.0, 601.0]]",[],"[[288.0, 64.0, 392.0, 188.0], [540.0, 134.0, 613.0, 211.0], [621.0, 181.0, 680.0, 249.0], [67.0, 476.0, 177.0, 597.0], [328.0, 414.0, 430.0, 528.0], [-1.0, -1.0, -1.0, -1.0], [615.0, 458.0, 701.0, 566.0], [724.0, 371.0, 824.0, 478.0], [451.0, 487.0, 545.0, 573.0]]",,0.0,0.0,"{""anger"": 0.8786, ""surprise"": 0.0422, ""fear"": 0.0272, ""disgust"": 0.026, ""sadness"": 0.0127, ""neutral"": 0.0089, ""joy"": 0.0043}"
bp_2_235_0,in a heart-beat. on my lunch break.,[],"[[71.0, 18.0, 272.0, 125.0], [568.0, 14.0, 739.0, 131.0], [731.0, 91.0, 850.0, 206.0], [29.0, 345.0, 331.0, 430.0], [142.0, 401.0, 236.0, 458.0], [317.0, 363.0, 407.0, 425.0], [444.0, 349.0, 704.0, 440.0], [492.0, 417.0, 629.0, 486.0], [530.0, 484.0, 623.0, 601.0]]",[],"[[288.0, 64.0, 392.0, 188.0], [540.0, 134.0, 613.0, 211.0], [621.0, 181.0, 680.0, 249.0], [67.0, 476.0, 177.0, 597.0], [328.0, 414.0, 430.0, 528.0], [-1.0, -1.0, -1.0, -1.0], [615.0, 458.0, 701.0, 566.0], [724.0, 371.0, 824.0, 478.0], [451.0, 487.0, 545.0, 573.0]]",,0.0,0.0,"{""surprise"": 0.6018, ""sadness"": 0.2085, ""neutral"": 0.1411, ""joy"": 0.033, ""anger"": 0.0097, ""fear"": 0.004, ""disgust"": 0.0018}"
bp_2_235_1,"the challenge is the beginning of the journey, not the end",[],"[[18.0, 44.0, 181.0, 136.0], [144.0, 6.0, 330.0, 130.0], [529.0, 20.0, 694.0, 107.0]]",[],"[[15.0, 175.0, 90.0, 252.0], [201.0, 152.0, 311.0, 256.0], [417.0, 70.0, 501.0, 176.0]]",INFORM,0.0,0.0,"{""fear"": 0.4909, ""joy"": 0.2066, ""neutral"": 0.1888, ""surprise"": 0.0593, ""sadness"": 0.0313, ""anger"": 0.0211, ""disgust"": 0.0021}"
bp_2_235_1,"pardon me, psychopaths t'challa -- i need a plane",[],"[[18.0, 44.0, 181.0, 136.0], [144.0, 6.0, 330.0, 130.0], [529.0, 20.0, 694.0, 107.0]]",[],"[[15.0, 175.0, 90.0, 252.0], [201.0, 152.0, 311.0, 256.0], [417.0, 70.0, 501.0, 176.0]]",,0.0,0.0,"{""neutral"": 0.6025, ""anger"": 0.2047, ""sadness"": 0.0746, ""disgust"": 0.0535, ""fear"": 0.0319, ""surprise"": 0.019, ""joy"": 0.0138}"
bp_2_235_1,... your highness -- gotta help me out with snoop doggy gramma --,[],"[[18.0, 44.0, 181.0, 136.0], [144.0, 6.0, 330.0, 130.0], [529.0, 20.0, 694.0, 107.0]]",[],"[[15.0, 175.0, 90.0, 252.0], [201.0, 152.0, 311.0, 256.0], [417.0, 70.0, 501.0, 176.0]]",,0.0,0.0,"{""neutral"": 0.5217, ""joy"": 0.3165, ""surprise"": 0.0845, ""sadness"": 0.0314, ""anger"": 0.0299, ""disgust"": 0.013, ""fear"": 0.0031}"
bp_2_236_0,"i do not fear your treachery, hunter!",[],"[[19.0, 7.0, 108.0, 71.0], [148.0, 7.0, 301.0, 55.0], [280.0, 45.0, 402.0, 93.0], [384.0, 4.0, 532.0, 71.0], [533.0, 2.0, 698.0, 57.0], [704.0, 3.0, 805.0, 54.0], [808.0, 2.0, 908.0, 43.0]]",[],"[[120.0, 58.0, 179.0, 143.0], [268.0, 98.0, 338.0, 183.0], [375.0, 93.0, 449.0, 193.0], [473.0, 81.0, 544.0, 180.0], [672.0, 64.0, 749.0, 151.0], [572.0, 68.0, 636.0, 153.0], [800.0, 65.0, 857.0, 134.0]]",INFORM,0.0,0.0,"{""fear"": 0.6824, ""anger"": 0.3011, ""joy"": 0.0071, ""sadness"": 0.0057, ""neutral"": 0.0015, ""disgust"": 0.0013, ""surprise"": 0.0009}"
bp_2_236_0,"no treachery, erik, i vow to not interfere.",[],"[[19.0, 7.0, 108.0, 71.0], [148.0, 7.0, 301.0, 55.0], [280.0, 45.0, 402.0, 93.0], [384.0, 4.0, 532.0, 71.0], [533.0, 2.0, 698.0, 57.0], [704.0, 3.0, 805.0, 54.0], [808.0, 2.0, 908.0, 43.0]]",[],"[[120.0, 58.0, 179.0, 143.0], [268.0, 98.0, 338.0, 183.0], [375.0, 93.0, 449.0, 193.0], [473.0, 81.0, 544.0, 180.0], [672.0, 64.0, 749.0, 151.0], [572.0, 68.0, 636.0, 153.0], [800.0, 65.0, 857.0, 134.0]]",INFORM,0.0,0.0,"{""anger"": 0.7792, ""neutral"": 0.081, ""sadness"": 0.0503, ""disgust"": 0.0391, ""fear"": 0.0285, ""joy"": 0.0211, ""surprise"": 0.0008}"
bp_2_236_0,would all please leave--!!,[],"[[19.0, 7.0, 108.0, 71.0], [148.0, 7.0, 301.0, 55.0], [280.0, 45.0, 402.0, 93.0], [384.0, 4.0, 532.0, 71.0], [533.0, 2.0, 698.0, 57.0], [704.0, 3.0, 805.0, 54.0], [808.0, 2.0, 908.0, 43.0]]",[],"[[120.0, 58.0, 179.0, 143.0], [268.0, 98.0, 338.0, 183.0], [375.0, 93.0, 449.0, 193.0], [473.0, 81.0, 544.0, 180.0], [672.0, 64.0, 749.0, 151.0], [572.0, 68.0, 636.0, 153.0], [800.0, 65.0, 857.0, 134.0]]",NOT_CLASSIFIABLE,0.0,0.0,"{""neutral"": 0.3729, ""sadness"": 0.3019, ""anger"": 0.1159, ""surprise"": 0.0884, ""disgust"": 0.065, ""joy"": 0.0454, ""fear"": 0.0106}"
bp_2_236_0,hey--!! watch the delicate flower of afrosiatic youth--!,[],"[[19.0, 7.0, 108.0, 71.0], [148.0, 7.0, 301.0, 55.0], [280.0, 45.0, 402.0, 93.0], [384.0, 4.0, 532.0, 71.0], [533.0, 2.0, 698.0, 57.0], [704.0, 3.0, 805.0, 54.0], [808.0, 2.0, 908.0, 43.0]]",[],"[[120.0, 58.0, 179.0, 143.0], [268.0, 98.0, 338.0, 183.0], [375.0, 93.0, 449.0, 193.0], [473.0, 81.0, 544.0, 180.0], [672.0, 64.0, 749.0, 151.0], [572.0, 68.0, 636.0, 153.0], [800.0, 65.0, 857.0, 134.0]]",,-0.375,0.9,"{""joy"": 0.8508, ""neutral"": 0.0701, ""surprise"": 0.0497, ""anger"": 0.0155, ""sadness"": 0.0066, ""disgust"": 0.0054, ""fear"": 0.0018}"
bp_2_236_0,"look, w'kabi-- he's your king, but he's my client--",[],"[[19.0, 7.0, 108.0, 71.0], [148.0, 7.0, 301.0, 55.0], [280.0, 45.0, 402.0, 93.0], [384.0, 4.0, 532.0, 71.0], [533.0, 2.0, 698.0, 57.0], [704.0, 3.0, 805.0, 54.0], [808.0, 2.0, 908.0, 43.0]]",[],"[[120.0, 58.0, 179.0, 143.0], [268.0, 98.0, 338.0, 183.0], [375.0, 93.0, 449.0, 193.0], [473.0, 81.0, 544.0, 180.0], [672.0, 64.0, 749.0, 151.0], [572.0, 68.0, 636.0, 153.0], [800.0, 65.0, 857.0, 134.0]]",INFORM,0.0,0.0,"{""disgust"": 0.31, ""anger"": 0.2309, ""neutral"": 0.1378, ""surprise"": 0.1276, ""sadness"": 0.0886, ""fear"": 0.0841, ""joy"": 0.0211}"
bp_2_236_0,this is exactly my point--!,[],"[[19.0, 7.0, 108.0, 71.0], [148.0, 7.0, 301.0, 55.0], [280.0, 45.0, 402.0, 93.0], [384.0, 4.0, 532.0, 71.0], [533.0, 2.0, 698.0, 57.0], [704.0, 3.0, 805.0, 54.0], [808.0, 2.0, 908.0, 43.0]]",[],"[[120.0, 58.0, 179.0, 143.0], [268.0, 98.0, 338.0, 183.0], [375.0, 93.0, 449.0, 193.0], [473.0, 81.0, 544.0, 180.0], [672.0, 64.0, 749.0, 151.0], [572.0, 68.0, 636.0, 153.0], [800.0, 65.0, 857.0, 134.0]]",INFORM,0.3125,0.25,"{""anger"": 0.42, ""surprise"": 0.2825, ""joy"": 0.1183, ""neutral"": 0.1069, ""disgust"": 0.0588, ""sadness"": 0.0081, ""fear"": 0.0053}"
bp_2_236_0,"boys --- oh, boyyys --",[],"[[19.0, 7.0, 108.0, 71.0], [148.0, 7.0, 301.0, 55.0], [280.0, 45.0, 402.0, 93.0], [384.0, 4.0, 532.0, 71.0], [533.0, 2.0, 698.0, 57.0], [704.0, 3.0, 805.0, 54.0], [808.0, 2.0, 908.0, 43.0]]",[],"[[120.0, 58.0, 179.0, 143.0], [268.0, 98.0, 338.0, 183.0], [375.0, 93.0, 449.0, 193.0], [473.0, 81.0, 544.0, 180.0], [672.0, 64.0, 749.0, 151.0], [572.0, 68.0, 636.0, 153.0], [800.0, 65.0, 857.0, 134.0]]",BACKCHANNEL,0.0,0.0,"{""neutral"": 0.4862, ""joy"": 0.2408, ""surprise"": 0.1461, ""sadness"": 0.0729, ""disgust"": 0.0275, ""anger"": 0.0226, ""fear"": 0.0039}"
bp_2_236_1,--i think the meeting's over.,[],"[[80.0, 21.0, 202.0, 70.0]]",[],"[[222.0, 65.0, 252.0, 93.0]]",INFORM,0.0,0.0,"{""sadness"": 0.6151, ""neutral"": 0.1751, ""surprise"": 0.1276, ""joy"": 0.0629, ""anger"": 0.0085, ""disgust"": 0.0072, ""fear"": 0.0035}"
bp_2_238_3,what on earth is all that racket in the hall --?! ross--?!,[],"[[0.0, 0.0, 154.0, 62.0], [138.0, 52.0, 257.0, 99.0], [81.0, 99.0, 185.0, 177.0], [179.0, 168.0, 250.0, 211.0]]",[],"[[60.0, 221.0, 157.0, 325.0], [204.0, 289.0, 265.0, 377.0], [207.0, 290.0, 264.0, 373.0], [205.0, 286.0, 264.0, 372.0]]",,0.0,0.0,"{""surprise"": 0.6864, ""anger"": 0.1848, ""disgust"": 0.072, ""neutral"": 0.0316, ""sadness"": 0.0137, ""fear"": 0.0088, ""joy"": 0.0028}"
bp_2_238_3,forget it. it's probably drums.,[],"[[0.0, 0.0, 154.0, 62.0], [138.0, 52.0, 257.0, 99.0], [81.0, 99.0, 185.0, 177.0], [179.0, 168.0, 250.0, 211.0]]",[],"[[60.0, 221.0, 157.0, 325.0], [204.0, 289.0, 265.0, 377.0], [207.0, 290.0, 264.0, 373.0], [205.0, 286.0, 264.0, 372.0]]",,0.0,0.0,"{""neutral"": 0.3578, ""anger"": 0.3149, ""disgust"": 0.1951, ""surprise"": 0.0935, ""sadness"": 0.0252, ""joy"": 0.0083, ""fear"": 0.0053}"
bp_2_238_3,i've been in wakanda long enough to know these folks love drums.,[],"[[0.0, 0.0, 154.0, 62.0], [138.0, 52.0, 257.0, 99.0], [81.0, 99.0, 185.0, 177.0], [179.0, 168.0, 250.0, 211.0]]",[],"[[60.0, 221.0, 157.0, 325.0], [204.0, 289.0, 265.0, 377.0], [207.0, 290.0, 264.0, 373.0], [205.0, 286.0, 264.0, 372.0]]",INFORM,0.15,0.5,"{""joy"": 0.9428, ""neutral"": 0.0235, ""surprise"": 0.0195, ""sadness"": 0.0101, ""fear"": 0.002, ""anger"": 0.0016, ""disgust"": 0.0005}"
bp_2_238_3,go on -- take a look.,[],"[[0.0, 0.0, 154.0, 62.0], [138.0, 52.0, 257.0, 99.0], [81.0, 99.0, 185.0, 177.0], [179.0, 168.0, 250.0, 211.0]]",[],"[[60.0, 221.0, 157.0, 325.0], [204.0, 289.0, 265.0, 377.0], [207.0, 290.0, 264.0, 373.0], [205.0, 286.0, 264.0, 372.0]]",ORDER,0.0,0.0,"{""neutral"": 0.9244, ""joy"": 0.0227, ""anger"": 0.0203, ""disgust"": 0.0128, ""fear"": 0.0088, ""surprise"": 0.0077, ""sadness"": 0.0032}"
bp_2_240_3,"which means, you should get dressed.",['*translated from hausa.'],"[[13.0, 4.0, 116.0, 66.0], [19.0, 95.0, 139.0, 157.0], [18.0, 311.0, 211.0, 398.0], [136.0, 403.0, 253.0, 439.0]]","[[14.0, 440.0, 109.0, 472.0]]","[[-1.0, -1.0, -1.0, -1.0], [128.0, 3.0, 268.0, 174.0], [-1.0, -1.0, -1.0, -1.0], [-1.0, -1.0, -1.0, -1.0]]",INFORM,0.0,0.0,"{""neutral"": 0.8026, ""disgust"": 0.1149, ""anger"": 0.0374, ""joy"": 0.0197, ""sadness"": 0.0132, ""fear"": 0.0067, ""surprise"": 0.0055}"
bp_2_240_3,--?!?why?i'm not leaving--,['*translated from hausa.'],"[[13.0, 4.0, 116.0, 66.0], [19.0, 95.0, 139.0, 157.0], [18.0, 311.0, 211.0, 398.0], [136.0, 403.0, 253.0, 439.0]]","[[14.0, 440.0, 109.0, 472.0]]","[[-1.0, -1.0, -1.0, -1.0], [128.0, 3.0, 268.0, 174.0], [-1.0, -1.0, -1.0, -1.0], [-1.0, -1.0, -1.0, -1.0]]",,0.0,0.0,"{""surprise"": 0.8614, ""anger"": 0.0696, ""sadness"": 0.0262, ""neutral"": 0.0174, ""fear"": 0.0115, ""disgust"": 0.0098, ""joy"": 0.0041}"
bp_2_240_3,beloved--station yourself on the southern perimeter to prevent the fuel from freezing.,['*translated from hausa.'],"[[13.0, 4.0, 116.0, 66.0], [19.0, 95.0, 139.0, 157.0], [18.0, 311.0, 211.0, 398.0], [136.0, 403.0, 253.0, 439.0]]","[[14.0, 440.0, 109.0, 472.0]]","[[-1.0, -1.0, -1.0, -1.0], [128.0, 3.0, 268.0, 174.0], [-1.0, -1.0, -1.0, -1.0], [-1.0, -1.0, -1.0, -1.0]]",INFORM,0.0,0.0,"{""neutral"": 0.6374, ""anger"": 0.1613, ""fear"": 0.1143, ""sadness"": 0.05, ""disgust"": 0.0237, ""joy"": 0.0073, ""surprise"": 0.0059}"
bp_2_240_3,understood my lord.,['*translated from hausa.'],"[[13.0, 4.0, 116.0, 66.0], [19.0, 95.0, 139.0, 157.0], [18.0, 311.0, 211.0, 398.0], [136.0, 403.0, 253.0, 439.0]]","[[14.0, 440.0, 109.0, 472.0]]","[[-1.0, -1.0, -1.0, -1.0], [128.0, 3.0, 268.0, 174.0], [-1.0, -1.0, -1.0, -1.0], [-1.0, -1.0, -1.0, -1.0]]",FEEDBACK,0.0,0.0,"{""anger"": 0.6869, ""disgust"": 0.2521, ""fear"": 0.0324, ""sadness"": 0.0125, ""neutral"": 0.0076, ""surprise"": 0.0063, ""joy"": 0.0022}"
bp_2_240_4,-- this plane --!,"['1217a-6 supplemental:', 'in an obvious attempt to disorient me, subject forcibly ejected me from the transport --']","[[16.0, 158.0, 110.0, 208.0]]","[[20.0, 354.0, 200.0, 381.0], [27.0, 389.0, 220.0, 464.0]]","[[54.0, 253.0, 65.0, 269.0]]",NOT_CLASSIFIABLE,0.0,0.0,"{""surprise"": 0.732, ""anger"": 0.1189, ""joy"": 0.0637, ""neutral"": 0.0405, ""sadness"": 0.024, ""disgust"": 0.0143, ""fear"": 0.0065}"
bp_2_241_1,that... that creep!,"['makes you wonder exactly what all those ""super"" heroes do all day.']","[[372.0, 157.0, 443.0, 211.0], [401.0, 205.0, 508.0, 262.0], [445.0, 289.0, 576.0, 372.0]]","[[277.0, 29.0, 470.0, 90.0]]","[[69.0, 62.0, 260.0, 251.0], [79.0, 28.0, 237.0, 244.0], [521.0, 17.0, 576.0, 101.0]]",INFORM,0.0,0.0,"{""disgust"": 0.6237, ""fear"": 0.165, ""anger"": 0.1083, ""surprise"": 0.0634, ""neutral"": 0.0247, ""sadness"": 0.0118, ""joy"": 0.003}"
bp_2_241_1,he's got to be stopped!!,"['makes you wonder exactly what all those ""super"" heroes do all day.']","[[372.0, 157.0, 443.0, 211.0], [401.0, 205.0, 508.0, 262.0], [445.0, 289.0, 576.0, 372.0]]","[[277.0, 29.0, 470.0, 90.0]]","[[69.0, 62.0, 260.0, 251.0], [79.0, 28.0, 237.0, 244.0], [521.0, 17.0, 576.0, 101.0]]",COMMIT,0.0,0.0,"{""anger"": 0.7959, ""sadness"": 0.0733, ""surprise"": 0.0549, ""fear"": 0.0342, ""neutral"": 0.0217, ""disgust"": 0.0152, ""joy"": 0.0047}"
bp_2_241_1,"hey!!you wrinkled it, you bought it, pal!!","['makes you wonder exactly what all those ""super"" heroes do all day.']","[[372.0, 157.0, 443.0, 211.0], [401.0, 205.0, 508.0, 262.0], [445.0, 289.0, 576.0, 372.0]]","[[277.0, 29.0, 470.0, 90.0]]","[[69.0, 62.0, 260.0, 251.0], [79.0, 28.0, 237.0, 244.0], [521.0, 17.0, 576.0, 101.0]]",,0.0,0.0,"{""joy"": 0.5335, ""surprise"": 0.2812, ""neutral"": 0.0723, ""anger"": 0.0568, ""sadness"": 0.0373, ""disgust"": 0.0165, ""fear"": 0.0025}"
bp_2_242_3,"-- you install her as your tribal ""queen"" -- a leader you know the panther could never take up arms against --",[],"[[236.0, 4.0, 470.0, 99.0], [321.0, 102.0, 472.0, 170.0], [343.0, 172.0, 486.0, 244.0]]",[],"[[657.0, 51.0, 721.0, 125.0], [655.0, 50.0, 720.0, 125.0], [-1.0, -1.0, -1.0, -1.0]]",INFORM,0.0,0.0,"{""neutral"": 0.6922, ""disgust"": 0.1846, ""anger"": 0.0674, ""fear"": 0.0275, ""surprise"": 0.0096, ""sadness"": 0.0095, ""joy"": 0.0093}"
bp_2_242_3,"-- and she, in turn legitimizes you as chieftain--",[],"[[236.0, 4.0, 470.0, 99.0], [321.0, 102.0, 472.0, 170.0], [343.0, 172.0, 486.0, 244.0]]",[],"[[657.0, 51.0, 721.0, 125.0], [655.0, 50.0, 720.0, 125.0], [-1.0, -1.0, -1.0, -1.0]]",INFORM,0.0,0.0,"{""neutral"": 0.6957, ""joy"": 0.1901, ""anger"": 0.0579, ""disgust"": 0.0292, ""surprise"": 0.0162, ""sadness"": 0.0063, ""fear"": 0.0046}"
bp_2_242_3,enough!,[],"[[236.0, 4.0, 470.0, 99.0], [321.0, 102.0, 472.0, 170.0], [343.0, 172.0, 486.0, 244.0]]",[],"[[657.0, 51.0, 721.0, 125.0], [655.0, 50.0, 720.0, 125.0], [-1.0, -1.0, -1.0, -1.0]]",FEEDBACK,0.0,0.5,"{""surprise"": 0.7192, ""neutral"": 0.0994, ""anger"": 0.0814, ""joy"": 0.0613, ""disgust"": 0.0224, ""sadness"": 0.0134, ""fear"": 0.0029}"
bp_2_242_4,--giving you family and communty and purpose!,[],"[[171.0, 111.0, 308.0, 167.0], [243.0, 174.0, 346.0, 220.0], [699.0, 160.0, 871.0, 240.0]]",[],"[[530.0, 70.0, 634.0, 192.0], [531.0, 69.0, 634.0, 190.0], [531.0, 70.0, 634.0, 190.0]]",NOT_CLASSIFIABLE,0.0,0.0,"{""joy"": 0.8617, ""anger"": 0.0646, ""neutral"": 0.0429, ""surprise"": 0.0187, ""disgust"": 0.0062, ""sadness"": 0.0047, ""fear"": 0.0012}"
bp_2_242_4,without her-- you're nothing!,[],"[[171.0, 111.0, 308.0, 167.0], [243.0, 174.0, 346.0, 220.0], [699.0, 160.0, 871.0, 240.0]]",[],"[[530.0, 70.0, 634.0, 192.0], [531.0, 69.0, 634.0, 190.0], [531.0, 70.0, 634.0, 190.0]]",INFORM,0.0,0.0,"{""anger"": 0.7574, ""disgust"": 0.1221, ""surprise"": 0.0709, ""fear"": 0.0212, ""sadness"": 0.013, ""neutral"": 0.0118, ""joy"": 0.0036}"
bp_2_242_4,you're a bald guy in a gorilla suit with a cheap hustle! a chieftain wannabe--disgraced and lost!,[],"[[171.0, 111.0, 308.0, 167.0], [243.0, 174.0, 346.0, 220.0], [699.0, 160.0, 871.0, 240.0]]",[],"[[530.0, 70.0, 634.0, 192.0], [531.0, 69.0, 634.0, 190.0], [531.0, 70.0, 634.0, 190.0]]",INFORM,0.625,0.7,"{""sadness"": 0.4269, ""disgust"": 0.3394, ""anger"": 0.1983, ""neutral"": 0.0217, ""surprise"": 0.0092, ""joy"": 0.0023, ""fear"": 0.0021}"
bp_2_243_2,"oh, yes, t'challa -- m'baku has ferreted out the truth --",[],"[[217.0, 22.0, 418.0, 95.0], [342.0, 91.0, 487.0, 168.0], [483.0, 18.0, 625.0, 132.0], [618.0, 84.0, 775.0, 172.0]]",[],"[[-1.0, -1.0, -1.0, -1.0], [-1.0, -1.0, -1.0, -1.0], [-1.0, -1.0, -1.0, -1.0], [-1.0, -1.0, -1.0, -1.0]]",,0.0,0.0,"{""neutral"": 0.6734, ""surprise"": 0.0769, ""anger"": 0.0741, ""disgust"": 0.0694, ""sadness"": 0.059, ""fear"": 0.0368, ""joy"": 0.0103}"
bp_2_243_2,the true reason you have quarantined these lands!,[],"[[217.0, 22.0, 418.0, 95.0], [342.0, 91.0, 487.0, 168.0], [483.0, 18.0, 625.0, 132.0], [618.0, 84.0, 775.0, 172.0]]",[],"[[-1.0, -1.0, -1.0, -1.0], [-1.0, -1.0, -1.0, -1.0], [-1.0, -1.0, -1.0, -1.0], [-1.0, -1.0, -1.0, -1.0]]",INFORM,0.4375,0.65,"{""anger"": 0.7557, ""surprise"": 0.1283, ""fear"": 0.0357, ""neutral"": 0.0276, ""disgust"": 0.0264, ""sadness"": 0.0163, ""joy"": 0.01}"
bp_2_243_2,it has nothing to do with any white gorillas or handfuls of starry-eyes cultists!,[],"[[217.0, 22.0, 418.0, 95.0], [342.0, 91.0, 487.0, 168.0], [483.0, 18.0, 625.0, 132.0], [618.0, 84.0, 775.0, 172.0]]",[],"[[-1.0, -1.0, -1.0, -1.0], [-1.0, -1.0, -1.0, -1.0], [-1.0, -1.0, -1.0, -1.0], [-1.0, -1.0, -1.0, -1.0]]",INFORM,0.0,0.0,"{""neutral"": 0.4199, ""anger"": 0.3655, ""joy"": 0.111, ""surprise"": 0.0528, ""disgust"": 0.041, ""sadness"": 0.0058, ""fear"": 0.0041}"
bp_2_243_2,it is your secret -- long buried here in the crystal forest --,[],"[[217.0, 22.0, 418.0, 95.0], [342.0, 91.0, 487.0, 168.0], [483.0, 18.0, 625.0, 132.0], [618.0, 84.0, 775.0, 172.0]]",[],"[[-1.0, -1.0, -1.0, -1.0], [-1.0, -1.0, -1.0, -1.0], [-1.0, -1.0, -1.0, -1.0], [-1.0, -1.0, -1.0, -1.0]]",INFORM,-0.225,0.55,"{""neutral"": 0.4674, ""fear"": 0.118, ""sadness"": 0.1141, ""anger"": 0.1115, ""disgust"": 0.1058, ""surprise"": 0.0723, ""joy"": 0.0109}"
bp_2_244_0,"priority transmission from the u.s., my lord! coded presonal.",['and you know that i know that you know'],"[[63.0, 76.0, 212.0, 146.0], [180.0, 160.0, 302.0, 231.0], [287.0, 257.0, 393.0, 295.0]]","[[84.0, 34.0, 481.0, 73.0]]","[[-1.0, -1.0, -1.0, -1.0], [-1.0, -1.0, -1.0, -1.0], [-1.0, -1.0, -1.0, -1.0]]",INFORM,0.0,0.0,"{""surprise"": 0.7767, ""joy"": 0.0743, ""neutral"": 0.0741, ""anger"": 0.0323, ""disgust"": 0.0216, ""sadness"": 0.0179, ""fear"": 0.003}"
bp_2_244_0,"put ms. lynne through to my chambers, taku.",['and you know that i know that you know'],"[[63.0, 76.0, 212.0, 146.0], [180.0, 160.0, 302.0, 231.0], [287.0, 257.0, 393.0, 295.0]]","[[84.0, 34.0, 481.0, 73.0]]","[[-1.0, -1.0, -1.0, -1.0], [-1.0, -1.0, -1.0, -1.0], [-1.0, -1.0, -1.0, -1.0]]",ORDER,0.0,0.0,"{""neutral"": 0.9304, ""surprise"": 0.0359, ""sadness"": 0.0142, ""fear"": 0.0076, ""anger"": 0.0044, ""joy"": 0.0038, ""disgust"": 0.0037}"
bp_2_244_0,"immediately, my lord.",['and you know that i know that you know'],"[[63.0, 76.0, 212.0, 146.0], [180.0, 160.0, 302.0, 231.0], [287.0, 257.0, 393.0, 295.0]]","[[84.0, 34.0, 481.0, 73.0]]","[[-1.0, -1.0, -1.0, -1.0], [-1.0, -1.0, -1.0, -1.0], [-1.0, -1.0, -1.0, -1.0]]",FEEDBACK,0.0,0.0,"{""neutral"": 0.3625, ""surprise"": 0.2214, ""anger"": 0.1872, ""disgust"": 0.148, ""fear"": 0.0464, ""joy"": 0.0219, ""sadness"": 0.0125}"
bp_2_244_1,--regardless of the circumstances.,[],"[[31.0, 5.0, 165.0, 49.0], [218.0, 274.0, 398.0, 428.0]]",[],"[[179.0, 39.0, 314.0, 189.0], [419.0, 106.0, 542.0, 297.0]]",INFORM,0.0,0.0,"{""neutral"": 0.7777, ""disgust"": 0.0676, ""anger"": 0.0672, ""fear"": 0.0279, ""sadness"": 0.0241, ""surprise"": 0.023, ""joy"": 0.0125}"
bp_2_244_1,t'challa--let's cut the bull.ross is in danger because of you.and better him than me.,[],"[[31.0, 5.0, 165.0, 49.0], [218.0, 274.0, 398.0, 428.0]]",[],"[[179.0, 39.0, 314.0, 189.0], [419.0, 106.0, 542.0, 297.0]]",,0.5,0.5,"{""fear"": 0.8513, ""anger"": 0.0664, ""sadness"": 0.0418, ""neutral"": 0.0252, ""surprise"": 0.0071, ""joy"": 0.0054, ""disgust"": 0.0029}"
bp_2_244_2,"so, i suppose i'm calling to tell you ross has been kidnapped by someone posing as you. and you will pretend that you don't already know.",[],"[[7.0, 90.0, 160.0, 289.0], [180.0, 334.0, 275.0, 431.0]]",[],"[[-1.0, -1.0, -1.0, -1.0], [53.0, 325.0, 82.0, 354.0]]",,0.0,0.0,"{""neutral"": 0.3785, ""sadness"": 0.3241, ""anger"": 0.1162, ""fear"": 0.1121, ""surprise"": 0.0444, ""disgust"": 0.0161, ""joy"": 0.0085}"
bp_2_244_2,it is a rare pleasure to hear from you monica--,[],"[[7.0, 90.0, 160.0, 289.0], [180.0, 334.0, 275.0, 431.0]]",[],"[[-1.0, -1.0, -1.0, -1.0], [53.0, 325.0, 82.0, 354.0]]",GREET,0.3,0.9,"{""joy"": 0.9513, ""neutral"": 0.0246, ""surprise"": 0.0141, ""sadness"": 0.0037, ""fear"": 0.0022, ""disgust"": 0.0022, ""anger"": 0.0019}"
bp_2_245_0,"well, that was productive.",[],"[[354.0, 12.0, 488.0, 61.0], [254.0, 50.0, 430.0, 147.0], [412.0, 124.0, 511.0, 184.0]]",[],"[[409.0, 286.0, 454.0, 342.0], [104.0, 241.0, 202.0, 330.0], [409.0, 283.0, 454.0, 340.0]]",INFORM,0.0,0.0,"{""neutral"": 0.7707, ""joy"": 0.1508, ""disgust"": 0.042, ""anger"": 0.0174, ""surprise"": 0.011, ""sadness"": 0.0073, ""fear"": 0.0009}"
bp_2_245_0,"as with a great many americans, director henry peter gyrich can be given to excesses of emotion.",[],"[[354.0, 12.0, 488.0, 61.0], [254.0, 50.0, 430.0, 147.0], [412.0, 124.0, 511.0, 184.0]]",[],"[[409.0, 286.0, 454.0, 342.0], [104.0, 241.0, 202.0, 330.0], [409.0, 283.0, 454.0, 340.0]]",INFORM,0.65,0.625,"{""neutral"": 0.8224, ""sadness"": 0.0484, ""joy"": 0.0461, ""disgust"": 0.0296, ""anger"": 0.0264, ""surprise"": 0.025, ""fear"": 0.0021}"
bp_2_245_0,and secretary ross--?,[],"[[354.0, 12.0, 488.0, 61.0], [254.0, 50.0, 430.0, 147.0], [412.0, 124.0, 511.0, 184.0]]",[],"[[409.0, 286.0, 454.0, 342.0], [104.0, 241.0, 202.0, 330.0], [409.0, 283.0, 454.0, 340.0]]",NOT_CLASSIFIABLE,0.0,0.0,"{""surprise"": 0.715, ""neutral"": 0.2557, ""sadness"": 0.0081, ""anger"": 0.0079, ""disgust"": 0.006, ""joy"": 0.004, ""fear"": 0.0034}"
bp_2_247_0,...yes...,[],"[[551.0, 21.0, 609.0, 43.0], [573.0, 55.0, 630.0, 120.0], [517.0, 132.0, 615.0, 171.0]]",[],"[[683.0, 104.0, 784.0, 252.0], [684.0, 104.0, 784.0, 250.0], [-1.0, -1.0, -1.0, -1.0]]",NOT_CLASSIFIABLE,0.0,0.0,"{""neutral"": 0.5482, ""surprise"": 0.236, ""sadness"": 0.1223, ""joy"": 0.0316, ""disgust"": 0.0285, ""anger"": 0.022, ""fear"": 0.0114}"
bp_2_247_0,...yes... your father loves you...,[],"[[551.0, 21.0, 609.0, 43.0], [573.0, 55.0, 630.0, 120.0], [517.0, 132.0, 615.0, 171.0]]",[],"[[683.0, 104.0, 784.0, 252.0], [684.0, 104.0, 784.0, 250.0], [-1.0, -1.0, -1.0, -1.0]]",INFORM,0.0,0.0,"{""joy"": 0.6855, ""neutral"": 0.138, ""surprise"": 0.0691, ""sadness"": 0.0664, ""anger"": 0.0306, ""disgust"": 0.0088, ""fear"": 0.0016}"
bp_2_247_0,"oh, for god's sake, t'challa--",[],"[[551.0, 21.0, 609.0, 43.0], [573.0, 55.0, 630.0, 120.0], [517.0, 132.0, 615.0, 171.0]]",[],"[[683.0, 104.0, 784.0, 252.0], [684.0, 104.0, 784.0, 250.0], [-1.0, -1.0, -1.0, -1.0]]",FEEDBACK,0.0,0.0,"{""surprise"": 0.3516, ""neutral"": 0.1449, ""joy"": 0.1413, ""anger"": 0.1338, ""sadness"": 0.1128, ""disgust"": 0.0978, ""fear"": 0.0178}"
bp_2_248_1,"so, you've seen through my deception, shaman--","['i\'ll assume his ""zombie vision"" told him that corpse in the boat wasn\'t me--', ""--but was one of baron macabre's animated dead guys.""]","[[184.0, 344.0, 346.0, 411.0]]","[[25.0, 20.0, 186.0, 77.0], [143.0, 81.0, 293.0, 125.0]]","[[-1.0, -1.0, -1.0, -1.0]]",INFORM,0.0,0.0,"{""neutral"": 0.3808, ""disgust"": 0.2524, ""fear"": 0.1692, ""anger"": 0.1424, ""sadness"": 0.0297, ""surprise"": 0.017, ""joy"": 0.0086}"
bp_2_249_1,"-- everything's negotiable.my mother's death, for instance. a woman you rarely gave any thought to.",[],"[[3.0, 6.0, 310.0, 92.0], [174.0, 380.0, 459.0, 542.0]]",[],"[[76.0, 100.0, 179.0, 235.0], [76.0, 99.0, 182.0, 234.0]]",,0.3,0.9,"{""sadness"": 0.9236, ""surprise"": 0.036, ""neutral"": 0.0199, ""joy"": 0.0126, ""anger"": 0.0054, ""fear"": 0.0016, ""disgust"": 0.0009}"
bp_2_249_1,"and your legacy... which, now that faida's dead, dwells inside this mortal shell!name your price, you doddering old fool!",[],"[[3.0, 6.0, 310.0, 92.0], [174.0, 380.0, 459.0, 542.0]]",[],"[[76.0, 100.0, 179.0, 235.0], [76.0, 99.0, 182.0, 234.0]]",,-0.037500000000000006,0.30000000000000004,"{""anger"": 0.6648, ""sadness"": 0.1985, ""disgust"": 0.0463, ""fear"": 0.0374, ""neutral"": 0.0242, ""surprise"": 0.0198, ""joy"": 0.0091}"
bp_2_249_2,"when?!when, you pathetic fool?",[],"[[3.0, 6.0, 152.0, 58.0], [43.0, 54.0, 158.0, 131.0], [160.0, 5.0, 300.0, 123.0], [116.0, 390.0, 302.0, 471.0]]",[],"[[7.0, 176.0, 74.0, 269.0], [7.0, 175.0, 72.0, 268.0], [137.0, 143.0, 201.0, 242.0], [136.0, 140.0, 199.0, 239.0]]",,-1.0,1.0,"{""anger"": 0.5724, ""surprise"": 0.3461, ""sadness"": 0.0285, ""fear"": 0.0218, ""disgust"": 0.0151, ""neutral"": 0.0097, ""joy"": 0.0065}"
bp_2_249_2,t'chaka handed you the rule when you were a child!,[],"[[3.0, 6.0, 152.0, 58.0], [43.0, 54.0, 158.0, 131.0], [160.0, 5.0, 300.0, 123.0], [116.0, 390.0, 302.0, 471.0]]",[],"[[7.0, 176.0, 74.0, 269.0], [7.0, 175.0, 72.0, 268.0], [137.0, 143.0, 201.0, 242.0], [136.0, 140.0, 199.0, 239.0]]",INFORM,0.0,0.0,"{""anger"": 0.3592, ""surprise"": 0.2061, ""joy"": 0.1907, ""neutral"": 0.1812, ""disgust"": 0.0297, ""fear"": 0.0218, ""sadness"": 0.0114}"
bp_2_249_2,my father was murdered--butchered before my eyes..something you obviously will never understand--,[],"[[3.0, 6.0, 152.0, 58.0], [43.0, 54.0, 158.0, 131.0], [160.0, 5.0, 300.0, 123.0], [116.0, 390.0, 302.0, 471.0]]",[],"[[7.0, 176.0, 74.0, 269.0], [7.0, 175.0, 72.0, 268.0], [137.0, 143.0, 201.0, 242.0], [136.0, 140.0, 199.0, 239.0]]",,0.0,0.5,"{""sadness"": 0.6639, ""anger"": 0.3091, ""fear"": 0.009, ""disgust"": 0.0089, ""surprise"": 0.0047, ""neutral"": 0.0032, ""joy"": 0.0013}"
bp_2_249_2,--any more than you'd comprehend my love for you-- and your mother--!!,[],"[[3.0, 6.0, 152.0, 58.0], [43.0, 54.0, 158.0, 131.0], [160.0, 5.0, 300.0, 123.0], [116.0, 390.0, 302.0, 471.0]]",[],"[[7.0, 176.0, 74.0, 269.0], [7.0, 175.0, 72.0, 268.0], [137.0, 143.0, 201.0, 242.0], [136.0, 140.0, 199.0, 239.0]]",INFORM,0.640625,0.55,"{""surprise"": 0.5689, ""anger"": 0.172, ""neutral"": 0.0907, ""joy"": 0.0729, ""disgust"": 0.0571, ""fear"": 0.0211, ""sadness"": 0.0173}"
bp_2_249_3,--?!?,[],"[[167.0, 97.0, 235.0, 131.0]]",[],"[[251.0, 144.0, 303.0, 239.0]]",NOT_CLASSIFIABLE,0.0,0.0,"{""surprise"": 0.9215, ""anger"": 0.0354, ""neutral"": 0.0192, ""disgust"": 0.0127, ""sadness"": 0.0047, ""joy"": 0.0036, ""fear"": 0.003}"
bp_2_250_0,th-thank the all-father you've come...,[],"[[73.0, 20.0, 221.0, 79.0]]",[],"[[25.0, 251.0, 161.0, 433.0]]",THANK,0.0,0.0,"{""joy"": 0.5351, ""surprise"": 0.3242, ""neutral"": 0.111, ""sadness"": 0.0153, ""anger"": 0.0095, ""disgust"": 0.0028, ""fear"": 0.0021}"
bp_2_251_4,"low profile,"" monica?",[],"[[55.0, 3.0, 171.0, 44.0], [109.0, 38.0, 209.0, 87.0], [193.0, 7.0, 324.0, 78.0], [5.0, 375.0, 114.0, 446.0]]",[],"[[287.0, 140.0, 324.0, 175.0], [285.0, 139.0, 325.0, 174.0], [287.0, 139.0, 324.0, 173.0], [-1.0, -1.0, -1.0, -1.0]]",YES-NO_QUESTION,0.0,0.3,"{""surprise"": 0.5368, ""neutral"": 0.4268, ""disgust"": 0.0172, ""anger"": 0.0095, ""sadness"": 0.0039, ""fear"": 0.0037, ""joy"": 0.0022}"
bp_2_251_4,low profile...?,[],"[[55.0, 3.0, 171.0, 44.0], [109.0, 38.0, 209.0, 87.0], [193.0, 7.0, 324.0, 78.0], [5.0, 375.0, 114.0, 446.0]]",[],"[[287.0, 140.0, 324.0, 175.0], [285.0, 139.0, 325.0, 174.0], [287.0, 139.0, 324.0, 173.0], [-1.0, -1.0, -1.0, -1.0]]",YES-NO_QUESTION,0.0,0.3,"{""surprise"": 0.7707, ""neutral"": 0.1996, ""disgust"": 0.0124, ""anger"": 0.0082, ""fear"": 0.004, ""sadness"": 0.0032, ""joy"": 0.0018}"
bp_2_251_4,"may i present exhibit ""a""--?",[],"[[55.0, 3.0, 171.0, 44.0], [109.0, 38.0, 209.0, 87.0], [193.0, 7.0, 324.0, 78.0], [5.0, 375.0, 114.0, 446.0]]",[],"[[287.0, 140.0, 324.0, 175.0], [285.0, 139.0, 325.0, 174.0], [287.0, 139.0, 324.0, 173.0], [-1.0, -1.0, -1.0, -1.0]]",YES-NO_QUESTION,0.0,0.0,"{""neutral"": 0.7113, ""surprise"": 0.1833, ""sadness"": 0.0392, ""fear"": 0.0227, ""joy"": 0.0166, ""anger"": 0.0139, ""disgust"": 0.0129}"
bp_2_251_4,"can't wait to hear this one, sundance.",[],"[[55.0, 3.0, 171.0, 44.0], [109.0, 38.0, 209.0, 87.0], [193.0, 7.0, 324.0, 78.0], [5.0, 375.0, 114.0, 446.0]]",[],"[[287.0, 140.0, 324.0, 175.0], [285.0, 139.0, 325.0, 174.0], [287.0, 139.0, 324.0, 173.0], [-1.0, -1.0, -1.0, -1.0]]",INFORM,0.0,0.0,"{""joy"": 0.9281, ""surprise"": 0.0333, ""neutral"": 0.0287, ""sadness"": 0.0048, ""anger"": 0.0026, ""fear"": 0.0017, ""disgust"": 0.0009}"
bp_2_252_2,and just who the hell do you think you are?!,[],"[[22.0, 339.0, 148.0, 393.0], [5.0, 3.0, 100.0, 68.0], [289.0, 94.0, 431.0, 201.0]]",[],"[[80.0, 91.0, 174.0, 146.0], [79.0, 93.0, 148.0, 139.0], [-1.0, -1.0, -1.0, -1.0]]",WHY_QUESTION,0.0,0.0,"{""surprise"": 0.8396, ""anger"": 0.1046, ""disgust"": 0.02, ""neutral"": 0.0167, ""sadness"": 0.0071, ""joy"": 0.0066, ""fear"": 0.0054}"
bp_2_252_2,heyyy!,[],"[[22.0, 339.0, 148.0, 393.0], [5.0, 3.0, 100.0, 68.0], [289.0, 94.0, 431.0, 201.0]]",[],"[[80.0, 91.0, 174.0, 146.0], [79.0, 93.0, 148.0, 139.0], [-1.0, -1.0, -1.0, -1.0]]",BACKCHANNEL,0.0,0.0,"{""joy"": 0.807, ""surprise"": 0.1347, ""neutral"": 0.031, ""anger"": 0.0144, ""sadness"": 0.0083, ""disgust"": 0.0023, ""fear"": 0.0023}"
bp_2_252_2,"i'm a-talkin' t'yew, sundance! or is ya deaf as well as stupid?!",[],"[[22.0, 339.0, 148.0, 393.0], [5.0, 3.0, 100.0, 68.0], [289.0, 94.0, 431.0, 201.0]]",[],"[[80.0, 91.0, 174.0, 146.0], [79.0, 93.0, 148.0, 139.0], [-1.0, -1.0, -1.0, -1.0]]",,-0.9999999999999999,1.0,"{""surprise"": 0.4439, ""sadness"": 0.2813, ""anger"": 0.1135, ""neutral"": 0.0665, ""disgust"": 0.0362, ""joy"": 0.036, ""fear"": 0.0226}"
bp_2_253_3,"i got enuff of your worthless markers to build a barn, sundance!",[],"[[7.0, 4.0, 158.0, 67.0], [118.0, 54.0, 234.0, 120.0], [198.0, 0.0, 351.0, 67.0], [263.0, 72.0, 332.0, 93.0], [326.0, 74.0, 435.0, 126.0], [218.0, 390.0, 359.0, 442.0]]",[],"[[63.0, 136.0, 213.0, 281.0], [62.0, 137.0, 212.0, 278.0], [292.0, 141.0, 441.0, 305.0], [63.0, 137.0, 211.0, 278.0], [291.0, 141.0, 440.0, 304.0], [63.0, 139.0, 212.0, 278.0]]",INFORM,-1.0,0.9,"{""anger"": 0.5479, ""surprise"": 0.2044, ""sadness"": 0.124, ""joy"": 0.0638, ""neutral"": 0.0342, ""disgust"": 0.0223, ""fear"": 0.0034}"
bp_2_253_3,and none of 'em cover what you did with my wife.,[],"[[7.0, 4.0, 158.0, 67.0], [118.0, 54.0, 234.0, 120.0], [198.0, 0.0, 351.0, 67.0], [263.0, 72.0, 332.0, 93.0], [326.0, 74.0, 435.0, 126.0], [218.0, 390.0, 359.0, 442.0]]",[],"[[63.0, 136.0, 213.0, 281.0], [62.0, 137.0, 212.0, 278.0], [292.0, 141.0, 441.0, 305.0], [63.0, 137.0, 211.0, 278.0], [291.0, 141.0, 440.0, 304.0], [63.0, 139.0, 212.0, 278.0]]",INFORM,0.0,0.0,"{""neutral"": 0.6964, ""anger"": 0.1665, ""disgust"": 0.0609, ""sadness"": 0.0468, ""surprise"": 0.014, ""fear"": 0.0089, ""joy"": 0.0065}"
bp_2_253_3,wife?!whoa-- what wife?!i don't know any wife!Officer--,[],"[[7.0, 4.0, 158.0, 67.0], [118.0, 54.0, 234.0, 120.0], [198.0, 0.0, 351.0, 67.0], [263.0, 72.0, 332.0, 93.0], [326.0, 74.0, 435.0, 126.0], [218.0, 390.0, 359.0, 442.0]]",[],"[[63.0, 136.0, 213.0, 281.0], [62.0, 137.0, 212.0, 278.0], [292.0, 141.0, 441.0, 305.0], [63.0, 137.0, 211.0, 278.0], [291.0, 141.0, 440.0, 304.0], [63.0, 139.0, 212.0, 278.0]]",,0.0,0.0,"{""surprise"": 0.9247, ""anger"": 0.0328, ""disgust"": 0.0172, ""sadness"": 0.0095, ""neutral"": 0.0067, ""joy"": 0.0047, ""fear"": 0.0043}"
bp_2_253_3,sheriff.,[],"[[7.0, 4.0, 158.0, 67.0], [118.0, 54.0, 234.0, 120.0], [198.0, 0.0, 351.0, 67.0], [263.0, 72.0, 332.0, 93.0], [326.0, 74.0, 435.0, 126.0], [218.0, 390.0, 359.0, 442.0]]",[],"[[63.0, 136.0, 213.0, 281.0], [62.0, 137.0, 212.0, 278.0], [292.0, 141.0, 441.0, 305.0], [63.0, 137.0, 211.0, 278.0], [291.0, 141.0, 440.0, 304.0], [63.0, 139.0, 212.0, 278.0]]",FEEDBACK,0.0,0.0,"{""neutral"": 0.4028, ""disgust"": 0.2569, ""sadness"": 0.2032, ""anger"": 0.0841, ""fear"": 0.0262, ""joy"": 0.0141, ""surprise"": 0.0127}"
bp_2_253_3,--there must be some mistake?!,[],"[[7.0, 4.0, 158.0, 67.0], [118.0, 54.0, 234.0, 120.0], [198.0, 0.0, 351.0, 67.0], [263.0, 72.0, 332.0, 93.0], [326.0, 74.0, 435.0, 126.0], [218.0, 390.0, 359.0, 442.0]]",[],"[[63.0, 136.0, 213.0, 281.0], [62.0, 137.0, 212.0, 278.0], [292.0, 141.0, 441.0, 305.0], [63.0, 137.0, 211.0, 278.0], [291.0, 141.0, 440.0, 304.0], [63.0, 139.0, 212.0, 278.0]]",INFORM,0.0,0.0,"{""surprise"": 0.7925, ""neutral"": 0.0659, ""anger"": 0.0469, ""sadness"": 0.0425, ""disgust"": 0.0347, ""fear"": 0.0131, ""joy"": 0.0045}"
bp_2_253_3,"four hunnert dollars, sundance.and my pride.",[],"[[7.0, 4.0, 158.0, 67.0], [118.0, 54.0, 234.0, 120.0], [198.0, 0.0, 351.0, 67.0], [263.0, 72.0, 332.0, 93.0], [326.0, 74.0, 435.0, 126.0], [218.0, 390.0, 359.0, 442.0]]",[],"[[63.0, 136.0, 213.0, 281.0], [62.0, 137.0, 212.0, 278.0], [292.0, 141.0, 441.0, 305.0], [63.0, 137.0, 211.0, 278.0], [291.0, 141.0, 440.0, 304.0], [63.0, 139.0, 212.0, 278.0]]",,0.0,0.0,"{""neutral"": 0.3839, ""joy"": 0.2912, ""surprise"": 0.1386, ""sadness"": 0.1318, ""anger"": 0.0472, ""disgust"": 0.006, ""fear"": 0.0013}"
bp_2_253_5,"i toldya ta never coma back here, Sundance.",[],"[[28.0, 3.0, 158.0, 58.0], [160.0, 30.0, 249.0, 77.0], [89.0, 78.0, 193.0, 133.0], [175.0, 108.0, 303.0, 188.0]]",[],"[[30.0, 192.0, 272.0, 435.0], [27.0, 190.0, 269.0, 433.0], [29.0, 192.0, 269.0, 433.0], [-1.0, -1.0, -1.0, -1.0]]",INFORM,0.025,0.0,"{""sadness"": 0.8318, ""neutral"": 0.0677, ""surprise"": 0.0527, ""joy"": 0.0397, ""fear"": 0.0055, ""disgust"": 0.0015, ""anger"": 0.0011}"
bp_2_253_5,Toldya what would happen.,[],"[[28.0, 3.0, 158.0, 58.0], [160.0, 30.0, 249.0, 77.0], [89.0, 78.0, 193.0, 133.0], [175.0, 108.0, 303.0, 188.0]]",[],"[[30.0, 192.0, 272.0, 435.0], [27.0, 190.0, 269.0, 433.0], [29.0, 192.0, 269.0, 433.0], [-1.0, -1.0, -1.0, -1.0]]",INFORM,0.0,0.0,"{""anger"": 0.3825, ""neutral"": 0.2263, ""fear"": 0.1905, ""disgust"": 0.1096, ""surprise"": 0.0457, ""sadness"": 0.0361, ""joy"": 0.0094}"
bp_2_253_5,Ya done brought this on yerself.,[],"[[28.0, 3.0, 158.0, 58.0], [160.0, 30.0, 249.0, 77.0], [89.0, 78.0, 193.0, 133.0], [175.0, 108.0, 303.0, 188.0]]",[],"[[30.0, 192.0, 272.0, 435.0], [27.0, 190.0, 269.0, 433.0], [29.0, 192.0, 269.0, 433.0], [-1.0, -1.0, -1.0, -1.0]]",INFORM,0.0,0.0,"{""neutral"": 0.7819, ""joy"": 0.0766, ""sadness"": 0.0482, ""surprise"": 0.0422, ""disgust"": 0.0267, ""anger"": 0.0185, ""fear"": 0.006}"
bp_2_253_5,no-- wait-- i'm not sundance-- i'm ross!! just ask--,[],"[[28.0, 3.0, 158.0, 58.0], [160.0, 30.0, 249.0, 77.0], [89.0, 78.0, 193.0, 133.0], [175.0, 108.0, 303.0, 188.0]]",[],"[[30.0, 192.0, 272.0, 435.0], [27.0, 190.0, 269.0, 433.0], [29.0, 192.0, 269.0, 433.0], [-1.0, -1.0, -1.0, -1.0]]",,0.0,0.0,"{""neutral"": 0.7582, ""surprise"": 0.1157, ""sadness"": 0.0364, ""joy"": 0.029, ""anger"": 0.0273, ""fear"": 0.0214, ""disgust"": 0.012}"
bp_2_255_2,"shut the hell up, sundance.",[],"[[129.0, 8.0, 242.0, 38.0], [114.0, 47.0, 208.0, 97.0], [100.0, 202.0, 223.0, 320.0]]",[],"[[245.0, 46.0, 382.0, 220.0], [24.0, 38.0, 110.0, 135.0], [244.0, 47.0, 382.0, 221.0]]",ORDER,0.0,0.0,"{""anger"": 0.8666, ""disgust"": 0.0678, ""neutral"": 0.0305, ""sadness"": 0.023, ""surprise"": 0.005, ""fear"": 0.0041, ""joy"": 0.0029}"
bp_2_255_2,i'm not sundance -- he's --,[],"[[129.0, 8.0, 242.0, 38.0], [114.0, 47.0, 208.0, 97.0], [100.0, 202.0, 223.0, 320.0]]",[],"[[245.0, 46.0, 382.0, 220.0], [24.0, 38.0, 110.0, 135.0], [244.0, 47.0, 382.0, 221.0]]",FEEDBACK,0.0,0.0,"{""neutral"": 0.5505, ""surprise"": 0.2333, ""sadness"": 0.1729, ""joy"": 0.0148, ""anger"": 0.0112, ""disgust"": 0.011, ""fear"": 0.0064}"
bp_2_255_2,"i hafta tell ya a'gin, i start bouncin' ya off them walls. now, hush, varmint --",[],"[[129.0, 8.0, 242.0, 38.0], [114.0, 47.0, 208.0, 97.0], [100.0, 202.0, 223.0, 320.0]]",[],"[[245.0, 46.0, 382.0, 220.0], [24.0, 38.0, 110.0, 135.0], [244.0, 47.0, 382.0, 221.0]]",,0.0,0.0,"{""sadness"": 0.394, ""neutral"": 0.3058, ""disgust"": 0.1225, ""fear"": 0.0817, ""joy"": 0.0455, ""anger"": 0.0344, ""surprise"": 0.0162}"
bp_2_256_1,"c'mon, oxford -- ya run like a girl.",[],"[[215.0, 25.0, 305.0, 93.0], [109.0, 314.0, 259.0, 432.0]]",[],"[[361.0, 41.0, 418.0, 99.0], [200.0, 121.0, 235.0, 160.0]]",INFORM,0.0,0.0,"{""neutral"": 0.4504, ""joy"": 0.1759, ""anger"": 0.1192, ""sadness"": 0.107, ""surprise"": 0.0743, ""disgust"": 0.0613, ""fear"": 0.0119}"
bp_2_256_1,sorry.it's my first jail break!i suppose i should ask why you're doing this...?,[],"[[215.0, 25.0, 305.0, 93.0], [109.0, 314.0, 259.0, 432.0]]",[],"[[361.0, 41.0, 418.0, 99.0], [200.0, 121.0, 235.0, 160.0]]",,0.075,0.16666666666666666,"{""surprise"": 0.7064, ""sadness"": 0.2124, ""neutral"": 0.0423, ""joy"": 0.0249, ""anger"": 0.0072, ""fear"": 0.0043, ""disgust"": 0.0026}"
bp_2_257_3,--but are illusory! human facades covering alien or perhaps eldritch reality!,[],"[[7.0, 4.0, 157.0, 88.0], [33.0, 344.0, 174.0, 448.0]]",[],"[[-1.0, -1.0, -1.0, -1.0], [141.0, 71.0, 319.0, 347.0]]",,-0.15625,0.425,"{""disgust"": 0.3489, ""anger"": 0.2564, ""fear"": 0.1753, ""neutral"": 0.0664, ""sadness"": 0.0635, ""surprise"": 0.0478, ""joy"": 0.0417}"
bp_2_257_3,you have not answered my question. who are you?,[],"[[7.0, 4.0, 157.0, 88.0], [33.0, 344.0, 174.0, 448.0]]",[],"[[-1.0, -1.0, -1.0, -1.0], [141.0, 71.0, 319.0, 347.0]]",,0.0,0.0,"{""surprise"": 0.8021, ""neutral"": 0.0949, ""sadness"": 0.0526, ""anger"": 0.0326, ""fear"": 0.0089, ""disgust"": 0.0073, ""joy"": 0.0015}"
bp_2_258_1,say you that you are a telepath?,[],"[[194.0, 16.0, 327.0, 82.0], [262.0, 75.0, 333.0, 115.0], [157.0, 98.0, 321.0, 167.0], [159.0, 165.0, 310.0, 267.0]]",[],"[[3.0, 3.0, 153.0, 442.0], [348.0, 134.0, 481.0, 380.0], [3.0, 1.0, 155.0, 441.0], [0.0, 0.0, 151.0, 440.0]]",YES-NO_QUESTION,0.0,0.0,"{""surprise"": 0.7067, ""neutral"": 0.1927, ""anger"": 0.0474, ""fear"": 0.0311, ""disgust"": 0.0116, ""sadness"": 0.0053, ""joy"": 0.0052}"
bp_2_258_1,I am!,[],"[[194.0, 16.0, 327.0, 82.0], [262.0, 75.0, 333.0, 115.0], [157.0, 98.0, 321.0, 167.0], [159.0, 165.0, 310.0, 267.0]]",[],"[[3.0, 3.0, 153.0, 442.0], [348.0, 134.0, 481.0, 380.0], [3.0, 1.0, 155.0, 441.0], [0.0, 0.0, 151.0, 440.0]]",INFORM,0.0,0.0,"{""surprise"": 0.6171, ""anger"": 0.1762, ""joy"": 0.1112, ""neutral"": 0.034, ""sadness"": 0.0264, ""fear"": 0.0191, ""disgust"": 0.0161}"
bp_2_258_1,"i pray thee therefore, o king-- listen to my thoughts...",[],"[[194.0, 16.0, 327.0, 82.0], [262.0, 75.0, 333.0, 115.0], [157.0, 98.0, 321.0, 167.0], [159.0, 165.0, 310.0, 267.0]]",[],"[[3.0, 3.0, 153.0, 442.0], [348.0, 134.0, 481.0, 380.0], [3.0, 1.0, 155.0, 441.0], [0.0, 0.0, 151.0, 440.0]]",ORDER,0.0,0.0,"{""sadness"": 0.3778, ""joy"": 0.2821, ""neutral"": 0.2476, ""surprise"": 0.0305, ""fear"": 0.0293, ""anger"": 0.0262, ""disgust"": 0.0065}"
bp_2_258_1,... that thou wouldst know mine heart is pure...,[],"[[194.0, 16.0, 327.0, 82.0], [262.0, 75.0, 333.0, 115.0], [157.0, 98.0, 321.0, 167.0], [159.0, 165.0, 310.0, 267.0]]",[],"[[3.0, 3.0, 153.0, 442.0], [348.0, 134.0, 481.0, 380.0], [3.0, 1.0, 155.0, 441.0], [0.0, 0.0, 151.0, 440.0]]",INFORM,0.21428571428571427,0.5,"{""neutral"": 0.6051, ""joy"": 0.0936, ""anger"": 0.0896, ""sadness"": 0.0792, ""disgust"": 0.0545, ""surprise"": 0.0392, ""fear"": 0.0389}"
bp_2_258_4,what the sam elliot is taking him so long?!,[],"[[27.0, 6.0, 154.0, 52.0], [137.0, 36.0, 301.0, 107.0], [139.0, 99.0, 307.0, 210.0]]",[],"[[299.0, 218.0, 408.0, 315.0], [298.0, 218.0, 403.0, 322.0], [297.0, 217.0, 402.0, 322.0]]",WHY_QUESTION,-0.0625,0.4,"{""surprise"": 0.8926, ""anger"": 0.0354, ""sadness"": 0.0249, ""neutral"": 0.0227, ""disgust"": 0.0181, ""fear"": 0.0032, ""joy"": 0.0031}"
bp_2_258_4,i figured somebody'd be flung through a window by now.,[],"[[27.0, 6.0, 154.0, 52.0], [137.0, 36.0, 301.0, 107.0], [139.0, 99.0, 307.0, 210.0]]",[],"[[299.0, 218.0, 408.0, 315.0], [298.0, 218.0, 403.0, 322.0], [297.0, 217.0, 402.0, 322.0]]",INFORM,0.0,0.0,"{""surprise"": 0.8336, ""anger"": 0.0676, ""fear"": 0.0369, ""neutral"": 0.0222, ""sadness"": 0.0194, ""disgust"": 0.0125, ""joy"": 0.0079}"
bp_2_258_4,i mean it's not like they're gonna let a jamaican cleavon little join their little lynch party -- eh -- ?!,[],"[[27.0, 6.0, 154.0, 52.0], [137.0, 36.0, 301.0, 107.0], [139.0, 99.0, 307.0, 210.0]]",[],"[[299.0, 218.0, 408.0, 315.0], [298.0, 218.0, 403.0, 322.0], [297.0, 217.0, 402.0, 322.0]]",YES-NO_QUESTION,-0.24479166666666666,0.5625,"{""surprise"": 0.5845, ""anger"": 0.2249, ""joy"": 0.0678, ""sadness"": 0.0459, ""neutral"": 0.0396, ""disgust"": 0.0198, ""fear"": 0.0175}"
bp_2_259_3,"we don't have any ""purpose"" here, t'challa.",[],"[[81.0, 2.0, 253.0, 60.0], [94.0, 51.0, 193.0, 109.0], [114.0, 112.0, 225.0, 175.0], [138.0, 180.0, 224.0, 208.0]]",[],"[[68.0, 194.0, 102.0, 224.0], [17.0, 176.0, 43.0, 205.0], [68.0, 194.0, 101.0, 224.0], [67.0, 193.0, 100.0, 225.0]]",INFORM,0.0,0.0,"{""neutral"": 0.905, ""disgust"": 0.0354, ""anger"": 0.0204, ""surprise"": 0.019, ""sadness"": 0.0145, ""fear"": 0.0033, ""joy"": 0.0025}"
bp_2_259_3,"you are certain of this, yes?",[],"[[81.0, 2.0, 253.0, 60.0], [94.0, 51.0, 193.0, 109.0], [114.0, 112.0, 225.0, 175.0], [138.0, 180.0, 224.0, 208.0]]",[],"[[68.0, 194.0, 102.0, 224.0], [17.0, 176.0, 43.0, 205.0], [68.0, 194.0, 101.0, 224.0], [67.0, 193.0, 100.0, 225.0]]",YES-NO_QUESTION,0.21428571428571427,0.5714285714285714,"{""neutral"": 0.5643, ""surprise"": 0.2069, ""anger"": 0.1104, ""disgust"": 0.0578, ""joy"": 0.0317, ""fear"": 0.0238, ""sadness"": 0.0048}"
bp_2_259_3,i'm certain that dope's gonna spit in my eggs.,[],"[[81.0, 2.0, 253.0, 60.0], [94.0, 51.0, 193.0, 109.0], [114.0, 112.0, 225.0, 175.0], [138.0, 180.0, 224.0, 208.0]]",[],"[[68.0, 194.0, 102.0, 224.0], [17.0, 176.0, 43.0, 205.0], [68.0, 194.0, 101.0, 224.0], [67.0, 193.0, 100.0, 225.0]]",FEEDBACK,0.21428571428571427,0.5714285714285714,"{""disgust"": 0.7524, ""anger"": 0.0817, ""sadness"": 0.077, ""fear"": 0.0665, ""neutral"": 0.0148, ""joy"": 0.0045, ""surprise"": 0.003}"
bp_2_259_3,t'challa...,[],"[[81.0, 2.0, 253.0, 60.0], [94.0, 51.0, 193.0, 109.0], [114.0, 112.0, 225.0, 175.0], [138.0, 180.0, 224.0, 208.0]]",[],"[[68.0, 194.0, 102.0, 224.0], [17.0, 176.0, 43.0, 205.0], [68.0, 194.0, 101.0, 224.0], [67.0, 193.0, 100.0, 225.0]]",NOT_CLASSIFIABLE,0.0,0.0,"{""neutral"": 0.7042, ""surprise"": 0.168, ""sadness"": 0.0549, ""joy"": 0.0381, ""anger"": 0.0194, ""disgust"": 0.0077, ""fear"": 0.0077}"
bp_2_261_0,--thor!!,[],"[[16.0, 1.0, 99.0, 23.0], [39.0, 31.0, 177.0, 88.0], [10.0, 79.0, 105.0, 168.0]]",[],"[[66.0, 190.0, 155.0, 282.0], [67.0, 189.0, 155.0, 281.0], [64.0, 190.0, 155.0, 281.0]]",NOT_CLASSIFIABLE,0.0,0.0,"{""anger"": 0.4163, ""disgust"": 0.3466, ""neutral"": 0.0954, ""surprise"": 0.0639, ""sadness"": 0.0318, ""joy"": 0.0231, ""fear"": 0.0229}"
bp_2_261_0,thank god--thank the gode-- you're here!!,[],"[[16.0, 1.0, 99.0, 23.0], [39.0, 31.0, 177.0, 88.0], [10.0, 79.0, 105.0, 168.0]]",[],"[[66.0, 190.0, 155.0, 282.0], [67.0, 189.0, 155.0, 281.0], [64.0, 190.0, 155.0, 281.0]]",,0.0,0.0,"{""joy"": 0.6204, ""surprise"": 0.3271, ""neutral"": 0.0249, ""sadness"": 0.0128, ""anger"": 0.0111, ""disgust"": 0.0023, ""fear"": 0.0014}"
bp_2_261_0,the avengers send you to rescue us?,[],"[[16.0, 1.0, 99.0, 23.0], [39.0, 31.0, 177.0, 88.0], [10.0, 79.0, 105.0, 168.0]]",[],"[[66.0, 190.0, 155.0, 282.0], [67.0, 189.0, 155.0, 281.0], [64.0, 190.0, 155.0, 281.0]]",YES-NO_QUESTION,0.0,0.0,"{""neutral"": 0.6048, ""surprise"": 0.2786, ""fear"": 0.0433, ""anger"": 0.0319, ""sadness"": 0.0182, ""joy"": 0.0181, ""disgust"": 0.0052}"
bp_2_261_1,i'm afraid i must ask you gentlemen to leave immediately.,[],"[[80.0, 3.0, 280.0, 54.0], [38.0, 41.0, 148.0, 93.0], [122.0, 94.0, 221.0, 158.0], [23.0, 136.0, 158.0, 224.0]]",[],"[[176.0, 294.0, 221.0, 355.0], [89.0, 241.0, 160.0, 341.0], [90.0, 240.0, 161.0, 338.0], [90.0, 240.0, 159.0, 339.0]]",POLITENESS_FORMULA,-0.6,0.9,"{""fear"": 0.9925, ""sadness"": 0.0039, ""joy"": 0.001, ""anger"": 0.001, ""neutral"": 0.0007, ""surprise"": 0.0007, ""disgust"": 0.0002}"
bp_2_261_1,"oh. well, then. long as you asked.",[],"[[80.0, 3.0, 280.0, 54.0], [38.0, 41.0, 148.0, 93.0], [122.0, 94.0, 221.0, 158.0], [23.0, 136.0, 158.0, 224.0]]",[],"[[176.0, 294.0, 221.0, 355.0], [89.0, 241.0, 160.0, 341.0], [90.0, 240.0, 161.0, 338.0], [90.0, 240.0, 159.0, 339.0]]",,-0.05,0.4,"{""neutral"": 0.594, ""joy"": 0.3095, ""surprise"": 0.0425, ""sadness"": 0.0211, ""anger"": 0.0154, ""disgust"": 0.013, ""fear"": 0.0044}"
bp_2_261_1,"like i done ""asked"" for your money, boy.",[],"[[80.0, 3.0, 280.0, 54.0], [38.0, 41.0, 148.0, 93.0], [122.0, 94.0, 221.0, 158.0], [23.0, 136.0, 158.0, 224.0]]",[],"[[176.0, 294.0, 221.0, 355.0], [89.0, 241.0, 160.0, 341.0], [90.0, 240.0, 161.0, 338.0], [90.0, 240.0, 159.0, 339.0]]",FEEDBACK,0.0,0.0,"{""neutral"": 0.6153, ""anger"": 0.2899, ""sadness"": 0.036, ""disgust"": 0.0224, ""fear"": 0.0188, ""joy"": 0.0094, ""surprise"": 0.0082}"
bp_2_261_1,and mebbe i'll take them fancy shoes and gold watch while i'm at it--,[],"[[80.0, 3.0, 280.0, 54.0], [38.0, 41.0, 148.0, 93.0], [122.0, 94.0, 221.0, 158.0], [23.0, 136.0, 158.0, 224.0]]",[],"[[176.0, 294.0, 221.0, 355.0], [89.0, 241.0, 160.0, 341.0], [90.0, 240.0, 161.0, 338.0], [90.0, 240.0, 159.0, 339.0]]",INFORM,0.0,0.0,"{""neutral"": 0.6696, ""joy"": 0.1657, ""surprise"": 0.0726, ""anger"": 0.055, ""sadness"": 0.0177, ""disgust"": 0.0101, ""fear"": 0.0093}"
bp_2_264_2,train's more'n two hours late--,"[""the town of buzzard gulch wasn't far away."", 'maybre an hour by car, six by slow-moving stinky pack animal.', 'we figured loki would go for the train-']","[[301.0, 219.0, 386.0, 295.0]]","[[196.0, 69.0, 339.0, 121.0], [250.0, 126.0, 421.0, 184.0], [301.0, 375.0, 424.0, 436.0]]","[[-1.0, -1.0, -1.0, -1.0]]",INFORM,0.1,0.55,"{""sadness"": 0.6397, ""neutral"": 0.1623, ""surprise"": 0.103, ""anger"": 0.0347, ""disgust"": 0.0315, ""fear"": 0.0224, ""joy"": 0.0063}"
bp_2_265_1,sundance--you were instructed to go to alberdene--,[],"[[219.0, 17.0, 390.0, 64.0], [315.0, 65.0, 437.0, 147.0], [315.0, 148.0, 412.0, 196.0]]",[],"[[107.0, 48.0, 181.0, 143.0], [107.0, 48.0, 180.0, 142.0], [107.0, 48.0, 179.0, 141.0]]",INFORM,0.0,0.0,"{""neutral"": 0.5688, ""disgust"": 0.1145, ""sadness"": 0.1132, ""anger"": 0.1013, ""fear"": 0.043, ""surprise"": 0.0379, ""joy"": 0.0213}"
bp_2_265_1,-- to give that claim check to a man on a white horese.,[],"[[219.0, 17.0, 390.0, 64.0], [315.0, 65.0, 437.0, 147.0], [315.0, 148.0, 412.0, 196.0]]",[],"[[107.0, 48.0, 181.0, 143.0], [107.0, 48.0, 180.0, 142.0], [107.0, 48.0, 179.0, 141.0]]",INFORM,0.0,0.0,"{""disgust"": 0.5343, ""neutral"": 0.2874, ""anger"": 0.0791, ""sadness"": 0.0369, ""surprise"": 0.0305, ""fear"": 0.0234, ""joy"": 0.0084}"
bp_2_265_1,why are you still here...?,[],"[[219.0, 17.0, 390.0, 64.0], [315.0, 65.0, 437.0, 147.0], [315.0, 148.0, 412.0, 196.0]]",[],"[[107.0, 48.0, 181.0, 143.0], [107.0, 48.0, 180.0, 142.0], [107.0, 48.0, 179.0, 141.0]]",WHY_QUESTION,0.0,0.0,"{""surprise"": 0.9055, ""neutral"": 0.0355, ""anger"": 0.0324, ""disgust"": 0.0101, ""fear"": 0.0076, ""sadness"": 0.007, ""joy"": 0.0018}"
bp_2_265_3,--as i demonstrate thusly--,[],"[[30.0, 13.0, 131.0, 77.0], [114.0, 52.0, 213.0, 124.0]]",[],"[[-1.0, -1.0, -1.0, -1.0], [256.0, 22.0, 387.0, 244.0]]",INFORM,0.0,0.0,"{""anger"": 0.2445, ""neutral"": 0.2409, ""joy"": 0.24, ""disgust"": 0.0972, ""fear"": 0.0938, ""sadness"": 0.047, ""surprise"": 0.0366}"
bp_2_265_3,hey-- that's an open wound mister!!,[],"[[30.0, 13.0, 131.0, 77.0], [114.0, 52.0, 213.0, 124.0]]",[],"[[-1.0, -1.0, -1.0, -1.0], [256.0, 22.0, 387.0, 244.0]]",FEEDBACK,0.0,0.5,"{""surprise"": 0.7437, ""disgust"": 0.1087, ""sadness"": 0.062, ""anger"": 0.0401, ""neutral"": 0.023, ""fear"": 0.0117, ""joy"": 0.0107}"
bp_2_266_0,"and thus, with a heavy heart, i end the illusion of mortality -- to die as i have ever lived --",[],"[[20.0, 6.0, 173.0, 126.0]]",[],"[[198.0, 133.0, 242.0, 163.0]]",INFORM,-0.2,0.5,"{""sadness"": 0.9713, ""neutral"": 0.0149, ""fear"": 0.0039, ""joy"": 0.0033, ""anger"": 0.0024, ""surprise"": 0.0023, ""disgust"": 0.0019}"
bp_2_266_4,--buzzard gulch-- noon. and here we be.,[],"[[33.0, 3.0, 241.0, 67.0], [141.0, 197.0, 272.0, 261.0], [287.0, 300.0, 434.0, 426.0]]",[],"[[2.0, 214.0, 91.0, 330.0], [97.0, 86.0, 171.0, 159.0], [274.0, 38.0, 380.0, 150.0]]",,0.0,0.0,"{""joy"": 0.4316, ""surprise"": 0.3185, ""neutral"": 0.2061, ""sadness"": 0.0306, ""anger"": 0.0087, ""disgust"": 0.0029, ""fear"": 0.0016}"
bp_2_266_4,"the story thus far""? beg pardon--?",[],"[[33.0, 3.0, 241.0, 67.0], [141.0, 197.0, 272.0, 261.0], [287.0, 300.0, 434.0, 426.0]]",[],"[[2.0, 214.0, 91.0, 330.0], [97.0, 86.0, 171.0, 159.0], [274.0, 38.0, 380.0, 150.0]]",,0.1,1.0,"{""anger"": 0.515, ""neutral"": 0.3231, ""disgust"": 0.0556, ""surprise"": 0.0391, ""sadness"": 0.027, ""fear"": 0.0264, ""joy"": 0.0138}"
bp_2_266_4,still no sign of the blasted train... ...maybe the whole deal's a ruse!,[],"[[33.0, 3.0, 241.0, 67.0], [141.0, 197.0, 272.0, 261.0], [287.0, 300.0, 434.0, 426.0]]",[],"[[2.0, 214.0, 91.0, 330.0], [97.0, 86.0, 171.0, 159.0], [274.0, 38.0, 380.0, 150.0]]",INFORM,-0.175,0.65,"{""anger"": 0.4509, ""surprise"": 0.1792, ""neutral"": 0.1514, ""sadness"": 0.0932, ""disgust"": 0.0923, ""fear"": 0.0205, ""joy"": 0.0126}"
bp_2_266_5,--the trickster god obviously intends to kill us all.,[],"[[18.0, 5.0, 171.0, 56.0], [176.0, 5.0, 314.0, 73.0], [318.0, 5.0, 405.0, 82.0]]",[],"[[3.0, 77.0, 383.0, 431.0], [4.0, 77.0, 382.0, 430.0], [4.0, 77.0, 382.0, 429.0]]",INFORM,0.0,0.5,"{""anger"": 0.3966, ""neutral"": 0.2271, ""fear"": 0.1926, ""disgust"": 0.093, ""sadness"": 0.038, ""surprise"": 0.0266, ""joy"": 0.0262}"
bp_2_266_5,"without idunn's apples, the gods fall into the death sleep.",[],"[[18.0, 5.0, 171.0, 56.0], [176.0, 5.0, 314.0, 73.0], [318.0, 5.0, 405.0, 82.0]]",[],"[[3.0, 77.0, 383.0, 431.0], [4.0, 77.0, 382.0, 430.0], [4.0, 77.0, 382.0, 429.0]]",INFORM,0.0,0.0,"{""sadness"": 0.5073, ""neutral"": 0.2947, ""fear"": 0.0849, ""disgust"": 0.0459, ""surprise"": 0.033, ""anger"": 0.028, ""joy"": 0.0062}"
bp_2_266_5,i must return to asgard to face my end.,[],"[[18.0, 5.0, 171.0, 56.0], [176.0, 5.0, 314.0, 73.0], [318.0, 5.0, 405.0, 82.0]]",[],"[[3.0, 77.0, 383.0, 431.0], [4.0, 77.0, 382.0, 430.0], [4.0, 77.0, 382.0, 429.0]]",COMMIT,0.0,0.0,"{""sadness"": 0.7016, ""anger"": 0.2735, ""joy"": 0.0156, ""fear"": 0.0037, ""neutral"": 0.0022, ""disgust"": 0.0019, ""surprise"": 0.0014}"
bp_2_272_1,"hell, then, scruggs.",[],"[[401.0, 23.0, 486.0, 64.0], [421.0, 71.0, 482.0, 115.0]]",[],"[[577.0, 57.0, 661.0, 162.0], [575.0, 55.0, 661.0, 160.0]]",NOT_CLASSIFIABLE,0.0,0.0,"{""neutral"": 0.6104, ""disgust"": 0.2761, ""surprise"": 0.04, ""sadness"": 0.0388, ""anger"": 0.0161, ""fear"": 0.0105, ""joy"": 0.0081}"
bp_2_272_1,do ya job.,[],"[[401.0, 23.0, 486.0, 64.0], [421.0, 71.0, 482.0, 115.0]]",[],"[[577.0, 57.0, 661.0, 162.0], [575.0, 55.0, 661.0, 160.0]]",ORDER,0.0,0.0,"{""neutral"": 0.5939, ""joy"": 0.1306, ""sadness"": 0.0801, ""anger"": 0.0744, ""disgust"": 0.0628, ""surprise"": 0.0434, ""fear"": 0.0147}"
bp_2_273_1,"... aw, geez ...",[],"[[355.0, 194.0, 432.0, 256.0]]",[],"[[5.0, 6.0, 233.0, 186.0]]",BACKCHANNEL,0.0,0.0,"{""surprise"": 0.8564, ""sadness"": 0.0684, ""neutral"": 0.0349, ""joy"": 0.0184, ""disgust"": 0.0102, ""anger"": 0.0066, ""fear"": 0.005}"
bp_2_274_1,"they got dre, scruggs -- think his vest caught the slugs --!",[],"[[262.0, 8.0, 447.0, 60.0], [450.0, 8.0, 580.0, 74.0]]",[],"[[136.0, 45.0, 283.0, 182.0], [357.0, 106.0, 467.0, 212.0]]",,0.0,0.0,"{""disgust"": 0.6606, ""surprise"": 0.1058, ""neutral"": 0.0919, ""sadness"": 0.0578, ""anger"": 0.0556, ""fear"": 0.0187, ""joy"": 0.0097}"
bp_2_274_1,"he's out -- now, before je reloads!!",[],"[[262.0, 8.0, 447.0, 60.0], [450.0, 8.0, 580.0, 74.0]]",[],"[[136.0, 45.0, 283.0, 182.0], [357.0, 106.0, 467.0, 212.0]]",,0.0,0.0,"{""neutral"": 0.4431, ""surprise"": 0.2962, ""anger"": 0.1112, ""joy"": 0.0698, ""sadness"": 0.0353, ""disgust"": 0.0298, ""fear"": 0.0146}"
bp_2_275_0,...dammit...,[],"[[212.0, 43.0, 302.0, 66.0], [245.0, 73.0, 326.0, 109.0], [205.0, 191.0, 300.0, 239.0], [259.0, 246.0, 339.0, 293.0]]",[],"[[623.0, 111.0, 738.0, 230.0], [624.0, 111.0, 737.0, 230.0], [-1.0, -1.0, -1.0, -1.0], [-1.0, -1.0, -1.0, -1.0]]",NOT_CLASSIFIABLE,0.0,0.0,"{""surprise"": 0.3222, ""disgust"": 0.2669, ""sadness"": 0.1912, ""anger"": 0.1504, ""neutral"": 0.0479, ""joy"": 0.0111, ""fear"": 0.0102}"
bp_2_275_0,...freaking maniac...,[],"[[212.0, 43.0, 302.0, 66.0], [245.0, 73.0, 326.0, 109.0], [205.0, 191.0, 300.0, 239.0], [259.0, 246.0, 339.0, 293.0]]",[],"[[623.0, 111.0, 738.0, 230.0], [624.0, 111.0, 737.0, 230.0], [-1.0, -1.0, -1.0, -1.0], [-1.0, -1.0, -1.0, -1.0]]",NOT_CLASSIFIABLE,0.0,0.0,"{""anger"": 0.4504, ""disgust"": 0.169, ""neutral"": 0.1439, ""surprise"": 0.1113, ""fear"": 0.0755, ""sadness"": 0.0287, ""joy"": 0.0212}"
bp_2_275_0,i am new to your lands.,[],"[[212.0, 43.0, 302.0, 66.0], [245.0, 73.0, 326.0, 109.0], [205.0, 191.0, 300.0, 239.0], [259.0, 246.0, 339.0, 293.0]]",[],"[[623.0, 111.0, 738.0, 230.0], [624.0, 111.0, 737.0, 230.0], [-1.0, -1.0, -1.0, -1.0], [-1.0, -1.0, -1.0, -1.0]]",INFORM,0.13636363636363635,0.45454545454545453,"{""joy"": 0.7779, ""surprise"": 0.0972, ""fear"": 0.0971, ""sadness"": 0.0117, ""neutral"": 0.0094, ""anger"": 0.0055, ""disgust"": 0.0012}"
bp_2_275_0,your ways are alien to me--,[],"[[212.0, 43.0, 302.0, 66.0], [245.0, 73.0, 326.0, 109.0], [205.0, 191.0, 300.0, 239.0], [259.0, 246.0, 339.0, 293.0]]",[],"[[623.0, 111.0, 738.0, 230.0], [624.0, 111.0, 737.0, 230.0], [-1.0, -1.0, -1.0, -1.0], [-1.0, -1.0, -1.0, -1.0]]",INFORM,-0.25,0.75,"{""anger"": 0.3468, ""disgust"": 0.3385, ""fear"": 0.1504, ""neutral"": 0.1064, ""surprise"": 0.0302, ""sadness"": 0.0249, ""joy"": 0.0029}"
bp_2_276_0,anything-- any--,"['--you look so small..', ""you all do.. when you're begging for your life."", ""lucky you're worth more to me alive than dead.""]","[[675.0, 135.0, 793.0, 197.0]]","[[35.0, 29.0, 128.0, 71.0], [53.0, 63.0, 176.0, 127.0], [737.0, 22.0, 876.0, 76.0]]","[[550.0, 4.0, 686.0, 139.0]]",NOT_CLASSIFIABLE,0.0,0.0,"{""anger"": 0.3578, ""neutral"": 0.2767, ""disgust"": 0.184, ""fear"": 0.0645, ""sadness"": 0.0564, ""surprise"": 0.0363, ""joy"": 0.0243}"
bp_2_277_0,...please...,[],"[[561.0, 94.0, 669.0, 128.0], [626.0, 128.0, 721.0, 170.0]]",[],"[[531.0, 206.0, 572.0, 248.0], [533.0, 203.0, 570.0, 242.0]]",POLITENESS_FORMULA,0.0,0.0,"{""neutral"": 0.5947, ""sadness"": 0.1949, ""surprise"": 0.0946, ""disgust"": 0.0472, ""fear"": 0.0372, ""anger"": 0.0243, ""joy"": 0.0071}"
bp_2_277_0,"please, man...",[],"[[561.0, 94.0, 669.0, 128.0], [626.0, 128.0, 721.0, 170.0]]",[],"[[531.0, 206.0, 572.0, 248.0], [533.0, 203.0, 570.0, 242.0]]",POLITENESS_FORMULA,0.0,0.0,"{""disgust"": 0.3905, ""neutral"": 0.3207, ""sadness"": 0.1388, ""anger"": 0.0596, ""fear"": 0.0588, ""surprise"": 0.0269, ""joy"": 0.0047}"
bp_2_277_4,"aw, no, man-- don't--!",[],"[[365.0, 188.0, 445.0, 237.0]]",[],"[[-1.0, -1.0, -1.0, -1.0]]",,0.0,0.0,"{""anger"": 0.4053, ""fear"": 0.1684, ""surprise"": 0.1615, ""disgust"": 0.1497, ""sadness"": 0.0738, ""neutral"": 0.0248, ""joy"": 0.0164}"
bp_2_278_2,we will have an understanding between us.,"['show. time.', 'remember the accent.']","[[369.0, 9.0, 494.0, 55.0], [410.0, 60.0, 501.0, 107.0]]","[[28.0, 23.0, 122.0, 53.0], [63.0, 76.0, 168.0, 118.0]]","[[226.0, 91.0, 347.0, 190.0], [226.0, 91.0, 346.0, 188.0]]",INFORM,0.0,0.0,"{""neutral"": 0.9276, ""joy"": 0.0207, ""sadness"": 0.0176, ""disgust"": 0.0121, ""anger"": 0.0095, ""surprise"": 0.0088, ""fear"": 0.0037}"
bp_2_278_2,speak of it to no man...,"['show. time.', 'remember the accent.']","[[369.0, 9.0, 494.0, 55.0], [410.0, 60.0, 501.0, 107.0]]","[[28.0, 23.0, 122.0, 53.0], [63.0, 76.0, 168.0, 118.0]]","[[226.0, 91.0, 347.0, 190.0], [226.0, 91.0, 346.0, 188.0]]",ORDER,0.0,0.0,"{""neutral"": 0.6788, ""disgust"": 0.1765, ""anger"": 0.0652, ""fear"": 0.03, ""surprise"": 0.0223, ""sadness"": 0.0216, ""joy"": 0.0055}"
bp_2_280_1,"kevin, dear-- please do something about her...","['these people have no lives.', 'they never leave the house.', 'judge judy and springer are their entire world...']","[[422.0, 189.0, 602.0, 241.0]]","[[32.0, 17.0, 149.0, 65.0], [45.0, 81.0, 179.0, 130.0], [589.0, 24.0, 743.0, 84.0]]","[[251.0, 64.0, 280.0, 95.0]]",POLITENESS_FORMULA,0.0,0.0,"{""fear"": 0.3118, ""sadness"": 0.2479, ""neutral"": 0.2063, ""anger"": 0.1318, ""disgust"": 0.0544, ""surprise"": 0.0394, ""joy"": 0.0084}"
bp_2_280_2,and..?,"[""take the tv out of this relationship, and it's just murder...""]","[[129.0, 109.0, 212.0, 143.0], [403.0, 22.0, 477.0, 71.0], [392.0, 87.0, 549.0, 240.0]]","[[25.0, 37.0, 176.0, 89.0]]","[[227.0, 22.0, 312.0, 89.0], [-1.0, -1.0, -1.0, -1.0], [227.0, 21.0, 307.0, 83.0]]",NOT_CLASSIFIABLE,0.0,0.0,"{""surprise"": 0.8981, ""neutral"": 0.0757, ""sadness"": 0.0089, ""anger"": 0.0074, ""joy"": 0.0046, ""disgust"": 0.0031, ""fear"": 0.0022}"
bp_2_280_2,and what?,"[""take the tv out of this relationship, and it's just murder...""]","[[129.0, 109.0, 212.0, 143.0], [403.0, 22.0, 477.0, 71.0], [392.0, 87.0, 549.0, 240.0]]","[[25.0, 37.0, 176.0, 89.0]]","[[227.0, 22.0, 312.0, 89.0], [-1.0, -1.0, -1.0, -1.0], [227.0, 21.0, 307.0, 83.0]]",WHY_QUESTION,0.0,0.0,"{""surprise"": 0.9194, ""anger"": 0.0384, ""neutral"": 0.0191, ""fear"": 0.0081, ""disgust"": 0.007, ""sadness"": 0.0051, ""joy"": 0.0028}"
bp_2_280_2,"and so you'll pay the light bill, right? you won't leave your mother and your pregnant girlfriend stranded in the dark, right?","[""take the tv out of this relationship, and it's just murder...""]","[[129.0, 109.0, 212.0, 143.0], [403.0, 22.0, 477.0, 71.0], [392.0, 87.0, 549.0, 240.0]]","[[25.0, 37.0, 176.0, 89.0]]","[[227.0, 22.0, 312.0, 89.0], [-1.0, -1.0, -1.0, -1.0], [227.0, 21.0, 307.0, 83.0]]",,0.23095238095238094,0.5342857142857143,"{""neutral"": 0.8885, ""anger"": 0.0346, ""joy"": 0.0246, ""sadness"": 0.0152, ""fear"": 0.0134, ""disgust"": 0.0133, ""surprise"": 0.0104}"
bp_2_280_3,"it's not good, kevin.",[],"[[120.0, 8.0, 206.0, 69.0], [394.0, 4.0, 509.0, 61.0], [387.0, 104.0, 556.0, 213.0]]",[],"[[217.0, 16.0, 373.0, 153.0], [-1.0, -1.0, -1.0, -1.0], [222.0, 21.0, 367.0, 148.0]]",INFORM,-0.35,0.6000000000000001,"{""sadness"": 0.8923, ""disgust"": 0.0502, ""neutral"": 0.0261, ""fear"": 0.0112, ""anger"": 0.011, ""surprise"": 0.0056, ""joy"": 0.0035}"
bp_2_280_3,yeah-- i know-- the lights--,[],"[[120.0, 8.0, 206.0, 69.0], [394.0, 4.0, 509.0, 61.0], [387.0, 104.0, 556.0, 213.0]]",[],"[[217.0, 16.0, 373.0, 153.0], [-1.0, -1.0, -1.0, -1.0], [222.0, 21.0, 367.0, 148.0]]",FEEDBACK,0.0,0.0,"{""neutral"": 0.4604, ""disgust"": 0.1692, ""sadness"": 0.1296, ""surprise"": 0.0799, ""anger"": 0.0635, ""fear"": 0.0558, ""joy"": 0.0416}"
bp_2_280_3,"no. gwen. she's very upset. which means i catch all the hell, understand?",[],"[[120.0, 8.0, 206.0, 69.0], [394.0, 4.0, 509.0, 61.0], [387.0, 104.0, 556.0, 213.0]]",[],"[[217.0, 16.0, 373.0, 153.0], [-1.0, -1.0, -1.0, -1.0], [222.0, 21.0, 367.0, 148.0]]",,0.2,0.3,"{""anger"": 0.3514, ""sadness"": 0.2802, ""surprise"": 0.2055, ""neutral"": 0.1164, ""disgust"": 0.0235, ""joy"": 0.0125, ""fear"": 0.0104}"
bp_2_281_1,who are you?,"['--ambushed on a routine drug bust.', 'somebody made the call. somebody inside the house.', 'somebody with a badge...']","[[294.0, 190.0, 378.0, 244.0]]","[[29.0, 26.0, 203.0, 71.0], [80.0, 76.0, 243.0, 126.0], [143.0, 160.0, 276.0, 206.0]]","[[395.0, 32.0, 422.0, 61.0]]",WHY_QUESTION,0.0,0.0,"{""surprise"": 0.8695, ""neutral"": 0.0916, ""anger"": 0.0172, ""fear"": 0.0078, ""sadness"": 0.0062, ""disgust"": 0.0039, ""joy"": 0.0038}"
bp_2_281_3,"black jack took risks, kasper... ... your father.",[],"[[43.0, 4.0, 161.0, 107.0], [274.0, 25.0, 386.0, 88.0], [679.0, 21.0, 826.0, 82.0], [722.0, 86.0, 813.0, 140.0]]",[],"[[205.0, 61.0, 234.0, 101.0], [209.0, 65.0, 235.0, 101.0], [582.0, 46.0, 598.0, 74.0], [493.0, 33.0, 516.0, 59.0]]",,-0.16666666666666666,0.43333333333333335,"{""neutral"": 0.8565, ""anger"": 0.0368, ""surprise"": 0.0309, ""fear"": 0.0276, ""joy"": 0.0202, ""sadness"": 0.0195, ""disgust"": 0.0086}"
bp_2_281_3,look where it got him.,[],"[[43.0, 4.0, 161.0, 107.0], [274.0, 25.0, 386.0, 88.0], [679.0, 21.0, 826.0, 82.0], [722.0, 86.0, 813.0, 140.0]]",[],"[[205.0, 61.0, 234.0, 101.0], [209.0, 65.0, 235.0, 101.0], [582.0, 46.0, 598.0, 74.0], [493.0, 33.0, 516.0, 59.0]]",ORDER,0.0,0.0,"{""neutral"": 0.6824, ""surprise"": 0.1666, ""anger"": 0.0807, ""disgust"": 0.0288, ""sadness"": 0.0191, ""joy"": 0.0122, ""fear"": 0.0102}"
bp_2_281_3,kevin -- i distinctly asked for penne --,[],"[[43.0, 4.0, 161.0, 107.0], [274.0, 25.0, 386.0, 88.0], [679.0, 21.0, 826.0, 82.0], [722.0, 86.0, 813.0, 140.0]]",[],"[[205.0, 61.0, 234.0, 101.0], [209.0, 65.0, 235.0, 101.0], [582.0, 46.0, 598.0, 74.0], [493.0, 33.0, 516.0, 59.0]]",INFORM,0.3,0.3,"{""neutral"": 0.8037, ""surprise"": 0.1435, ""fear"": 0.0175, ""sadness"": 0.0129, ""disgust"": 0.0112, ""anger"": 0.0056, ""joy"": 0.0055}"
bp_2_281_3,"fine, ma, i'll go get it.",[],"[[43.0, 4.0, 161.0, 107.0], [274.0, 25.0, 386.0, 88.0], [679.0, 21.0, 826.0, 82.0], [722.0, 86.0, 813.0, 140.0]]",[],"[[205.0, 61.0, 234.0, 101.0], [209.0, 65.0, 235.0, 101.0], [582.0, 46.0, 598.0, 74.0], [493.0, 33.0, 516.0, 59.0]]",COMMIT,0.4166666666666667,0.5,"{""neutral"": 0.5981, ""anger"": 0.2215, ""disgust"": 0.0757, ""joy"": 0.0573, ""sadness"": 0.0236, ""fear"": 0.0206, ""surprise"": 0.0033}"
bp_2_282_3,"santa claus, stranger. what of it?",[],"[[314.0, 5.0, 446.0, 59.0], [329.0, 62.0, 461.0, 132.0], [717.0, 2.0, 846.0, 82.0]]",[],"[[3.0, 6.0, 311.0, 241.0], [468.0, 3.0, 680.0, 242.0], [469.0, 4.0, 678.0, 239.0]]",,0.0,0.0,"{""surprise"": 0.8797, ""neutral"": 0.0957, ""fear"": 0.0081, ""disgust"": 0.0052, ""joy"": 0.0051, ""anger"": 0.0043, ""sadness"": 0.002}"
bp_2_282_3,"i know your name, officer kevin ""kasper"" cole",[],"[[314.0, 5.0, 446.0, 59.0], [329.0, 62.0, 461.0, 132.0], [717.0, 2.0, 846.0, 82.0]]",[],"[[3.0, 6.0, 311.0, 241.0], [468.0, 3.0, 680.0, 242.0], [469.0, 4.0, 678.0, 239.0]]",INFORM,0.0,0.0,"{""neutral"": 0.5838, ""surprise"": 0.2265, ""joy"": 0.1385, ""sadness"": 0.0413, ""anger"": 0.0061, ""fear"": 0.0028, ""disgust"": 0.0011}"
bp_2_282_3,-- what i want to know is who you are --,[],"[[314.0, 5.0, 446.0, 59.0], [329.0, 62.0, 461.0, 132.0], [717.0, 2.0, 846.0, 82.0]]",[],"[[3.0, 6.0, 311.0, 241.0], [468.0, 3.0, 680.0, 242.0], [469.0, 4.0, 678.0, 239.0]]",INFORM,0.0,0.0,"{""neutral"": 0.6931, ""surprise"": 0.1175, ""anger"": 0.0587, ""sadness"": 0.0519, ""joy"": 0.0415, ""disgust"": 0.0198, ""fear"": 0.0175}"
bp_2_282_4,--and what maked you think yourself worthy of the habit of a king.,[],"[[223.0, 5.0, 376.0, 71.0], [183.0, 83.0, 291.0, 137.0], [288.0, 108.0, 400.0, 180.0], [377.0, 165.0, 463.0, 218.0]]",[],"[[520.0, 5.0, 911.0, 229.0], [-1.0, -1.0, -1.0, -1.0], [522.0, 6.0, 909.0, 228.0], [521.0, 6.0, 908.0, 226.0]]",INFORM,0.3333333333333333,1.0,"{""neutral"": 0.3708, ""disgust"": 0.2387, ""anger"": 0.1926, ""fear"": 0.0794, ""surprise"": 0.0728, ""sadness"": 0.0342, ""joy"": 0.0116}"
bp_2_282_4,got a lot of habits.maybe be more specific...,[],"[[223.0, 5.0, 376.0, 71.0], [183.0, 83.0, 291.0, 137.0], [288.0, 108.0, 400.0, 180.0], [377.0, 165.0, 463.0, 218.0]]",[],"[[520.0, 5.0, 911.0, 229.0], [-1.0, -1.0, -1.0, -1.0], [522.0, 6.0, 909.0, 228.0], [521.0, 6.0, 908.0, 226.0]]",,0.25,0.3125,"{""neutral"": 0.8825, ""surprise"": 0.0658, ""sadness"": 0.0329, ""anger"": 0.0062, ""joy"": 0.0062, ""disgust"": 0.0044, ""fear"": 0.0019}"
bp_2_282_4,habit officer.as in raiment--clothing--,[],"[[223.0, 5.0, 376.0, 71.0], [183.0, 83.0, 291.0, 137.0], [288.0, 108.0, 400.0, 180.0], [377.0, 165.0, 463.0, 218.0]]",[],"[[520.0, 5.0, 911.0, 229.0], [-1.0, -1.0, -1.0, -1.0], [522.0, 6.0, 909.0, 228.0], [521.0, 6.0, 908.0, 226.0]]",,0.0,0.0,"{""neutral"": 0.8226, ""disgust"": 0.0697, ""anger"": 0.0554, ""sadness"": 0.0259, ""surprise"": 0.0126, ""joy"": 0.0077, ""fear"": 0.006}"
bp_2_282_4,a certain panther fetish?,[],"[[223.0, 5.0, 376.0, 71.0], [183.0, 83.0, 291.0, 137.0], [288.0, 108.0, 400.0, 180.0], [377.0, 165.0, 463.0, 218.0]]",[],"[[520.0, 5.0, 911.0, 229.0], [-1.0, -1.0, -1.0, -1.0], [522.0, 6.0, 909.0, 228.0], [521.0, 6.0, 908.0, 226.0]]",YES-NO_QUESTION,0.21428571428571427,0.5714285714285714,"{""neutral"": 0.688, ""surprise"": 0.271, ""disgust"": 0.0201, ""anger"": 0.0067, ""sadness"": 0.0064, ""fear"": 0.0053, ""joy"": 0.0025}"
bp_2_283_2,bull.i was careful--,['all right... who is this guy? feds? internal affairs?'],"[[540.0, 4.0, 637.0, 65.0], [588.0, 64.0, 724.0, 134.0]]","[[24.0, 17.0, 178.0, 75.0]]","[[270.0, 5.0, 452.0, 187.0], [-1.0, -1.0, -1.0, -1.0]]",,-0.1,1.0,"{""neutral"": 0.8138, ""fear"": 0.0841, ""sadness"": 0.035, ""surprise"": 0.0243, ""anger"": 0.0183, ""joy"": 0.0169, ""disgust"": 0.0076}"
bp_2_283_2,"you underestimate my powers, officer--",['all right... who is this guy? feds? internal affairs?'],"[[540.0, 4.0, 637.0, 65.0], [588.0, 64.0, 724.0, 134.0]]","[[24.0, 17.0, 178.0, 75.0]]","[[270.0, 5.0, 452.0, 187.0], [-1.0, -1.0, -1.0, -1.0]]",INFORM,0.0,0.0,"{""anger"": 0.4743, ""neutral"": 0.2044, ""disgust"": 0.1687, ""fear"": 0.0775, ""surprise"": 0.0402, ""sadness"": 0.031, ""joy"": 0.0039}"
bp_2_284_0,hear there was some drama with dre and them.,[],"[[135.0, 19.0, 248.0, 104.0], [178.0, 106.0, 302.0, 163.0], [362.0, 125.0, 429.0, 181.0]]",[],"[[156.0, 178.0, 177.0, 213.0], [154.0, 179.0, 179.0, 215.0], [319.0, 174.0, 347.0, 206.0]]",INFORM,0.0,0.0,"{""neutral"": 0.4753, ""sadness"": 0.1735, ""disgust"": 0.1368, ""surprise"": 0.1032, ""joy"": 0.0542, ""fear"": 0.0352, ""anger"": 0.0217}"
bp_2_284_0,some dude dressed like a kitty.,[],"[[135.0, 19.0, 248.0, 104.0], [178.0, 106.0, 302.0, 163.0], [362.0, 125.0, 429.0, 181.0]]",[],"[[156.0, 178.0, 177.0, 213.0], [154.0, 179.0, 179.0, 215.0], [319.0, 174.0, 347.0, 206.0]]",INFORM,0.0,0.0,"{""disgust"": 0.9762, ""neutral"": 0.0074, ""anger"": 0.0051, ""joy"": 0.0032, ""sadness"": 0.003, ""fear"": 0.0027, ""surprise"": 0.0025}"
bp_2_284_0,Tork--,[],"[[135.0, 19.0, 248.0, 104.0], [178.0, 106.0, 302.0, 163.0], [362.0, 125.0, 429.0, 181.0]]",[],"[[156.0, 178.0, 177.0, 213.0], [154.0, 179.0, 179.0, 215.0], [319.0, 174.0, 347.0, 206.0]]",INFORM,0.0,0.0,"{""disgust"": 0.5141, ""neutral"": 0.2404, ""anger"": 0.1718, ""fear"": 0.0264, ""sadness"": 0.0248, ""surprise"": 0.0183, ""joy"": 0.0043}"
bp_2_285_2,"gimme the suit, kasper-- trust me-- you don't want none of this.",[],"[[90.0, 98.0, 232.0, 178.0], [169.0, 8.0, 247.0, 48.0], [171.0, 48.0, 247.0, 96.0], [174.0, 183.0, 258.0, 253.0]]",[],"[[547.0, 49.0, 654.0, 195.0], [548.0, 49.0, 655.0, 194.0], [366.0, 88.0, 438.0, 208.0], [366.0, 88.0, 439.0, 208.0]]",,0.0,0.0,"{""anger"": 0.5633, ""neutral"": 0.1706, ""fear"": 0.1096, ""sadness"": 0.0617, ""disgust"": 0.047, ""surprise"": 0.0291, ""joy"": 0.0188}"
bp_2_285_2,gimme the suit.,[],"[[90.0, 98.0, 232.0, 178.0], [169.0, 8.0, 247.0, 48.0], [171.0, 48.0, 247.0, 96.0], [174.0, 183.0, 258.0, 253.0]]",[],"[[547.0, 49.0, 654.0, 195.0], [548.0, 49.0, 655.0, 194.0], [366.0, 88.0, 438.0, 208.0], [366.0, 88.0, 439.0, 208.0]]",ORDER,0.0,0.0,"{""neutral"": 0.5491, ""joy"": 0.1799, ""surprise"": 0.1057, ""anger"": 0.0719, ""sadness"": 0.0418, ""fear"": 0.0263, ""disgust"": 0.0254}"
bp_2_285_2,"i need it, man-- just for a few days--",[],"[[90.0, 98.0, 232.0, 178.0], [169.0, 8.0, 247.0, 48.0], [171.0, 48.0, 247.0, 96.0], [174.0, 183.0, 258.0, 253.0]]",[],"[[547.0, 49.0, 654.0, 195.0], [548.0, 49.0, 655.0, 194.0], [366.0, 88.0, 438.0, 208.0], [366.0, 88.0, 439.0, 208.0]]",,-0.2,0.1,"{""neutral"": 0.5938, ""joy"": 0.2209, ""sadness"": 0.0667, ""surprise"": 0.0384, ""anger"": 0.0365, ""disgust"": 0.0252, ""fear"": 0.0185}"
bp_2_285_2,"man, you trippin.",[],"[[90.0, 98.0, 232.0, 178.0], [169.0, 8.0, 247.0, 48.0], [171.0, 48.0, 247.0, 96.0], [174.0, 183.0, 258.0, 253.0]]",[],"[[547.0, 49.0, 654.0, 195.0], [548.0, 49.0, 655.0, 194.0], [366.0, 88.0, 438.0, 208.0], [366.0, 88.0, 439.0, 208.0]]",FEEDBACK,0.0,0.0,"{""surprise"": 0.3914, ""neutral"": 0.369, ""sadness"": 0.0876, ""disgust"": 0.0605, ""joy"": 0.0504, ""anger"": 0.0351, ""fear"": 0.0061}"
bp_2_286_2,they're untouchable -- protected at the highest levels.,[],"[[460.0, 39.0, 600.0, 121.0], [582.0, 97.0, 700.0, 204.0], [697.0, 34.0, 851.0, 180.0]]",[],"[[-1.0, -1.0, -1.0, -1.0], [-1.0, -1.0, -1.0, -1.0], [-1.0, -1.0, -1.0, -1.0]]",INFORM,0.0,0.0,"{""neutral"": 0.9228, ""disgust"": 0.0359, ""fear"": 0.0146, ""anger"": 0.0123, ""sadness"": 0.0061, ""joy"": 0.0051, ""surprise"": 0.0033}"
bp_2_286_2,"and here you go, rookie of the year, with his meow suit, kicking them in  the shin.",[],"[[460.0, 39.0, 600.0, 121.0], [582.0, 97.0, 700.0, 204.0], [697.0, 34.0, 851.0, 180.0]]",[],"[[-1.0, -1.0, -1.0, -1.0], [-1.0, -1.0, -1.0, -1.0], [-1.0, -1.0, -1.0, -1.0]]",INFORM,0.0,0.0,"{""anger"": 0.4346, ""neutral"": 0.2214, ""disgust"": 0.1387, ""sadness"": 0.1095, ""surprise"": 0.0722, ""fear"": 0.0119, ""joy"": 0.0117}"
bp_2_286_2,"kasper -- if they find out you're the guy in ther panther suit, they'll kill your mother.they'll kill gwen.",[],"[[460.0, 39.0, 600.0, 121.0], [582.0, 97.0, 700.0, 204.0], [697.0, 34.0, 851.0, 180.0]]",[],"[[-1.0, -1.0, -1.0, -1.0], [-1.0, -1.0, -1.0, -1.0], [-1.0, -1.0, -1.0, -1.0]]",,0.0,0.0,"{""anger"": 0.7024, ""fear"": 0.2204, ""neutral"": 0.0244, ""disgust"": 0.0207, ""sadness"": 0.0188, ""surprise"": 0.0091, ""joy"": 0.0041}"
bp_2_292_4,...bad dog,[],"[[21.0, 119.0, 124.0, 161.0]]",[],"[[-1.0, -1.0, -1.0, -1.0]]",INFORM,0.0,0.0,"{""sadness"": 0.7091, ""disgust"": 0.1755, ""anger"": 0.0543, ""neutral"": 0.027, ""surprise"": 0.0171, ""fear"": 0.0126, ""joy"": 0.0044}"
bp_2_293_2,"god, what mutts these dirtbags are--","[""...so easy if you'd only left me alone last week...""]","[[755.0, 59.0, 882.0, 128.0]]","[[29.0, 29.0, 183.0, 78.0]]","[[-1.0, -1.0, -1.0, -1.0]]",WHY_QUESTION,0.0,0.0,"{""disgust"": 0.6964, ""anger"": 0.1447, ""surprise"": 0.0972, ""sadness"": 0.0274, ""neutral"": 0.0171, ""fear"": 0.0154, ""joy"": 0.0018}"
bp_2_293_3,why was he talking to me?,[],"[[72.0, 18.0, 189.0, 53.0], [144.0, 62.0, 238.0, 112.0], [164.0, 231.0, 268.0, 305.0], [128.0, 312.0, 308.0, 387.0]]",[],"[[8.0, 4.0, 136.0, 387.0], [6.0, 3.0, 136.0, 385.0], [247.0, 3.0, 372.0, 145.0], [247.0, 3.0, 370.0, 144.0]]",WHY_QUESTION,0.0,0.0,"{""surprise"": 0.4363, ""anger"": 0.4268, ""disgust"": 0.0508, ""fear"": 0.0387, ""neutral"": 0.0342, ""sadness"": 0.0118, ""joy"": 0.0014}"
bp_2_293_3,why would he ever talk to me?,[],"[[72.0, 18.0, 189.0, 53.0], [144.0, 62.0, 238.0, 112.0], [164.0, 231.0, 268.0, 305.0], [128.0, 312.0, 308.0, 387.0]]",[],"[[8.0, 4.0, 136.0, 387.0], [6.0, 3.0, 136.0, 385.0], [247.0, 3.0, 372.0, 145.0], [247.0, 3.0, 370.0, 144.0]]",WHY_QUESTION,0.0,0.0,"{""anger"": 0.6471, ""surprise"": 0.1897, ""disgust"": 0.0965, ""fear"": 0.0323, ""neutral"": 0.0244, ""sadness"": 0.009, ""joy"": 0.001}"
bp_2_293_3,"you'll make a fine detective, kasper. a good cop.",[],"[[72.0, 18.0, 189.0, 53.0], [144.0, 62.0, 238.0, 112.0], [164.0, 231.0, 268.0, 305.0], [128.0, 312.0, 308.0, 387.0]]",[],"[[8.0, 4.0, 136.0, 387.0], [6.0, 3.0, 136.0, 385.0], [247.0, 3.0, 372.0, 145.0], [247.0, 3.0, 370.0, 144.0]]",INFORM,0.5583333333333333,0.55,"{""joy"": 0.4999, ""neutral"": 0.4676, ""anger"": 0.0123, ""surprise"": 0.007, ""sadness"": 0.0067, ""disgust"": 0.0044, ""fear"": 0.0021}"
bp_2_293_3,"hey-- you and tork are going over by pitkin, right? my wife's clock is ready at the watch store on euclid.",[],"[[72.0, 18.0, 189.0, 53.0], [144.0, 62.0, 238.0, 112.0], [164.0, 231.0, 268.0, 305.0], [128.0, 312.0, 308.0, 387.0]]",[],"[[8.0, 4.0, 136.0, 387.0], [6.0, 3.0, 136.0, 385.0], [247.0, 3.0, 372.0, 145.0], [247.0, 3.0, 370.0, 144.0]]",,0.24285714285714285,0.5178571428571428,"{""neutral"": 0.3682, ""surprise"": 0.3272, ""joy"": 0.2301, ""sadness"": 0.0349, ""anger"": 0.0259, ""disgust"": 0.0078, ""fear"": 0.006}"
bp_2_298_2,"--you, detective scruggs, are a police officer, sworn to protect the innocent--",[],"[[104.0, 4.0, 263.0, 91.0], [101.0, 85.0, 245.0, 184.0], [665.0, 76.0, 741.0, 127.0], [665.0, 127.0, 761.0, 196.0]]",[],"[[276.0, 8.0, 517.0, 324.0], [275.0, 4.0, 540.0, 319.0], [278.0, 4.0, 522.0, 315.0], [279.0, 5.0, 529.0, 297.0]]",INFORM,0.5,0.7,"{""neutral"": 0.5907, ""anger"": 0.1757, ""disgust"": 0.1739, ""fear"": 0.0198, ""joy"": 0.0164, ""sadness"": 0.013, ""surprise"": 0.0104}"
bp_2_298_2,--but they prey upon the-- sacrifice your very soul--,[],"[[104.0, 4.0, 263.0, 91.0], [101.0, 85.0, 245.0, 184.0], [665.0, 76.0, 741.0, 127.0], [665.0, 127.0, 761.0, 196.0]]",[],"[[276.0, 8.0, 517.0, 324.0], [275.0, 4.0, 540.0, 319.0], [278.0, 4.0, 522.0, 315.0], [279.0, 5.0, 529.0, 297.0]]",INFORM,0.2,0.3,"{""anger"": 0.4435, ""disgust"": 0.3002, ""fear"": 0.1498, ""sadness"": 0.0718, ""neutral"": 0.0261, ""joy"": 0.005, ""surprise"": 0.0037}"
bp_2_298_2,--for this.,[],"[[104.0, 4.0, 263.0, 91.0], [101.0, 85.0, 245.0, 184.0], [665.0, 76.0, 741.0, 127.0], [665.0, 127.0, 761.0, 196.0]]",[],"[[276.0, 8.0, 517.0, 324.0], [275.0, 4.0, 540.0, 319.0], [278.0, 4.0, 522.0, 315.0], [279.0, 5.0, 529.0, 297.0]]",INFORM,0.0,0.0,"{""neutral"": 0.5651, ""anger"": 0.231, ""surprise"": 0.0897, ""disgust"": 0.0678, ""sadness"": 0.0352, ""joy"": 0.0076, ""fear"": 0.0035}"
bp_2_298_2,for worthless paper.,[],"[[104.0, 4.0, 263.0, 91.0], [101.0, 85.0, 245.0, 184.0], [665.0, 76.0, 741.0, 127.0], [665.0, 127.0, 761.0, 196.0]]",[],"[[276.0, 8.0, 517.0, 324.0], [275.0, 4.0, 540.0, 319.0], [278.0, 4.0, 522.0, 315.0], [279.0, 5.0, 529.0, 297.0]]",INFORM,-0.8,0.9,"{""disgust"": 0.4532, ""sadness"": 0.302, ""anger"": 0.1733, ""neutral"": 0.0482, ""surprise"": 0.014, ""fear"": 0.0061, ""joy"": 0.0032}"
bp_2_298_3,bernie scruggs.,[],"[[259.0, 253.0, 351.0, 293.0], [249.0, 296.0, 354.0, 355.0], [254.0, 359.0, 418.0, 437.0]]",[],"[[378.0, 10.0, 424.0, 225.0], [378.0, 10.0, 425.0, 223.0], [379.0, 10.0, 425.0, 224.0]]",NOT_CLASSIFIABLE,0.0,0.0,"{""neutral"": 0.699, ""sadness"": 0.1113, ""disgust"": 0.0859, ""surprise"": 0.0512, ""fear"": 0.0282, ""anger"": 0.0163, ""joy"": 0.0081}"
bp_2_298_3,your operative in the 74th precinct.,[],"[[259.0, 253.0, 351.0, 293.0], [249.0, 296.0, 354.0, 355.0], [254.0, 359.0, 418.0, 437.0]]",[],"[[378.0, 10.0, 424.0, 225.0], [378.0, 10.0, 425.0, 223.0], [379.0, 10.0, 425.0, 224.0]]",INFORM,0.0,0.0,"{""neutral"": 0.6293, ""disgust"": 0.1037, ""fear"": 0.0776, ""anger"": 0.0737, ""surprise"": 0.0546, ""sadness"": 0.0325, ""joy"": 0.0286}"
bp_2_298_3,66 bridges pays him a license fee to operate in south brooklyn.you do remember...,[],"[[259.0, 253.0, 351.0, 293.0], [249.0, 296.0, 354.0, 355.0], [254.0, 359.0, 418.0, 437.0]]",[],"[[378.0, 10.0, 424.0, 225.0], [378.0, 10.0, 425.0, 223.0], [379.0, 10.0, 425.0, 224.0]]",,0.0,0.0,"{""neutral"": 0.7664, ""surprise"": 0.1485, ""sadness"": 0.0406, ""joy"": 0.024, ""anger"": 0.0111, ""disgust"": 0.0069, ""fear"": 0.0025}"
bp_2_299_2,"--how merciful of you, officer cole. riot-control ordinance is rather expensive, though--",[],"[[4.0, 4.0, 258.0, 100.0], [43.0, 437.0, 177.0, 524.0], [6.0, 526.0, 139.0, 609.0]]",[],"[[59.0, 67.0, 252.0, 274.0], [57.0, 63.0, 253.0, 275.0], [-1.0, -1.0, -1.0, -1.0]]",,-0.5,0.7,"{""joy"": 0.9378, ""neutral"": 0.0455, ""anger"": 0.0045, ""sadness"": 0.0044, ""disgust"": 0.0039, ""surprise"": 0.003, ""fear"": 0.0009}"
bp_2_299_2,--for a man on a limited budget.,[],"[[4.0, 4.0, 258.0, 100.0], [43.0, 437.0, 177.0, 524.0], [6.0, 526.0, 139.0, 609.0]]",[],"[[59.0, 67.0, 252.0, 274.0], [57.0, 63.0, 253.0, 275.0], [-1.0, -1.0, -1.0, -1.0]]",NOT_CLASSIFIABLE,-0.07142857142857142,0.14285714285714285,"{""disgust"": 0.5333, ""surprise"": 0.2072, ""anger"": 0.123, ""neutral"": 0.0954, ""sadness"": 0.0305, ""joy"": 0.0072, ""fear"": 0.0033}"
bp_2_299_2,"i'd ask how you got in here, hunter--",[],"[[4.0, 4.0, 258.0, 100.0], [43.0, 437.0, 177.0, 524.0], [6.0, 526.0, 139.0, 609.0]]",[],"[[59.0, 67.0, 252.0, 274.0], [57.0, 63.0, 253.0, 275.0], [-1.0, -1.0, -1.0, -1.0]]",INFORM,0.0,0.0,"{""neutral"": 0.7032, ""surprise"": 0.2115, ""fear"": 0.027, ""anger"": 0.0233, ""sadness"": 0.014, ""joy"": 0.0123, ""disgust"": 0.0086}"
bp_2_299_4,--of a dead king.,[],"[[32.0, 5.0, 132.0, 40.0], [111.0, 15.0, 250.0, 103.0], [5.0, 88.0, 172.0, 249.0]]",[],"[[166.0, 5.0, 317.0, 418.0], [-1.0, -1.0, -1.0, -1.0], [165.0, 7.0, 317.0, 418.0]]",NOT_CLASSIFIABLE,-0.2,0.4,"{""sadness"": 0.7287, ""disgust"": 0.1733, ""neutral"": 0.0347, ""surprise"": 0.0228, ""anger"": 0.0224, ""fear"": 0.0153, ""joy"": 0.0029}"
bp_2_299_4,and i've already offered to give the black panther costume back to you--,[],"[[32.0, 5.0, 132.0, 40.0], [111.0, 15.0, 250.0, 103.0], [5.0, 88.0, 172.0, 249.0]]",[],"[[166.0, 5.0, 317.0, 418.0], [-1.0, -1.0, -1.0, -1.0], [165.0, 7.0, 317.0, 418.0]]",INFORM,-0.08333333333333333,0.21666666666666667,"{""neutral"": 0.6687, ""joy"": 0.1867, ""surprise"": 0.0575, ""sadness"": 0.0359, ""anger"": 0.0347, ""fear"": 0.0087, ""disgust"": 0.0078}"
bp_2_299_4,--in two days-- yes. when you'll no longer need it. when your suspension has ended. in the alley outside your bedroom--,[],"[[32.0, 5.0, 132.0, 40.0], [111.0, 15.0, 250.0, 103.0], [5.0, 88.0, 172.0, 249.0]]",[],"[[166.0, 5.0, 317.0, 418.0], [-1.0, -1.0, -1.0, -1.0], [165.0, 7.0, 317.0, 418.0]]",,0.0,0.05,"{""neutral"": 0.354, ""sadness"": 0.3401, ""anger"": 0.1134, ""surprise"": 0.105, ""joy"": 0.0658, ""fear"": 0.0149, ""disgust"": 0.0068}"
bp_2_300_2,"i'm serious, hunter.",[],"[[235.0, 11.0, 324.0, 69.0], [218.0, 89.0, 322.0, 170.0]]",[],"[[337.0, 100.0, 445.0, 191.0], [101.0, 56.0, 157.0, 126.0]]",INFORM,-0.3333333333333333,0.6666666666666666,"{""sadness"": 0.4467, ""anger"": 0.1422, ""surprise"": 0.1378, ""fear"": 0.1201, ""neutral"": 0.0832, ""joy"": 0.036, ""disgust"": 0.0339}"
bp_2_300_2,i know. it's why he chose you.,[],"[[235.0, 11.0, 324.0, 69.0], [218.0, 89.0, 322.0, 170.0]]",[],"[[337.0, 100.0, 445.0, 191.0], [101.0, 56.0, 157.0, 126.0]]",,0.0,0.0,"{""joy"": 0.7948, ""surprise"": 0.0911, ""neutral"": 0.054, ""sadness"": 0.0342, ""anger"": 0.0162, ""fear"": 0.0075, ""disgust"": 0.0022}"
bp_2_301_0,yeah.,[],"[[274.0, 28.0, 316.0, 48.0], [281.0, 58.0, 360.0, 93.0], [597.0, 391.0, 669.0, 412.0]]",[],"[[431.0, 43.0, 501.0, 115.0], [430.0, 42.0, 501.0, 113.0], [682.0, 152.0, 904.0, 416.0]]",BACKCHANNEL,0.0,0.0,"{""neutral"": 0.6988, ""sadness"": 0.1221, ""disgust"": 0.117, ""fear"": 0.0227, ""joy"": 0.0147, ""surprise"": 0.0131, ""anger"": 0.0116}"
bp_2_301_0,"yeah, you mothers.",[],"[[274.0, 28.0, 316.0, 48.0], [281.0, 58.0, 360.0, 93.0], [597.0, 391.0, 669.0, 412.0]]",[],"[[431.0, 43.0, 501.0, 115.0], [430.0, 42.0, 501.0, 113.0], [682.0, 152.0, 904.0, 416.0]]",BACKCHANNEL,0.0,0.0,"{""neutral"": 0.4529, ""disgust"": 0.2695, ""sadness"": 0.0888, ""anger"": 0.0821, ""joy"": 0.0675, ""surprise"": 0.0209, ""fear"": 0.0184}"
bp_2_301_0,let's go.,[],"[[274.0, 28.0, 316.0, 48.0], [281.0, 58.0, 360.0, 93.0], [597.0, 391.0, 669.0, 412.0]]",[],"[[431.0, 43.0, 501.0, 115.0], [430.0, 42.0, 501.0, 113.0], [682.0, 152.0, 904.0, 416.0]]",COMMIT,0.0,0.0,"{""neutral"": 0.7575, ""joy"": 0.1786, ""sadness"": 0.0294, ""anger"": 0.0117, ""surprise"": 0.01, ""disgust"": 0.008, ""fear"": 0.0048}"
bp_2_301_4,the closet --!,"[""all i've got is a bulletproof costume i stole from my sergeant's apartment...""]","[[100.0, 15.0, 194.0, 64.0]]","[[187.0, 347.0, 406.0, 406.0]]","[[23.0, 94.0, 95.0, 174.0]]",INFORM,0.0,0.0,"{""surprise"": 0.8273, ""joy"": 0.0673, ""anger"": 0.0448, ""neutral"": 0.028, ""sadness"": 0.016, ""disgust"": 0.0141, ""fear"": 0.0025}"
bp_2_305_0,--he keeps it in a kitchen drawer with hes keys.,[],"[[264.0, 5.0, 417.0, 51.0], [393.0, 46.0, 494.0, 110.0], [410.0, 117.0, 498.0, 181.0]]",[],"[[304.0, 160.0, 357.0, 231.0], [304.0, 160.0, 355.0, 230.0], [303.0, 162.0, 355.0, 230.0]]",INFORM,0.0,0.0,"{""neutral"": 0.4082, ""disgust"": 0.2665, ""anger"": 0.1207, ""sadness"": 0.1192, ""surprise"": 0.0658, ""fear"": 0.013, ""joy"": 0.0065}"
bp_2_305_0,this man who is causing you so much grief--,[],"[[264.0, 5.0, 417.0, 51.0], [393.0, 46.0, 494.0, 110.0], [410.0, 117.0, 498.0, 181.0]]",[],"[[304.0, 160.0, 357.0, 231.0], [304.0, 160.0, 355.0, 230.0], [303.0, 162.0, 355.0, 230.0]]",INFORM,-0.8,0.2,"{""anger"": 0.4523, ""sadness"": 0.3254, ""disgust"": 0.1304, ""neutral"": 0.0415, ""fear"": 0.0368, ""surprise"": 0.0119, ""joy"": 0.0018}"
bp_2_305_0,"--shall i kill him for you, officer cole--?",[],"[[264.0, 5.0, 417.0, 51.0], [393.0, 46.0, 494.0, 110.0], [410.0, 117.0, 498.0, 181.0]]",[],"[[304.0, 160.0, 357.0, 231.0], [304.0, 160.0, 355.0, 230.0], [303.0, 162.0, 355.0, 230.0]]",YES-NO_QUESTION,0.0,0.0,"{""anger"": 0.6996, ""fear"": 0.1442, ""sadness"": 0.0566, ""neutral"": 0.0417, ""disgust"": 0.0364, ""surprise"": 0.0173, ""joy"": 0.0042}"
bp_2_306_1,"--that's his dog, margie--",[],"[[77.0, 31.0, 171.0, 89.0], [121.0, 81.0, 274.0, 160.0]]",[],"[[-1.0, -1.0, -1.0, -1.0], [-1.0, -1.0, -1.0, -1.0]]",INFORM,0.0,0.0,"{""neutral"": 0.6908, ""joy"": 0.1529, ""surprise"": 0.0755, ""sadness"": 0.0377, ""anger"": 0.0224, ""disgust"": 0.0176, ""fear"": 0.003}"
bp_2_306_1,-spell it backwards for his home security code.,[],"[[77.0, 31.0, 171.0, 89.0], [121.0, 81.0, 274.0, 160.0]]",[],"[[-1.0, -1.0, -1.0, -1.0], [-1.0, -1.0, -1.0, -1.0]]",ORDER,0.0,0.0,"{""neutral"": 0.9306, ""surprise"": 0.0343, ""sadness"": 0.0116, ""anger"": 0.0079, ""disgust"": 0.0063, ""fear"": 0.0061, ""joy"": 0.0032}"
bp_2_307_2,-- none can stand against him.,[],"[[361.0, 2.0, 450.0, 69.0], [311.0, 64.0, 417.0, 176.0], [338.0, 181.0, 452.0, 261.0], [337.0, 262.0, 435.0, 301.0]]",[],"[[-1.0, -1.0, -1.0, -1.0], [4.0, 4.0, 312.0, 356.0], [-1.0, -1.0, -1.0, -1.0], [6.0, 6.0, 313.0, 356.0]]",INFORM,0.0,0.0,"{""anger"": 0.7635, ""neutral"": 0.1022, ""disgust"": 0.0819, ""sadness"": 0.0269, ""fear"": 0.0199, ""joy"": 0.0037, ""surprise"": 0.0019}"
bp_2_307_2,"yeah, and none of this is legal, hunter-- it'll never stand up in court.",[],"[[361.0, 2.0, 450.0, 69.0], [311.0, 64.0, 417.0, 176.0], [338.0, 181.0, 452.0, 261.0], [337.0, 262.0, 435.0, 301.0]]",[],"[[-1.0, -1.0, -1.0, -1.0], [4.0, 4.0, 312.0, 356.0], [-1.0, -1.0, -1.0, -1.0], [6.0, 6.0, 313.0, 356.0]]",,0.2,0.2,"{""neutral"": 0.4174, ""disgust"": 0.2715, ""anger"": 0.164, ""sadness"": 0.0987, ""fear"": 0.0316, ""surprise"": 0.0125, ""joy"": 0.0042}"
bp_2_307_2,matters of law are ephemeral. justice is universal.,[],"[[361.0, 2.0, 450.0, 69.0], [311.0, 64.0, 417.0, 176.0], [338.0, 181.0, 452.0, 261.0], [337.0, 262.0, 435.0, 301.0]]",[],"[[-1.0, -1.0, -1.0, -1.0], [4.0, 4.0, 312.0, 356.0], [-1.0, -1.0, -1.0, -1.0], [6.0, 6.0, 313.0, 356.0]]",,0.0,0.0,"{""neutral"": 0.7041, ""joy"": 0.2515, ""surprise"": 0.014, ""disgust"": 0.0084, ""anger"": 0.0083, ""fear"": 0.008, ""sadness"": 0.0057}"
bp_2_307_2,and murder--?,[],"[[361.0, 2.0, 450.0, 69.0], [311.0, 64.0, 417.0, 176.0], [338.0, 181.0, 452.0, 261.0], [337.0, 262.0, 435.0, 301.0]]",[],"[[-1.0, -1.0, -1.0, -1.0], [4.0, 4.0, 312.0, 356.0], [-1.0, -1.0, -1.0, -1.0], [6.0, 6.0, 313.0, 356.0]]",YES-NO_QUESTION,0.0,0.0,"{""surprise"": 0.4374, ""anger"": 0.1973, ""neutral"": 0.1927, ""disgust"": 0.077, ""fear"": 0.0604, ""sadness"": 0.0321, ""joy"": 0.0031}"
bp_2_307_3,then come to terms with who the black pather is.,[],"[[2.0, 11.0, 132.0, 92.0], [305.0, 11.0, 432.0, 154.0]]",[],"[[120.0, 10.0, 306.0, 265.0], [120.0, 11.0, 307.0, 262.0]]",ORDER,-0.16666666666666666,0.43333333333333335,"{""neutral"": 0.8998, ""anger"": 0.0326, ""surprise"": 0.0222, ""disgust"": 0.021, ""fear"": 0.0131, ""sadness"": 0.0095, ""joy"": 0.002}"
bp_2_307_3,"the panther studies his prey. and waits.such that, when the panther strikes --",[],"[[2.0, 11.0, 132.0, 92.0], [305.0, 11.0, 432.0, 154.0]]",[],"[[120.0, 10.0, 306.0, 265.0], [120.0, 11.0, 307.0, 262.0]]",,0.0,0.0,"{""neutral"": 0.5702, ""anger"": 0.1664, ""fear"": 0.1166, ""sadness"": 0.0705, ""surprise"": 0.0298, ""joy"": 0.0234, ""disgust"": 0.023}"
bp_2_311_5,"--which only leaves about a hundred other details to this mess i gotta clean up. understood. i'll send the envelope through sandy. our friends appreciate your help on this. okay. g'nite, your honor.",[],"[[3.0, 2.0, 205.0, 217.0]]",[],"[[91.0, 220.0, 128.0, 269.0]]",,0.11333333333333333,0.55,"{""neutral"": 0.4923, ""joy"": 0.286, ""sadness"": 0.1017, ""surprise"": 0.0961, ""anger"": 0.0145, ""disgust"": 0.0074, ""fear"": 0.0019}"
bp_2_312_3,did he? or did his lieutenant try to work him a little-- setting him up to run some nonsense errand?,[],"[[4.0, 4.0, 298.0, 60.0], [13.0, 57.0, 221.0, 139.0]]",[],"[[60.0, 143.0, 288.0, 367.0], [61.0, 143.0, 288.0, 367.0]]",OR_QUESTION,-0.1875,0.5,"{""anger"": 0.3603, ""surprise"": 0.2195, ""neutral"": 0.1716, ""disgust"": 0.1695, ""fear"": 0.0479, ""sadness"": 0.0259, ""joy"": 0.0052}"
bp_2_312_3,kasper's been in narcotics long enough to recognize a hype when he sees one.,[],"[[4.0, 4.0, 298.0, 60.0], [13.0, 57.0, 221.0, 139.0]]",[],"[[60.0, 143.0, 288.0, 367.0], [61.0, 143.0, 288.0, 367.0]]",INFORM,-0.025,0.45,"{""neutral"": 0.948, ""surprise"": 0.0328, ""joy"": 0.0056, ""disgust"": 0.0041, ""anger"": 0.0036, ""sadness"": 0.0031, ""fear"": 0.0029}"
bp_2_314_0,kasper--?!,[],"[[129.0, 27.0, 228.0, 49.0], [209.0, 46.0, 288.0, 91.0], [701.0, 28.0, 813.0, 90.0]]",[],"[[355.0, 94.0, 388.0, 143.0], [355.0, 94.0, 388.0, 142.0], [520.0, 32.0, 568.0, 84.0]]",NOT_CLASSIFIABLE,0.0,0.0,"{""surprise"": 0.9062, ""anger"": 0.0411, ""neutral"": 0.0235, ""disgust"": 0.0117, ""sadness"": 0.0091, ""joy"": 0.005, ""fear"": 0.0033}"
bp_2_314_0,do they want us?,[],"[[129.0, 27.0, 228.0, 49.0], [209.0, 46.0, 288.0, 91.0], [701.0, 28.0, 813.0, 90.0]]",[],"[[355.0, 94.0, 388.0, 143.0], [355.0, 94.0, 388.0, 142.0], [520.0, 32.0, 568.0, 84.0]]",YES-NO_QUESTION,0.0,0.0,"{""surprise"": 0.3944, ""neutral"": 0.3309, ""anger"": 0.1416, ""sadness"": 0.0623, ""fear"": 0.0375, ""disgust"": 0.0252, ""joy"": 0.0081}"
bp_2_314_0,"i dunno, grace... let me see what's goin'--",[],"[[129.0, 27.0, 228.0, 49.0], [209.0, 46.0, 288.0, 91.0], [701.0, 28.0, 813.0, 90.0]]",[],"[[355.0, 94.0, 388.0, 143.0], [355.0, 94.0, 388.0, 142.0], [520.0, 32.0, 568.0, 84.0]]",,0.0,0.0,"{""neutral"": 0.718, ""disgust"": 0.0781, ""joy"": 0.0767, ""anger"": 0.0525, ""sadness"": 0.0438, ""surprise"": 0.0182, ""fear"": 0.0127}"
bp_2_317_0,"actually, it is. my guess though, is that you're not after us so much as you're afther him-- sal anthony.",[],"[[68.0, 279.0, 215.0, 463.0]]",[],"[[-1.0, -1.0, -1.0, -1.0]]",INFORM,0.1,0.15000000000000002,"{""neutral"": 0.9182, ""surprise"": 0.0303, ""anger"": 0.0144, ""disgust"": 0.0129, ""sadness"": 0.0099, ""joy"": 0.0092, ""fear"": 0.0051}"
bp_2_317_2,sal seems to think you've got some kinda case about alluva-sudden.,[],"[[4.0, 3.0, 108.0, 122.0], [188.0, 3.0, 394.0, 91.0], [402.0, 18.0, 528.0, 108.0]]",[],"[[134.0, 30.0, 162.0, 67.0], [134.0, 31.0, 168.0, 70.0], [135.0, 28.0, 167.0, 67.0]]",INFORM,0.0,0.0,"{""surprise"": 0.7049, ""neutral"": 0.2058, ""sadness"": 0.0616, ""joy"": 0.0183, ""anger"": 0.004, ""fear"": 0.0028, ""disgust"": 0.0027}"
bp_2_317_2,wants us to do this and that... then he shakes us down for 85 large when his boy skip asked for less than half that.,[],"[[4.0, 3.0, 108.0, 122.0], [188.0, 3.0, 394.0, 91.0], [402.0, 18.0, 528.0, 108.0]]",[],"[[134.0, 30.0, 162.0, 67.0], [134.0, 31.0, 168.0, 70.0], [135.0, 28.0, 167.0, 67.0]]",,-0.014920634920634923,0.21015873015873016,"{""neutral"": 0.5507, ""surprise"": 0.2291, ""fear"": 0.1351, ""anger"": 0.0354, ""sadness"": 0.0243, ""joy"": 0.0143, ""disgust"": 0.0111}"
bp_2_317_2,now i come in and find a panther at my desk.,[],"[[4.0, 3.0, 108.0, 122.0], [188.0, 3.0, 394.0, 91.0], [402.0, 18.0, 528.0, 108.0]]",[],"[[134.0, 30.0, 162.0, 67.0], [134.0, 31.0, 168.0, 70.0], [135.0, 28.0, 167.0, 67.0]]",INFORM,0.0,0.0,"{""surprise"": 0.8312, ""sadness"": 0.055, ""anger"": 0.0346, ""neutral"": 0.0298, ""disgust"": 0.0237, ""fear"": 0.0222, ""joy"": 0.0035}"
bp_2_318_2,thought you might like some coffe.,"['internal affairs. the rat squad.', 'never seen him before. but he wears it.']","[[300.0, 59.0, 375.0, 121.0]]","[[253.0, 338.0, 374.0, 376.0], [303.0, 366.0, 429.0, 417.0]]","[[393.0, 84.0, 487.0, 221.0]]",OFFER,0.0,0.0,"{""neutral"": 0.4922, ""joy"": 0.2652, ""surprise"": 0.1665, ""sadness"": 0.0592, ""anger"": 0.0064, ""disgust"": 0.0056, ""fear"": 0.0048}"
bp_2_321_2,so long as it is the right choice. not like lew. never like lew.,[],"[[158.0, 20.0, 247.0, 177.0]]",[],"[[44.0, 209.0, 210.0, 410.0]]",INFORM,0.11785714285714285,0.46785714285714286,"{""neutral"": 0.8026, ""sadness"": 0.0526, ""disgust"": 0.0517, ""joy"": 0.0514, ""anger"": 0.0347, ""fear"": 0.0049, ""surprise"": 0.0021}"
bp_2_321_3,"i am a child, now. you prtect an old man-- tell him lies and half-truths.",[],"[[26.0, 3.0, 257.0, 69.0], [33.0, 342.0, 96.0, 379.0], [76.0, 380.0, 168.0, 450.0]]",[],"[[8.0, 50.0, 195.0, 273.0], [-1.0, -1.0, -1.0, -1.0], [9.0, 49.0, 197.0, 270.0]]",,0.1,0.2,"{""anger"": 0.5883, ""neutral"": 0.1419, ""sadness"": 0.1411, ""surprise"": 0.0417, ""disgust"": 0.0382, ""joy"": 0.0269, ""fear"": 0.0219}"
bp_2_321_3,Pop--,[],"[[26.0, 3.0, 257.0, 69.0], [33.0, 342.0, 96.0, 379.0], [76.0, 380.0, 168.0, 450.0]]",[],"[[8.0, 50.0, 195.0, 273.0], [-1.0, -1.0, -1.0, -1.0], [9.0, 49.0, 197.0, 270.0]]",BACKCHANNEL,0.0,0.0,"{""neutral"": 0.7278, ""joy"": 0.0674, ""surprise"": 0.0627, ""anger"": 0.0567, ""sadness"": 0.0434, ""disgust"": 0.0323, ""fear"": 0.0098}"
bp_2_321_3,"street cop for 20 years, boy.",[],"[[26.0, 3.0, 257.0, 69.0], [33.0, 342.0, 96.0, 379.0], [76.0, 380.0, 168.0, 450.0]]",[],"[[8.0, 50.0, 195.0, 273.0], [-1.0, -1.0, -1.0, -1.0], [9.0, 49.0, 197.0, 270.0]]",INFORM,0.0,0.0,"{""neutral"": 0.8126, ""joy"": 0.1003, ""sadness"": 0.0344, ""surprise"": 0.0241, ""disgust"": 0.0194, ""anger"": 0.0073, ""fear"": 0.0019}"
bp_2_325_3,gasp!,[],"[[299.0, 50.0, 378.0, 81.0], [278.0, 92.0, 392.0, 156.0]]",[],"[[-1.0, -1.0, -1.0, -1.0], [-1.0, -1.0, -1.0, -1.0]]",BACKCHANNEL,0.0,0.0,"{""surprise"": 0.6693, ""disgust"": 0.1501, ""anger"": 0.0706, ""sadness"": 0.0566, ""neutral"": 0.0263, ""joy"": 0.021, ""fear"": 0.0061}"
bp_2_325_3,mother! look at what is happening in dakenia!,[],"[[299.0, 50.0, 378.0, 81.0], [278.0, 92.0, 392.0, 156.0]]",[],"[[-1.0, -1.0, -1.0, -1.0], [-1.0, -1.0, -1.0, -1.0]]",,0.0,0.0,"{""surprise"": 0.8023, ""anger"": 0.0613, ""joy"": 0.0438, ""neutral"": 0.0387, ""sadness"": 0.0263, ""disgust"": 0.0212, ""fear"": 0.0063}"
bp_2_328_2,dump 'em in the river.,[],"[[11.0, 23.0, 89.0, 72.0], [98.0, 31.0, 219.0, 78.0], [82.0, 86.0, 206.0, 135.0], [112.0, 143.0, 213.0, 195.0]]",[],"[[-1.0, -1.0, -1.0, -1.0], [-1.0, -1.0, -1.0, -1.0], [-1.0, -1.0, -1.0, -1.0], [-1.0, -1.0, -1.0, -1.0]]",ORDER,0.0,0.0,"{""neutral"": 0.3655, ""disgust"": 0.2904, ""anger"": 0.2384, ""sadness"": 0.0457, ""fear"": 0.0447, ""surprise"": 0.0098, ""joy"": 0.0055}"
bp_2_328_2,"don't get in with this guy, kasper.",[],"[[11.0, 23.0, 89.0, 72.0], [98.0, 31.0, 219.0, 78.0], [82.0, 86.0, 206.0, 135.0], [112.0, 143.0, 213.0, 195.0]]",[],"[[-1.0, -1.0, -1.0, -1.0], [-1.0, -1.0, -1.0, -1.0], [-1.0, -1.0, -1.0, -1.0], [-1.0, -1.0, -1.0, -1.0]]",ORDER,0.0,0.0,"{""anger"": 0.4974, ""disgust"": 0.2505, ""neutral"": 0.1604, ""sadness"": 0.047, ""fear"": 0.031, ""surprise"": 0.0094, ""joy"": 0.0043}"
bp_2_328_2,and hello-- you are not the black panther.,[],"[[11.0, 23.0, 89.0, 72.0], [98.0, 31.0, 219.0, 78.0], [82.0, 86.0, 206.0, 135.0], [112.0, 143.0, 213.0, 195.0]]",[],"[[-1.0, -1.0, -1.0, -1.0], [-1.0, -1.0, -1.0, -1.0], [-1.0, -1.0, -1.0, -1.0], [-1.0, -1.0, -1.0, -1.0]]",INFORM,-0.16666666666666666,0.43333333333333335,"{""neutral"": 0.5061, ""surprise"": 0.4299, ""disgust"": 0.0177, ""joy"": 0.0155, ""anger"": 0.0119, ""sadness"": 0.0115, ""fear"": 0.0074}"
bp_2_328_2,too ugly and too broke.,[],"[[11.0, 23.0, 89.0, 72.0], [98.0, 31.0, 219.0, 78.0], [82.0, 86.0, 206.0, 135.0], [112.0, 143.0, 213.0, 195.0]]",[],"[[-1.0, -1.0, -1.0, -1.0], [-1.0, -1.0, -1.0, -1.0], [-1.0, -1.0, -1.0, -1.0], [-1.0, -1.0, -1.0, -1.0]]",NOT_CLASSIFIABLE,-0.7,1.0,"{""sadness"": 0.8824, ""disgust"": 0.0844, ""neutral"": 0.014, ""anger"": 0.0099, ""fear"": 0.0064, ""surprise"": 0.0017, ""joy"": 0.001}"
bp_2_331_2,i get a loyal worker bee here in the states while i rebuild my province in wakanda.,[],"[[290.0, 51.0, 451.0, 135.0]]",[],"[[24.0, 63.0, 234.0, 240.0]]",INFORM,0.3333333333333333,0.8333333333333334,"{""joy"": 0.9919, ""sadness"": 0.0035, ""anger"": 0.0022, ""surprise"": 0.0007, ""neutral"": 0.0007, ""fear"": 0.0005, ""disgust"": 0.0004}"
bp_2_333_0,kasper...seriously...... think you could stop hurling anytime soon...?,[],"[[19.0, 5.0, 157.0, 110.0], [19.0, 114.0, 74.0, 168.0], [186.0, 517.0, 336.0, 628.0]]",[],"[[147.0, 95.0, 232.0, 208.0], [61.0, 214.0, 169.0, 361.0], [266.0, 178.0, 367.0, 330.0]]",,0.0,0.0,"{""surprise"": 0.4428, ""neutral"": 0.3341, ""sadness"": 0.1332, ""anger"": 0.0473, ""joy"": 0.0221, ""disgust"": 0.013, ""fear"": 0.0075}"
bp_2_333_0,who sent you?,[],"[[19.0, 5.0, 157.0, 110.0], [19.0, 114.0, 74.0, 168.0], [186.0, 517.0, 336.0, 628.0]]",[],"[[147.0, 95.0, 232.0, 208.0], [61.0, 214.0, 169.0, 361.0], [266.0, 178.0, 367.0, 330.0]]",WHY_QUESTION,0.0,0.0,"{""surprise"": 0.6957, ""neutral"": 0.2609, ""anger"": 0.0172, ""sadness"": 0.0079, ""joy"": 0.0062, ""disgust"": 0.0061, ""fear"": 0.006}"
bp_2_333_0,a friend.someone who knows you two are in way over your heads.,[],"[[19.0, 5.0, 157.0, 110.0], [19.0, 114.0, 74.0, 168.0], [186.0, 517.0, 336.0, 628.0]]",[],"[[147.0, 95.0, 232.0, 208.0], [61.0, 214.0, 169.0, 361.0], [266.0, 178.0, 367.0, 330.0]]",,0.0,0.0,"{""surprise"": 0.6961, ""neutral"": 0.1858, ""joy"": 0.039, ""anger"": 0.0299, ""sadness"": 0.0266, ""disgust"": 0.0181, ""fear"": 0.0046}"
bp_2_333_1,so what better way to skip the kid out of town than to flush down the supply route between here and chi-town.,[],"[[6.0, 4.0, 157.0, 116.0], [13.0, 369.0, 225.0, 549.0]]",[],"[[24.0, 154.0, 218.0, 330.0], [24.0, 154.0, 218.0, 330.0]]",NOT_CLASSIFIABLE,0.17222222222222222,0.3944444444444445,"{""neutral"": 0.635, ""surprise"": 0.2787, ""sadness"": 0.036, ""joy"": 0.0217, ""anger"": 0.0174, ""disgust"": 0.006, ""fear"": 0.0052}"
bp_2_333_1,"using panther's wakandan central net to hack into dea files, we got a list of safe houseslook for one that most recently had the utilities turned on.",[],"[[6.0, 4.0, 157.0, 116.0], [13.0, 369.0, 225.0, 549.0]]",[],"[[24.0, 154.0, 218.0, 330.0], [24.0, 154.0, 218.0, 330.0]]",,0.2,0.3,"{""neutral"": 0.8202, ""surprise"": 0.145, ""joy"": 0.0178, ""sadness"": 0.0079, ""anger"": 0.0047, ""fear"": 0.0027, ""disgust"": 0.0017}"
bp_2_333_2,"66 bridges originated in chicago, growing out of a gandowned record company.",[],"[[26.0, 333.0, 220.0, 415.0], [122.0, 417.0, 239.0, 488.0]]",[],"[[19.0, 26.0, 216.0, 303.0], [20.0, 26.0, 213.0, 301.0]]",INFORM,0.0,0.0,"{""neutral"": 0.923, ""surprise"": 0.0416, ""joy"": 0.021, ""sadness"": 0.0069, ""anger"": 0.0038, ""disgust"": 0.002, ""fear"": 0.0016}"
bp_2_333_2,new york supplies their friends in chicago--,[],"[[26.0, 333.0, 220.0, 415.0], [122.0, 417.0, 239.0, 488.0]]",[],"[[19.0, 26.0, 216.0, 303.0], [20.0, 26.0, 213.0, 301.0]]",INFORM,0.13636363636363635,0.45454545454545453,"{""neutral"": 0.7437, ""joy"": 0.1414, ""surprise"": 0.0622, ""sadness"": 0.031, ""anger"": 0.0149, ""disgust"": 0.0047, ""fear"": 0.002}"
bp_3_335_1,"we're the #$*& united states of *$ #$ america! where do a bunch of jungle bunnies get off telling us they've got a ""no fly"" zone over their thatched hut?",[],"[[273.0, 23.0, 491.0, 177.0]]",[],"[[366.0, 233.0, 395.0, 261.0]]",,-0.4,0.9,"{""anger"": 0.5533, ""fear"": 0.2216, ""surprise"": 0.1053, ""neutral"": 0.0425, ""joy"": 0.0423, ""sadness"": 0.032, ""disgust"": 0.003}"
bp_3_336_0,is there someone here who can give us some accurate intel on these people?,[],"[[285.0, 7.0, 481.0, 66.0]]",[],"[[144.0, 22.0, 243.0, 137.0]]",YES-NO_QUESTION,0.4000000000000001,0.6333333333333333,"{""neutral"": 0.8138, ""surprise"": 0.1619, ""joy"": 0.0059, ""sadness"": 0.0058, ""anger"": 0.0053, ""disgust"": 0.0039, ""fear"": 0.0034}"
bp_3_336_1,"the wakandans have a warrior spirit that makes the vietnamese look like, well, the french.they have also maintained a technological superiority that defies explanation.",[],"[[46.0, 4.0, 314.0, 105.0], [387.0, 5.0, 551.0, 52.0]]",[],"[[96.0, 132.0, 148.0, 194.0], [406.0, 215.0, 496.0, 308.0]]",,0.0,0.0,"{""neutral"": 0.8829, ""joy"": 0.0511, ""anger"": 0.0301, ""disgust"": 0.0167, ""surprise"": 0.0119, ""sadness"": 0.0056, ""fear"": 0.0016}"
bp_3_336_1,where'd they get their tech from soviets?,[],"[[46.0, 4.0, 314.0, 105.0], [387.0, 5.0, 551.0, 52.0]]",[],"[[96.0, 132.0, 148.0, 194.0], [406.0, 215.0, 496.0, 308.0]]",WHY_QUESTION,0.0,0.0,"{""neutral"": 0.8461, ""surprise"": 0.1277, ""anger"": 0.0106, ""disgust"": 0.0061, ""sadness"": 0.0051, ""fear"": 0.0024, ""joy"": 0.0019}"
bp_3_336_3,wakanda is a small country in africe notable for never having been conquered in its entire history.,[],"[[108.0, 9.0, 337.0, 83.0]]",[],"[[45.0, 117.0, 128.0, 227.0]]",INFORM,0.08333333333333333,0.5083333333333333,"{""neutral"": 0.734, ""surprise"": 0.1356, ""sadness"": 0.0575, ""joy"": 0.0265, ""fear"": 0.018, ""disgust"": 0.0146, ""anger"": 0.0139}"
bp_3_336_5,...unprecedented.,[],"[[189.0, 27.0, 344.0, 59.0]]",[],"[[-1.0, -1.0, -1.0, -1.0]]",INFORM,0.0,0.0,"{""surprise"": 0.8688, ""fear"": 0.0593, ""neutral"": 0.0262, ""disgust"": 0.0219, ""anger"": 0.0157, ""joy"": 0.0042, ""sadness"": 0.0038}"
bp_3_337_4,--they don't even pump it.,[],"[[17.0, 22.0, 134.0, 78.0]]",[],"[[11.0, 72.0, 253.0, 363.0]]",INFORM,0.0,0.0,"{""anger"": 0.554, ""disgust"": 0.3238, ""neutral"": 0.0784, ""surprise"": 0.0193, ""sadness"": 0.0171, ""fear"": 0.0062, ""joy"": 0.0012}"
bp_3_338_3,"if this guy is all that, who can handle him?",[],"[[29.0, 40.0, 168.0, 101.0]]",[],"[[23.0, 191.0, 131.0, 306.0]]",WHY_QUESTION,0.0,0.0,"{""neutral"": 0.6576, ""anger"": 0.1241, ""surprise"": 0.1229, ""fear"": 0.0336, ""sadness"": 0.0309, ""disgust"": 0.0283, ""joy"": 0.0028}"
bp_3_339_3,"let's say i join your team. if these wakandans are all you say they are, what are our chances of success?",[],"[[42.0, 6.0, 299.0, 89.0], [285.0, 5.0, 486.0, 95.0]]",[],"[[51.0, 201.0, 84.0, 236.0], [321.0, 200.0, 355.0, 233.0]]",,0.3,0.0,"{""neutral"": 0.7543, ""surprise"": 0.0816, ""joy"": 0.0625, ""fear"": 0.0477, ""anger"": 0.0409, ""sadness"": 0.0086, ""disgust"": 0.0044}"
bp_3_339_3,pretty good. i've already killed black panther 15 years ago. i almost killed his son then.,[],"[[42.0, 6.0, 299.0, 89.0], [285.0, 5.0, 486.0, 95.0]]",[],"[[51.0, 201.0, 84.0, 236.0], [321.0, 200.0, 355.0, 233.0]]",,0.07666666666666667,0.4066666666666666,"{""surprise"": 0.4301, ""neutral"": 0.3502, ""joy"": 0.1018, ""sadness"": 0.0821, ""disgust"": 0.0202, ""anger"": 0.0084, ""fear"": 0.0071}"
bp_3_339_4,obviously a presidential pardon is appealing.,[],"[[555.0, 80.0, 688.0, 143.0]]",[],"[[-1.0, -1.0, -1.0, -1.0]]",INFORM,0.25,0.5,"{""neutral"": 0.46, ""sadness"": 0.3518, ""anger"": 0.0955, ""joy"": 0.0429, ""disgust"": 0.0228, ""fear"": 0.0188, ""surprise"": 0.0081}"
bp_3_340_1,his name is t'challa. son of t'chaka.,[],"[[870.0, 91.0, 1007.0, 194.0]]",[],"[[313.0, 3.0, 837.0, 434.0]]",,0.0,0.0,"{""neutral"": 0.9054, ""surprise"": 0.0311, ""sadness"": 0.0274, ""joy"": 0.0214, ""anger"": 0.0062, ""disgust"": 0.006, ""fear"": 0.0025}"
bp_3_340_2,"... you've told us a lot about wakanda, everett. they've got incredible natural resources, technology on par with the u.s.a. --",[],"[[55.0, 26.0, 306.0, 150.0]]",[],"[[-1.0, -1.0, -1.0, -1.0]]",,0.5,0.65,"{""neutral"": 0.6832, ""surprise"": 0.2507, ""joy"": 0.0263, ""anger"": 0.015, ""sadness"": 0.0128, ""disgust"": 0.0062, ""fear"": 0.0059}"
bp_3_341_3,"look, son...",[],"[[219.0, 58.0, 289.0, 102.0]]",[],"[[37.0, 157.0, 194.0, 378.0]]",ORDER,0.0,0.0,"{""neutral"": 0.3238, ""disgust"": 0.2268, ""surprise"": 0.1646, ""anger"": 0.1119, ""sadness"": 0.0785, ""joy"": 0.0745, ""fear"": 0.02}"
bp_3_344_2,who is it?,[],"[[250.0, 95.0, 317.0, 133.0]]",[],"[[-1.0, -1.0, -1.0, -1.0]]",WHY_QUESTION,0.0,0.0,"{""surprise"": 0.8319, ""neutral"": 0.1237, ""anger"": 0.0231, ""fear"": 0.0068, ""sadness"": 0.0059, ""disgust"": 0.0059, ""joy"": 0.0027}"
bp_3_344_4,good choice. when should i come back?,[],"[[161.0, 32.0, 340.0, 134.0]]",[],"[[313.0, 88.0, 549.0, 401.0]]",,0.35,0.30000000000000004,"{""sadness"": 0.6083, ""fear"": 0.2474, ""neutral"": 0.0907, ""joy"": 0.0192, ""anger"": 0.0174, ""surprise"": 0.0141, ""disgust"": 0.0028}"
bp_3_346_0,oh no! call clean-up!,[],"[[290.0, 44.0, 423.0, 110.0]]",[],"[[-1.0, -1.0, -1.0, -1.0]]",,0.0,0.0,"{""surprise"": 0.371, ""sadness"": 0.2363, ""anger"": 0.1642, ""fear"": 0.0977, ""neutral"": 0.0618, ""joy"": 0.0432, ""disgust"": 0.0258}"
bp_3_346_4,excuse me-- sir? are you still here?,[],"[[78.0, 18.0, 248.0, 100.0]]",[],"[[253.0, 85.0, 335.0, 171.0]]",,-0.05,0.05,"{""surprise"": 0.8168, ""neutral"": 0.0798, ""anger"": 0.0418, ""disgust"": 0.0221, ""fear"": 0.0177, ""sadness"": 0.0137, ""joy"": 0.008}"
bp_3_347_0,and i thought my hand was dangerous.,[],"[[303.0, 19.0, 443.0, 96.0], [336.0, 107.0, 485.0, 202.0]]",[],"[[635.0, 9.0, 804.0, 172.0], [634.0, 6.0, 802.0, 171.0]]",INFORM,-0.6,0.9,"{""fear"": 0.7936, ""anger"": 0.184, ""sadness"": 0.0105, ""surprise"": 0.005, ""joy"": 0.0034, ""disgust"": 0.0022, ""neutral"": 0.0013}"
bp_3_347_0,"between the two of us, the black panther doesn't stand a chance!",[],"[[303.0, 19.0, 443.0, 96.0], [336.0, 107.0, 485.0, 202.0]]",[],"[[635.0, 9.0, 804.0, 172.0], [634.0, 6.0, 802.0, 171.0]]",INFORM,-0.20833333333333331,0.43333333333333335,"{""anger"": 0.8718, ""disgust"": 0.0481, ""sadness"": 0.0325, ""neutral"": 0.0219, ""fear"": 0.0132, ""surprise"": 0.0107, ""joy"": 0.0019}"
bp_3_347_1,need a lift?,[],"[[46.0, 80.0, 146.0, 128.0], [143.0, 145.0, 223.0, 187.0]]",[],"[[92.0, 347.0, 221.0, 456.0], [318.0, 35.0, 392.0, 161.0]]",YES-NO_QUESTION,0.0,0.0,"{""surprise"": 0.4608, ""neutral"": 0.3828, ""sadness"": 0.1088, ""fear"": 0.0189, ""anger"": 0.0153, ""disgust"": 0.0088, ""joy"": 0.0047}"
bp_3_347_1,sure sailor.,[],"[[46.0, 80.0, 146.0, 128.0], [143.0, 145.0, 223.0, 187.0]]",[],"[[92.0, 347.0, 221.0, 456.0], [318.0, 35.0, 392.0, 161.0]]",FEEDBACK,0.5,0.8888888888888888,"{""neutral"": 0.9273, ""fear"": 0.0228, ""disgust"": 0.0151, ""sadness"": 0.0122, ""surprise"": 0.0093, ""joy"": 0.008, ""anger"": 0.0054}"
bp_3_347_3,you really are a cannibal.,[],"[[87.0, 40.0, 230.0, 113.0], [215.0, 99.0, 330.0, 152.0], [320.0, 49.0, 476.0, 131.0]]",[],"[[130.0, 226.0, 183.0, 261.0], [359.0, 228.0, 422.0, 261.0], [127.0, 223.0, 181.0, 259.0]]",INFORM,0.2,0.2,"{""disgust"": 0.4985, ""anger"": 0.2553, ""surprise"": 0.151, ""neutral"": 0.0471, ""fear"": 0.0216, ""sadness"": 0.0211, ""joy"": 0.0055}"
bp_3_347_3,i prefer the term--,[],"[[87.0, 40.0, 230.0, 113.0], [215.0, 99.0, 330.0, 152.0], [320.0, 49.0, 476.0, 131.0]]",[],"[[130.0, 226.0, 183.0, 261.0], [359.0, 228.0, 422.0, 261.0], [127.0, 223.0, 181.0, 259.0]]",INFORM,0.0,0.0,"{""joy"": 0.3795, ""neutral"": 0.3515, ""sadness"": 0.106, ""anger"": 0.0909, ""disgust"": 0.0345, ""surprise"": 0.0215, ""fear"": 0.0162}"
bp_3_347_3,"whatever,so now you're a woman.how does it feel?",[],"[[87.0, 40.0, 230.0, 113.0], [215.0, 99.0, 330.0, 152.0], [320.0, 49.0, 476.0, 131.0]]",[],"[[130.0, 226.0, 183.0, 261.0], [359.0, 228.0, 422.0, 261.0], [127.0, 223.0, 181.0, 259.0]]",,0.0,0.0,"{""neutral"": 0.6049, ""surprise"": 0.2591, ""joy"": 0.0453, ""disgust"": 0.0281, ""anger"": 0.0246, ""sadness"": 0.0225, ""fear"": 0.0155}"
bp_3_350_3,"then why go at all, t'challa?",[],"[[43.0, 5.0, 244.0, 71.0], [242.0, 86.0, 407.0, 182.0]]",[],"[[37.0, 203.0, 186.0, 376.0], [390.0, 138.0, 483.0, 355.0]]",WHY_QUESTION,0.0,0.0,"{""anger"": 0.7853, ""neutral"": 0.066, ""surprise"": 0.054, ""disgust"": 0.0514, ""fear"": 0.0262, ""sadness"": 0.0126, ""joy"": 0.0044}"
bp_3_350_3,"because you asked me to, logan.",[],"[[43.0, 5.0, 244.0, 71.0], [242.0, 86.0, 407.0, 182.0]]",[],"[[37.0, 203.0, 186.0, 376.0], [390.0, 138.0, 483.0, 355.0]]",FEEDBACK,0.0,0.0,"{""anger"": 0.6468, ""neutral"": 0.2573, ""surprise"": 0.0332, ""sadness"": 0.0221, ""disgust"": 0.0191, ""joy"": 0.0117, ""fear"": 0.0097}"
bp_3_353_1,of course not.,[],"[[10.0, 10.0, 99.0, 71.0], [52.0, 63.0, 260.0, 188.0], [139.0, 403.0, 266.0, 463.0], [114.0, 457.0, 177.0, 494.0]]",[],"[[67.0, 200.0, 96.0, 231.0], [66.0, 200.0, 91.0, 226.0], [131.0, 214.0, 166.0, 242.0], [65.0, 199.0, 96.0, 227.0]]",NOT_CLASSIFIABLE,0.0,0.0,"{""neutral"": 0.8136, ""sadness"": 0.0616, ""fear"": 0.0403, ""anger"": 0.0281, ""disgust"": 0.0259, ""surprise"": 0.0249, ""joy"": 0.0056}"
bp_3_353_1,"in a worst-case scenario, the panther god could consume your immortal soul, but that's pretty unlikely.",[],"[[10.0, 10.0, 99.0, 71.0], [52.0, 63.0, 260.0, 188.0], [139.0, 403.0, 266.0, 463.0], [114.0, 457.0, 177.0, 494.0]]",[],"[[67.0, 200.0, 96.0, 231.0], [66.0, 200.0, 91.0, 226.0], [131.0, 214.0, 166.0, 242.0], [65.0, 199.0, 96.0, 227.0]]",INFORM,-0.125,0.75,"{""fear"": 0.4943, ""neutral"": 0.2869, ""disgust"": 0.0918, ""anger"": 0.0602, ""sadness"": 0.0348, ""surprise"": 0.0265, ""joy"": 0.0054}"
bp_3_353_1,you're not joking.,[],"[[10.0, 10.0, 99.0, 71.0], [52.0, 63.0, 260.0, 188.0], [139.0, 403.0, 266.0, 463.0], [114.0, 457.0, 177.0, 494.0]]",[],"[[67.0, 200.0, 96.0, 231.0], [66.0, 200.0, 91.0, 226.0], [131.0, 214.0, 166.0, 242.0], [65.0, 199.0, 96.0, 227.0]]",INFORM,0.0,0.0,"{""anger"": 0.3474, ""disgust"": 0.3206, ""neutral"": 0.1942, ""sadness"": 0.0664, ""surprise"": 0.0486, ""joy"": 0.0165, ""fear"": 0.0063}"
bp_3_353_1,no.,[],"[[10.0, 10.0, 99.0, 71.0], [52.0, 63.0, 260.0, 188.0], [139.0, 403.0, 266.0, 463.0], [114.0, 457.0, 177.0, 494.0]]",[],"[[67.0, 200.0, 96.0, 231.0], [66.0, 200.0, 91.0, 226.0], [131.0, 214.0, 166.0, 242.0], [65.0, 199.0, 96.0, 227.0]]",NOT_CLASSIFIABLE,0.0,0.0,"{""neutral"": 0.691, ""sadness"": 0.1436, ""disgust"": 0.0857, ""fear"": 0.0354, ""anger"": 0.019, ""surprise"": 0.0162, ""joy"": 0.0091}"
bp_3_353_2,then you agree to the ritual.,[],"[[37.0, 17.0, 187.0, 99.0], [591.0, 4.0, 808.0, 65.0], [575.0, 46.0, 671.0, 105.0], [630.0, 155.0, 748.0, 209.0]]",[],"[[228.0, 4.0, 526.0, 333.0], [853.0, 86.0, 1051.0, 330.0], [226.0, 3.0, 526.0, 331.0], [854.0, 84.0, 1050.0, 328.0]]",INFORM,0.0,0.0,"{""neutral"": 0.8605, ""anger"": 0.0529, ""disgust"": 0.0525, ""joy"": 0.0185, ""fear"": 0.0071, ""surprise"": 0.0051, ""sadness"": 0.0035}"
bp_3_353_2,you didn't answer my question,[],"[[37.0, 17.0, 187.0, 99.0], [591.0, 4.0, 808.0, 65.0], [575.0, 46.0, 671.0, 105.0], [630.0, 155.0, 748.0, 209.0]]",[],"[[228.0, 4.0, 526.0, 333.0], [853.0, 86.0, 1051.0, 330.0], [226.0, 3.0, 526.0, 331.0], [854.0, 84.0, 1050.0, 328.0]]",INFORM,0.0,0.0,"{""anger"": 0.6478, ""sadness"": 0.1684, ""neutral"": 0.0835, ""disgust"": 0.0627, ""surprise"": 0.0288, ""fear"": 0.0074, ""joy"": 0.0013}"
bp_3_353_2,you first,[],"[[37.0, 17.0, 187.0, 99.0], [591.0, 4.0, 808.0, 65.0], [575.0, 46.0, 671.0, 105.0], [630.0, 155.0, 748.0, 209.0]]",[],"[[228.0, 4.0, 526.0, 333.0], [853.0, 86.0, 1051.0, 330.0], [226.0, 3.0, 526.0, 331.0], [854.0, 84.0, 1050.0, 328.0]]",FEEDBACK,0.25,0.3333333333333333,"{""surprise"": 0.5326, ""neutral"": 0.363, ""fear"": 0.049, ""joy"": 0.0245, ""anger"": 0.0237, ""sadness"": 0.0037, ""disgust"": 0.0035}"
bp_3_353_2,who--?,[],"[[37.0, 17.0, 187.0, 99.0], [591.0, 4.0, 808.0, 65.0], [575.0, 46.0, 671.0, 105.0], [630.0, 155.0, 748.0, 209.0]]",[],"[[228.0, 4.0, 526.0, 333.0], [853.0, 86.0, 1051.0, 330.0], [226.0, 3.0, 526.0, 331.0], [854.0, 84.0, 1050.0, 328.0]]",WHY_QUESTION,0.0,0.0,"{""surprise"": 0.8857, ""anger"": 0.0408, ""neutral"": 0.0315, ""disgust"": 0.0168, ""sadness"": 0.0143, ""fear"": 0.0066, ""joy"": 0.0044}"
bp_3_353_3,ah. right on time.,[],"[[193.0, 19.0, 319.0, 79.0]]",[],"[[165.0, 77.0, 219.0, 148.0]]",,0.2857142857142857,0.5357142857142857,"{""neutral"": 0.5557, ""surprise"": 0.2904, ""joy"": 0.1259, ""anger"": 0.0116, ""sadness"": 0.0114, ""fear"": 0.0031, ""disgust"": 0.0019}"
bp_3_354_0,what the hell?!,[],"[[744.0, 65.0, 846.0, 108.0]]",[],"[[519.0, 12.0, 640.0, 118.0]]",WHY_QUESTION,0.0,0.0,"{""surprise"": 0.6607, ""anger"": 0.2531, ""disgust"": 0.0493, ""sadness"": 0.0136, ""neutral"": 0.0099, ""fear"": 0.0092, ""joy"": 0.0042}"
bp_3_354_1,t'challa...?,[],"[[507.0, 31.0, 626.0, 62.0], [588.0, 98.0, 707.0, 127.0]]",[],"[[252.0, 2.0, 490.0, 258.0], [750.0, 4.0, 1047.0, 207.0]]",YES-NO_QUESTION,0.0,0.0,"{""surprise"": 0.857, ""neutral"": 0.1086, ""anger"": 0.0116, ""sadness"": 0.0068, ""disgust"": 0.0062, ""fear"": 0.0053, ""joy"": 0.0044}"
bp_3_354_1,t'challa...?,[],"[[507.0, 31.0, 626.0, 62.0], [588.0, 98.0, 707.0, 127.0]]",[],"[[252.0, 2.0, 490.0, 258.0], [750.0, 4.0, 1047.0, 207.0]]",YES-NO_QUESTION,0.0,0.0,"{""surprise"": 0.857, ""neutral"": 0.1086, ""anger"": 0.0116, ""sadness"": 0.0068, ""disgust"": 0.0062, ""fear"": 0.0053, ""joy"": 0.0044}"
bp_3_355_1,i am calling on you--,[],"[[301.0, 3.0, 449.0, 52.0], [456.0, 4.0, 612.0, 91.0], [769.0, 138.0, 1139.0, 248.0]]",[],"[[699.0, 6.0, 785.0, 154.0], [695.0, 2.0, 782.0, 153.0], [695.0, 1.0, 779.0, 152.0]]",INFORM,0.0,0.0,"{""anger"": 0.2909, ""fear"": 0.2739, ""sadness"": 0.24, ""joy"": 0.0866, ""neutral"": 0.078, ""surprise"": 0.0264, ""disgust"": 0.0042}"
bp_3_355_1,--two of my oldest and dearest friends--,[],"[[301.0, 3.0, 449.0, 52.0], [456.0, 4.0, 612.0, 91.0], [769.0, 138.0, 1139.0, 248.0]]",[],"[[699.0, 6.0, 785.0, 154.0], [695.0, 2.0, 782.0, 153.0], [695.0, 1.0, 779.0, 152.0]]",INFORM,0.0,0.0,"{""sadness"": 0.3177, ""joy"": 0.2743, ""neutral"": 0.1319, ""surprise"": 0.114, ""anger"": 0.0959, ""disgust"": 0.0571, ""fear"": 0.0092}"
bp_3_355_1,--to take advantage of the neutral ground that wakanda provides. let the spirit of the day rekindle friendships that are deeper than whatever differences separate us.,[],"[[301.0, 3.0, 449.0, 52.0], [456.0, 4.0, 612.0, 91.0], [769.0, 138.0, 1139.0, 248.0]]",[],"[[699.0, 6.0, 785.0, 154.0], [695.0, 2.0, 782.0, 153.0], [695.0, 1.0, 779.0, 152.0]]",,0.0,0.0,"{""joy"": 0.8893, ""neutral"": 0.0794, ""sadness"": 0.0129, ""anger"": 0.0093, ""surprise"": 0.0059, ""disgust"": 0.0025, ""fear"": 0.0007}"
bp_3_357_3,"tony, i've listened to you. now listen to me:",[],"[[22.0, 8.0, 297.0, 43.0], [87.0, 62.0, 292.0, 146.0]]",[],"[[54.0, 240.0, 251.0, 454.0], [55.0, 239.0, 252.0, 453.0]]",,0.0,0.0,"{""neutral"": 0.4369, ""joy"": 0.364, ""surprise"": 0.1372, ""sadness"": 0.047, ""anger"": 0.0095, ""disgust"": 0.0037, ""fear"": 0.0018}"
bp_3_357_3,"this cancer that is eating away at the soul of your country, it has no home here.",[],"[[22.0, 8.0, 297.0, 43.0], [87.0, 62.0, 292.0, 146.0]]",[],"[[54.0, 240.0, 251.0, 454.0], [55.0, 239.0, 252.0, 453.0]]",INFORM,0.0,0.0,"{""disgust"": 0.3782, ""neutral"": 0.2503, ""anger"": 0.183, ""sadness"": 0.1005, ""fear"": 0.0732, ""surprise"": 0.0134, ""joy"": 0.0014}"
bp_3_357_4,crystal.,[],"[[47.0, 17.0, 155.0, 43.0], [46.0, 56.0, 192.0, 162.0]]",[],"[[57.0, 182.0, 104.0, 230.0], [57.0, 182.0, 103.0, 227.0]]",NOT_CLASSIFIABLE,0.0,0.0,"{""neutral"": 0.7866, ""sadness"": 0.0799, ""surprise"": 0.0713, ""joy"": 0.021, ""anger"": 0.0193, ""disgust"": 0.014, ""fear"": 0.0079}"
bp_3_357_4,give my regards to ororo.tell her i'm sorry i couldn't stay.,[],"[[47.0, 17.0, 155.0, 43.0], [46.0, 56.0, 192.0, 162.0]]",[],"[[57.0, 182.0, 104.0, 230.0], [57.0, 182.0, 103.0, 227.0]]",,-0.5,1.0,"{""sadness"": 0.8864, ""neutral"": 0.0672, ""surprise"": 0.0238, ""joy"": 0.0121, ""anger"": 0.0054, ""fear"": 0.0037, ""disgust"": 0.0014}"
bp_3_357_5,am i clear?,[],"[[41.0, 47.0, 123.0, 89.0]]",[],"[[20.0, 112.0, 273.0, 578.0]]",YES-NO_QUESTION,0.09999999999999999,0.3833333333333333,"{""surprise"": 0.693, ""neutral"": 0.2433, ""sadness"": 0.0264, ""anger"": 0.0109, ""fear"": 0.0108, ""joy"": 0.0089, ""disgust"": 0.0067}"
bp_3_359_1,let's do this.,[],"[[353.0, 24.0, 447.0, 63.0]]",[],"[[165.0, 13.0, 328.0, 181.0]]",COMMIT,0.0,0.0,"{""neutral"": 0.8228, ""anger"": 0.0721, ""sadness"": 0.0368, ""joy"": 0.0243, ""disgust"": 0.0242, ""fear"": 0.0101, ""surprise"": 0.0097}"
bp_3_361_3,"if you would at least consider a conversation, it might be a worth a lot to both of us. my door is always open.",[],"[[36.0, 7.0, 259.0, 133.0]]",[],"[[120.0, 274.0, 432.0, 586.0]]",,0.0,0.3333333333333333,"{""neutral"": 0.5051, ""joy"": 0.4549, ""surprise"": 0.0147, ""anger"": 0.0095, ""sadness"": 0.0095, ""disgust"": 0.0043, ""fear"": 0.0019}"
bp_3_362_2,"we must be sure and tell prince namor ""thank you"" for use of this island. it's uncharted, but more important...",[],"[[621.0, 2.0, 909.0, 114.0]]",[],"[[934.0, 5.0, 1149.0, 312.0]]",,0.4666666666666666,0.7962962962962963,"{""neutral"": 0.6549, ""joy"": 0.2348, ""surprise"": 0.0833, ""sadness"": 0.0084, ""anger"": 0.0082, ""fear"": 0.0071, ""disgust"": 0.0034}"
bp_3_363_1,behind the smiles and the gifts lurks fear. people look at us as a couple and quiver.,[],"[[3.0, 5.0, 352.0, 62.0], [70.0, 64.0, 292.0, 174.0], [305.0, 84.0, 482.0, 183.0], [266.0, 179.0, 375.0, 215.0]]",[],"[[218.0, 222.0, 254.0, 258.0], [218.0, 222.0, 253.0, 256.0], [263.0, 240.0, 306.0, 266.0], [217.0, 220.0, 252.0, 259.0]]",,-0.4,0.7,"{""fear"": 0.9845, ""neutral"": 0.0049, ""sadness"": 0.0036, ""joy"": 0.0031, ""anger"": 0.0019, ""disgust"": 0.0012, ""surprise"": 0.0008}"
bp_3_363_1,"too much power, too much wealth, too well connected. they think we might take over the world.",[],"[[3.0, 5.0, 352.0, 62.0], [70.0, 64.0, 292.0, 174.0], [305.0, 84.0, 482.0, 183.0], [266.0, 179.0, 375.0, 215.0]]",[],"[[218.0, 222.0, 254.0, 258.0], [218.0, 222.0, 253.0, 256.0], [263.0, 240.0, 306.0, 266.0], [217.0, 220.0, 252.0, 259.0]]",,0.2,0.2,"{""neutral"": 0.5743, ""surprise"": 0.2974, ""anger"": 0.0484, ""disgust"": 0.0238, ""fear"": 0.0235, ""sadness"": 0.0224, ""joy"": 0.0103}"
bp_3_363_1,so you want to do a goodwill tour to assuage their fears.,[],"[[3.0, 5.0, 352.0, 62.0], [70.0, 64.0, 292.0, 174.0], [305.0, 84.0, 482.0, 183.0], [266.0, 179.0, 375.0, 215.0]]",[],"[[218.0, 222.0, 254.0, 258.0], [218.0, 222.0, 253.0, 256.0], [263.0, 240.0, 306.0, 266.0], [217.0, 220.0, 252.0, 259.0]]",FEEDBACK,0.0,0.0,"{""fear"": 0.6684, ""neutral"": 0.246, ""joy"": 0.0296, ""sadness"": 0.0287, ""anger"": 0.0111, ""surprise"": 0.0106, ""disgust"": 0.0057}"
bp_3_363_1,exactly.,[],"[[3.0, 5.0, 352.0, 62.0], [70.0, 64.0, 292.0, 174.0], [305.0, 84.0, 482.0, 183.0], [266.0, 179.0, 375.0, 215.0]]",[],"[[218.0, 222.0, 254.0, 258.0], [218.0, 222.0, 253.0, 256.0], [263.0, 240.0, 306.0, 266.0], [217.0, 220.0, 252.0, 259.0]]",FEEDBACK,0.25,0.25,"{""neutral"": 0.9151, ""surprise"": 0.0463, ""anger"": 0.0165, ""disgust"": 0.0084, ""sadness"": 0.0063, ""joy"": 0.0043, ""fear"": 0.003}"
bp_3_363_3,are we going to see him soon?is there a regular meeting of super-powered monarchs that we'll be attending?,[],"[[4.0, 9.0, 327.0, 77.0], [87.0, 497.0, 328.0, 617.0]]",[],"[[22.0, 176.0, 173.0, 318.0], [346.0, 250.0, 552.0, 427.0]]",,0.0,0.07692307692307693,"{""surprise"": 0.5429, ""neutral"": 0.4093, ""sadness"": 0.0162, ""fear"": 0.0099, ""anger"": 0.0093, ""joy"": 0.0087, ""disgust"": 0.0035}"
bp_3_363_3,"well, not a ""regular meeting,"" no.but i thought it would be a good idea for us to visit some of the larger centers of global power.",[],"[[4.0, 9.0, 327.0, 77.0], [87.0, 497.0, 328.0, 617.0]]",[],"[[22.0, 176.0, 173.0, 318.0], [346.0, 250.0, 552.0, 427.0]]",,0.175,0.29423076923076924,"{""neutral"": 0.6348, ""joy"": 0.2189, ""surprise"": 0.0801, ""sadness"": 0.025, ""disgust"": 0.0186, ""fear"": 0.0131, ""anger"": 0.0094}"
bp_3_364_3,"you could think that... ..there are no facts to support it, but you could think that.",[],"[[209.0, 25.0, 377.0, 212.0]]",[],"[[484.0, 8.0, 916.0, 256.0]]",INFORM,0.0,0.0,"{""surprise"": 0.702, ""neutral"": 0.2018, ""disgust"": 0.0385, ""anger"": 0.0265, ""sadness"": 0.0217, ""fear"": 0.0049, ""joy"": 0.0047}"
bp_3_365_3,i am doom!,[],"[[376.0, 36.0, 465.0, 89.0], [773.0, 18.0, 881.0, 54.0]]",[],"[[-1.0, -1.0, -1.0, -1.0], [675.0, 7.0, 752.0, 99.0]]",INFORM,0.0,0.0,"{""sadness"": 0.982, ""surprise"": 0.0069, ""joy"": 0.0046, ""fear"": 0.0029, ""neutral"": 0.0019, ""anger"": 0.0013, ""disgust"": 0.0003}"
bp_3_365_3,goodbye.,[],"[[376.0, 36.0, 465.0, 89.0], [773.0, 18.0, 881.0, 54.0]]",[],"[[-1.0, -1.0, -1.0, -1.0], [675.0, 7.0, 752.0, 99.0]]",BYE,0.0,0.0,"{""neutral"": 0.4551, ""sadness"": 0.393, ""joy"": 0.1137, ""surprise"": 0.0234, ""disgust"": 0.0093, ""anger"": 0.0029, ""fear"": 0.0026}"
bp_3_366_0,what happened to the lights?,[],"[[265.0, 39.0, 421.0, 109.0], [346.0, 91.0, 602.0, 197.0]]",[],"[[20.0, 36.0, 257.0, 344.0], [620.0, 104.0, 936.0, 406.0]]",WHY_QUESTION,0.0,0.0,"{""surprise"": 0.5916, ""neutral"": 0.2894, ""sadness"": 0.0363, ""fear"": 0.0341, ""anger"": 0.0339, ""disgust"": 0.0128, ""joy"": 0.0018}"
bp_3_366_0,what? i can't hear you! my hearing aid isn't working!,[],"[[265.0, 39.0, 421.0, 109.0], [346.0, 91.0, 602.0, 197.0]]",[],"[[20.0, 36.0, 257.0, 344.0], [620.0, 104.0, 936.0, 406.0]]",,0.0,0.0,"{""surprise"": 0.752, ""sadness"": 0.0967, ""anger"": 0.0859, ""disgust"": 0.0281, ""fear"": 0.0226, ""neutral"": 0.0118, ""joy"": 0.003}"
bp_3_366_3,"looks like someone cut your puppets' strings, doom.",[],"[[178.0, 209.0, 361.0, 322.0]]",[],"[[173.0, 546.0, 369.0, 810.0]]",INFORM,0.0,0.0,"{""sadness"": 0.4529, ""disgust"": 0.2712, ""neutral"": 0.1809, ""fear"": 0.0473, ""surprise"": 0.0264, ""anger"": 0.0164, ""joy"": 0.005}"
bp_3_367_1,"put us down here, please.",[],"[[450.0, 5.0, 623.0, 53.0], [422.0, 52.0, 559.0, 116.0], [522.0, 103.0, 704.0, 193.0]]",[],"[[294.0, 138.0, 537.0, 345.0], [163.0, 2.0, 326.0, 183.0], [297.0, 139.0, 534.0, 341.0]]",,-0.15555555555555556,0.2888888888888889,"{""neutral"": 0.5439, ""sadness"": 0.1573, ""disgust"": 0.1242, ""anger"": 0.0852, ""fear"": 0.0559, ""surprise"": 0.0252, ""joy"": 0.0083}"
bp_3_367_1,but the ship won't fly.,[],"[[450.0, 5.0, 623.0, 53.0], [422.0, 52.0, 559.0, 116.0], [522.0, 103.0, 704.0, 193.0]]",[],"[[294.0, 138.0, 537.0, 345.0], [163.0, 2.0, 326.0, 183.0], [297.0, 139.0, 534.0, 341.0]]",INFORM,0.8,0.9,"{""sadness"": 0.8903, ""neutral"": 0.04, ""surprise"": 0.0247, ""anger"": 0.0244, ""fear"": 0.0106, ""disgust"": 0.0083, ""joy"": 0.0018}"
bp_3_367_1,it will. the vibranium hull protected it from the effect of the emp.,[],"[[450.0, 5.0, 623.0, 53.0], [422.0, 52.0, 559.0, 116.0], [522.0, 103.0, 704.0, 193.0]]",[],"[[294.0, 138.0, 537.0, 345.0], [163.0, 2.0, 326.0, 183.0], [297.0, 139.0, 534.0, 341.0]]",,0.0,0.0,"{""neutral"": 0.9158, ""sadness"": 0.0196, ""joy"": 0.017, ""surprise"": 0.0151, ""anger"": 0.0112, ""disgust"": 0.0111, ""fear"": 0.0102}"
bp_3_368_0,"and who's in this ""super hero army""?",[],"[[321.0, 264.0, 456.0, 323.0], [250.0, 324.0, 447.0, 411.0], [347.0, 418.0, 451.0, 484.0]]",[],"[[-1.0, -1.0, -1.0, -1.0], [-1.0, -1.0, -1.0, -1.0], [-1.0, -1.0, -1.0, -1.0]]",WHY_QUESTION,0.3333333333333333,0.6666666666666666,"{""surprise"": 0.805, ""neutral"": 0.1709, ""anger"": 0.0084, ""sadness"": 0.0052, ""joy"": 0.0046, ""disgust"": 0.0036, ""fear"": 0.0023}"
bp_3_368_0,"well, the core members are panther, storm, dr. doom and namor. the new ""frightful four.",[],"[[321.0, 264.0, 456.0, 323.0], [250.0, 324.0, 447.0, 411.0], [347.0, 418.0, 451.0, 484.0]]",[],"[[-1.0, -1.0, -1.0, -1.0], [-1.0, -1.0, -1.0, -1.0], [-1.0, -1.0, -1.0, -1.0]]",,0.13636363636363635,0.45454545454545453,"{""neutral"": 0.4499, ""joy"": 0.3492, ""anger"": 0.0785, ""fear"": 0.048, ""disgust"": 0.0385, ""sadness"": 0.0325, ""surprise"": 0.0035}"
bp_3_368_0,are you saying they call themselves that?,[],"[[321.0, 264.0, 456.0, 323.0], [250.0, 324.0, 447.0, 411.0], [347.0, 418.0, 451.0, 484.0]]",[],"[[-1.0, -1.0, -1.0, -1.0], [-1.0, -1.0, -1.0, -1.0], [-1.0, -1.0, -1.0, -1.0]]",YES-NO_QUESTION,0.0,0.0,"{""surprise"": 0.7442, ""neutral"": 0.188, ""anger"": 0.0321, ""disgust"": 0.021, ""fear"": 0.0056, ""sadness"": 0.0051, ""joy"": 0.004}"
bp_3_368_4,so what happens when this bad information blows up like yellow cake?,[],"[[110.0, 224.0, 274.0, 307.0], [36.0, 286.0, 135.0, 357.0]]",[],"[[133.0, 33.0, 216.0, 137.0], [-1.0, -1.0, -1.0, -1.0]]",WHY_QUESTION,-0.3499999999999999,0.3333333333333333,"{""neutral"": 0.4779, ""surprise"": 0.208, ""anger"": 0.1733, ""sadness"": 0.0601, ""disgust"": 0.0585, ""fear"": 0.0153, ""joy"": 0.0069}"
bp_3_368_4,i have a feeling wakanda will blow up first.,[],"[[110.0, 224.0, 274.0, 307.0], [36.0, 286.0, 135.0, 357.0]]",[],"[[133.0, 33.0, 216.0, 137.0], [-1.0, -1.0, -1.0, -1.0]]",INFORM,0.25,0.3333333333333333,"{""anger"": 0.6882, ""sadness"": 0.2489, ""surprise"": 0.0265, ""fear"": 0.0245, ""joy"": 0.008, ""neutral"": 0.0032, ""disgust"": 0.0007}"
bp_3_370_2,oh hi! i'm tigra. we haven't really met. just kind of in those big rooms with every avenger assembled now and then...,[],"[[169.0, 324.0, 363.0, 428.0]]",[],"[[215.0, 51.0, 277.0, 119.0]]",,0.26666666666666666,0.4000000000000001,"{""surprise"": 0.7473, ""neutral"": 0.1085, ""joy"": 0.097, ""sadness"": 0.0312, ""anger"": 0.0085, ""fear"": 0.0038, ""disgust"": 0.0036}"
bp_3_372_0,so we meet again...,[],"[[276.0, 58.0, 375.0, 129.0], [817.0, 238.0, 929.0, 299.0], [49.0, 736.0, 307.0, 841.0], [94.0, 1016.0, 225.0, 1083.0], [320.0, 741.0, 479.0, 804.0], [479.0, 739.0, 597.0, 802.0], [334.0, 1111.0, 469.0, 1190.0], [707.0, 761.0, 810.0, 827.0], [803.0, 890.0, 863.0, 938.0]]",[],"[[359.0, 190.0, 447.0, 285.0], [772.0, 331.0, 851.0, 417.0], [221.0, 903.0, 306.0, 1009.0], [74.0, 832.0, 183.0, 966.0], [393.0, 859.0, 441.0, 915.0], [495.0, 815.0, 576.0, 898.0], [494.0, 813.0, 558.0, 891.0], [686.0, 817.0, 731.0, 875.0], [785.0, 968.0, 825.0, 1017.0]]",GREET,0.0,0.0,"{""neutral"": 0.7573, ""surprise"": 0.0913, ""joy"": 0.0722, ""sadness"": 0.0583, ""anger"": 0.0088, ""disgust"": 0.0063, ""fear"": 0.0057}"
bp_3_372_0,"ah, my ""secret weapon.",[],"[[276.0, 58.0, 375.0, 129.0], [817.0, 238.0, 929.0, 299.0], [49.0, 736.0, 307.0, 841.0], [94.0, 1016.0, 225.0, 1083.0], [320.0, 741.0, 479.0, 804.0], [479.0, 739.0, 597.0, 802.0], [334.0, 1111.0, 469.0, 1190.0], [707.0, 761.0, 810.0, 827.0], [803.0, 890.0, 863.0, 938.0]]",[],"[[359.0, 190.0, 447.0, 285.0], [772.0, 331.0, 851.0, 417.0], [221.0, 903.0, 306.0, 1009.0], [74.0, 832.0, 183.0, 966.0], [393.0, 859.0, 441.0, 915.0], [495.0, 815.0, 576.0, 898.0], [494.0, 813.0, 558.0, 891.0], [686.0, 817.0, 731.0, 875.0], [785.0, 968.0, 825.0, 1017.0]]",GREET,-0.4,0.7,"{""neutral"": 0.6725, ""surprise"": 0.1223, ""joy"": 0.0662, ""anger"": 0.0613, ""fear"": 0.0354, ""disgust"": 0.0243, ""sadness"": 0.018}"
bp_3_372_0,i've thought about you a lot since katrina. i'd really like to... work with you more. develop my abilities. i think i could learn a lot from you.,[],"[[276.0, 58.0, 375.0, 129.0], [817.0, 238.0, 929.0, 299.0], [49.0, 736.0, 307.0, 841.0], [94.0, 1016.0, 225.0, 1083.0], [320.0, 741.0, 479.0, 804.0], [479.0, 739.0, 597.0, 802.0], [334.0, 1111.0, 469.0, 1190.0], [707.0, 761.0, 810.0, 827.0], [803.0, 890.0, 863.0, 938.0]]",[],"[[359.0, 190.0, 447.0, 285.0], [772.0, 331.0, 851.0, 417.0], [221.0, 903.0, 306.0, 1009.0], [74.0, 832.0, 183.0, 966.0], [393.0, 859.0, 441.0, 915.0], [495.0, 815.0, 576.0, 898.0], [494.0, 813.0, 558.0, 891.0], [686.0, 817.0, 731.0, 875.0], [785.0, 968.0, 825.0, 1017.0]]",,0.35,0.35,"{""joy"": 0.9261, ""sadness"": 0.0425, ""neutral"": 0.0146, ""surprise"": 0.0131, ""anger"": 0.0018, ""fear"": 0.0014, ""disgust"": 0.0005}"
bp_3_372_0,"i'm glad to hear that, monica.",[],"[[276.0, 58.0, 375.0, 129.0], [817.0, 238.0, 929.0, 299.0], [49.0, 736.0, 307.0, 841.0], [94.0, 1016.0, 225.0, 1083.0], [320.0, 741.0, 479.0, 804.0], [479.0, 739.0, 597.0, 802.0], [334.0, 1111.0, 469.0, 1190.0], [707.0, 761.0, 810.0, 827.0], [803.0, 890.0, 863.0, 938.0]]",[],"[[359.0, 190.0, 447.0, 285.0], [772.0, 331.0, 851.0, 417.0], [221.0, 903.0, 306.0, 1009.0], [74.0, 832.0, 183.0, 966.0], [393.0, 859.0, 441.0, 915.0], [495.0, 815.0, 576.0, 898.0], [494.0, 813.0, 558.0, 891.0], [686.0, 817.0, 731.0, 875.0], [785.0, 968.0, 825.0, 1017.0]]",INFORM,0.5,1.0,"{""joy"": 0.9939, ""surprise"": 0.0025, ""sadness"": 0.0014, ""neutral"": 0.0008, ""anger"": 0.0008, ""disgust"": 0.0004, ""fear"": 0.0003}"
bp_3_372_0,i appreciate that you came to the wedding.,[],"[[276.0, 58.0, 375.0, 129.0], [817.0, 238.0, 929.0, 299.0], [49.0, 736.0, 307.0, 841.0], [94.0, 1016.0, 225.0, 1083.0], [320.0, 741.0, 479.0, 804.0], [479.0, 739.0, 597.0, 802.0], [334.0, 1111.0, 469.0, 1190.0], [707.0, 761.0, 810.0, 827.0], [803.0, 890.0, 863.0, 938.0]]",[],"[[359.0, 190.0, 447.0, 285.0], [772.0, 331.0, 851.0, 417.0], [221.0, 903.0, 306.0, 1009.0], [74.0, 832.0, 183.0, 966.0], [393.0, 859.0, 441.0, 915.0], [495.0, 815.0, 576.0, 898.0], [494.0, 813.0, 558.0, 891.0], [686.0, 817.0, 731.0, 875.0], [785.0, 968.0, 825.0, 1017.0]]",INFORM,0.0,0.0,"{""joy"": 0.9794, ""surprise"": 0.0128, ""sadness"": 0.0039, ""anger"": 0.0017, ""neutral"": 0.0015, ""fear"": 0.0005, ""disgust"": 0.0003}"
bp_3_372_0,"it was hard, i'll tell you that.",[],"[[276.0, 58.0, 375.0, 129.0], [817.0, 238.0, 929.0, 299.0], [49.0, 736.0, 307.0, 841.0], [94.0, 1016.0, 225.0, 1083.0], [320.0, 741.0, 479.0, 804.0], [479.0, 739.0, 597.0, 802.0], [334.0, 1111.0, 469.0, 1190.0], [707.0, 761.0, 810.0, 827.0], [803.0, 890.0, 863.0, 938.0]]",[],"[[359.0, 190.0, 447.0, 285.0], [772.0, 331.0, 851.0, 417.0], [221.0, 903.0, 306.0, 1009.0], [74.0, 832.0, 183.0, 966.0], [393.0, 859.0, 441.0, 915.0], [495.0, 815.0, 576.0, 898.0], [494.0, 813.0, 558.0, 891.0], [686.0, 817.0, 731.0, 875.0], [785.0, 968.0, 825.0, 1017.0]]",INFORM,-0.2916666666666667,0.5416666666666666,"{""sadness"": 0.5333, ""surprise"": 0.1969, ""neutral"": 0.0968, ""fear"": 0.0884, ""disgust"": 0.0583, ""anger"": 0.0163, ""joy"": 0.01}"
bp_3_372_0,"speaking of which, where is your wife...?",[],"[[276.0, 58.0, 375.0, 129.0], [817.0, 238.0, 929.0, 299.0], [49.0, 736.0, 307.0, 841.0], [94.0, 1016.0, 225.0, 1083.0], [320.0, 741.0, 479.0, 804.0], [479.0, 739.0, 597.0, 802.0], [334.0, 1111.0, 469.0, 1190.0], [707.0, 761.0, 810.0, 827.0], [803.0, 890.0, 863.0, 938.0]]",[],"[[359.0, 190.0, 447.0, 285.0], [772.0, 331.0, 851.0, 417.0], [221.0, 903.0, 306.0, 1009.0], [74.0, 832.0, 183.0, 966.0], [393.0, 859.0, 441.0, 915.0], [495.0, 815.0, 576.0, 898.0], [494.0, 813.0, 558.0, 891.0], [686.0, 817.0, 731.0, 875.0], [785.0, 968.0, 825.0, 1017.0]]",WHY_QUESTION,0.0,0.0,"{""neutral"": 0.7823, ""surprise"": 0.1355, ""disgust"": 0.0219, ""sadness"": 0.0204, ""anger"": 0.0196, ""fear"": 0.0188, ""joy"": 0.0016}"
bp_3_372_0,at the embassy.,[],"[[276.0, 58.0, 375.0, 129.0], [817.0, 238.0, 929.0, 299.0], [49.0, 736.0, 307.0, 841.0], [94.0, 1016.0, 225.0, 1083.0], [320.0, 741.0, 479.0, 804.0], [479.0, 739.0, 597.0, 802.0], [334.0, 1111.0, 469.0, 1190.0], [707.0, 761.0, 810.0, 827.0], [803.0, 890.0, 863.0, 938.0]]",[],"[[359.0, 190.0, 447.0, 285.0], [772.0, 331.0, 851.0, 417.0], [221.0, 903.0, 306.0, 1009.0], [74.0, 832.0, 183.0, 966.0], [393.0, 859.0, 441.0, 915.0], [495.0, 815.0, 576.0, 898.0], [494.0, 813.0, 558.0, 891.0], [686.0, 817.0, 731.0, 875.0], [785.0, 968.0, 825.0, 1017.0]]",INFORM,0.0,0.0,"{""neutral"": 0.4039, ""sadness"": 0.3269, ""fear"": 0.1178, ""anger"": 0.0799, ""surprise"": 0.0337, ""disgust"": 0.0329, ""joy"": 0.0049}"
bp_3_372_0,oh.,[],"[[276.0, 58.0, 375.0, 129.0], [817.0, 238.0, 929.0, 299.0], [49.0, 736.0, 307.0, 841.0], [94.0, 1016.0, 225.0, 1083.0], [320.0, 741.0, 479.0, 804.0], [479.0, 739.0, 597.0, 802.0], [334.0, 1111.0, 469.0, 1190.0], [707.0, 761.0, 810.0, 827.0], [803.0, 890.0, 863.0, 938.0]]",[],"[[359.0, 190.0, 447.0, 285.0], [772.0, 331.0, 851.0, 417.0], [221.0, 903.0, 306.0, 1009.0], [74.0, 832.0, 183.0, 966.0], [393.0, 859.0, 441.0, 915.0], [495.0, 815.0, 576.0, 898.0], [494.0, 813.0, 558.0, 891.0], [686.0, 817.0, 731.0, 875.0], [785.0, 968.0, 825.0, 1017.0]]",FEEDBACK,0.0,0.0,"{""neutral"": 0.4979, ""sadness"": 0.2455, ""surprise"": 0.2005, ""disgust"": 0.0228, ""joy"": 0.0159, ""fear"": 0.0128, ""anger"": 0.0046}"
bp_3_373_0,...about registration.,[],"[[373.0, 33.0, 501.0, 74.0]]",[],"[[279.0, 55.0, 348.0, 145.0]]",INFORM,0.0,0.0,"{""neutral"": 0.7846, ""surprise"": 0.0879, ""sadness"": 0.0549, ""fear"": 0.0451, ""anger"": 0.0125, ""joy"": 0.0097, ""disgust"": 0.0054}"
bp_3_374_0,you were saying?,[],"[[518.0, 12.0, 609.0, 59.0]]",[],"[[347.0, 14.0, 529.0, 201.0]]",WHY_QUESTION,0.0,0.0,"{""surprise"": 0.7677, ""anger"": 0.0984, ""neutral"": 0.0601, ""disgust"": 0.0561, ""fear"": 0.0064, ""sadness"": 0.0058, ""joy"": 0.0056}"
bp_3_375_0,"wow, what a finish!",[],"[[311.0, 39.0, 397.0, 99.0]]",[],"[[428.0, 52.0, 575.0, 205.0]]",,0.125,1.0,"{""surprise"": 0.9706, ""joy"": 0.0087, ""neutral"": 0.0071, ""anger"": 0.0042, ""disgust"": 0.0035, ""sadness"": 0.0034, ""fear"": 0.0026}"
bp_3_375_3,"look, are you okay? because i'm going to look for reed now.",[],"[[29.0, 6.0, 181.0, 55.0], [103.0, 59.0, 197.0, 121.0]]",[],"[[80.0, 183.0, 132.0, 259.0], [223.0, 142.0, 300.0, 221.0]]",,0.5,0.5,"{""anger"": 0.3882, ""neutral"": 0.2068, ""joy"": 0.1479, ""surprise"": 0.1006, ""disgust"": 0.0764, ""fear"": 0.0486, ""sadness"": 0.0316}"
bp_3_375_3,"oh...i'm fine. i need to look for my husband, too.",[],"[[29.0, 6.0, 181.0, 55.0], [103.0, 59.0, 197.0, 121.0]]",[],"[[80.0, 183.0, 132.0, 259.0], [223.0, 142.0, 300.0, 221.0]]",,0.4166666666666667,0.5,"{""sadness"": 0.7398, ""neutral"": 0.1122, ""fear"": 0.0458, ""joy"": 0.0411, ""surprise"": 0.0338, ""anger"": 0.0164, ""disgust"": 0.0109}"
bp_3_375_4,"wow, did you know he was that strong? i mean he's hercules, but still--",[],"[[14.0, 1.0, 194.0, 58.0], [194.0, 4.0, 355.0, 71.0]]",[],"[[82.0, 126.0, 170.0, 237.0], [195.0, 97.0, 306.0, 229.0]]",,0.07361111111111111,0.8069444444444445,"{""surprise"": 0.9732, ""disgust"": 0.0075, ""neutral"": 0.0059, ""anger"": 0.0045, ""fear"": 0.0041, ""joy"": 0.0027, ""sadness"": 0.0021}"
bp_3_375_4,i don't think he's going to need our assistance on this one.,[],"[[14.0, 1.0, 194.0, 58.0], [194.0, 4.0, 355.0, 71.0]]",[],"[[82.0, 126.0, 170.0, 237.0], [195.0, 97.0, 306.0, 229.0]]",INFORM,0.0,0.0,"{""surprise"": 0.7793, ""sadness"": 0.1069, ""fear"": 0.0527, ""neutral"": 0.0276, ""anger"": 0.0161, ""joy"": 0.0101, ""disgust"": 0.0073}"
bp_3_377_0,no... no...,[],"[[30.0, 72.0, 102.0, 129.0], [104.0, 52.0, 291.0, 152.0]]",[],"[[89.0, 533.0, 345.0, 824.0], [235.0, 161.0, 334.0, 258.0]]",FEEDBACK,0.0,0.0,"{""neutral"": 0.4735, ""sadness"": 0.204, ""surprise"": 0.101, ""disgust"": 0.0964, ""fear"": 0.0715, ""anger"": 0.0378, ""joy"": 0.0158}"
bp_3_377_0,"fear not, daughter. we will reconnect you to your essence.",[],"[[30.0, 72.0, 102.0, 129.0], [104.0, 52.0, 291.0, 152.0]]",[],"[[89.0, 533.0, 345.0, 824.0], [235.0, 161.0, 334.0, 258.0]]",,0.0,0.0,"{""fear"": 0.9605, ""neutral"": 0.0203, ""sadness"": 0.0094, ""anger"": 0.004, ""disgust"": 0.0023, ""joy"": 0.0021, ""surprise"": 0.0013}"
bp_3_377_2,"even if they can't, you can take panther-training...",[],"[[207.0, 365.0, 365.0, 481.0], [49.0, 354.0, 206.0, 460.0]]",[],"[[260.0, 20.0, 376.0, 185.0], [140.0, 516.0, 363.0, 909.0]]",INFORM,0.0,0.0,"{""neutral"": 0.9354, ""sadness"": 0.0173, ""disgust"": 0.016, ""anger"": 0.0149, ""fear"": 0.0083, ""surprise"": 0.0049, ""joy"": 0.0032}"
bp_3_377_2,maybe xavier -- even emma -- maybe they can help ...,[],"[[207.0, 365.0, 365.0, 481.0], [49.0, 354.0, 206.0, 460.0]]",[],"[[260.0, 20.0, 376.0, 185.0], [140.0, 516.0, 363.0, 909.0]]",INFORM,0.0,0.0,"{""neutral"": 0.9339, ""sadness"": 0.0237, ""surprise"": 0.0146, ""disgust"": 0.0085, ""anger"": 0.0082, ""joy"": 0.0057, ""fear"": 0.0054}"
bp_3_379_0,"damn, i can't... stay lit!",[],"[[297.0, 344.0, 429.0, 431.0]]",[],"[[592.0, 98.0, 776.0, 293.0]]",,0.0,0.0,"{""sadness"": 0.5162, ""surprise"": 0.3278, ""anger"": 0.0757, ""neutral"": 0.0281, ""disgust"": 0.0237, ""fear"": 0.0161, ""joy"": 0.0125}"
bp_3_381_1,look at 'em. now he's got the crowd on his side. and you can imagine how they're celebratin' up in harlem.,[],"[[800.0, 14.0, 1020.0, 152.0], [1050.0, 34.0, 1250.0, 133.0]]",[],"[[982.0, 159.0, 1055.0, 266.0], [1103.0, 191.0, 1179.0, 280.0]]",,0.0,0.0,"{""surprise"": 0.7063, ""joy"": 0.1722, ""neutral"": 0.063, ""anger"": 0.04, ""sadness"": 0.0117, ""disgust"": 0.0052, ""fear"": 0.0016}"
bp_3_381_1,this ain't a good look for biggie.... not at all.,[],"[[800.0, 14.0, 1020.0, 152.0], [1050.0, 34.0, 1250.0, 133.0]]",[],"[[982.0, 159.0, 1055.0, 266.0], [1103.0, 191.0, 1179.0, 280.0]]",,0.7,0.6000000000000001,"{""sadness"": 0.787, ""neutral"": 0.0927, ""surprise"": 0.0541, ""disgust"": 0.0456, ""anger"": 0.008, ""joy"": 0.0074, ""fear"": 0.0053}"
bp_3_382_1,still don't trust me? that's okay. i don't trust you either.,[],"[[154.0, 36.0, 323.0, 143.0], [162.0, 144.0, 368.0, 228.0]]",[],"[[432.0, 84.0, 1045.0, 462.0], [431.0, 82.0, 1044.0, 460.0]]",,0.5,0.5,"{""fear"": 0.7384, ""anger"": 0.1115, ""neutral"": 0.055, ""sadness"": 0.0513, ""disgust"": 0.023, ""surprise"": 0.011, ""joy"": 0.0097}"
bp_3_382_1,as long as we understand each other.,[],"[[154.0, 36.0, 323.0, 143.0], [162.0, 144.0, 368.0, 228.0]]",[],"[[432.0, 84.0, 1045.0, 462.0], [431.0, 82.0, 1044.0, 460.0]]",NOT_CLASSIFIABLE,-0.0875,0.3875,"{""neutral"": 0.8956, ""disgust"": 0.0466, ""joy"": 0.0226, ""anger"": 0.0157, ""sadness"": 0.0119, ""fear"": 0.0049, ""surprise"": 0.0027}"
bp_3_382_3,but you seem right at home down here.,[],"[[91.0, 24.0, 250.0, 106.0]]",[],"[[154.0, 205.0, 343.0, 423.0]]",INFORM,0.06507936507936507,0.4123015873015873,"{""neutral"": 0.6707, ""surprise"": 0.2061, ""joy"": 0.094, ""sadness"": 0.0177, ""anger"": 0.0052, ""disgust"": 0.0041, ""fear"": 0.0022}"
bp_3_384_2,"sure ya do!you might have erased every image of me when i tore this little playhouse down years ago, but you know who i am and what i did to you!",[],"[[276.0, 64.0, 548.0, 237.0]]",[],"[[218.0, 206.0, 258.0, 236.0]]",,0.03935185185185185,0.5592592592592592,"{""anger"": 0.5609, ""surprise"": 0.2058, ""disgust"": 0.0805, ""joy"": 0.0506, ""sadness"": 0.0504, ""neutral"": 0.0369, ""fear"": 0.0149}"
bp_3_384_4,"daddy, that true?",[],"[[42.0, 84.0, 159.0, 160.0], [205.0, 69.0, 327.0, 121.0]]",[],"[[147.0, 178.0, 271.0, 321.0], [300.0, 154.0, 450.0, 320.0]]",YES-NO_QUESTION,0.35,0.65,"{""surprise"": 0.7432, ""neutral"": 0.1578, ""disgust"": 0.0454, ""anger"": 0.0374, ""sadness"": 0.0065, ""joy"": 0.0062, ""fear"": 0.0034}"
bp_3_384_4,sssssh!!!,[],"[[42.0, 84.0, 159.0, 160.0], [205.0, 69.0, 327.0, 121.0]]",[],"[[147.0, 178.0, 271.0, 321.0], [300.0, 154.0, 450.0, 320.0]]",BACKCHANNEL,0.0,0.0,"{""surprise"": 0.6862, ""disgust"": 0.0847, ""anger"": 0.0802, ""sadness"": 0.0642, ""neutral"": 0.0489, ""joy"": 0.0237, ""fear"": 0.0121}"
bp_3_385_0,you men! the cannon is destroyed. the warriors you enslaved are free and are all looking for you. are you really going to stand here in an attempt to protect a dead man?,[],"[[454.0, 17.0, 728.0, 187.0]]",[],"[[307.0, 133.0, 410.0, 272.0]]",,0.13333333333333336,0.4666666666666666,"{""anger"": 0.619, ""surprise"": 0.1395, ""disgust"": 0.1207, ""sadness"": 0.0761, ""neutral"": 0.0274, ""fear"": 0.0125, ""joy"": 0.0048}"
bp_3_385_2,your time is over.,[],"[[59.0, 204.0, 151.0, 272.0]]",[],"[[-1.0, -1.0, -1.0, -1.0]]",INFORM,0.0,0.0,"{""neutral"": 0.5528, ""anger"": 0.2194, ""sadness"": 0.1415, ""disgust"": 0.058, ""surprise"": 0.0125, ""fear"": 0.0088, ""joy"": 0.007}"
bp_3_386_2,amandla... brothers and sisters.,[],"[[895.0, 35.0, 1071.0, 119.0]]",[],"[[387.0, 5.0, 839.0, 346.0]]",GREET,0.0,0.0,"{""surprise"": 0.389, ""neutral"": 0.3405, ""joy"": 0.1769, ""sadness"": 0.0798, ""anger"": 0.0084, ""disgust"": 0.003, ""fear"": 0.0024}"
bp_3_387_0,"c'mon, don't take it personal.it was just a business.",[],"[[531.0, 59.0, 745.0, 157.0], [466.0, 230.0, 713.0, 333.0], [1050.0, 527.0, 1188.0, 624.0]]",[],"[[576.0, 365.0, 809.0, 592.0], [298.0, 24.0, 493.0, 254.0], [1049.0, 138.0, 1142.0, 268.0]]",,0.0,0.0,"{""anger"": 0.6715, ""neutral"": 0.1158, ""disgust"": 0.0874, ""fear"": 0.055, ""sadness"": 0.05, ""joy"": 0.0106, ""surprise"": 0.0097}"
bp_3_387_0,"our""business"" is concluded.your trial will be short and death, an example.",[],"[[531.0, 59.0, 745.0, 157.0], [466.0, 230.0, 713.0, 333.0], [1050.0, 527.0, 1188.0, 624.0]]",[],"[[576.0, 365.0, 809.0, 592.0], [298.0, 24.0, 493.0, 254.0], [1049.0, 138.0, 1142.0, 268.0]]",,0.0,0.3,"{""sadness"": 0.8477, ""anger"": 0.0863, ""neutral"": 0.0365, ""disgust"": 0.0093, ""joy"": 0.0082, ""surprise"": 0.0078, ""fear"": 0.0042}"
bp_3_387_0,i like it!does this sister have a sister?,[],"[[531.0, 59.0, 745.0, 157.0], [466.0, 230.0, 713.0, 333.0], [1050.0, 527.0, 1188.0, 624.0]]",[],"[[576.0, 365.0, 809.0, 592.0], [298.0, 24.0, 493.0, 254.0], [1049.0, 138.0, 1142.0, 268.0]]",,0.0,0.0,"{""surprise"": 0.5297, ""joy"": 0.3917, ""neutral"": 0.0345, ""sadness"": 0.0274, ""anger"": 0.0145, ""disgust"": 0.0012, ""fear"": 0.001}"
bp_3_388_1,"whatya think, t'charlie?",[],"[[54.0, 19.0, 192.0, 100.0], [191.0, 17.0, 445.0, 147.0], [460.0, 112.0, 649.0, 196.0], [354.0, 467.0, 489.0, 527.0]]",[],"[[18.0, 257.0, 140.0, 394.0], [310.0, 163.0, 435.0, 352.0], [522.0, 374.0, 612.0, 517.0], [311.0, 170.0, 432.0, 349.0]]",WHY_QUESTION,0.0,0.0,"{""neutral"": 0.4406, ""surprise"": 0.2337, ""anger"": 0.1189, ""joy"": 0.1108, ""disgust"": 0.0449, ""sadness"": 0.0322, ""fear"": 0.0189}"
bp_3_388_1,looks pretty real. i've read reed's manuals on skrull technology. i should be able to pilot us home.,[],"[[54.0, 19.0, 192.0, 100.0], [191.0, 17.0, 445.0, 147.0], [460.0, 112.0, 649.0, 196.0], [354.0, 467.0, 489.0, 527.0]]",[],"[[18.0, 257.0, 140.0, 394.0], [310.0, 163.0, 435.0, 352.0], [522.0, 374.0, 612.0, 517.0], [311.0, 170.0, 432.0, 349.0]]",,0.31666666666666665,0.6416666666666667,"{""surprise"": 0.5624, ""neutral"": 0.2864, ""joy"": 0.1248, ""sadness"": 0.0168, ""anger"": 0.005, ""fear"": 0.0027, ""disgust"": 0.0018}"
bp_3_388_1,sounds like a great read at the beach.,[],"[[54.0, 19.0, 192.0, 100.0], [191.0, 17.0, 445.0, 147.0], [460.0, 112.0, 649.0, 196.0], [354.0, 467.0, 489.0, 527.0]]",[],"[[18.0, 257.0, 140.0, 394.0], [310.0, 163.0, 435.0, 352.0], [522.0, 374.0, 612.0, 517.0], [311.0, 170.0, 432.0, 349.0]]",INFORM,0.8,0.75,"{""joy"": 0.9873, ""neutral"": 0.0046, ""surprise"": 0.0037, ""sadness"": 0.0017, ""disgust"": 0.0013, ""fear"": 0.001, ""anger"": 0.0004}"
bp_3_388_1,"actually, yes.",[],"[[54.0, 19.0, 192.0, 100.0], [191.0, 17.0, 445.0, 147.0], [460.0, 112.0, 649.0, 196.0], [354.0, 467.0, 489.0, 527.0]]",[],"[[18.0, 257.0, 140.0, 394.0], [310.0, 163.0, 435.0, 352.0], [522.0, 374.0, 612.0, 517.0], [311.0, 170.0, 432.0, 349.0]]",FEEDBACK,0.0,0.1,"{""neutral"": 0.8895, ""surprise"": 0.0341, ""disgust"": 0.0245, ""anger"": 0.0159, ""joy"": 0.0145, ""sadness"": 0.012, ""fear"": 0.0095}"
bp_3_389_0,don't worry. you won't be needing this craft. you're going home to earth alright.,[],"[[498.0, 30.0, 721.0, 135.0], [527.0, 430.0, 628.0, 496.0], [636.0, 456.0, 771.0, 519.0], [967.0, 739.0, 1065.0, 798.0]]",[],"[[225.0, 112.0, 317.0, 222.0], [424.0, 489.0, 530.0, 646.0], [564.0, 553.0, 674.0, 705.0], [994.0, 495.0, 1142.0, 613.0]]",,0.0,0.0,"{""neutral"": 0.6065, ""fear"": 0.1694, ""surprise"": 0.0755, ""sadness"": 0.0657, ""anger"": 0.0378, ""joy"": 0.037, ""disgust"": 0.0082}"
bp_3_389_0,oh no!the frogs!!!,[],"[[498.0, 30.0, 721.0, 135.0], [527.0, 430.0, 628.0, 496.0], [636.0, 456.0, 771.0, 519.0], [967.0, 739.0, 1065.0, 798.0]]",[],"[[225.0, 112.0, 317.0, 222.0], [424.0, 489.0, 530.0, 646.0], [564.0, 553.0, 674.0, 705.0], [994.0, 495.0, 1142.0, 613.0]]",,0.0,0.0,"{""surprise"": 0.8631, ""disgust"": 0.0452, ""anger"": 0.0349, ""sadness"": 0.0238, ""joy"": 0.0123, ""fear"": 0.0112, ""neutral"": 0.0095}"
bp_3_389_0,you know these cats? i mean fr--,[],"[[498.0, 30.0, 721.0, 135.0], [527.0, 430.0, 628.0, 496.0], [636.0, 456.0, 771.0, 519.0], [967.0, 739.0, 1065.0, 798.0]]",[],"[[225.0, 112.0, 317.0, 222.0], [424.0, 489.0, 530.0, 646.0], [564.0, 553.0, 674.0, 705.0], [994.0, 495.0, 1142.0, 613.0]]",,-0.3125,0.6875,"{""disgust"": 0.3545, ""anger"": 0.315, ""surprise"": 0.169, ""neutral"": 0.1018, ""fear"": 0.0307, ""joy"": 0.0146, ""sadness"": 0.0144}"
bp_3_389_0,move away before--,[],"[[498.0, 30.0, 721.0, 135.0], [527.0, 430.0, 628.0, 496.0], [636.0, 456.0, 771.0, 519.0], [967.0, 739.0, 1065.0, 798.0]]",[],"[[225.0, 112.0, 317.0, 222.0], [424.0, 489.0, 530.0, 646.0], [564.0, 553.0, 674.0, 705.0], [994.0, 495.0, 1142.0, 613.0]]",ORDER,0.0,0.0,"{""neutral"": 0.7394, ""fear"": 0.0935, ""anger"": 0.0667, ""surprise"": 0.0449, ""sadness"": 0.0342, ""disgust"": 0.0157, ""joy"": 0.0056}"
bp_3_391_0,"tell them to go to hell, honey.",[],"[[303.0, 420.0, 476.0, 520.0], [313.0, 557.0, 456.0, 647.0], [786.0, 495.0, 1042.0, 632.0], [837.0, 629.0, 971.0, 701.0], [483.0, 799.0, 642.0, 922.0]]",[],"[[512.0, 386.0, 696.0, 644.0], [151.0, 526.0, 287.0, 731.0], [1103.0, 553.0, 1172.0, 624.0], [1102.0, 550.0, 1178.0, 617.0], [190.0, 799.0, 284.0, 894.0]]",ORDER,0.0,0.0,"{""anger"": 0.659, ""disgust"": 0.2599, ""neutral"": 0.032, ""fear"": 0.0227, ""sadness"": 0.0207, ""surprise"": 0.0034, ""joy"": 0.0023}"
bp_3_391_0,"go to hell, you bastards.",[],"[[303.0, 420.0, 476.0, 520.0], [313.0, 557.0, 456.0, 647.0], [786.0, 495.0, 1042.0, 632.0], [837.0, 629.0, 971.0, 701.0], [483.0, 799.0, 642.0, 922.0]]",[],"[[512.0, 386.0, 696.0, 644.0], [151.0, 526.0, 287.0, 731.0], [1103.0, 553.0, 1172.0, 624.0], [1102.0, 550.0, 1178.0, 617.0], [190.0, 799.0, 284.0, 894.0]]",ORDER,0.0,0.0,"{""anger"": 0.8559, ""disgust"": 0.1157, ""neutral"": 0.0097, ""sadness"": 0.0088, ""fear"": 0.006, ""surprise"": 0.0022, ""joy"": 0.0017}"
bp_3_391_0,"i understand.you are of royal blood. you come from a long line of kings. your pride will not let you give in, despite the hopelessness of your situation.",[],"[[303.0, 420.0, 476.0, 520.0], [313.0, 557.0, 456.0, 647.0], [786.0, 495.0, 1042.0, 632.0], [837.0, 629.0, 971.0, 701.0], [483.0, 799.0, 642.0, 922.0]]",[],"[[512.0, 386.0, 696.0, 644.0], [151.0, 526.0, 287.0, 731.0], [1103.0, 553.0, 1172.0, 624.0], [1102.0, 550.0, 1178.0, 617.0], [190.0, 799.0, 284.0, 894.0]]",,-0.05,0.4,"{""sadness"": 0.9195, ""anger"": 0.044, ""neutral"": 0.0167, ""joy"": 0.0132, ""surprise"": 0.0033, ""disgust"": 0.0018, ""fear"": 0.0015}"
bp_3_391_0,do not worry though ...,[],"[[303.0, 420.0, 476.0, 520.0], [313.0, 557.0, 456.0, 647.0], [786.0, 495.0, 1042.0, 632.0], [837.0, 629.0, 971.0, 701.0], [483.0, 799.0, 642.0, 922.0]]",[],"[[512.0, 386.0, 696.0, 644.0], [151.0, 526.0, 287.0, 731.0], [1103.0, 553.0, 1172.0, 624.0], [1102.0, 550.0, 1178.0, 617.0], [190.0, 799.0, 284.0, 894.0]]",INFORM,0.0,0.0,"{""fear"": 0.533, ""neutral"": 0.3423, ""sadness"": 0.0496, ""surprise"": 0.0329, ""anger"": 0.0259, ""disgust"": 0.0095, ""joy"": 0.0068}"
bp_3_391_0,we have beeaten the pride out of greater kings than you.,[],"[[303.0, 420.0, 476.0, 520.0], [313.0, 557.0, 456.0, 647.0], [786.0, 495.0, 1042.0, 632.0], [837.0, 629.0, 971.0, 701.0], [483.0, 799.0, 642.0, 922.0]]",[],"[[512.0, 386.0, 696.0, 644.0], [151.0, 526.0, 287.0, 731.0], [1103.0, 553.0, 1172.0, 624.0], [1102.0, 550.0, 1178.0, 617.0], [190.0, 799.0, 284.0, 894.0]]",INFORM,0.5,0.5,"{""neutral"": 0.4588, ""disgust"": 0.2503, ""anger"": 0.2086, ""sadness"": 0.0471, ""joy"": 0.0211, ""surprise"": 0.0123, ""fear"": 0.0018}"
bp_3_391_1,"look at your wife, that collar neutralizes her powers, making them as useful as a bosom on a brood queen.",[],"[[55.0, 57.0, 280.0, 193.0], [276.0, 37.0, 459.0, 183.0]]",[],"[[158.0, 278.0, 327.0, 405.0], [157.0, 276.0, 325.0, 401.0]]",INFORM,0.3,0.0,"{""neutral"": 0.5769, ""disgust"": 0.1463, ""anger"": 0.1345, ""joy"": 0.062, ""surprise"": 0.0619, ""sadness"": 0.0151, ""fear"": 0.0033}"
bp_3_391_1,you have no more options. accept that you've lost. tell your people to stand down.,[],"[[55.0, 57.0, 280.0, 193.0], [276.0, 37.0, 459.0, 183.0]]",[],"[[158.0, 278.0, 327.0, 405.0], [157.0, 276.0, 325.0, 401.0]]",,-0.20277777777777778,0.3944444444444445,"{""sadness"": 0.7026, ""anger"": 0.2283, ""neutral"": 0.0469, ""fear"": 0.0092, ""joy"": 0.0046, ""disgust"": 0.0044, ""surprise"": 0.0041}"
bp_4_398_0,we lost her.my sword sister is gone.,[],"[[828.0, 28.0, 1044.0, 124.0]]",[],"[[824.0, 117.0, 936.0, 266.0]]",,0.0,0.0,"{""sadness"": 0.9517, ""surprise"": 0.0238, ""neutral"": 0.0153, ""anger"": 0.0034, ""disgust"": 0.0023, ""joy"": 0.0021, ""fear"": 0.0015}"
bp_4_398_3,"don't leave me, beloved.",[],"[[737.0, 22.0, 849.0, 80.0], [842.0, 77.0, 944.0, 102.0]]",[],"[[422.0, 58.0, 652.0, 314.0], [422.0, 58.0, 652.0, 311.0]]",ORDER,0.7,1.0,"{""sadness"": 0.8342, ""neutral"": 0.0858, ""anger"": 0.0445, ""fear"": 0.0131, ""disgust"": 0.0106, ""joy"": 0.0093, ""surprise"": 0.0024}"
bp_4_398_3,please...,[],"[[737.0, 22.0, 849.0, 80.0], [842.0, 77.0, 944.0, 102.0]]",[],"[[422.0, 58.0, 652.0, 314.0], [422.0, 58.0, 652.0, 311.0]]",NOT_CLASSIFIABLE,0.0,0.0,"{""neutral"": 0.7042, ""sadness"": 0.1332, ""disgust"": 0.0801, ""surprise"": 0.0285, ""fear"": 0.0256, ""anger"": 0.0249, ""joy"": 0.0034}"
bp_4_399_1,so tell me what do you know.,[],"[[285.0, 25.0, 430.0, 91.0], [316.0, 98.0, 541.0, 266.0]]",[],"[[46.0, 35.0, 280.0, 331.0], [388.0, 303.0, 570.0, 520.0]]",ORDER,0.0,0.0,"{""neutral"": 0.7815, ""surprise"": 0.0964, ""anger"": 0.0339, ""sadness"": 0.0322, ""joy"": 0.0262, ""fear"": 0.0217, ""disgust"": 0.0081}"
bp_4_399_1,"your task won't be easy. the tug of the afterlife is very strong. the longer one stays there, the more powerful its gravity.",[],"[[285.0, 25.0, 430.0, 91.0], [316.0, 98.0, 541.0, 266.0]]",[],"[[46.0, 35.0, 280.0, 331.0], [388.0, 303.0, 570.0, 520.0]]",,0.44916666666666666,0.8216666666666668,"{""neutral"": 0.7325, ""sadness"": 0.0951, ""anger"": 0.0786, ""surprise"": 0.0369, ""fear"": 0.0363, ""joy"": 0.0108, ""disgust"": 0.0099}"
bp_4_403_1,"life isn't a poem, my love.",[],"[[28.0, 22.0, 186.0, 103.0], [76.0, 112.0, 278.0, 172.0]]",[],"[[421.0, 21.0, 616.0, 301.0], [423.0, 18.0, 611.0, 298.0]]",INFORM,0.5,0.6,"{""neutral"": 0.6783, ""sadness"": 0.1847, ""surprise"": 0.0914, ""disgust"": 0.0147, ""joy"": 0.0144, ""anger"": 0.0101, ""fear"": 0.0064}"
bp_4_403_1,and this isn't a storybook...,[],"[[28.0, 22.0, 186.0, 103.0], [76.0, 112.0, 278.0, 172.0]]",[],"[[421.0, 21.0, 616.0, 301.0], [423.0, 18.0, 611.0, 298.0]]",INFORM,0.0,0.0,"{""surprise"": 0.4745, ""neutral"": 0.3757, ""sadness"": 0.0985, ""disgust"": 0.0263, ""anger"": 0.015, ""fear"": 0.0055, ""joy"": 0.0045}"
bp_4_403_5,you mean time for us to go home.,[],"[[980.0, 29.0, 1105.0, 137.0]]",[],"[[629.0, 3.0, 892.0, 227.0]]",YES-NO_QUESTION,-0.3125,0.6875,"{""neutral"": 0.7786, ""sadness"": 0.058, ""surprise"": 0.0579, ""joy"": 0.0375, ""anger"": 0.0333, ""disgust"": 0.0265, ""fear"": 0.0082}"
bp_4_405_1,my p.r.i.d.e. has uncovered some very disturbing links between the weapons used in the attack on me and an old friend of yours.,['princess regent inteligence division executives -editor'],"[[134.0, 20.0, 399.0, 178.0], [412.0, 130.0, 490.0, 191.0], [498.0, 99.0, 600.0, 177.0], [669.0, 352.0, 850.0, 447.0]]","[[384.0, 593.0, 629.0, 658.0]]","[[107.0, 191.0, 333.0, 466.0], [393.0, 230.0, 450.0, 299.0], [109.0, 189.0, 330.0, 465.0], [861.0, 349.0, 1077.0, 636.0]]",INFORM,-0.275,0.6,"{""fear"": 0.7863, ""anger"": 0.1278, ""sadness"": 0.0378, ""joy"": 0.0162, ""disgust"": 0.0154, ""surprise"": 0.0147, ""neutral"": 0.0018}"
bp_4_405_1,oh?who?,['princess regent inteligence division executives -editor'],"[[134.0, 20.0, 399.0, 178.0], [412.0, 130.0, 490.0, 191.0], [498.0, 99.0, 600.0, 177.0], [669.0, 352.0, 850.0, 447.0]]","[[384.0, 593.0, 629.0, 658.0]]","[[107.0, 191.0, 333.0, 466.0], [393.0, 230.0, 450.0, 299.0], [109.0, 189.0, 330.0, 465.0], [861.0, 349.0, 1077.0, 636.0]]",,0.0,0.0,"{""surprise"": 0.9669, ""anger"": 0.0093, ""neutral"": 0.0065, ""disgust"": 0.0057, ""fear"": 0.0056, ""sadness"": 0.0033, ""joy"": 0.0026}"
bp_4_405_1,prince namor.,['princess regent inteligence division executives -editor'],"[[134.0, 20.0, 399.0, 178.0], [412.0, 130.0, 490.0, 191.0], [498.0, 99.0, 600.0, 177.0], [669.0, 352.0, 850.0, 447.0]]","[[384.0, 593.0, 629.0, 658.0]]","[[107.0, 191.0, 333.0, 466.0], [393.0, 230.0, 450.0, 299.0], [109.0, 189.0, 330.0, 465.0], [861.0, 349.0, 1077.0, 636.0]]",FEEDBACK,0.0,0.0,"{""neutral"": 0.9398, ""sadness"": 0.0168, ""surprise"": 0.0154, ""joy"": 0.0107, ""disgust"": 0.0069, ""fear"": 0.0058, ""anger"": 0.0046}"
bp_4_405_1,shuri... tell me everything.,['princess regent inteligence division executives -editor'],"[[134.0, 20.0, 399.0, 178.0], [412.0, 130.0, 490.0, 191.0], [498.0, 99.0, 600.0, 177.0], [669.0, 352.0, 850.0, 447.0]]","[[384.0, 593.0, 629.0, 658.0]]","[[107.0, 191.0, 333.0, 466.0], [393.0, 230.0, 450.0, 299.0], [109.0, 189.0, 330.0, 465.0], [861.0, 349.0, 1077.0, 636.0]]",ORDER,0.0,0.0,"{""neutral"": 0.8107, ""surprise"": 0.1122, ""anger"": 0.0253, ""sadness"": 0.0179, ""fear"": 0.016, ""joy"": 0.0106, ""disgust"": 0.0074}"
