img_id,dialog,narration,dialog_bounding_boxes,narration_bounding_boxes,face_bounding_boxes
bp_0_0_0,['<INFORM perhaps queely fell easily to your blade-->'],"[""the black panther's superb agility keeps him alive until he's in position to counter-attack...""]","[[4.0, 107.0, 199.0, 160.0]]","[[2.0, 3.0, 251.0, 101.0]]","[[41.0, 176.0, 214.0, 315.0]]"
bp_0_0_3,['<INFORM -- but you will find the panther a most uncooperative target!>'],"['then, with cobra-speed, the black panther strikes back!']","[[6.0, 56.0, 277.0, 121.0]]","[[6.0, 6.0, 344.0, 51.0]]","[[83.0, 180.0, 200.0, 281.0]]"
bp_0_100_0,"['<INFORM i am honored by this gathering of royal panthers!> <INFORM destiny demands that one of you must take command of a dangerous situation!>', ""<INFORM i'm involved in high finance, n'gass!> <YES-NO_QUESTION can you possibly imagine me dashing about with spear and shield?>"", ""<INFORM i hear we've been summoned to deal with some provincial demon!>"", ""<FEEDBACK it's something like that!>"", '<FEEDBACK a local prankster, no doubt!>']",[],"[[11.0, 7.0, 185.0, 167.0], [248.0, 6.0, 432.0, 130.0], [557.0, 8.0, 757.0, 74.0], [779.0, 9.0, 875.0, 83.0], [669.0, 319.0, 807.0, 373.0]]",[],"[[201.0, 59.0, 256.0, 111.0], [352.0, 125.0, 402.0, 178.0], [496.0, 10.0, 557.0, 66.0], [619.0, 96.0, 724.0, 206.0], [750.0, 99.0, 844.0, 273.0]]"
bp_0_100_2,"[""<INFORM the demon is real indeed!> <INFORM and, in t'challa's absence, there must be a black panther at the helm in this crisis!>"", '<YES-NO_QUESTION are you suggesting that I fit this image of demon-fighter?!>']",[],"[[13.0, 9.0, 213.0, 122.0], [230.0, 6.0, 428.0, 89.0]]",[],"[[22.0, 139.0, 169.0, 321.0], [214.0, 93.0, 388.0, 261.0]]"
bp_0_101_0,"['<NOT_CLASSIFIABLE by the sacred panther fetish!>', '<GREET hail, cousin>', '<NOT_CLASSIFIABLE jakarra!>']",['suddenly...'],"[[112.0, 230.0, 208.0, 304.0], [624.0, 2.0, 816.0, 31.0], [778.0, 36.0, 885.0, 69.0]]","[[5.0, 4.0, 139.0, 31.0]]","[[0.0, 207.0, 106.0, 329.0], [344.0, 24.0, 439.0, 152.0], [779.0, 102.0, 837.0, 170.0]]"
bp_0_101_1,"[""<INFORM b-but this can't be jakarra --not this repellent creature!!>"", '<INFORM you see me as vibranium made me, zuni!>', ""<INFORM n'gassi told the truth! you won't stop him with band-aids, doctor!>""]",[],"[[5.0, 4.0, 126.0, 107.0], [140.0, 8.0, 252.0, 90.0], [59.0, 118.0, 224.0, 199.0]]",[],"[[23.0, 268.0, 68.0, 333.0], [260.0, 5.0, 435.0, 402.0], [97.0, 236.0, 141.0, 295.0]]"
bp_0_102_1,"[""<BACKCHANNEL wow...> <INFORM some smart alec is projecting hundred of images.> <INFORM my spider webs can't catch what's not real...> <WHY_QUESTION but how to tell which is the real villain?>""]",[],"[[6.0, 5.0, 460.0, 88.0]]",[],"[[118.0, 76.0, 157.0, 118.0]]"
bp_0_104_3,"[""<INFORM i'd still be airborne and in sight of wakanda territory if i hadn't chanced upon this spoiler!>"", '<INFORM he caused the wreck of my helicopter!*>']",['*last issue-- jack.'],"[[2.0, 6.0, 232.0, 98.0], [274.0, 12.0, 420.0, 117.0]]","[[117.0, 403.0, 342.0, 433.0]]","[[138.0, 147.0, 202.0, 229.0], [141.0, 148.0, 202.0, 227.0]]"
bp_0_105_1,"['<NOT_CLASSIFIABLE yet,> <WHY_QUESTION who will fight harder for his life than the wakandan warrior...though his body is taken from him cell by cell, his spirit yields no ground to the demons of darkness!>']",[],"[[27.0, 5.0, 420.0, 90.0]]",[],"[[114.0, 120.0, 254.0, 246.0]]"
bp_0_107_4,"[""<INFORM don't scoff at a clown until you catch his entire act!>"", ""<NOT_CLASSIFIABLE devious dog!> <COMMIT i'll crush you and that device to pulp!>""]",[],"[[3.0, 5.0, 160.0, 110.0], [196.0, 10.0, 432.0, 102.0]]",[],"[[-1.0, -1.0, -1.0, -1.0], [256.0, 200.0, 393.0, 304.0]]"
bp_0_108_3,"['<INFORM death will be swift, zuni!> <INFORM that disguise can neither hide you nor spare you!>', ""<ORDER keep him at bay, cousin!> <INFORM i'm almost ready!>"", ""<FEEDBACK that's small comfort, dolt!> <INFORM he's tearing my arms off!>""]",[],"[[5.0, 3.0, 154.0, 107.0], [174.0, 2.0, 294.0, 88.0], [299.0, 1.0, 429.0, 93.0]]",[],"[[24.0, 107.0, 107.0, 187.0], [214.0, 85.0, 269.0, 143.0], [333.0, 80.0, 419.0, 147.0]]"
bp_0_109_4,"['<YES-NO_QUESTION joshua itobo, are you injured?>', '<FEEDBACK it seems impossible that any of us should have survived!>']",['a moment of stunned silence follows the fading echoes of violence...'],"[[9.0, 51.0, 193.0, 94.0], [206.0, 52.0, 418.0, 123.0]]","[[3.0, 7.0, 433.0, 45.0]]","[[-1.0, -1.0, -1.0, -1.0], [358.0, 112.0, 435.0, 208.0]]"
bp_0_109_5,"['<INFORM but we did!><INFORM  your plan was perfection itself!>', '<INFORM it was an act of madness, carried out by four unfit for battle!>', '<INFORM you mean four of will and courage!>']",[],"[[2.0, 7.0, 153.0, 78.0], [171.0, 8.0, 309.0, 127.0], [318.0, 19.0, 432.0, 98.0]]",[],"[[62.0, 83.0, 128.0, 144.0], [154.0, 113.0, 212.0, 186.0], [354.0, 108.0, 415.0, 169.0]]"
bp_0_10_5,"[""<INFORM he can't keep his eye on all off us!!><ORDER pick him off with a careful shot!!>"", ""<FEEDBACK he moves like a jungle cat, highness, but i'll do my best!>""]",[],"[[3.0, 2.0, 226.0, 88.0], [254.0, 4.0, 449.0, 84.0]]",[],"[[31.0, 145.0, 182.0, 347.0], [233.0, 115.0, 433.0, 270.0]]"
bp_0_110_0,"[""<INFORM i don't know what possessed me to call upon the ruling family in this crisis!> <ORDER look at these expenditures!> <INFORM costumes-- smoke guns-- chemicals-- adhesive-->"", ""<INFORM they've been very secretive these past days.>""]","[""meanwhile, in the administrative office of n'gassi, who governs in t'challa's absence...""]","[[5.0, 70.0, 234.0, 260.0], [263.0, 51.0, 430.0, 111.0]]","[[3.0, 5.0, 433.0, 67.0]]","[[194.0, 129.0, 236.0, 178.0], [369.0, 105.0, 419.0, 158.0]]"
bp_0_110_4,"['<INFORM how i wish for his swift return!>', '<INFORM there has been fighting in the streets!> <NOT_CLASSIFIABLE perhaps the militia has finally finished jakarra!>', ""<INFORM we'd have had the news at this hour, noble one...>""]",[],"[[9.0, 3.0, 187.0, 43.0], [13.0, 59.0, 189.0, 151.0], [243.0, 5.0, 363.0, 85.0]]",[],"[[260.0, 163.0, 321.0, 225.0], [259.0, 162.0, 319.0, 218.0], [348.0, 83.0, 386.0, 139.0]]"
bp_0_111_0,"[""<FEEDBACK wrong, n'gassi!> <INFORM your unlikely candidates for t'challa's job have done his work!>"", '<INFORM we are proud to say that the task was accomplished with high risk and minimal injury.>', ""<INFORM joshus itobo refers to my backside... it's really too well padded to suffer badly in a fall!>"", ""<FEEDBACK in short, you old leopard..> <INFORM we've brought in jakarra! and put an end to his rampage!>""]",[],"[[4.0, 2.0, 247.0, 114.0], [252.0, 61.0, 451.0, 179.0], [451.0, 5.0, 693.0, 119.0], [706.0, 7.0, 879.0, 141.0]]",[],"[[107.0, 77.0, 236.0, 234.0], [285.0, 219.0, 408.0, 339.0], [486.0, 105.0, 594.0, 220.0], [727.0, 130.0, 853.0, 261.0]]"
bp_0_111_3,"['<ORDER behold, wise one!> <INFORM the riddle of jakarra is now ours to solve without danger to others!>', ""<FEEDBACK there's only one way to solve this!> <INFORM he must be destroyed at once--!>""]",[],"[[0.0, 2.0, 203.0, 104.0], [241.0, 11.0, 428.0, 89.0]]",[],"[[92.0, 167.0, 157.0, 240.0], [249.0, 133.0, 349.0, 222.0]]"
bp_0_111_4,"[""<INFORM it's the rulling family--!>"", '<FEEDBACK optimists!> <INFORM they greet the panther in triumph not yet achieved!>']",['suddenly upon entering...'],"[[10.0, 61.0, 107.0, 123.0], [283.0, 4.0, 415.0, 110.0]]","[[3.0, 2.0, 164.0, 41.0]]","[[5.0, 144.0, 79.0, 361.0], [295.0, 238.0, 428.0, 430.0]]"
bp_0_112_0,"[""<YES-NO_QUESTION you mean he isn't on of us?> <WHY_QUESTION but, that costume?>"", '<FEEDBACK costume, shmostume!> <INFORM i found him crawlong in the desert -- almost dying of fatigue!>', ""<FEEDBACK that goes double for his friend--><INFORM the guy's not only dehydrated but wounded as well.>"", ""<POLITENESS_FORMULA poor man!> <INFORM drink some more of this cold milk--it's very refreshing...>"", ""<THANK thank you, miss...> <POLITENESS_FORMULA you're very kind...>""]","['meanwhile, in the area known as the sudan...']","[[6.0, 52.0, 196.0, 108.0], [243.0, 38.0, 480.0, 107.0], [635.0, 5.0, 864.0, 75.0], [716.0, 83.0, 878.0, 200.0], [755.0, 470.0, 887.0, 530.0]]","[[6.0, 6.0, 242.0, 47.0]]","[[73.0, 122.0, 200.0, 273.0], [227.0, 137.0, 348.0, 229.0], [514.0, 23.0, 605.0, 127.0], [645.0, 163.0, 742.0, 284.0], [522.0, 371.0, 625.0, 479.0]]"
bp_0_113_4,"[""<FEEDBACK but, we've been instucted to keep you here!><WHY_QUESTION why not relax and watch us shoot this film.>"", ""<INFORM by the sacred panther --you've created another world in this desert!><INFORM it's fantactic!>""]",[],"[[2.0, 4.0, 310.0, 70.0], [197.0, 84.0, 392.0, 179.0]]",[],"[[-1.0, -1.0, -1.0, -1.0], [48.0, 86.0, 424.0, 418.0]]"
bp_0_114_1,"['<INFORM as you can see, we lean heavily on costumes and specialized equipment!>', ""<INFORM i like your fleet of trucks and jeeps.> <INFORM that's a fair-sized motor pool.>""]",[],"[[25.0, 2.0, 206.0, 92.0], [254.0, 6.0, 429.0, 86.0]]",[],"[[105.0, 101.0, 152.0, 142.0], [209.0, 90.0, 244.0, 130.0]]"
bp_0_116_0,"['<INFORM jiru merely voices my own fears!> <INFORM this is not a common patient-- but an unknown force of mounting power!>', ""<FEEDBACK that's true...> <INFORM there are definite signs of a rising energy level!>"", ""<YES-NO_QUESTION don't you see?> <INFORM jakarra is no longer human!>""]",[],"[[7.0, 5.0, 163.0, 159.0], [190.0, 4.0, 410.0, 73.0], [263.0, 62.0, 433.0, 139.0]]",[],"[[29.0, 179.0, 125.0, 315.0], [142.0, 129.0, 283.0, 282.0], [315.0, 130.0, 419.0, 256.0]]"
bp_0_116_4,"['<ORDER i say destroy him before he regains his senses!>', ""<FEEDBACK you forget that i'm a doctor, n'gassi!> <INFORM i cannot take a life!>"", '<INFORM let him live--and we all die!>']",['at that very moment...'],"[[6.0, 35.0, 161.0, 105.0], [257.0, 19.0, 430.0, 107.0], [270.0, 110.0, 432.0, 154.0]]","[[5.0, 2.0, 245.0, 30.0]]","[[12.0, 112.0, 60.0, 161.0], [201.0, 108.0, 252.0, 159.0], [324.0, 133.0, 382.0, 190.0]]"
bp_0_117_2,"[""<INFORM mighty t'challa would never have staked the lives of his people on such a foolish hope!>"", '<COMMIT we must prepare for possible disaster!>', ""<FEEDBACK i believe you're overdramatizing the risks, n'gassi!> <COMMIT i'll keep him under control until a cure is found.>""]",[],"[[3.0, 3.0, 206.0, 94.0], [98.0, 103.0, 210.0, 202.0], [217.0, 6.0, 428.0, 110.0]]",[],"[[216.0, 206.0, 252.0, 260.0], [218.0, 206.0, 253.0, 262.0], [280.0, 225.0, 319.0, 261.0]]"
bp_0_119_3,"[""<INFORM i didn't expect this kind of pursuit...><INFORM but it may be more to my advantage than thiers.>""]",[],"[[15.0, 1.0, 318.0, 75.0]]",[],"[[263.0, 56.0, 351.0, 137.0]]"
bp_0_119_5,['<INFORM i am your prisoner!> <ORDER come and get me!>'],[],"[[84.0, 8.0, 208.0, 80.0]]",[],"[[110.0, 108.0, 150.0, 154.0]]"
bp_0_11_2,['<POLITENESS_FORMULA sorry about this!>'],"['risking swift disintegration, the black panther leaps outward and strikes hard with unmatched speed!']","[[6.0, 138.0, 77.0, 214.0]]","[[5.0, 5.0, 423.0, 114.0]]","[[80.0, 154.0, 164.0, 228.0]]"
bp_0_120_0,"[""<ORDER surrender to us!> <INFORM you're our prisoner!>"", '<FEEDBACK that remains to be seen, gentlemen-->', ""<INFORM if the sudanese authorities want me for questioning, they'll have to wait for a more favorable time!>"", ""<FEEDBACK don't be a fool!> <INFORM we can shoot you for resisting arrest!>""]","['and, it is written in the sacred records of the wakandas, that there will come a day when a self-defiled creature of power shall enter the great vibranium mound and cause a never-ending sound of doom! on that day--']","[[76.0, 283.0, 286.0, 396.0], [350.0, 236.0, 517.0, 308.0], [532.0, 235.0, 680.0, 420.0], [758.0, 572.0, 875.0, 738.0]]","[[13.0, 11.0, 873.0, 69.0]]","[[13.0, 423.0, 100.0, 500.0], [331.0, 378.0, 422.0, 520.0], [329.0, 377.0, 419.0, 518.0], [551.0, 524.0, 701.0, 658.0]]"
bp_0_121_2,['<INFORM to shot the black panther is to strike at the wind!>'],[],"[[5.0, 5.0, 177.0, 97.0]]",[],"[[104.0, 89.0, 183.0, 203.0]]"
bp_0_122_5,"['<INFORM those two will blister the air with some choice phrases when they awaken!>', ""<INFORM but i'll be well out of earshot when that moment comes!>""]",[],"[[4.0, 7.0, 181.0, 107.0], [266.0, 9.0, 420.0, 104.0]]",[],"[[222.0, 17.0, 289.0, 104.0], [222.0, 15.0, 287.0, 101.0]]"
bp_0_123_0,"[""<INFORM he's gone!> <INFORM jakarra's broken out of his fortified chamber!>"", '<INFORM the cursed one has the power of fifty men!>', ""<INFORM i tried to warn the rulling family!> <INFORM but, they wouldn't listen!>"", '<FEEDBACK their disdain for the old ways have opened the door to disaster!> <NOT_CLASSIFIABLE i pray that we have the force to stop this demon!>', '<INFORM the militia will do its best!>']","['meanwhile, in the hidden domain of the panther cult...']","[[7.0, 51.0, 226.0, 129.0], [8.0, 132.0, 154.0, 206.0], [367.0, 3.0, 581.0, 75.0], [618.0, 2.0, 866.0, 104.0], [790.0, 91.0, 868.0, 190.0]]","[[6.0, 6.0, 308.0, 47.0]]","[[262.0, 54.0, 321.0, 109.0], [99.0, 166.0, 247.0, 384.0], [380.0, 81.0, 438.0, 153.0], [541.0, 69.0, 603.0, 131.0], [690.0, 102.0, 787.0, 228.0]]"
bp_0_123_2,"['<INFORM we should have disobeyed the ruling family and des-troyed that thing while it was in our hands! we should have destroyed it--!>', ""<FEEDBACK it's too late for hindsight,jiru!>""]",[],"[[0.0, 3.0, 316.0, 105.0], [317.0, 4.0, 426.0, 100.0]]",[],"[[5.0, 107.0, 177.0, 322.0], [184.0, 154.0, 428.0, 414.0]]"
bp_0_123_4,"['<ORDER stand by me, lady luck!> <INFORM a man needs you most when the road ahead looks clear!>']",[],"[[204.0, 7.0, 392.0, 106.0]]",[],"[[133.0, 85.0, 287.0, 254.0]]"
bp_0_124_3,"['<FEEDBACK no--not its slave--but its brother!> <INFORM he goes to become ""one"" with the great mound!>', ""<ORDER t'challa save us!> <ORDER that mustn't happen!>"", '<INFORM if he reaches it, the ancient warnings will come to pass!>']",[],"[[7.0, 1.0, 180.0, 153.0], [234.0, 2.0, 423.0, 65.0], [310.0, 65.0, 430.0, 185.0]]",[],"[[-1.0, -1.0, -1.0, -1.0], [249.0, 219.0, 298.0, 270.0], [381.0, 207.0, 432.0, 270.0]]"
bp_0_125_1,"['<INFORM when i gave the order to isolate jakarra for study, i knew there were risks involved -->', ""<INFORM -- but to kill him would've violated my oath as a doctor!>"", '<YES-NO_QUESTION did you also consider yout duty as a member of the ruling family?>']",[],"[[4.0, 4.0, 210.0, 119.0], [4.0, 122.0, 260.0, 191.0], [214.0, 6.0, 423.0, 104.0]]",[],"[[136.0, 222.0, 189.0, 267.0], [134.0, 224.0, 189.0, 269.0], [267.0, 109.0, 421.0, 394.0]]"
bp_0_125_3,"[""<INFORM the vibranium change has given jakarra a new advantage! ><INFORM he's invulnerable to our weapons!>"", ""<INFORM and that's not the only change!><ORDER watch his hands!>"", '<INFORM his palms are glowing like white got coals!>']",[],"[[10.0, 5.0, 294.0, 84.0], [134.0, 87.0, 284.0, 192.0], [300.0, 2.0, 427.0, 84.0]]",[],"[[-1.0, -1.0, -1.0, -1.0], [-1.0, -1.0, -1.0, -1.0], [-1.0, -1.0, -1.0, -1.0]]"
bp_0_126_1,"[""<INFORM from an intensive study of microscopic samples of jakarra's tissue, i was able to make a chemical breakdown of the vibranium infection!>""]",[],"[[157.0, 5.0, 429.0, 129.0]]",[],"[[6.0, 7.0, 151.0, 142.0]]"
bp_0_126_3,"[""<INFORM you're also ruling panthers!> <INFORM --and despite this fact, you must move while hope remains!>"", ""<FEEDBACK that's the good news!> <INFORM we've got one slim chance to avert this catastrophe: my anti-sonic toxin!!>""]",[],"[[4.0, 6.0, 205.0, 124.0], [217.0, 3.0, 420.0, 151.0]]",[],"[[15.0, 138.0, 129.0, 293.0], [192.0, 143.0, 388.0, 364.0]]"
bp_0_128_3,"['<ORDER open your granite jaws, great pather! -- ><ORDER and take a wandering cub to the safety of your heart!>']","[""t'challa transmits a radio signal on a frequency given only to wakandan pilots...""]","[[3.0, 96.0, 199.0, 240.0]]","[[2.0, 5.0, 246.0, 81.0]]","[[139.0, 279.0, 151.0, 287.0]]"
bp_0_129_0,"['<ORDER keep moving!><ORDER keep moving!><INFORM the militia must have room to maneuver!>', ""<INFORM they'll never stop jakarra!>"", ""<ORDER hurry, children!><INFORM he's comming this way>"", '<INFORM the black panther should be here!><WHY_QUESTION where is he when his people have need of his mighty arm!??>']","[""but t'challa is unaware of the desperate situation that lies before him...""]","[[4.0, 52.0, 186.0, 142.0], [202.0, 124.0, 343.0, 181.0], [384.0, 45.0, 500.0, 166.0], [610.0, 7.0, 848.0, 93.0]]","[[2.0, 3.0, 459.0, 45.0]]","[[43.0, 148.0, 104.0, 196.0], [226.0, 191.0, 256.0, 219.0], [384.0, 157.0, 442.0, 224.0], [519.0, 169.0, 563.0, 211.0]]"
bp_0_129_1,"['<INFORM never mind those civilians!> <ORDER get the special squad up here on the double!>', ""<FEEDBACK they're ready!> <ORDER stand back-- let them do their job!>""]",[],"[[7.0, 5.0, 225.0, 104.0], [233.0, 3.0, 431.0, 104.0]]",[],"[[-1.0, -1.0, -1.0, -1.0], [312.0, 137.0, 432.0, 307.0]]"
bp_0_12_0,"[""<FEEDBACK very well!> <INFORM you've taken the gun!> <ORDER now use it!> <ORDER use it on him before it's too late!!>"", ""<FEEDBACK no!><INFORM we've got to face this as civilized human beings!>""]",[],"[[12.0, 10.0, 292.0, 124.0], [365.0, 11.0, 565.0, 103.0]]",[],"[[92.0, 173.0, 275.0, 379.0], [329.0, 116.0, 550.0, 353.0]]"
bp_0_12_2,"['<INFORM you must be joking!> <INFORM he looks upon us as we regard pet monkeys!>', ""<INFORM it's a gap we'll have to narrow somehow!> <INFORM we've got to send him back to his own time!>"", '<INFORM and there is only one way to do it!>']",[],"[[10.0, 10.0, 240.0, 131.0], [305.0, 6.0, 568.0, 161.0], [292.0, 152.0, 530.0, 244.0]]",[],"[[-1.0, -1.0, -1.0, -1.0], [3.0, 168.0, 575.0, 578.0], [3.0, 172.0, 575.0, 578.0]]"
bp_0_12_3,"['<INFORM it\'s a man, all right!><INFORM --a man from the ""sixth era""-- wherever that may be in time!>', ""<INFORM he's man as he will be in the far distant future -- all brain!>"", ""<FEEDBACK then, that's the spot to shoot at!>""]",[],"[[20.0, 2.0, 492.0, 82.0], [226.0, 96.0, 412.0, 266.0], [437.0, 62.0, 575.0, 163.0]]",[],"[[80.0, 101.0, 229.0, 319.0], [85.0, 105.0, 230.0, 319.0], [415.0, 202.0, 482.0, 276.0]]"
bp_0_131_0,"[""<INFORM t'challa--! it's t'challa!>"", ""<COMMIT i'll take over now!>"", '<WHY_QUESTION but what are you going to do?>', '<COMMIT we want to help!>']",['suddenly...'],"[[31.0, 36.0, 181.0, 118.0], [491.0, 9.0, 602.0, 44.0], [669.0, 10.0, 797.0, 58.0], [812.0, 11.0, 871.0, 78.0]]","[[5.0, 6.0, 133.0, 34.0]]","[[216.0, 41.0, 268.0, 96.0], [387.0, 23.0, 455.0, 112.0], [652.0, 33.0, 694.0, 86.0], [787.0, 61.0, 830.0, 121.0]]"
bp_0_131_1,"['<FEEDBACK you know what will happen if he reaches the mound!>', '<INFORM i know what will happen if we reach him!>', ""<FEEDBACK well, we can't stay here and do nothing!>""]",[],"[[10.0, 10.0, 128.0, 92.0], [138.0, 10.0, 270.0, 75.0], [295.0, 6.0, 440.0, 79.0]]",[],"[[13.0, 217.0, 103.0, 307.0], [101.0, 134.0, 175.0, 201.0], [302.0, 53.0, 346.0, 88.0]]"
bp_0_131_2,"[""<ORDER you took the injector!> <ORDER return it to me, t'challa!><INFORM only i can use it properly--!>"", ""<FEEDBACK wrong, cousin!> <INFORM n'gassi briefed me on what you were up to!>""]",[],"[[2.0, 3.0, 167.0, 134.0], [173.0, 3.0, 387.0, 87.0]]",[],"[[-1.0, -1.0, -1.0, -1.0], [232.0, 65.0, 291.0, 142.0]]"
bp_0_132_4,"[""<INFORM now he's no longer human! a deadly thing to be dealt with at great risk!>""]",[],"[[2.0, 5.0, 181.0, 126.0]]",[],"[[178.0, 124.0, 248.0, 206.0]]"
bp_0_133_1,['<INFORM a giant shock wave will come next!>'],[],"[[299.0, 96.0, 422.0, 213.0]]",[],"[[-1.0, -1.0, -1.0, -1.0]]"
bp_0_133_4,"[""<INFORM i've got to--ugh!>""]",[],"[[50.0, 16.0, 180.0, 70.0]]",[],"[[62.0, 103.0, 155.0, 200.0]]"
bp_0_136_0,['<INFORM spirits of the ancestors-- one would almost think he wanted to be assaulted!>'],[],"[[0.0, 2.0, 203.0, 37.0]]",[],"[[71.0, 59.0, 135.0, 158.0]]"
bp_0_137_0,"[""<POLITENESS_FORMULA all right, mister--><ORDER  turn around, slow.> <INFORM we don't wanna hurt ya, we only want your money.>"", ""<ORDER c'mon, man-- hand it over!>"", '<FEEDBACK hey, levon-- the dude look like he want to put up a fight!>', ""<FEEDBACK young jackals,> <INFORM i have something to give you-- but it isn't money!>""]",[],"[[3.0, 2.0, 194.0, 81.0], [552.0, 4.0, 677.0, 43.0], [699.0, 7.0, 867.0, 74.0], [166.0, 357.0, 388.0, 430.0]]",[],"[[-1.0, -1.0, -1.0, -1.0], [-1.0, -1.0, -1.0, -1.0], [594.0, 131.0, 646.0, 187.0], [159.0, 111.0, 204.0, 163.0]]"
bp_0_138_2,"['<NOT_CLASSIFIABLE -- yes!> <INFORM klaw, the master of sound..><INFORM  my oldest and most deadly foe!>', ""<INFORM there's not a mark on him--> <INFORM but he seems to be in a coma!>"", ""<INFORM  that's not logical though.><INFORM  klaw can't be harmed by a mere gunshot!\n>""]",[],"[[4.0, 3.0, 155.0, 119.0], [6.0, 108.0, 148.0, 246.0], [233.0, 313.0, 432.0, 423.0]]",[],"[[-1.0, -1.0, -1.0, -1.0], [-1.0, -1.0, -1.0, -1.0], [-1.0, -1.0, -1.0, -1.0]]"
bp_0_141_5,"['<INFORM listen, jackie--you got the electronic know-how to build me the weapon i need!> <YES-NO_QUESTION you gonna build it, dig?>', '<FEEDBACK y-yes.>']",[],"[[4.0, 6.0, 196.0, 107.0], [125.0, 417.0, 191.0, 461.0]]",[],"[[5.0, 119.0, 82.0, 359.0], [96.0, 188.0, 197.0, 403.0]]"
bp_0_143_2,['<INFORM my country is not in the market for advisors -- either cuban or american! we merely wish to know -- the world outside!>'],[],"[[5.0, 6.0, 309.0, 85.0]]",[],"[[6.0, 93.0, 324.0, 433.0]]"
bp_0_143_4,['<WHY_QUESTION what should we tell the secretary?>'],[],"[[47.0, 2.0, 197.0, 62.0]]",[],"[[70.0, 115.0, 200.0, 283.0]]"
bp_0_144_2,"[""<NOT_CLASSIFIABLE well, t'challa...> <INFORM only in business a week, and i see you've already gotten some pretty high-powered visitors.>"", ""<FEEDBACK right.> <INFORM old aubrey pearson's one of cyrus vance's toughest negotiators.>"", '<INFORM oh he went pretty easy on me, cap.>']",[],"[[7.0, 5.0, 157.0, 127.0], [172.0, 5.0, 476.0, 58.0], [478.0, 6.0, 589.0, 53.0]]",[],"[[133.0, 100.0, 215.0, 211.0], [403.0, 84.0, 478.0, 182.0], [483.0, 79.0, 579.0, 174.0]]"
bp_0_144_3,"['<INFORM this way, ladies and gentlemen.>']",[],"[[6.0, 6.0, 119.0, 61.0]]",[],"[[94.0, 90.0, 159.0, 169.0]]"
bp_0_145_0,"['<INFORM fortunately, i can escape the pressures in my own way -- up here...>', ""<INFORM ... as far beyond telephones and meetings as i would be in africa's most remote jungle wilderness>"", ""<INFORM it's a shame that new york's inhabitants can't see their city from this perspective!><INFORM  it's so beautiful -- almost fragile looking!>""]",[],"[[495.0, 5.0, 861.0, 39.0], [701.0, 255.0, 868.0, 358.0], [368.0, 328.0, 709.0, 401.0]]",[],"[[665.0, 84.0, 680.0, 101.0], [667.0, 84.0, 679.0, 102.0], [669.0, 88.0, 682.0, 100.0]]"
bp_0_145_1,"[""<INFORM i can understand cap's misgivings.> <INFORM the danger posed by visionary leaders of great power is one of history's recurring lessons.>"", ""<INFORM for every mohammed or simon bolivar, there's been a hitler or attila.>""]","[""the avengers leave, and shortly, a sleek form takes to the city's rooftops.""]","[[5.0, 361.0, 285.0, 446.0], [336.0, 7.0, 498.0, 106.0]]","[[4.0, 4.0, 265.0, 54.0]]","[[93.0, 158.0, 121.0, 177.0], [314.0, 193.0, 357.0, 224.0]]"
bp_0_145_5,['<ORDER wait!><INFORM  one of those people...>'],[],"[[66.0, 4.0, 158.0, 70.0]]",[],"[[2.0, 119.0, 143.0, 450.0]]"
bp_0_149_0,"['<YES-NO_QUESTION and the shockwave from the bullet put him into this statis, eh?>', ""<INFORM it's a theory.> <INFORM the experts in wakanda will make the final analysis!>"", '<YES-NO_QUESTION in wakanda?> <YES-NO_QUESTION after all these years you want to take him back there?>', ""<NOT_CLASSIFIABLE yes!> <NOT_CLASSIFIABLE it's about time!> <INFORM wakandan scientists will find a way to revive klaw, and he can stand trial...>""]",[],"[[156.0, 1.0, 310.0, 114.0], [5.0, 311.0, 176.0, 423.0], [403.0, 2.0, 601.0, 79.0], [613.0, 4.0, 874.0, 74.0]]",[],"[[291.0, 26.0, 385.0, 143.0], [24.0, 1.0, 165.0, 141.0], [300.0, 26.0, 380.0, 144.0], [538.0, 74.0, 860.0, 390.0]]"
bp_0_14_3,"['<INFORM Here it is, you insufferable little pipsqueak!> <INFORM my men should have aimed at this, insted of your chest!>', '<NOT_CLASSIFIABLE princess zanda!> <INFORM so--you and your scurrilous knaves were waiting in ambush for us!>']",[],"[[5.0, 7.0, 232.0, 175.0], [337.0, 4.0, 557.0, 137.0]]",[],"[[-1.0, -1.0, -1.0, -1.0], [342.0, 192.0, 476.0, 359.0]]"
bp_0_154_0,"[""<INFORM my shield seems to have no effect on it!> <WHY_QUESTION what's this creature made of?!>"", ""<ORDER get away, t'challa--> <ORDER warn the avengers!>"", ""<FEEDBACK you're wrong about your shield, cap--> <INFORM it made the monster release me!>*""]","['if the panther were to reply, the answer would seem unbelievable!', 'as it is, the jungle king is too busy trying to think of a way to defeat a beast made of pure solidified sound!', '* b. p. # 14 -- r.']","[[11.0, 4.0, 198.0, 88.0], [771.0, 7.0, 881.0, 79.0], [767.0, 483.0, 877.0, 625.0]]","[[5.0, 277.0, 168.0, 365.0], [461.0, 4.0, 756.0, 88.0], [753.0, 628.0, 874.0, 650.0]]","[[321.0, 109.0, 383.0, 168.0], [669.0, 104.0, 745.0, 170.0], [649.0, 549.0, 683.0, 589.0]]"
bp_0_155_2,"[""<GREET fool!> <INFORM i don't need my soni-claw to defeat the likes of you!>""]",[],"[[233.0, 3.0, 405.0, 93.0]]",[],"[[314.0, 216.0, 351.0, 257.0]]"
bp_0_156_3,"[""<INFORM face it, avenger-- you're wearing down!> <INFORM not even your android body can withstand constant pounding sound assaults!>"", '<WHY_QUESTION perhabs --but how long can you sustain such and energy output?>']",['holding action...'],"[[3.0, 312.0, 251.0, 392.0], [260.0, 300.0, 379.0, 392.0]]","[[2.0, 0.0, 180.0, 17.0]]","[[101.0, 47.0, 158.0, 100.0], [182.0, 40.0, 236.0, 79.0]]"
bp_0_157_0,"['<INFORM as you can see, i am qeuipped to return force for force!>', '<FEEDBACK so-- you would use my own power against me!> <INFORM i am well acquainted with the uses of sonic feedback as a defensive weapon>', '<NOT_CLASSIFIABLE ... but let us see if you can defend yourself against this!>', ""<FEEDBACK spirits of the ancestors!> <INFORM klaw's strength is more than i'd expected>""]",[],"[[7.0, 5.0, 130.0, 110.0], [4.0, 244.0, 150.0, 433.0], [325.0, 599.0, 451.0, 751.0], [279.0, 789.0, 461.0, 878.0]]",[],"[[-1.0, -1.0, -1.0, -1.0], [209.0, 492.0, 253.0, 536.0], [207.0, 488.0, 254.0, 537.0], [81.0, 614.0, 220.0, 782.0]]"
bp_0_18_0,"[""<INFORM it's vanishing into the source from which it came!> <INFORM his brain!!>"", '<INFORM he was dreaming!>', '<INFORM and we were witness to it!>']",[],"[[5.0, 6.0, 383.0, 82.0], [416.0, 7.0, 580.0, 65.0], [439.0, 86.0, 654.0, 168.0]]",[],"[[89.0, 92.0, 162.0, 177.0], [215.0, 95.0, 313.0, 194.0], [563.0, 173.0, 645.0, 261.0]]"
bp_0_19_0,"['<ORDER finish the count ya bum!>', '<WHY_QUESTION how did you wall-crawler?>', ""<INFORM never mind the count!> <INFORM i'll finish the referee, alias the foe.>"", ""<INFORM you're the only ref i know know who can only count to two.>"", ""<INFORM so enjoy the fudgy icing while you can ref>... <INFORM because you're going from a ring to a square.> <INFORM a square witch bars on it.>"", 'thanks, web-puncher these hostess cup cakes are a knockout too.']",[],"[[252.0, 7.0, 399.0, 87.0], [188.0, 204.0, 332.0, 301.0], [434.0, 6.0, 654.0, 120.0], [436.0, 128.0, 620.0, 244.0], [690.0, 7.0, 1020.0, 141.0], [997.0, 9.0, 1181.0, 136.0]]",[],"[[364.0, 147.0, 418.0, 215.0], [319.0, 237.0, 465.0, 384.0], [537.0, 215.0, 655.0, 371.0], [538.0, 216.0, 655.0, 367.0], [841.0, 127.0, 974.0, 302.0], [1030.0, 117.0, 1185.0, 306.0]]"
bp_0_20_0,"['<BACKCHANNEL oh,> <INFORM well .. I suppose I demonstrated that courage is not lacking in the twentieth century man!>', '<BACKCHANNEL huh!> <INFORM I wonder what your chances would have been had that thing regained its senses!>', ""<ORDER enough, you to!> <INFORM we've got to make the most of each.> <INFORM minute!> <INFORM there are dicisions to be made! ><INFORM there's work to be done!!>""]",['when mister little overcomes his shock...'],"[[9.0, 66.0, 308.0, 181.0], [324.0, 6.0, 539.0, 185.0], [694.0, 2.0, 968.0, 195.0]]","[[6.0, 4.0, 321.0, 53.0]]","[[215.0, 187.0, 420.0, 429.0], [544.0, 62.0, 632.0, 201.0], [975.0, 3.0, 1176.0, 326.0]]"
bp_0_21_0,"[""<INFORM that creature wouldn't be on our hands if it weren't for zanda's meddling -- and her insatiable greed!!>"", ""<NOT_CLASSIFIABLE you horrible little ant!> <NOT_CLASSIFIABLE when this is over -- i'll -- i'll --!!>"", ""<ORDER save it!> <INFORM we're gliding into africa!!>""]",[],"[[9.0, 8.0, 226.0, 139.0], [231.0, 9.0, 460.0, 71.0], [268.0, 86.0, 375.0, 183.0]]",[],"[[-1.0, -1.0, -1.0, -1.0], [117.0, 149.0, 215.0, 247.0], [-1.0, -1.0, -1.0, -1.0]]"
bp_0_21_2,"[""<NOT_CLASSIFIABLE you must have read your map wrong!> <INFORM we'll crash into that mountain wall> <NOT_CLASSIFIABLE if i don't pull up the nose of this plane>"", ""<FEEDBACK no! i'm never wrong!>"", '<INFORM it is imperative that we maintain this precise altitude!>']","['suddenly, the sky is blotted out by a great wall of granite which looms in the path of the onrushing multi-plane...']","[[10.0, 275.0, 201.0, 462.0], [336.0, 318.0, 455.0, 384.0], [303.0, 385.0, 455.0, 513.0]]","[[29.0, 23.0, 406.0, 102.0]]","[[-1.0, -1.0, -1.0, -1.0], [-1.0, -1.0, -1.0, -1.0], [-1.0, -1.0, -1.0, -1.0]]"
bp_0_22_3,"[""<INFORM we did it, by george!> <INFORM we're alive!>"", ""<INFORM you're infallible, mister little!>""]","['mister little, as always, proves himself right! At the moment of impact, the mountain wall slides open to receive the speeding craft within a huge stone corridor...']","[[127.0, 106.0, 211.0, 196.0], [291.0, 124.0, 417.0, 203.0]]","[[4.0, 4.0, 444.0, 98.0]]","[[-1.0, -1.0, -1.0, -1.0], [-1.0, -1.0, -1.0, -1.0]]"
bp_0_26_0,"['<INFORM as a collecting enthusiast, i bow to a clever but unscrupulous colleague!>', '<INFORM i lost five good mechanics before i learned the secret!>', ""<ORDER postpone the small talk! we've got to get on with the search!>""]",[],"[[7.0, 7.0, 191.0, 97.0], [59.0, 121.0, 207.0, 219.0], [338.0, 7.0, 455.0, 156.0]]",[],"[[103.0, 237.0, 170.0, 314.0], [223.0, 27.0, 291.0, 96.0], [302.0, 238.0, 464.0, 458.0]]"
bp_0_26_1,"[""<NOT_CLASSIFIABLE foolish fellow!> <INFORM you acted before i could warn you!> <INFORM king solomon's tomb is secured by complex forces>"", ""<FEEDBACK high voltage forces i'd say!> <INFORM if not for my protective gloves, i'd be dead at this moment!>""]",[],"[[9.0, 7.0, 205.0, 132.0], [240.0, 6.0, 448.0, 118.0]]",[],"[[12.0, 239.0, 118.0, 399.0], [184.0, 102.0, 319.0, 269.0]]"
bp_0_26_2,"[""<INFORM i-it's certainly dark in there-!>"", ""<INFORM i can't see a thing!>""]","['realizing the necessity for caution, the black panther slowly enters the adjoining chamber...']","[[290.0, 77.0, 458.0, 119.0], [363.0, 118.0, 436.0, 220.0]]","[[4.0, 5.0, 456.0, 65.0]]","[[105.0, 130.0, 344.0, 462.0], [103.0, 129.0, 342.0, 460.0]]"
bp_0_26_3,"[""<INFORM you fools are wasting precious time! that's and ancient wizards lock! i have one in my collection of rare artifacts!>"", ""<FEEDBACK that's fine, princess...> <YES-NO_QUESTION but, can you open it!?>"", ""<FEEDBACK a fair question...> <POLITENESS_FORMULA wouldn't you say so, my dear zanda?>""]",[],"[[17.0, 12.0, 206.0, 160.0], [302.0, 10.0, 429.0, 82.0], [344.0, 107.0, 444.0, 233.0]]",[],"[[21.0, 104.0, 101.0, 453.0], [227.0, 105.0, 302.0, 194.0], [301.0, 276.0, 397.0, 387.0]]"
bp_0_26_5,"[""<INFORM she did it!><INFORM the door is opening!><INFORM we've got it made!>"", '<ORDER well bless my stars!!><INFORM the lady is not without talent, after all!>']",[],"[[6.0, 6.0, 184.0, 85.0], [304.0, 1.0, 452.0, 128.0]]",[],"[[-1.0, -1.0, -1.0, -1.0], [-1.0, -1.0, -1.0, -1.0]]"
bp_0_27_4,"[""<ORDER it must be done!> <INFORM i've got to put this behemoth down!>""]",[],"[[293.0, 20.0, 448.0, 117.0]]",[],"[[182.0, 52.0, 299.0, 222.0]]"
bp_0_28_0,"[""<COMMIT i'll--eradicate--you!--like--vermin--!>"", '<BACKCHANNEL yeoow!!>']",['mister little backtracks slowly. then ne breaks into a run...'],"[[181.0, 41.0, 355.0, 99.0], [287.0, 102.0, 415.0, 135.0]]","[[7.0, 6.0, 455.0, 64.0]]","[[-1.0, -1.0, -1.0, -1.0], [-1.0, -1.0, -1.0, -1.0]]"
bp_0_28_2,"['<NOT_CLASSIFIABLE you-! you did -- this -- to -- me--! little animal--!>', '<INFORM i-it was only meant to calm you, sir-- so we could-- heh heh --communicate-!>', ""<FEEDBACK i'm afreaid he wasn't too thrilled by that reply!>""]",[],"[[5.0, 2.0, 170.0, 113.0], [220.0, 5.0, 456.0, 86.0], [275.0, 93.0, 438.0, 192.0]]",[],"[[-1.0, -1.0, -1.0, -1.0], [136.0, 67.0, 201.0, 129.0], [136.0, 66.0, 200.0, 129.0]]"
bp_0_28_3,"[""<INFORM the odds against the black panther are formidable!> <NOT_CLASSIFIABLE if he's defeated,> <INFORM we'll be trapped here-->"", ""<COMMIT it's time to take a risk!--> <INFORM an extremely chancy risk!--> <INFORM but, it could work in our favor!>""]",[],"[[55.0, 6.0, 359.0, 79.0], [199.0, 84.0, 422.0, 202.0]]",[],"[[138.0, 165.0, 277.0, 295.0], [137.0, 164.0, 274.0, 294.0]]"
bp_0_2_1,"[""<WHY_QUESTION what's this all about>, mister little? <INFORM i didn't pursue that man> <INFORM because i sense that his capture is certain> <INFORM -- because he's a frightened stranger among us.>"", ""<FEEDBACK because he's the real mccoy my boy!> <INFORM a living warrior plucked from antiquity and transplanted this century!>""]",[],"[[5.0, 2.0, 455.0, 83.0], [229.0, 113.0, 442.0, 245.0]]",[],"[[62.0, 109.0, 199.0, 258.0], [321.0, 289.0, 427.0, 361.0]]"
bp_0_30_0,['<ORDER get down. i said!>'],[],"[[18.0, 53.0, 185.0, 113.0]]",[],"[[411.0, 199.0, 480.0, 272.0]]"
bp_0_31_0,"[""<NOT_CLASSIFIABLE fools!> <INFORM they've only exchanged one form of danger for another...>"", ""<NOT_CLASSIFIABLE bothersome--fleas--!> <INFORM you--won't--escape--this--time!>"", '<YES-NO_QUESTION got any new ideas, mister little?> <INFORM we may only have time for one more!>', ""<ORDER w-we can't die, now!><INFORM --not when we're so close to our goal-!>""]",['but there is still another danger to be reckoned with! -- perhaps a greater menace anything the ancient past could unleash...'],"[[62.0, 138.0, 228.0, 246.0], [428.0, 1.0, 619.0, 86.0], [684.0, 4.0, 881.0, 81.0], [760.0, 103.0, 881.0, 181.0]]","[[2.0, 4.0, 326.0, 99.0]]","[[3.0, 267.0, 74.0, 346.0], [268.0, 43.0, 466.0, 297.0], [684.0, 130.0, 764.0, 205.0], [857.0, 204.0, 881.0, 265.0]]"
bp_0_31_1,"[""<INFORM i'll stop him!>"", '<NOT_CLASSIFIABLE zanda!!>', '<ORDER drop it and run!>', ""<INFORM he's got a disintegrator eye in the back of his head!>""]",['princess zanda suddenly datrs from hiding. she holds a large stone high above her head...'],"[[3.0, 74.0, 74.0, 138.0], [86.0, 85.0, 177.0, 118.0], [181.0, 75.0, 238.0, 152.0], [240.0, 73.0, 418.0, 148.0]]","[[5.0, 5.0, 410.0, 66.0]]","[[23.0, 243.0, 111.0, 324.0], [-1.0, -1.0, -1.0, -1.0], [-1.0, -1.0, -1.0, -1.0], [-1.0, -1.0, -1.0, -1.0]]"
bp_0_32_0,"['<INFORM the treasure!><COMMIT  nothing can keep me from it!>', ""<INFORM i-it's all there!>"", '<INFORM --for the taking!>', '<ORDER forget your greed!>', ""<INFORM if our friend here regains his full faculties, we're doomed!>""]","['it is a sight seen by few others in the course of passing centuries. although the survivors boasted of their claims to the marvels within the crypt, they soon joined their predecessors in death-- a fate destined for all defilers of the crypt! the black panther and his companions risk another blast to answer the irresistible attraction of the treasure...']","[[92.0, 814.0, 231.0, 920.0], [286.0, 637.0, 370.0, 711.0], [416.0, 664.0, 500.0, 739.0], [598.0, 785.0, 698.0, 861.0], [645.0, 828.0, 820.0, 923.0]]","[[4.0, 7.0, 759.0, 121.0]]","[[289.0, 827.0, 325.0, 861.0], [375.0, 706.0, 403.0, 732.0], [375.0, 706.0, 405.0, 734.0], [535.0, 786.0, 569.0, 827.0], [536.0, 789.0, 568.0, 823.0]]"
bp_0_32_1,['<INFORM Curse this thing from the ages to come!>'],"['even as it destroys the stone, the deadly disintegrating ray strikes a far wall and continues its terrifying work ...']","[[74.0, 357.0, 224.0, 443.0]]","[[5.0, 5.0, 461.0, 63.0]]","[[277.0, 399.0, 319.0, 438.0]]"
bp_0_33_0,"['<INFORM diamonds, pearls, jeweled crowns and cups of gold!> <INFORM there is enough treasure here to random a hundred kingdoms!>', '<FEEDBACK by the stars!> <INFORM each ertifact in this crypt is of priceless value!>', ""<YES-NO_QUESTION have you two gone mad!?> <YES-NO_QUESTION don't you realize that death is at our very heels!?>"", ""<INFORM we've got work to do-!>""]",[],"[[3.0, 3.0, 317.0, 102.0], [425.0, 5.0, 597.0, 129.0], [623.0, 4.0, 936.0, 76.0], [832.0, 68.0, 937.0, 128.0]]",[],"[[94.0, 91.0, 154.0, 149.0], [424.0, 122.0, 515.0, 275.0], [767.0, 53.0, 818.0, 124.0], [767.0, 52.0, 816.0, 123.0]]"
bp_0_33_3,"['<BACKCHANNEL ugh--!>', ""<ORDER let's make tracks!>""]",['a grim reminder comes a split second later! the chamber is rocked by a sharp explosion'],"[[142.0, 75.0, 216.0, 102.0], [293.0, 147.0, 380.0, 212.0]]","[[6.0, 4.0, 423.0, 63.0]]","[[79.0, 203.0, 136.0, 245.0], [372.0, 250.0, 463.0, 397.0]]"
bp_0_33_4,"[""<INFORM i-it ins't fair! that thing will destroy everything!>"", '<FEEDBACK not if we can find the twin to the brass frog mister little carries on his person!>']","['assisting hiw two stunned companions, the black panther retreats inte the inner recesses of the treasure chamber...']","[[45.0, 78.0, 202.0, 142.0], [244.0, 75.0, 446.0, 161.0]]","[[10.0, 6.0, 458.0, 65.0]]","[[-1.0, -1.0, -1.0, -1.0], [-1.0, -1.0, -1.0, -1.0]]"
bp_0_34_0,"['<INFORM we did it none too soon! there were only seconds to spare!>', '<INFORM flashing comets!! this was too close for comfort!!>', '<INFORM our lives meant nothing to him! we would have died like insects!>', ""<CLOSE let's face it. the man belonged to another time-- another place--! let's hope that he stays there!>""]",[],"[[6.0, 8.0, 176.0, 102.0], [4.0, 126.0, 109.0, 250.0], [186.0, 2.0, 349.0, 124.0], [392.0, 4.0, 620.0, 143.0]]",[],"[[47.0, 323.0, 201.0, 477.0], [47.0, 323.0, 201.0, 471.0], [134.0, 140.0, 218.0, 238.0], [359.0, 69.0, 490.0, 236.0]]"
bp_0_35_2,"[""<INFORM he's not going to make it!> <INFORM our only chance may be to run!>"", '<WHY_QUESTION what are you up to now!?>', ""<INFORM i'm testing another of these objects!> <ORDER don't interfere, princess zanda!>""]",[],"[[1.0, 1.0, 183.0, 79.0], [100.0, 80.0, 209.0, 181.0], [197.0, 2.0, 439.0, 95.0]]",[],"[[12.0, 103.0, 118.0, 225.0], [9.0, 102.0, 118.0, 223.0], [158.0, 94.0, 353.0, 318.0]]"
bp_0_35_3,['<FEEDBACK poor girl!> <INFORM no wonder shes shy and retiring!\t>'],[],"[[37.0, 26.0, 318.0, 129.0]]",[],"[[114.0, 296.0, 304.0, 554.0]]"
bp_0_36_0,"[""<YES-NO_QUESTION hasn't it sunk into your clouded minds that this plice is one big mine field?!!> <INFORM each ornament here may strike us with lethal force at any given moment!>"", '<ORDER each of us must help the others keep their head!>']",[],"[[9.0, 6.0, 366.0, 217.0], [289.0, 62.0, 387.0, 202.0]]",[],"[[85.0, 79.0, 314.0, 311.0], [85.0, 79.0, 314.0, 308.0]]"
bp_0_36_4,"[""<ORDER see here, young fellow!> <INFORM you've no right to snatch that artifact!> <INFORM it's mine -- by right of possession!>"", '<INFORM you two collectors have meddled enough with the objects in this tomb!>']",[],"[[5.0, 4.0, 171.0, 154.0], [284.0, 3.0, 425.0, 130.0]]",[],"[[12.0, 203.0, 195.0, 376.0], [203.0, 24.0, 304.0, 166.0]]"
bp_0_37_2,"[""<FEEDBACK yes, that's so!> <INFORM abner little is prone to the collector's syndrone but he does keep his word!>"", '<INFORM well, i made no such promise!> <INFORM i claim them as mine!>']",[],"[[4.0, 5.0, 191.0, 123.0], [200.0, 8.0, 403.0, 82.0]]",[],"[[14.0, 131.0, 148.0, 283.0], [290.0, 61.0, 403.0, 171.0]]"
bp_0_38_0,"['<INFORM there!> <INFORM it can be nothing more than the chariot itself!> <COMMIT if we can make it work...!>', '<FEEDBACK why not!> <INFORM everything works only too well in this tomb!>']","['with no choice but to blindly seek escape, the black panther obeys mister little and finds the chamber...']","[[4.0, 71.0, 176.0, 192.0], [229.0, 63.0, 444.0, 124.0]]","[[3.0, 3.0, 512.0, 58.0]]","[[50.0, 245.0, 95.0, 291.0], [168.0, 119.0, 215.0, 149.0]]"
bp_0_38_1,"[""<ORDER don't crowd me, mister little!> <INFORM i don't know what this thing can do!>"", '<INFORM if i push the wrong button, i could possibly blow us and this wagon to kingdom come!>', '<INFORM however, time is short!> <INFORM here we go!!>']",[],"[[5.0, 5.0, 148.0, 139.0], [183.0, 7.0, 424.0, 101.0], [311.0, 116.0, 431.0, 257.0]]",[],"[[34.0, 107.0, 309.0, 432.0], [37.0, 111.0, 308.0, 431.0], [37.0, 111.0, 308.0, 431.0]]"
bp_0_38_3,"['<INFORM the ancient builders were too proud to leave an inoperable object behind them!> <INFORM this thing is ready to run!> <INFORM i can sense it!>', '<INFORM there are just two hand bars with a button on each...>', '<ORDER push one of the buttons!>']",[],"[[11.0, 3.0, 222.0, 131.0], [259.0, 5.0, 424.0, 95.0], [313.0, 101.0, 424.0, 162.0]]",[],"[[24.0, 168.0, 108.0, 274.0], [212.0, 133.0, 293.0, 244.0], [348.0, 170.0, 421.0, 269.0]]"
bp_0_39_0,"[""<INFORM i pay my army of servitors well!> <INFORM they are always on hand when they're needed!>"", '<NOT_CLASSIFIABLE you-you scheming female!> <INFORM you intended to hijack whatever we found in the burial chamber!>']",[],"[[10.0, 0.0, 296.0, 81.0], [200.0, 90.0, 415.0, 207.0]]",[],"[[19.0, 55.0, 111.0, 156.0], [193.0, 267.0, 387.0, 430.0]]"
bp_0_3_3,"[""<ORDER but you must see this through, my friend!> <INFORM i don't intend to keep the brass frog.> <INFORM it must be returned to its original resting place--king solomon's burial chamber!!>"", ""<WHY_QUESTION w-what!?> <FEEDBACK you've gone crazy, mister little!> <INFORM an army of fools has died following that fairy tale!!>""]",[],"[[12.0, 9.0, 311.0, 131.0], [275.0, 246.0, 457.0, 366.0]]",[],"[[-1.0, -1.0, -1.0, -1.0], [-1.0, -1.0, -1.0, -1.0]]"
bp_0_3_4,['<INFORM ah i feel better already!> <INFORM now for a brisk walk to calm my jangled nerves!>'],[],"[[16.0, 35.0, 328.0, 160.0]]",[],"[[187.0, 233.0, 254.0, 295.0]]"
bp_0_40_0,"['<YES-NO_QUESTION is something wrong with the chariot?>', ""<FEEDBACK yes...><WHY_QUESTION what's all this pushing and shoving about?> <YES-NO_QUESTION have you gone mad!?>"", ""<INFORM this old tub is making engine noises i don't like!> <ORDER now follow the princess!> <CLOSE there's not much time!>""]",[],"[[283.0, 12.0, 465.0, 94.0], [520.0, 30.0, 703.0, 152.0], [716.0, 10.0, 881.0, 179.0]]",[],"[[-1.0, -1.0, -1.0, -1.0], [425.0, 104.0, 517.0, 205.0], [673.0, 265.0, 780.0, 353.0]]"
bp_0_40_3,"['<FEEDBACK this is some kinda trick!>', '<INFORM if what i suspect is true... this may be my last one!>']",[],"[[4.0, 19.0, 90.0, 125.0], [140.0, 4.0, 328.0, 81.0]]",[],"[[-1.0, -1.0, -1.0, -1.0], [186.0, 96.0, 245.0, 174.0]]"
bp_0_41_0,"[""<INFORM i've had a fantastic time in your company, mister little, but i think it's time that i moved on to other pursuits.>"", ""<YES-NO_QUESTION does princess zanda know that you're checking out of these plush diggings?>""]","['days later, at the royal palace in the exotic capital of narobia...']","[[397.0, 7.0, 642.0, 100.0], [684.0, 7.0, 864.0, 93.0]]","[[8.0, 4.0, 215.0, 79.0]]","[[229.0, 0.0, 359.0, 51.0], [581.0, 134.0, 640.0, 199.0]]"
bp_0_42_0,"['<INFORM hundreds of years ago, his clan was driven into exile to an area so remote it was not discovered until this day!> <INFORM the capture of the samurai by one of my raiding parties revealed what the collectors have always suspected!>', ""<FEEDBACK the collectors, eh?> <ORDER stop right there!> <INFORM i'll have no part in your schemes!>"", '<ORDER silence!>']",[],"[[12.0, 7.0, 277.0, 176.0], [303.0, 11.0, 431.0, 145.0], [319.0, 183.0, 429.0, 212.0]]",[],"[[-1.0, -1.0, -1.0, -1.0], [116.0, 177.0, 217.0, 311.0], [-1.0, -1.0, -1.0, -1.0]]"
bp_0_42_3,"[""<INFORM i'm not in the mood to listen to anything...> <INFORM except the word goodbye!>"", ""<INFORM i've had all i can take of this place!>"", ""<FEEDBACK not yet, panther!> <INFORM we didn't test you without reason!> <ORDER you will stay and listen to us!>"", '<INFORM that was a real samurai you fought!> <INFORM his kind still exists!>']",[],"[[1.0, 3.0, 186.0, 104.0], [17.0, 111.0, 182.0, 187.0], [199.0, 4.0, 423.0, 86.0], [255.0, 87.0, 421.0, 177.0]]",[],"[[3.0, 192.0, 103.0, 400.0], [3.0, 193.0, 100.0, 398.0], [194.0, 183.0, 273.0, 291.0], [335.0, 210.0, 421.0, 303.0]]"
bp_0_43_1,"['<NOT_CLASSIFIABLE very well...> <INFORM i shall leave you to your silly old map!> <CLOSE goodbye, mister little!>', '<FEEDBACK wait, black panther!> <INFORM this map is authentic!> <INFORM the samurai city is not a myth!>']",[],"[[7.0, 8.0, 233.0, 81.0], [283.0, 25.0, 429.0, 180.0]]",[],"[[109.0, 72.0, 194.0, 210.0], [342.0, 170.0, 407.0, 234.0]]"
bp_0_45_1,"[""<ORDER and if you intend to include me in your plans, i'd advise you to forget it!>"", ""<INFORM as a leader of your people you should learn more about the uses of power, t'challa!>""]",[],"[[4.0, 6.0, 263.0, 113.0], [281.0, 7.0, 460.0, 150.0]]",[],"[[106.0, 52.0, 174.0, 127.0], [269.0, 67.0, 339.0, 140.0]]"
bp_0_45_3,"[""<INFORM it's real enough! this samurai's body will soon join the other oddities that grace my collection!>"", '<NOT_CLASSIFIABLE cold blooped female!!>']",[],"[[20.0, 8.0, 261.0, 101.0], [311.0, 8.0, 425.0, 71.0]]",[],"[[-1.0, -1.0, -1.0, -1.0], [-1.0, -1.0, -1.0, -1.0]]"
bp_0_45_4,"[""<INFORM it's your weird band of collectors who should be kept as curiousities in these tanks!> <INFORM you're no longer human!>"", ""<BACKCHANNEL oh,> <INFORM we're human,> <FEEDBACK all right!> <INFORM none of us look forward to eventual death!>""]",[],"[[16.0, 6.0, 269.0, 115.0], [293.0, 6.0, 451.0, 137.0]]",[],"[[106.0, 169.0, 233.0, 312.0], [249.0, 119.0, 371.0, 220.0]]"
bp_0_46_2,"['<INFORM i can do that --with one such as you!>', '<YES-NO_QUESTION can you??><YES-NO_QUESTION can you really give, instead of take!?>']",[],"[[4.0, 3.0, 173.0, 74.0], [222.0, 6.0, 421.0, 83.0]]",[],"[[46.0, 87.0, 220.0, 456.0], [189.0, 86.0, 453.0, 452.0]]"
bp_0_48_0,"['<INFORM i speak of a first strike, panther!> <INFORM i speak of a nuclear attack which will your peace lovers off the world map!>', '<YES-NO_QUESTION y-you would dare resort to this!?>', '<ORDER take it from abner little, young fellow--> <INFORM zanda will stop at nothing to get what she wants>']","[""to t'challa's astonishment, a great missile rises from its silo...""]","[[27.0, 38.0, 267.0, 171.0], [333.0, 47.0, 505.0, 135.0], [552.0, 34.0, 811.0, 141.0]]","[[2.0, 3.0, 753.0, 34.0]]","[[-1.0, -1.0, -1.0, -1.0], [-1.0, -1.0, -1.0, -1.0], [-1.0, -1.0, -1.0, -1.0]]"
bp_0_48_1,"['<INFORM this is the true meaning of power!> <INFORM as ruler of an oil-rich emirate, i have the means to enforce my every wish!>', '<ORDER do my bidding-->', '<NOT_CLASSIFIABLE --or the wakandas cease to exist!!>', '<INFORM my people ... held hostage -- by a group of mad collectors!> <INFORM a strange destiny indeed!>']",[],"[[20.0, 11.0, 299.0, 101.0], [182.0, 110.0, 289.0, 155.0], [169.0, 161.0, 294.0, 239.0], [324.0, 165.0, 465.0, 322.0]]",[],"[[67.0, 187.0, 130.0, 257.0], [67.0, 186.0, 130.0, 256.0], [68.0, 184.0, 129.0, 253.0], [271.0, 392.0, 367.0, 484.0]]"
bp_0_48_2,"['<WHY_QUESTION and you, mister little?!> <POLITENESS_FORMULA most noble friend and companion...> <YES-NO_QUESTION you knew about this!!?>', ""<ORDER do it, panther!> <NOT_CLASSIFIABLE not because you have no choice..> <ORDER do it because men say it can't be done!>"", '<NOT_CLASSIFIABLE you and i shall seek and find the water of immortality!!>']",[],"[[2.0, 2.0, 310.0, 101.0], [232.0, 84.0, 459.0, 223.0], [186.0, 219.0, 305.0, 404.0]]",[],"[[0.0, 89.0, 162.0, 478.0], [285.0, 231.0, 467.0, 513.0], [287.0, 234.0, 461.0, 514.0]]"
bp_0_49_4,"[""<ORDER but as long as we're commited, let us make the most of this bold venture!>"", '<BACKCHANNEL huh!> <FEEDBACK a flight to nowhere -- a land of old stones and bones!>']",[],"[[7.0, 8.0, 221.0, 106.0], [264.0, 6.0, 444.0, 100.0]]",[],"[[-1.0, -1.0, -1.0, -1.0], [-1.0, -1.0, -1.0, -1.0]]"
bp_0_4_0,['<INFORM i -- i think he intends to snatch this copter out of the air!!>'],['the pursuer closes rapidly with his prey! huge doors open in the mouth of the mystery plane...'],"[[243.0, 516.0, 471.0, 640.0]]","[[3.0, 5.0, 266.0, 108.0]]","[[547.0, 498.0, 694.0, 631.0]]"
bp_0_50_3,"[""<WHY_QUESTION wh-what's happening!?> <INFORM this craft has suddenly become as hot as a furnace!>"", '<ORDER look trough the window!!>', ""<INFORM we're on fire!!>""]",[],"[[4.0, 6.0, 197.0, 148.0], [222.0, 3.0, 331.0, 102.0], [371.0, 18.0, 449.0, 85.0]]",[],"[[-1.0, -1.0, -1.0, -1.0], [-1.0, -1.0, -1.0, -1.0], [-1.0, -1.0, -1.0, -1.0]]"
bp_0_51_0,"[""<ORDER see here, collector!> <INFORM i'm cold and wet and miserable--and scarcely in the mood for further conversation!>"", ""<BACKCHANNEL ulp!!> <INFORM y-you dont't--understand--!>""]",[],"[[14.0, 8.0, 185.0, 168.0], [264.0, 9.0, 452.0, 66.0]]",[],"[[-1.0, -1.0, -1.0, -1.0], [207.0, 101.0, 379.0, 267.0]]"
bp_0_52_2,"[""<YES-NO_QUESTION don't you see?!>"", ""<INFORM we're not alone!>"", '<INFORM there are others here!!>', '<INFORM by the great panther totem!!>']",[],"[[4.0, 3.0, 92.0, 77.0], [100.0, 19.0, 215.0, 91.0], [104.0, 94.0, 211.0, 194.0], [255.0, 6.0, 448.0, 81.0]]",[],"[[3.0, 94.0, 97.0, 270.0], [3.0, 95.0, 95.0, 268.0], [3.0, 93.0, 95.0, 268.0], [303.0, 87.0, 454.0, 253.0]]"
bp_0_54_0,"[""<BACKCHANNEL uughh!><INFORM i-i'm free -!>"", '<INFORM that took every ounce of my strength!><INFORM but, it worked!>']",[],"[[747.0, 7.0, 858.0, 77.0], [764.0, 335.0, 938.0, 426.0]]",[],"[[862.0, 213.0, 936.0, 287.0], [862.0, 213.0, 935.0, 283.0]]"
bp_0_54_3,"[""<FEEDBACK my head!!> <INFORM he'll twist it completely off my shoulders----if i don't use it-- now!!>""]",[],"[[37.0, 9.0, 451.0, 92.0]]",[],"[[163.0, 105.0, 407.0, 252.0]]"
bp_0_55_3,"[""<INFORM he's stopped in his tracks -- but he won't go down!>"", '<FEEDBACK a few more shots will tell the tale!> <INFORM he must have a vital spot!>']",[],"[[127.0, 6.0, 319.0, 82.0], [327.0, 8.0, 458.0, 153.0]]",[],"[[102.0, 65.0, 172.0, 142.0], [302.0, 195.0, 409.0, 329.0]]"
bp_0_55_5,"[""<INFORM you've only aroused him to full fury!> <INFORM he'll crush us like mice!>"", ""<FEEDBACK he'll finish us at any rate--> <NOT_CLASSIFIABLE if we don't find a way to get him first!>""]",[],"[[123.0, 5.0, 284.0, 109.0], [307.0, 5.0, 452.0, 123.0]]",[],"[[-1.0, -1.0, -1.0, -1.0], [210.0, 146.0, 267.0, 213.0]]"
bp_0_56_4,"[""<INFORM you've got it, mister little, the ball is yours!>"", ""<FEEDBACK i-it's mad,><COMMIT  but i'll do it!>""]",[],"[[303.0, 73.0, 457.0, 158.0], [367.0, 162.0, 463.0, 242.0]]",[],"[[228.0, 97.0, 265.0, 155.0], [395.0, 241.0, 425.0, 259.0]]"
bp_0_57_1,"[""<INFORM we've done it, mister little!> <OFFER you can come out now!>""]",[],"[[4.0, 2.0, 180.0, 97.0]]",[],"[[-1.0, -1.0, -1.0, -1.0]]"
bp_0_57_3,"[""<INFORM the gateway to the hidden samurai city can't be far!><INFORM  our lives depend on finding it!>"", ""<NOT_CLASSIFIABLE if only the map hadn't been lost that-->"", '<ORDER hold it--!> <INFORM we may have a guide!>']",[],"[[5.0, 8.0, 178.0, 133.0], [21.0, 165.0, 157.0, 239.0], [263.0, 5.0, 420.0, 71.0]]",[],"[[3.0, 335.0, 139.0, 466.0], [3.0, 337.0, 138.0, 452.0], [195.0, 111.0, 462.0, 421.0]]"
bp_0_59_1,"['<BACKCHANNEL yes!> <COMMIT we know!> <COMMIT we also know that the samurai code forbids the slaying of unarmed opponents!>', '<FEEDBACK that is so, fat little fly!> <FEEDBACK but destiny has changed its meaning!>']",[],"[[3.0, 3.0, 198.0, 181.0], [216.0, 62.0, 321.0, 245.0]]",[],"[[86.0, 229.0, 141.0, 305.0], [334.0, 137.0, 464.0, 348.0]]"
bp_0_59_4,"[""<FEEDBACK that is--if you're truly what you claim to be!> <INFORM the ronin samurai are known to have died centuries ago!>"", '<FEEDBACK your tongue is as oily as your purpose here!> <INFORM you know that we have survived the centuries!>']",[],"[[8.0, 9.0, 314.0, 137.0], [314.0, 9.0, 452.0, 237.0]]",[],"[[96.0, 63.0, 155.0, 132.0], [-1.0, -1.0, -1.0, -1.0]]"
bp_0_5_2,"[""<INFORM he's been blown to bits!!> <INFORM the blast almost took us with him!> <INFORM I'm surprised that your copter still has all its rivets!!>"", ""<FEEDBACK it's a sturdy craft, i assure you!> <INFORM abner little's equipment is unequalled for quality!>""]",[],"[[58.0, 4.0, 418.0, 86.0], [252.0, 99.0, 458.0, 215.0]]",[],"[[4.0, 95.0, 244.0, 418.0], [191.0, 358.0, 307.0, 456.0]]"
bp_0_60_3,"['<INFORM i admit that your strategy of distracting him with conversation was well planned!>', '<WHY_QUESTION who would criticize such flawless timing?>', '<INFORM --but clumsily carried out! i trust that you realise the value of my sterling assistance!>']",[],"[[0.0, 2.0, 240.0, 119.0], [240.0, 1.0, 420.0, 100.0], [1.0, 120.0, 215.0, 253.0]]",[],"[[81.0, 245.0, 152.0, 316.0], [237.0, 123.0, 361.0, 327.0], [82.0, 245.0, 150.0, 314.0]]"
bp_0_61_1,"[""<INFORM i am t'challa, ruler of the wakandas!>"", '<INFORM it is no disgrace to lose a fight at my hands!>', '<INFORM besides... you were merely deceived by a desperate ruse!>', ""<FEEDBACK no matter!> <INFORM i've failed in my duty!>"", '<INFORM i must die--!>']",[],"[[8.0, 0.0, 293.0, 47.0], [116.0, 49.0, 267.0, 156.0], [110.0, 161.0, 267.0, 295.0], [297.0, 3.0, 447.0, 78.0], [320.0, 73.0, 427.0, 132.0]]",[],"[[2.0, 49.0, 105.0, 277.0], [3.0, 49.0, 104.0, 273.0], [3.0, 49.0, 102.0, 273.0], [273.0, 139.0, 446.0, 316.0], [274.0, 137.0, 444.0, 314.0]]"
bp_0_61_2,"[""<INFORM you don't understand, stranger...><INFORM to lose one's sword so shamefully is a total disgrace!>"", '<FEEDBACK sorry -- but it must stay in my keeping!>', '<INFORM poor fellow.><INFORM i know what he means by shabby treatment!>']",[],"[[4.0, 3.0, 184.0, 159.0], [185.0, 2.0, 345.0, 90.0], [374.0, 9.0, 455.0, 193.0]]",[],"[[99.0, 100.0, 160.0, 163.0], [206.0, 85.0, 270.0, 143.0], [348.0, 226.0, 425.0, 299.0]]"
bp_0_62_0,"['<INFORM we samurais have not centuries without keeping abreast of your technical achievements!>', ""<INFORM incredible!><INFORM an ancient culture has kept it's traditions intact in a world of modern wonders!>"", '<INFORM the laser ray is making contact with that exposed device!>']","['to the astonishment of his onlookers, the warrior unleashes a laser beam...']","[[5.0, 81.0, 347.0, 167.0], [717.0, 28.0, 934.0, 169.0], [765.0, 178.0, 936.0, 287.0]]","[[2.0, 2.0, 459.0, 48.0]]","[[121.0, 179.0, 276.0, 328.0], [654.0, 160.0, 699.0, 224.0], [812.0, 299.0, 852.0, 346.0]]"
bp_0_63_4,"[""<INFORM that's the largest gong i've ever seen.>"", '<ORDER stay back, outsiders! ><INFORM this must be done!>']",['then...'],"[[4.0, 287.0, 128.0, 368.0], [320.0, 291.0, 454.0, 372.0]]","[[2.0, 3.0, 96.0, 31.0]]","[[109.0, 379.0, 137.0, 406.0], [238.0, 354.0, 289.0, 385.0]]"
bp_0_64_2,"['<INFORM the echoes from tha gong are bursting my skull! i must find surcease from these devilish customs!>', '<INFORM personally, i look forward to a six month headache!>']",[],"[[5.0, 2.0, 274.0, 120.0], [313.0, 4.0, 468.0, 111.0]]",[],"[[113.0, 95.0, 323.0, 368.0], [-1.0, -1.0, -1.0, -1.0]]"
bp_0_64_4,"[""<INFORM we've got to move quickly, t'challa!> <INFORM we must locate the prize we came for -- and depart before these rituals kill us!>"", ""<INFORM the rituals don't concern me anymore...> <ORDER turn around, mister little.>""]",[],"[[7.0, 7.0, 234.0, 208.0], [326.0, 7.0, 451.0, 151.0]]",[],"[[54.0, 220.0, 212.0, 368.0], [222.0, 15.0, 333.0, 147.0]]"
bp_0_65_0,"['<INFORM death to those who serve the ruler!>', ""<NOT_CLASSIFIABLE no!> <ORDER don't!> <INFORM this is treason!>"", '<ORDER warn the regent!><BACKCHANNEL  ugh--!>']","[""meanwhile, in the tribal kingdom of wakandas, tragedy strikes the people of t'challa!""]","[[2.0, 82.0, 137.0, 179.0], [311.0, 67.0, 455.0, 136.0], [633.0, 10.0, 749.0, 75.0]]","[[7.0, 3.0, 418.0, 66.0]]","[[-1.0, -1.0, -1.0, -1.0], [183.0, 91.0, 289.0, 171.0], [821.0, 23.0, 881.0, 92.0]]"
bp_0_65_4,"[""<ORDER stand where you are, n'gassi!> <COMMIT we're taking charge --and stripping you of your duties!>"", ""<FEEDBACK only t'challa can do that! until he returns, i alone am entrusted with the affairs of this domain!>""]",[],"[[13.0, 5.0, 228.0, 115.0], [243.0, 7.0, 457.0, 138.0]]",[],"[[-1.0, -1.0, -1.0, -1.0], [343.0, 94.0, 386.0, 150.0]]"
bp_0_66_1,"['<NOT_CLASSIFIABLE long live general jakarra -- ruler of the wakandas and first guardian of the panther cult!>', ""<YES-NO_QUESTION a rather impressive title, eh n'gassi?>""]",[],"[[27.0, 5.0, 416.0, 76.0], [171.0, 69.0, 339.0, 177.0]]",[],"[[10.0, 77.0, 123.0, 182.0], [160.0, 194.0, 271.0, 343.0]]"
bp_0_66_3,"[""<INFORM it was wasted on one such as t'challa!> <INFORM it's time for the wakanda name to achieve new and greated prominence!>"", ""<FEEDBACK your cursed envy of t'challa will lead us all to destruction!> <INFORM i warn you -- be content with the rank you've earned!>""]",[],"[[3.0, 9.0, 180.0, 237.0], [260.0, 3.0, 457.0, 163.0]]",[],"[[58.0, 333.0, 150.0, 452.0], [229.0, 196.0, 331.0, 321.0]]"
bp_0_67_1,"[""<NOT_CLASSIFIABLE however, if t'challa does win this match, it would be sporting of you to give us a sample of your water of immortality!!>"", '<INFORM it is the vain dream of all outsiders who seek out this domain!>']",[],"[[9.0, 11.0, 188.0, 169.0], [199.0, 9.0, 310.0, 181.0]]",[],"[[61.0, 239.0, 220.0, 398.0], [293.0, 77.0, 419.0, 392.0]]"
bp_0_67_4,"['<WHY_QUESTION what does he mean, mister little?> <INFORM i detect a grudge fight in the offing!>', ""<FEEDBACK it's nothing you can't handle, t'challa!>"", ""<FEEDBACK in the land of the ronin we live by shinzu's word!>""]",[],"[[3.0, 4.0, 285.0, 130.0], [300.0, 1.0, 454.0, 83.0], [299.0, 82.0, 456.0, 188.0]]",[],"[[45.0, 47.0, 147.0, 173.0], [191.0, 179.0, 424.0, 404.0], [190.0, 180.0, 421.0, 403.0]]"
bp_0_68_1,"['<INFORM you shall fight again with the fist against one schooled in the art.>', ""<INFORM win or lose--it will be your worthiness as a foe which will prove akiro's right to remain as a ronin!>""]",[],"[[6.0, 9.0, 193.0, 105.0], [5.0, 130.0, 216.0, 270.0]]",[],"[[-1.0, -1.0, -1.0, -1.0], [-1.0, -1.0, -1.0, -1.0]]"
bp_0_69_0,"['<INFORM the panther has all the lowly virtues of the rat and the eel!>', ""<FEEDBACK i'll clear up your confusion,> <NOT_CLASSIFIABLE once i adjust this ritual hood!>""]",[],"[[5.0, 4.0, 160.0, 125.0], [346.0, 244.0, 454.0, 417.0]]",[],"[[149.0, 70.0, 213.0, 121.0], [257.0, 131.0, 358.0, 230.0]]"
bp_0_69_5,"[""<INFORM t'challa seems to have seized controll of the battle!>""]",['the cruelling battle continues in a wearing test of strength and stamina!'],"[[9.0, 221.0, 140.0, 319.0]]","[[4.0, 1.0, 265.0, 90.0]]","[[34.0, 332.0, 102.0, 406.0]]"
bp_0_6_2,"['<INFORM they want us to land, mister little.> <INFORM they mean business!>']",['the jet-packers keep pace with the copter like an aerial escort. they point their weapons and signal for surrender!'],"[[208.0, 74.0, 462.0, 167.0]]","[[3.0, 2.0, 463.0, 61.0]]","[[204.0, 121.0, 330.0, 237.0]]"
bp_0_70_1,"[""<INFORM they're leaving!> <INFORM this is the opportunity i've been waiting for!>"", '<ORDER let us see to our duties, senji.>', '<INFORM it is a trust we can now carry out with renewed vigor!>']",['then ...'],"[[7.0, 40.0, 194.0, 136.0], [208.0, 5.0, 349.0, 89.0], [258.0, 271.0, 425.0, 387.0]]","[[4.0, 4.0, 98.0, 36.0]]","[[45.0, 153.0, 137.0, 202.0], [191.0, 95.0, 251.0, 137.0], [269.0, 80.0, 322.0, 115.0]]"
bp_0_70_2,"[""<INFORM and this is a task which requires the immediate appliance of the mental agility i'm so famous for.>"", ""<INFORM i've still got my pistol and time enough to get what i came for!>""]",[],"[[8.0, 11.0, 256.0, 105.0], [290.0, 10.0, 454.0, 126.0]]",[],"[[129.0, 119.0, 290.0, 282.0], [130.0, 119.0, 290.0, 282.0]]"
bp_0_70_4,"[""<BACKCHANNEL by jupiter's myriad moons!>"", '<INFORM it is time, senji!><ORDER  fill your cup and live as a ronin for the next hundred years!>']","['after wandering undiscovered, the collector is drawn to the sound of voices...']","[[173.0, 58.0, 389.0, 119.0], [259.0, 132.0, 455.0, 256.0]]","[[4.0, 3.0, 387.0, 69.0]]","[[5.0, 99.0, 243.0, 443.0], [-1.0, -1.0, -1.0, -1.0]]"
bp_0_71_3,"['<INFORM time is on my side,> <NOT_CLASSIFIABLE puny one!>', ""<FEEDBACK crow if you like,> <INFORM but this isn't over yet!>""]","[""t'challa barely manages to block a bone-crushing blow...""]","[[364.0, 2.0, 457.0, 115.0], [293.0, 306.0, 449.0, 393.0]]","[[5.0, 7.0, 226.0, 84.0]]","[[-1.0, -1.0, -1.0, -1.0], [150.0, 259.0, 257.0, 430.0]]"
bp_0_72_0,"[""<ORDER forget that silly brawl, t'challa!> <ORDER let's get out of here!>"", '<ORDER stop him--!>', '<FEEDBACK this is sacrilege!>', ""<INFORM he's seized a vase of the sacred water!> <INFORM it means his death!>"", '<INFORM that greedy little collector has done it again!> <INFORM anything can happen now--!>']","['suddenly, mister little dashes into view -- pursued by a squad of angered samurai...']","[[9.0, 77.0, 189.0, 174.0], [178.0, 155.0, 264.0, 209.0], [576.0, 9.0, 697.0, 47.0], [139.0, 475.0, 305.0, 585.0], [786.0, 363.0, 942.0, 491.0]]","[[6.0, 5.0, 373.0, 68.0]]","[[27.0, 257.0, 121.0, 336.0], [297.0, 68.0, 397.0, 177.0], [596.0, 74.0, 692.0, 173.0], [555.0, 493.0, 740.0, 681.0], [508.0, 252.0, 630.0, 347.0]]"
bp_0_73_1,"[""<INFORM instead of rushing to mister littles's aid i should join these samurai in hunting him down!>"", '<ORDER close in on the stranger!!>', ""<FEEDBACK never fear we've got him trapped!>""]",[],"[[5.0, 6.0, 170.0, 149.0], [105.0, 194.0, 222.0, 252.0], [355.0, 259.0, 455.0, 351.0]]",[],"[[184.0, 49.0, 254.0, 104.0], [4.0, 184.0, 118.0, 459.0], [270.0, 272.0, 366.0, 421.0]]"
bp_0_73_3,"[""<INFORM you're mad as a hatter!> <INFORM you won't live another five minutes in this sea of swords!>"", '<INFORM whatever chance we had of staying alive is gone!>', '<FEEDBACK that remains to be seen!>']",[],"[[1.0, 3.0, 246.0, 109.0], [5.0, 124.0, 128.0, 244.0], [356.0, 1.0, 458.0, 83.0]]",[],"[[133.0, 89.0, 236.0, 224.0], [134.0, 88.0, 233.0, 221.0], [351.0, 153.0, 457.0, 280.0]]"
bp_0_74_0,"['<INFORM that tiny maggot is a thief without honor!> <INFORM yet you would defend him with you life!>', '<INFORM he is a warmless victim of his own greed!> <YES-NO_QUESTION must he die for this?>', '<INFORM even now he clings to a flask of our sacred water!> <FEEDBACK the gnat stole it--!> <FEEDBACK the grat shall die for it!>']",[],"[[7.0, 7.0, 227.0, 102.0], [261.0, 3.0, 464.0, 84.0], [583.0, 5.0, 839.0, 96.0]]",[],"[[26.0, 111.0, 130.0, 241.0], [365.0, 157.0, 545.0, 339.0], [497.0, 2.0, 580.0, 77.0]]"
bp_0_74_1,"['<ORDER explain yourself!> <INFORM if you mock the code in hope of deceiving us, your heart shall be swiftly pierced!>', ""<FEEDBACK then, look upon t'challa, ruler of the wakandas, a people of honor equal to your samurai!>""]",[],"[[5.0, 3.0, 224.0, 141.0], [228.0, 2.0, 466.0, 126.0]]",[],"[[-1.0, -1.0, -1.0, -1.0], [107.0, 131.0, 393.0, 464.0]]"
bp_0_74_2,"['<INFORM that is a well conceived jest, but totally unworthy of your mettle.> <INFORM it cannot save you!>', '<OFFER if that is so, i wait for the strike of the sword!>', '<INFORM but, i see doubt in the eyes of mighty shinzu.> <INFORM he knows that i speak the truth!> <INFORM a king rules wherever he stands!>']",[],"[[4.0, 3.0, 197.0, 140.0], [243.0, 3.0, 459.0, 64.0], [282.0, 92.0, 460.0, 261.0]]",[],"[[2.0, 238.0, 114.0, 464.0], [205.0, 50.0, 262.0, 136.0], [204.0, 49.0, 262.0, 135.0]]"
bp_0_75_0,"['<ORDER behold, shinzu --> <INFORM i return this priceless water to its rightful guardians.>', '<INFORM you are wise to give freely what we could easily take!>']",[],"[[6.0, 10.0, 142.0, 144.0], [363.0, 69.0, 453.0, 223.0]]",[],"[[-1.0, -1.0, -1.0, -1.0], [308.0, 309.0, 385.0, 381.0]]"
bp_0_75_1,"['<WHY_QUESTION and who but a true king can dispense justice that settles an issue?>', ""<WHY_QUESTION what are you up to, t'challa?> <WHY_QUESTION what are you going to do!?>""]",[],"[[5.0, 7.0, 261.0, 90.0], [269.0, 4.0, 464.0, 88.0]]",[],"[[43.0, 113.0, 176.0, 291.0], [256.0, 117.0, 462.0, 364.0]]"
bp_0_75_3,"[""<INFORM i'm claiming diplomatic immunity to save your miserable hide, abner little!>"", '<ORDER now, give me that water jug!>', '<FEEDBACK no--! no!!>']",[],"[[7.0, 6.0, 225.0, 139.0], [226.0, 6.0, 429.0, 52.0], [271.0, 72.0, 384.0, 127.0]]",[],"[[109.0, 80.0, 240.0, 218.0], [109.0, 78.0, 242.0, 217.0], [-1.0, -1.0, -1.0, -1.0]]"
bp_0_75_4,"[""<ORDER let me go, you mound of muscle!><INFORM  i've dropped the jug!!>"", ""<INFORM the thing is made of metal --it won't spill a drop!>""]",[],"[[2.0, 3.0, 198.0, 76.0], [291.0, 0.0, 455.0, 89.0]]",[],"[[60.0, 187.0, 180.0, 269.0], [210.0, 38.0, 316.0, 140.0]]"
bp_0_77_1,"[""<INFORM i've neglected family and duty for lengthy involvements with the world...>"", '<COMMIT this time i shall return to the land of the panther cult--where no man calls me--outsider!>', '<FEEDBACK homesickness will not change the facts.> <INFORM your domain is rather small and remote!>', ""<INFORM you're really an african provincial, my lad!>""]",[],"[[5.0, 4.0, 262.0, 83.0], [7.0, 83.0, 248.0, 209.0], [274.0, 27.0, 451.0, 176.0], [275.0, 185.0, 449.0, 320.0]]",[],"[[146.0, 172.0, 244.0, 295.0], [147.0, 171.0, 244.0, 291.0], [240.0, 351.0, 343.0, 457.0], [240.0, 349.0, 342.0, 453.0]]"
bp_0_77_5,"[""<INFORM when this is over, i'm going home, mister little--home to the wakandas!>""]",['the journey continues through deep sea tunnels that wind endlessly onward...'],"[[255.0, 124.0, 412.0, 231.0]]","[[3.0, 3.0, 425.0, 71.0]]","[[-1.0, -1.0, -1.0, -1.0]]"
bp_0_78_3,"['<INFORM a flashing star has fallen upon our land!> <INFORM it is a thing of great wonder!>', '<FEEDBACK though it shakes the ground and fills the air with sounds of thunder, we fear it not--!>']","['""my ancestors were people of truth! they saw it happen and recorded the event for all time...']","[[5.0, 71.0, 259.0, 151.0], [231.0, 119.0, 443.0, 235.0]]","[[3.0, 2.0, 457.0, 68.0]]","[[56.0, 170.0, 201.0, 351.0], [233.0, 250.0, 308.0, 362.0]]"
bp_0_79_1,"['<INFORM home-grown propaganda, dear fellow!><INFORM  every nation breeds it to keep its people united as well as interested!>', '<FEEDBACK then, tell me why that mound produces a metal found nowhere else on earth!>']",[],"[[7.0, 31.0, 177.0, 185.0], [233.0, 9.0, 449.0, 107.0]]",[],"[[1.0, 211.0, 110.0, 315.0], [333.0, 74.0, 458.0, 198.0]]"
bp_0_79_2,"['<WHY_QUESTION --and where can you find a people who would dedicate their future to keep all men from the harmful effects of an alien infection!>', '<FEEDBACK ah, yes... we come to the profitable venture which your family created: the panther cult!>']",[],"[[6.0, 6.0, 280.0, 146.0], [313.0, 7.0, 445.0, 196.0]]",[],"[[106.0, 120.0, 305.0, 388.0], [356.0, 184.0, 459.0, 299.0]]"
bp_0_7_2,"['<GREET mister little!> <ORDER look out!!>', '<BACKCHANNEL ugh--!>']",['the flash of gunfire suddenly decides the issue...'],"[[9.0, 57.0, 140.0, 116.0], [249.0, 340.0, 338.0, 378.0]]","[[4.0, 5.0, 350.0, 51.0]]","[[29.0, 136.0, 84.0, 187.0], [120.0, 190.0, 180.0, 237.0]]"
bp_0_7_3,"[""<INFORM you can slow it down now, mister little!!> <INFORM we've definitely lost them!!>"", '<COMMIT very well.> <INFORM my landing pad is not far from this area!>']","['meanwhile, miles ahead, the copter streaks on at blurring speeds...']","[[104.0, 73.0, 286.0, 193.0], [298.0, 72.0, 456.0, 180.0]]","[[102.0, 6.0, 455.0, 66.0]]","[[-1.0, -1.0, -1.0, -1.0], [-1.0, -1.0, -1.0, -1.0]]"
bp_0_83_2,"[""<POLITENESS_FORMULA forgive us, n'gassi -- we follow your orders, now!>"", ""<ORDER the people must be warned to avoid all contact with jakarra!><INFORM he's the carrier of a grave infection!>""]",[],"[[37.0, 5.0, 217.0, 98.0], [241.0, 3.0, 452.0, 144.0]]",[],"[[0.0, 6.0, 131.0, 306.0], [273.0, 181.0, 358.0, 294.0]]"
bp_0_85_1,"[""<INFORM you collectors are so devious that you wouldn't know the truth if you heard it! >"", ""<ORDER don't test my patience panther!>"", '<ORDER make him talk, zanda!>']",[],"[[187.0, 2.0, 368.0, 141.0], [6.0, 297.0, 112.0, 413.0], [375.0, 327.0, 468.0, 421.0]]",[],"[[222.0, 146.0, 281.0, 207.0], [103.0, 315.0, 200.0, 430.0], [-1.0, -1.0, -1.0, -1.0]]"
bp_0_85_2,"['<INFORM i gave you full warning of what would befall your precious wakandas if you failed me!>', '<ORDER look>', '<FEEDBACK yes, i see it--the missile still waits on its launching pad--ready to be fired!>']",[],"[[6.0, 5.0, 210.0, 96.0], [11.0, 119.0, 109.0, 146.0], [261.0, 9.0, 451.0, 108.0]]",[],"[[82.0, 186.0, 164.0, 271.0], [83.0, 187.0, 164.0, 270.0], [225.0, 134.0, 362.0, 290.0]]"
bp_0_85_3,"['<INFORM although i lost the larger flask to the samurai, i managed to retain a small amount of the miracle water in this vial--!>', '<FEEDBACK you sawed-off schemer! i knew you were holding out on us!>', ""<INFORM i'll take that!>""]",[],"[[4.0, 3.0, 243.0, 154.0], [274.0, 2.0, 459.0, 106.0], [336.0, 128.0, 442.0, 206.0]]",[],"[[-1.0, -1.0, -1.0, -1.0], [-1.0, -1.0, -1.0, -1.0], [-1.0, -1.0, -1.0, -1.0]]"
bp_0_86_1,"['<INFORM you can handle this one, too!><ORDER the the vial!>', '<WHY_QUESTION what in blazes!?>']",[],"[[7.0, 286.0, 176.0, 402.0], [232.0, 2.0, 350.0, 60.0]]",[],"[[106.0, 192.0, 166.0, 264.0], [322.0, 22.0, 451.0, 155.0]]"
bp_0_86_2,"[""<ORDER start running, panther!> <INFORM it's you they'll be after, now!>"", '<ORDER send me a post card when you reach home!>']",[],"[[230.0, 4.0, 452.0, 85.0], [257.0, 95.0, 452.0, 184.0]]",[],"[[164.0, 177.0, 327.0, 419.0], [165.0, 175.0, 321.0, 410.0]]"
bp_0_87_1,['<ORDER begone!>'],[],"[[390.0, 60.0, 544.0, 103.0]]",[],"[[302.0, 55.0, 380.0, 154.0]]"
bp_0_88_0,"['<INFORM look out for exploding fuel drums, soldiers!>', ""<INFORM he's wrecking the air-field!>""]",['the black panther lunges ahead--creating chaos in his path!'],"[[7.0, 96.0, 167.0, 213.0], [817.0, 63.0, 948.0, 159.0]]","[[4.0, 5.0, 329.0, 75.0]]","[[88.0, 196.0, 153.0, 262.0], [823.0, 154.0, 887.0, 198.0]]"
bp_0_92_5,"[""<INFORM two men in a raft!> <COMMIT i've got no choice but to pick them up--!>"", ""<INFORM count on the unexpected to erect a roadblock when you're hurrying home!>""]",[],"[[3.0, 3.0, 268.0, 71.0], [5.0, 74.0, 226.0, 183.0]]",[],"[[318.0, 7.0, 434.0, 358.0], [317.0, 4.0, 434.0, 358.0]]"
bp_0_94_1,"[""<COMMIT i won't be handsome,> <INFORM that's for certain!>"", ""<ORDER be cautious, men!> <INFORM this won't be an ordinary capture!>""]",[],"[[11.0, 4.0, 253.0, 47.0], [211.0, 306.0, 331.0, 417.0]]",[],"[[-1.0, -1.0, -1.0, -1.0], [199.0, 162.0, 239.0, 211.0]]"
bp_0_94_4,"[""<INFORM he's chosen to attack! ><ORDER cut him down!>"", '<ORDER save your ammunition!> <INFORM the new jakarra is made of sterner substance than the man you knew!>']",[],"[[11.0, 5.0, 190.0, 74.0], [248.0, 1.0, 463.0, 189.0]]",[],"[[-1.0, -1.0, -1.0, -1.0], [206.0, 19.0, 287.0, 108.0]]"
bp_0_94_5,"['<INFORM he sought power--and found it-- in the strangest of ways!>', ""<ORDER look out, men!> <INFORM he's got the strength of a tank!>"", ""<FEEDBACK that power has driven you mad!> <INFORM you're a menace to all of humanity!>""]",[],"[[7.0, 2.0, 129.0, 116.0], [3.0, 242.0, 111.0, 358.0], [261.0, 4.0, 413.0, 100.0]]",[],"[[-1.0, -1.0, -1.0, -1.0], [77.0, 170.0, 141.0, 236.0], [358.0, 48.0, 420.0, 113.0]]"
bp_0_96_0,"[""<ORDER forget your home-- wherever that is!> <ORDER just do as you're told and stay alive!>"", ""<INFORM we've reached the african coast!> <INFORM i won't turn back for death himself!>"", ""<FEEDBACK that's sound advice, fly-boy!> <INFORM your next mistake will be fatal!>""]",[],"[[6.0, 8.0, 234.0, 77.0], [155.0, 112.0, 369.0, 185.0], [261.0, 2.0, 429.0, 94.0]]",[],"[[3.0, 99.0, 137.0, 333.0], [94.0, 185.0, 280.0, 431.0], [-1.0, -1.0, -1.0, -1.0]]"
bp_0_96_1,"['<INFORM so! you had the smarts all this time!>', '<FEEDBACK i recognized your face the moment it appeared in the open hatch--scarpa!>']",[],"[[2.0, 5.0, 204.0, 74.0], [4.0, 73.0, 199.0, 184.0]]",[],"[[-1.0, -1.0, -1.0, -1.0], [-1.0, -1.0, -1.0, -1.0]]"
bp_0_96_5,"[""<INFORM it's got everything we need -- lots of fuel -- a good pilot -- and this heater for insurance!>"", ""<INFORM didn't know i was packing one,> <YES-NO_QUESTION did you!?>"", '<FEEDBACK i was thinking of home too.> <POLITENESS_FORMULA it was a mistake!>']",[],"[[7.0, 5.0, 258.0, 105.0], [6.0, 106.0, 224.0, 183.0], [282.0, 6.0, 429.0, 106.0]]",[],"[[-1.0, -1.0, -1.0, -1.0], [-1.0, -1.0, -1.0, -1.0], [284.0, 139.0, 430.0, 383.0]]"
bp_0_97_3,"[""<INFORM i can't zero in on him, boss!>"", ""<INFORM not while he's shaking this tub to pieces!>"", ""<ORDER don't shoot to kill!> <ORDER just make him bleed a little!> <INFORM we need him alive!>""]",[],"[[345.0, 40.0, 431.0, 154.0], [205.0, 148.0, 337.0, 271.0], [42.0, 411.0, 184.0, 556.0]]",[],"[[206.0, 278.0, 308.0, 413.0], [206.0, 278.0, 309.0, 411.0], [191.0, 450.0, 436.0, 651.0]]"
bp_0_98_3,"['<INFORM i should have left you in that flaming wreckage, scarpa!>', '<INFORM let us hope i can get to your partner before the tanks blow!>']",['soon after...'],"[[89.0, 31.0, 317.0, 96.0], [289.0, 88.0, 428.0, 194.0]]","[[4.0, 3.0, 161.0, 34.0]]","[[193.0, 143.0, 249.0, 206.0], [189.0, 141.0, 249.0, 203.0]]"
bp_0_99_0,"['<INFORM well, well... the old man has come at last!>', '<INFORM he dresses rather simply for an administrator of high office!>', ""<INFORM a wise man needn't be a fashion plate.>"", '<BACKCHANNEL hunh!> <INFORM i knew the old leopard when he had less wisdom and more spirit!>', ""<INFORM i present n'gassi, first regent and aid to the mighty t'challa!>""]",['then...'],"[[12.0, 39.0, 153.0, 108.0], [180.0, 9.0, 377.0, 75.0], [298.0, 86.0, 447.0, 153.0], [440.0, 4.0, 619.0, 108.0], [638.0, 6.0, 867.0, 75.0]]","[[6.0, 8.0, 96.0, 29.0]]","[[62.0, 159.0, 124.0, 243.0], [175.0, 111.0, 243.0, 171.0], [355.0, 198.0, 415.0, 266.0], [461.0, 124.0, 519.0, 190.0], [-1.0, -1.0, -1.0, -1.0]]"
bp_0_99_2,"[""<INFORM this era of mobility has played havoc with our heritage! even mighty t'challa is out of reach in this grave hour...>"", '<INFORM he is sorely needed, noble one!>']",[],"[[11.0, 11.0, 250.0, 105.0], [275.0, 9.0, 412.0, 75.0]]",[],"[[69.0, 214.0, 197.0, 397.0], [297.0, 97.0, 426.0, 281.0]]"
bp_0_99_3,"[""<INFORM i've seen the others.><INFORM  they seem unlikely candidates for the task we face.><INFORM  it demands a warrior's hand, sire!><OFFER  perhaps mine..>"", '<FEEDBACK yours would do fine, jiru...><INFORM  if it coursed with the blood of royalty!>']",[],"[[6.0, 4.0, 340.0, 93.0], [186.0, 108.0, 405.0, 223.0]]",[],"[[18.0, 72.0, 175.0, 275.0], [269.0, 162.0, 400.0, 335.0]]"
bp_0_9_0,"[""<INFORM at last it's mine!> <INFORM the doorway to time itself--!> <INFORM compact and secure within this humble object!>"", '<FEEDBACK but it cannot be controlled highness!> <INFORM it!s dangerous to use!!>']",[],"[[3.0, 3.0, 393.0, 73.0], [279.0, 74.0, 455.0, 178.0]]",[],"[[73.0, 143.0, 230.0, 290.0], [378.0, 209.0, 461.0, 310.0]]"
bp_1_158_1,"[""<COMMIT oh, we'll stop all right-->""]","['in the country known as azania, the justice of the government tends to have one form...']","[[465.0, 379.0, 639.0, 425.0]]","[[18.0, 306.0, 266.0, 384.0]]","[[541.0, 30.0, 585.0, 96.0]]"
bp_1_158_3,"['<BACKCHANNEL oh,> <NOT_CLASSIFIABLE great panther-spirit,> <ORDER hear my prayer and bring deliverance-->']",[],"[[3.0, 4.0, 255.0, 75.0]]",[],"[[222.0, 5.0, 649.0, 230.0]]"
bp_1_159_1,['<WHY_QUESTION how long o panther spirit? how long before you hear our cries?>'],['azania...'],"[[44.0, 596.0, 271.0, 658.0]]","[[0.0, 7.0, 114.0, 21.0]]","[[79.0, 240.0, 199.0, 413.0]]"
bp_1_159_5,"[""<NOT_CLASSIFIABLE blasted holy men...><INFORM  they're half crazy to begin with!>""]",[],"[[5.0, 6.0, 145.0, 88.0]]",[],"[[-1.0, -1.0, -1.0, -1.0]]"
bp_1_161_3,['<YES-NO_QUESTION my king -- are you all righ?>'],[],"[[22.0, 5.0, 174.0, 48.0]]",[],"[[4.0, 63.0, 193.0, 355.0]]"
bp_1_163_0,"['<NOT_CLASSIFIABLE and now, when i most need the strength and surety that comes from my god>', '<YES-NO_QUESTION has he, in fact, deserted me?> <YES-NO_QUESTION has he?>']",[],"[[0.0, 0.0, 239.0, 82.0], [6.0, 893.0, 154.0, 966.0]]",[],"[[4.0, 110.0, 318.0, 859.0], [5.0, 109.0, 315.0, 859.0]]"
bp_1_163_2,"['<INFORM our host certainly seems to be of mercurial temperament tonight!>', '<FEEDBACK he may act abruptly, but not without reason, ambassador inouye!>']",[],"[[0.0, 4.0, 115.0, 146.0], [0.0, 219.0, 369.0, 265.0]]",[],"[[138.0, 10.0, 296.0, 194.0], [392.0, 28.0, 580.0, 246.0]]"
bp_1_163_4,"['<ORDER hurry, fools!> <INFORM you know the black panther must not be seen without an honor guard-- especially now!>']",[],"[[1.0, 5.0, 117.0, 170.0]]",[],"[[140.0, 22.0, 155.0, 40.0]]"
bp_1_164_2,"['<BACKCHANNEL homelands!> <INFORM we uproot them from homes they thought they owned,> <INFORM give them scraps of veldt with no resources and then force them to work in our factories as aliens without rights!>']",[],"[[4.0, 3.0, 164.0, 171.0]]",[],"[[-1.0, -1.0, -1.0, -1.0]]"
bp_1_164_9,"['<WHY_QUESTION what sort of system is that?>', '<FEEDBACK alas, it is the one we have.>']",[],"[[5.0, 3.0, 144.0, 46.0], [81.0, 271.0, 136.0, 351.0]]",[],"[[-1.0, -1.0, -1.0, -1.0], [1.0, 46.0, 141.0, 456.0]]"
bp_1_165_6,['<ORDER stand aside!> <INFORM this is our country!>'],[],"[[0.0, 0.0, 118.0, 62.0]]",[],"[[36.0, 159.0, 54.0, 181.0]]"
bp_1_167_1,"[""<INFORM --you're more enslaved than the azanians!>"", ""<ORDER attention!><INFORM  t'challa kins of the wakanda's, the black panther, shall give a public address at the temple square in twenty minutes!><INFORM  all wakandans are welcome!>""]","['minutes later, loudspeakers throughout the city make an announcement...']","[[339.0, 3.0, 563.0, 38.0], [306.0, 349.0, 613.0, 458.0]]","[[365.0, 209.0, 525.0, 289.0]]","[[308.0, 86.0, 338.0, 119.0], [-1.0, -1.0, -1.0, -1.0]]"
bp_1_167_2,"['<INFORM young one--the panther spirit is our nation--!>', ""<FEEDBACK no!> <INFORM it's a club you hold over our heads!>""]",[],"[[141.0, 5.0, 289.0, 58.0], [141.0, 411.0, 289.0, 459.0]]",[],"[[44.0, 57.0, 134.0, 132.0], [52.0, 143.0, 221.0, 383.0]]"
bp_1_168_0,"['<INFORM i am shocked to learn of brutal murder of governor fugard in his home two days ago.> <INFORM although a member of goverment all just men must condemn, he fought long and hard for equality and representative rule.> <INFORM i condemn his murderer.>']","['soon, as his speech is transmitted by video relay to every outlying village, the panther begins--']","[[34.0, 123.0, 298.0, 315.0]]","[[4.0, 3.0, 324.0, 57.0]]","[[-1.0, -1.0, -1.0, -1.0]]"
bp_1_168_1,"[""<INFORM i condemn the man who arrogates to himself the panther spirit's name and so gives the evil men who rule azania nothing less than an excuse to commit genocide-->"", '<INFORM and, while i condemn apartheid as a blot on the face of all humanity that must be erased-->']",[],"[[4.0, 5.0, 251.0, 125.0], [26.0, 130.0, 246.0, 222.0]]",[],"[[158.0, 572.0, 185.0, 603.0], [161.0, 575.0, 187.0, 605.0]]"
bp_1_168_3,"['<INFORM -- i condemn this fruitless revolt, and plead that both sides lay down their arms in truce.>']",[],"[[116.0, 3.0, 520.0, 50.0]]",[],"[[-1.0, -1.0, -1.0, -1.0]]"
bp_1_168_4,"['<INFORM i condemn the masters of azania who, for generations have infucted pain and death on an innocent populace because of their race-->']",[],"[[4.0, 4.0, 144.0, 177.0]]",[],"[[23.0, 266.0, 131.0, 398.0]]"
bp_1_169_3,"['<NOT_CLASSIFIABLE traitor!!>', ""<INFORM by this you have given public support to that cursed regime! no wonder the panther spirit deserted you-- it can't stomach traitors! >""]",[],"[[4.0, 2.0, 140.0, 50.0], [54.0, 382.0, 324.0, 486.0]]",[],"[[10.0, 138.0, 185.0, 337.0], [11.0, 136.0, 185.0, 338.0]]"
bp_1_169_5,"['<INFORM it is you who are the traitor, ndebele!><INFORM  i thing the government itselt set this revolt up to consolidate their power!>', '<INFORM and i will not desert my king at the first bad omen!>']",[],"[[5.0, 3.0, 223.0, 101.0], [153.0, 235.0, 320.0, 313.0]]",[],"[[52.0, 291.0, 97.0, 340.0], [52.0, 293.0, 98.0, 335.0]]"
bp_1_169_6,['<FEEDBACK --in order to see with certainty whether the panther spirit yet dwells within you-->'],[],"[[7.0, 4.0, 199.0, 90.0]]",[],"[[5.0, 102.0, 197.0, 527.0]]"
bp_1_170_4,"[""<INFORM it's tabby!!>""]",[],"[[225.0, 4.0, 338.0, 55.0]]",[],"[[45.0, 34.0, 219.0, 247.0]]"
bp_1_174_3,"['<INFORM the citizens of azania put their faith in you--to protect our way of life... to live up to your pledge!>', '<NOT_CLASSIFIABLE for duty-- for honor-- for country!>']",[],"[[4.0, 5.0, 223.0, 96.0], [804.0, 66.0, 964.0, 136.0]]",[],"[[267.0, 55.0, 289.0, 80.0], [649.0, 5.0, 684.0, 41.0]]"
bp_1_174_5,"[""<INFORM so now we take the fight to him.> <INFORM we're going into wakanda.>""]",[],"[[4.0, 3.0, 159.0, 67.0]]",[],"[[4.0, 142.0, 169.0, 483.0]]"
bp_1_176_3,"['<INFORM the revolt in azania is a ghastly failure!> <INFORM it is precisely the excuse the government needs to exterminate the natives in that country!>', '<FEEDBACK even so,> <INFORM our king should have demonstrated solidarity with the rebels> <INFORM their cause is a just one!>']",[],"[[4.0, 1.0, 257.0, 105.0], [441.0, 136.0, 643.0, 243.0]]",[],"[[229.0, 157.0, 245.0, 169.0], [344.0, 107.0, 364.0, 125.0]]"
bp_1_177_0,"['<INFORM -- has never survived on faith!>', '<BACKCHANNEL arrrrgh!> <NOT_CLASSIFIABLE my ear-- the pain--!>']",[],"[[29.0, 5.0, 216.0, 68.0], [23.0, 670.0, 183.0, 741.0]]",[],"[[-1.0, -1.0, -1.0, -1.0], [48.0, 161.0, 310.0, 577.0]]"
bp_1_177_2,"['<NOT_CLASSIFIABLE seek not to sway me with words of king-->', '<FEEDBACK --neither the cleverness of the warrior nor the cat is with words!>']",[],"[[7.0, 319.0, 91.0, 414.0], [149.0, 655.0, 304.0, 743.0]]",[],"[[46.0, 442.0, 230.0, 661.0], [45.0, 441.0, 229.0, 661.0]]"
bp_1_179_3,"['<INFORM we koff koff fight you, murderer! to the end!><INFORM  you never conquer our people!>', '<INFORM a kid.><INFORM  i almost killed a kid.>']",[],"[[124.0, 4.0, 320.0, 108.0], [211.0, 393.0, 302.0, 465.0]]",[],"[[106.0, 76.0, 178.0, 166.0], [-1.0, -1.0, -1.0, -1.0]]"
bp_1_179_4,"[""<INFORM well, he can't have got far!> <ORDER show yourself panther!>""]",[],"[[164.0, 331.0, 300.0, 441.0]]",[],"[[8.0, 3.0, 188.0, 316.0]]"
bp_1_180_0,"['<INFORM ... is you!>', '<BACKCHANNEL uh-oh...>']",[],"[[37.0, 5.0, 161.0, 33.0], [165.0, 387.0, 240.0, 439.0]]",[],"[[-1.0, -1.0, -1.0, -1.0], [4.0, 26.0, 169.0, 465.0]]"
bp_1_180_1,"[""<WHY_QUESTION what's all the ruckus over here?>"", '<GREET guys!> <YES-NO_QUESTION have you got the panther yet?>']",[],"[[313.0, 2.0, 425.0, 99.0], [357.0, 302.0, 492.0, 380.0]]",[],"[[294.0, 218.0, 315.0, 244.0], [297.0, 218.0, 315.0, 244.0]]"
bp_1_180_2,"['<INFORM the panther has defeated them!>', '<INFORM there can be no more proof needed than this!> <INFORM he is our king!>']",[],"[[4.0, 292.0, 119.0, 394.0], [158.0, 391.0, 330.0, 483.0]]",[],"[[65.0, 136.0, 158.0, 265.0], [247.0, 96.0, 285.0, 134.0]]"
bp_1_183_2,"['<INFORM we have to get more information about it><ORDER -- find out whatever else your source might know -->', ""<ORDER and act, act before it's -->""]",[],"[[4.0, 4.0, 211.0, 83.0], [3.0, 440.0, 130.0, 479.0]]",[],"[[5.0, 85.0, 278.0, 418.0], [4.0, 85.0, 278.0, 418.0]]"
bp_1_183_3,"[""<INFORM as for the beeper..> <INFORM i'm afraid there's no place to put it with this outfit.>""]",[],"[[325.0, 4.0, 478.0, 105.0]]",[],"[[-1.0, -1.0, -1.0, -1.0]]"
bp_1_183_4,"['<OR_QUESTION so, does the one true black panther wish to go over trade reports.. or just have an early breakfast?>']",[],"[[177.0, 4.0, 390.0, 86.0]]",[],"[[24.0, 22.0, 184.0, 200.0]]"
bp_1_184_0,"['<INFORM you know i could have the gun empty ist chambers, and return it to you before you had a chance to pull the trigger>', ""<FEEDBACK that's not the point t'challa!><FEEDBACK you can't continue to run out on your country!>"", '<FEEDBACK malaika--there is a force leading a black revolt against the ruling whites in azania in my name.><INFORM my right to wear the sacred panther garb is being disputed.><INFORM and, a member of my shadow cabinet tells me some lunatic has a missile pointed at the heart of my kingdom!>', '<YES-NO_QUESTION did you expect me to sit in council and debate ways and means?>', '<FEEDBACK i knew you would come.><INFORM you had to come.>']",[],"[[6.0, 8.0, 326.0, 71.0], [116.0, 653.0, 333.0, 725.0], [358.0, 3.0, 653.0, 151.0], [546.0, 158.0, 657.0, 282.0], [417.0, 678.0, 655.0, 726.0]]",[],"[[94.0, 120.0, 209.0, 258.0], [-1.0, -1.0, -1.0, -1.0], [557.0, 370.0, 635.0, 470.0], [558.0, 372.0, 634.0, 471.0], [381.0, 213.0, 490.0, 397.0]]"
bp_1_184_2,"[""<WHY_QUESTION but why me?><WHY_QUESTION  why can't he continue to deal with you?>"", '<INFORM his unstructions were explicit.><INFORM  you came along, or no deal.>']",[],"[[7.0, 2.0, 229.0, 52.0], [9.0, 432.0, 243.0, 482.0]]",[],"[[74.0, 124.0, 89.0, 139.0], [56.0, 126.0, 67.0, 138.0]]"
bp_1_185_0,"[""<INFORM you are already under censure and arrest for interfering with sacret ritual> -- <ORDER don't make it harder on yourself!>"", '<INFORM a message was transmitted to wakanda from europe> -- <INFORM and it has been traced to you!>', '<INFORM i know nothing about a message, ndebele.>']",[],"[[163.0, 3.0, 460.0, 76.0], [333.0, 229.0, 459.0, 380.0], [46.0, 462.0, 458.0, 486.0]]",[],"[[100.0, 40.0, 158.0, 112.0], [331.0, 104.0, 395.0, 208.0], [181.0, 191.0, 251.0, 281.0]]"
bp_1_185_4,"[""<INFORM he is one of t'challa's order of the panther> -- <INFORM i know they're up to something!>"", ""<INFORM i know they hate our adherence to the old ways..and now that the omens fal against t'challa,> <NOT_CLASSIFIABLE they seek to>--<WHY_QUESTION to do what?>""]",[],"[[7.0, 5.0, 224.0, 68.0], [4.0, 403.0, 227.0, 484.0]]",[],"[[116.0, 87.0, 169.0, 135.0], [104.0, 86.0, 170.0, 134.0]]"
bp_1_186_0,"[""<INFORM a baby-buggy like this won't get us from the center of africa to its southern tip in six months!>"", '<FEEDBACK ordinarily, yes -->', '<INFORM -- but slip a few bars of wakandan vibranium into the engine housing -->']",[],"[[4.0, 7.0, 228.0, 81.0], [49.0, 409.0, 163.0, 450.0], [186.0, 418.0, 370.0, 481.0]]",[],"[[2.0, 180.0, 97.0, 316.0], [133.0, 149.0, 236.0, 380.0], [133.0, 148.0, 235.0, 380.0]]"
bp_1_186_3,"[""<WHY_QUESTION what's this?> <WHY_QUESTION a security lock?> <INFORM only the king could have done this--><WHY_QUESTION  but why keep it secret, unless-->"", ""<INFORM well, as a council member, i know the overrides, so i'll soon--\n>""]",[],"[[5.0, 5.0, 322.0, 54.0], [204.0, 386.0, 326.0, 486.0]]",[],"[[128.0, 119.0, 169.0, 156.0], [127.0, 120.0, 168.0, 155.0]]"
bp_1_186_4,"['<NOT_CLASSIFIABLE ""-- atomic attack imminent --"">', '<BACKCHANNEL oh, my g-->']",[],"[[122.0, 2.0, 301.0, 43.0], [10.0, 426.0, 78.0, 482.0]]",[],"[[41.0, 57.0, 307.0, 486.0], [42.0, 56.0, 307.0, 486.0]]"
bp_1_186_6,"['<INFORM --see. by the white ape--!>', '<ORDER ""red alert. all systems stand by--!>']",[],"[[6.0, 2.0, 278.0, 29.0], [155.0, 430.0, 302.0, 480.0]]",[],"[[71.0, 45.0, 232.0, 311.0], [71.0, 45.0, 232.0, 311.0]]"
bp_1_187_2,"[""<INFORM according to little's information, a few more minutes should put us in striking distance of the missile base.>""]",[],"[[4.0, 5.0, 317.0, 88.0]]",[],"[[7.0, 75.0, 316.0, 480.0]]"
bp_1_187_4,['<INFORM this is as far as we dare go.> <INFORM from here i must go alone.>'],[],"[[6.0, 272.0, 167.0, 379.0]]",[],"[[-1.0, -1.0, -1.0, -1.0]]"
bp_1_189_5,['<INFORM and the answer is-- not unless you stop that missile.> <ORDER give the order now.>'],[],"[[4.0, 3.0, 204.0, 71.0]]",[],"[[5.0, 109.0, 193.0, 362.0]]"
bp_1_190_0,"['<INFORM if you will pull that missile back into its silo, siphon off its fuel as a token of your good will, i will surrender myself to you and make any statement to the world press you want me to make.><INFORM i will also, naturally, not tear out your living heart as i had intended.>', '<INFORM you do not frighten me.><FEEDBACK i agree to your temrs.>']",[],"[[360.0, 5.0, 956.0, 85.0], [735.0, 92.0, 877.0, 164.0]]",[],"[[226.0, 17.0, 368.0, 173.0], [549.0, 86.0, 667.0, 203.0]]"
bp_1_190_2,['<FEEDBACK -- is seeing the black panther groveling before a white man for all the world to see!>'],[],"[[4.0, 605.0, 171.0, 710.0]]",[],"[[4.0, 214.0, 175.0, 600.0]]"
bp_1_190_3,['<ORDER attention!><ORDER  delay the launch ten minutes!><ORDER  await further instructions!>'],[],"[[141.0, 4.0, 489.0, 37.0]]",[],"[[324.0, 61.0, 381.0, 106.0]]"
bp_1_193_1,"['<ORDER oh, look!> <INFORM the dancers are re-enacting your triumph over the supremacists!>']",[],"[[9.0, 8.0, 155.0, 120.0]]",[],"[[-1.0, -1.0, -1.0, -1.0]]"
bp_1_193_5,"[""<INFORM you could be a little cheerier, t'challa.><INFORM people might think you're not having a good time --!>""]",[],"[[134.0, 6.0, 304.0, 105.0]]",[],"[[5.0, 124.0, 136.0, 298.0]]"
bp_1_194_3,['<INFORM i only hope we can stop him before he does something stupid..!\n>'],[],"[[11.0, 367.0, 157.0, 461.0]]",[],"[[120.0, 198.0, 139.0, 218.0]]"
bp_1_195_1,"['<NOT_CLASSIFIABLE holy--!>', ""<INFORM you shall be tried by fang and claw, and your sinew and blood shall be torn by my judgement, t'challa son of t'chaka>""]",[],"[[4.0, 1.0, 117.0, 47.0], [75.0, 155.0, 282.0, 342.0]]",[],"[[-1.0, -1.0, -1.0, -1.0], [-1.0, -1.0, -1.0, -1.0]]"
bp_1_195_2,"['<INFORM so it shall, great one -- if unworthiness lies in me.>', '<FEEDBACK we shall see, mortal ..>']",[],"[[29.0, 5.0, 207.0, 89.0], [26.0, 148.0, 161.0, 215.0]]",[],"[[-1.0, -1.0, -1.0, -1.0], [213.0, 72.0, 453.0, 243.0]]"
bp_1_195_4,"['<INFORM now is the time when all i am is called into question.>', '<INFORM but not your soul alone.>']",[],"[[4.0, 8.0, 189.0, 75.0], [156.0, 408.0, 263.0, 468.0]]",[],"[[197.0, 117.0, 308.0, 304.0], [196.0, 118.0, 308.0, 304.0]]"
bp_1_198_1,"[""<INFORM he's broken free -- but that bite took out a fair chunk of his arm.>"", ""<INFORM so that's what happened in azania -- the panther spirit took another person's form and led the revolt. it seems almost beyond belief.>"", ""<NOT_CLASSIFIABLE mightn't be instead, bomwana -->""]",[],"[[5.0, 39.0, 158.0, 160.0], [194.0, 10.0, 328.0, 290.0], [133.0, 525.0, 279.0, 596.0]]",[],"[[-1.0, -1.0, -1.0, -1.0], [-1.0, -1.0, -1.0, -1.0], [-1.0, -1.0, -1.0, -1.0]]"
bp_1_198_5,['<NOT_CLASSIFIABLE whatever you say.>'],[],"[[222.0, 0.0, 385.0, 53.0]]",[],"[[-1.0, -1.0, -1.0, -1.0]]"
bp_1_199_3,"[""<INFORM the session's already started: i can just hear that madman raving on again about-->""]",[],"[[11.0, 7.0, 262.0, 79.0]]",[],"[[199.0, 140.0, 218.0, 171.0]]"
bp_1_200_0,['<ORDER yes! run!> <INFORM the chase will be good! the chase will be quick!>'],['he iis faster-- tirelesss--'],"[[9.0, 7.0, 356.0, 62.0]]","[[625.0, 212.0, 759.0, 284.0]]","[[216.0, 109.0, 261.0, 164.0]]"
bp_1_201_2,"['<FEEDBACK no.>', '<INFORM you are mine.>']",[],"[[30.0, 18.0, 95.0, 54.0], [11.0, 370.0, 85.0, 430.0]]",[],"[[18.0, 66.0, 274.0, 326.0], [19.0, 67.0, 274.0, 326.0]]"
bp_1_203_1,"[""<INFORM i still don't understand..> <WHY_QUESTION how could you lose to the panther - spirit and still win?> <ORDER don't tell me you argued him out of it!>"", '<FEEDBACK malaika -->']",['wakanda'],"[[36.0, 55.0, 193.0, 212.0], [205.0, 190.0, 314.0, 223.0]]","[[4.0, 3.0, 128.0, 41.0]]","[[84.0, 246.0, 128.0, 290.0], [151.0, 291.0, 186.0, 325.0]]"
bp_1_203_4,"['<INFORM -- we did not argue.>', '<INFORM the blood of out brothers is a holy thing, and their bondage blasphemy.>']",[],"[[6.0, 5.0, 157.0, 56.0], [5.0, 266.0, 169.0, 386.0]]",[],"[[38.0, 5.0, 170.0, 547.0], [45.0, 5.0, 170.0, 547.0]]"
bp_2_205_1,"['<FEEDBACK okay, ross, your report is starting to make a little sence now.>', ""<INFORM which could mean i'm just crazy.>"", '<BACKCHANNEL hey,><WHY_QUESTION why should i be the only one?>', '<INFORM so the client caught the bad guy, droped him with that cop tork-->', ""<INFORM --and was free to head home and deal with achebe -- the creep who'd stolen his country.><WHY_QUESTION Then what --?!>""]",[],"[[343.0, 155.0, 488.0, 282.0], [345.0, 269.0, 486.0, 340.0], [144.0, 349.0, 262.0, 426.0], [721.0, 346.0, 876.0, 448.0], [726.0, 448.0, 895.0, 581.0]]",[],"[[-1.0, -1.0, -1.0, -1.0], [-1.0, -1.0, -1.0, -1.0], [290.0, 350.0, 477.0, 533.0], [574.0, 450.0, 670.0, 563.0], [573.0, 449.0, 671.0, 561.0]]"
bp_2_207_0,"['<ORDER keep moving!>', ""<INFORM only one of them can climb through this vent at a time -- and they don't dare attack us alone!>"", ""<NOT_CLASSIFIABLE but --> <WHY_QUESTION what's ahead?> <WHY_QUESTION where's this vent lead to?!>"", '<FEEDBACK irrelevant, agent 13 --> <INFORM there is no turning back!>', '<COMMIT whatever awaits us at the other end -- we will overcome!>']",[],"[[41.0, 25.0, 142.0, 65.0], [292.0, 57.0, 446.0, 177.0], [561.0, 21.0, 719.0, 91.0], [644.0, 315.0, 817.0, 377.0], [694.0, 382.0, 873.0, 441.0]]",[],"[[196.0, 27.0, 283.0, 104.0], [201.0, 31.0, 282.0, 99.0], [462.0, 50.0, 540.0, 147.0], [807.0, 45.0, 898.0, 147.0], [805.0, 43.0, 896.0, 145.0]]"
bp_2_207_1,"['<WHY_QUESTION and this has exactly what to do with my question--?>', '<FEEDBACK context, nikki>']",[],"[[42.0, 51.0, 181.0, 119.0], [195.0, 105.0, 281.0, 143.0]]",[],"[[-1.0, -1.0, -1.0, -1.0], [-1.0, -1.0, -1.0, -1.0]]"
bp_2_207_3,"['<INFORM since i am no longer on active duty with the avengers, the have a vacancy in their roster -- -- one which i hope will be filled by -- the panther!>', '<FEEDBACK i wish to consider it, my friend -->']",[],"[[14.0, 5.0, 226.0, 144.0], [133.0, 129.0, 283.0, 188.0]]",[],"[[8.0, 166.0, 81.0, 293.0], [85.0, 191.0, 201.0, 380.0]]"
bp_2_207_4,"['<INFORM -- you asked me about that business with the avengers -->', '<FEEDBACK yes, since the president of the united states called you on the carpet about it -->', ""<FEEDBACK -- and gave you 24 hours to get king t'challa on the leash -->""]",[],"[[88.0, 28.0, 243.0, 111.0], [18.0, 112.0, 151.0, 241.0], [32.0, 359.0, 192.0, 434.0]]",[],"[[212.0, 300.0, 247.0, 344.0], [140.0, 254.0, 182.0, 303.0], [142.0, 254.0, 181.0, 301.0]]"
bp_2_208_5,"[""<INFORM ...biting every hand that feeds him.> <ORDER get dressed.> <INFORM i've taken the liberty of buying you some new clothes.>""]",[],"[[198.0, 47.0, 316.0, 248.0]]",[],"[[4.0, 14.0, 203.0, 450.0]]"
bp_2_209_3,"[""<INFORM -- that factions within the u.s. intelligece community have effected a coup d'etat in my homeland.> <GREET my friends-->"", '<INFORM this constitutes an act of war.>']",[],"[[182.0, 10.0, 420.0, 93.0], [324.0, 71.0, 426.0, 143.0]]",[],"[[159.0, 123.0, 235.0, 223.0], [160.0, 122.0, 232.0, 221.0]]"
bp_2_210_3,"[""<ORDER get back to new york.> <INFORM you've got 24 hours to get king t'challa to retract his statement> <NOT_CLASSIFIABLE or you're shipping out to -->""]",[],"[[9.0, 5.0, 286.0, 100.0]]",[],"[[35.0, 114.0, 183.0, 356.0]]"
bp_2_211_0,"[""<WHY_QUESTION t'challa -- what do you want from me?!>"", '<FEEDBACK nicole.. it is not our time.>', '<INFORM first in my life is to defend and serve the wakandans.><COMMIT  for me to truly lead, i must be more than king -->', '<COMMIT -- i must be chieftain of the panther clan.><INFORM  my studies here are part of that pilgrimage.>']",[],"[[186.0, 23.0, 306.0, 93.0], [327.0, 20.0, 433.0, 73.0], [420.0, 29.0, 583.0, 159.0], [434.0, 162.0, 597.0, 273.0]]",[],"[[296.0, 218.0, 330.0, 250.0], [375.0, 190.0, 411.0, 226.0], [379.0, 192.0, 411.0, 229.0], [376.0, 192.0, 406.0, 227.0]]"
bp_2_211_1,"['<FEEDBACK i mean, nick, there are practical limits to what i can tell a head of state to do or not to do -->']",[],"[[207.0, 187.0, 368.0, 308.0]]",[],"[[-1.0, -1.0, -1.0, -1.0]]"
bp_2_211_2,"['<YES-NO_QUESTION and me?> <YES-NO_QUESTION was i part of the journey?>', '<FEEDBACK of course.> <INFORM but the journey continues.> <NOT_CLASSIFIABLE if i rest...> <NOT_CLASSIFIABLE if i stray...> <INFORM my people perish.> <ORDER you must understand that.>', '<FEEDBACK -- -- i do.>']",[],"[[270.0, 5.0, 402.0, 57.0], [36.0, 310.0, 220.0, 452.0], [315.0, 349.0, 377.0, 433.0]]",[],"[[310.0, 104.0, 399.0, 210.0], [124.0, 81.0, 209.0, 194.0], [310.0, 105.0, 398.0, 209.0]]"
bp_2_213_0,"['<NOT_CLASSIFIABLE and, so...>', ""<INFORM ... you've pled your case before the global council, declared war on the mightiest nation on the planet -->"", '<INFORM -- and scarcely do the winds of change blow.>', '<INFORM how the mighty have fallen.>']",['the hockey puck'],"[[139.0, 84.0, 190.0, 121.0], [139.0, 120.0, 300.0, 240.0], [161.0, 240.0, 281.0, 311.0], [594.0, 75.0, 712.0, 137.0]]","[[262.0, 9.0, 658.0, 57.0]]","[[-1.0, -1.0, -1.0, -1.0], [-1.0, -1.0, -1.0, -1.0], [-1.0, -1.0, -1.0, -1.0], [677.0, 152.0, 729.0, 215.0]]"
bp_2_213_2,"[""<INFORM you will be assassinated before dawn, t'challa we both know it.>"", ""<FEEDBACK we both know you need me now. if it wasn't for me>"", '<FEEDBACK ah, finally -- my cue -->']",[],"[[34.0, 6.0, 266.0, 58.0], [266.0, 6.0, 490.0, 58.0], [125.0, 338.0, 243.0, 397.0]]",[],"[[60.0, 63.0, 183.0, 203.0], [266.0, 85.0, 442.0, 217.0], [-1.0, -1.0, -1.0, -1.0]]"
bp_2_215_2,"[""<INFORM i thougnt we had a deal, t'challa.> <INFORM i thought after my royal dumping, i'd be through with this kind of thing.>"", '<INFORM i\'ve been kidnapped, made into a human bomb, arrested, trailed by spy-guys, shot at, and ""detained"" by that creepy white wolf>.<INFORM  all in all, a pretty full day.\n>']",[],"[[16.0, 2.0, 188.0, 134.0], [52.0, 472.0, 210.0, 667.0]]",[],"[[108.0, 197.0, 256.0, 371.0], [112.0, 198.0, 256.0, 371.0]]"
bp_2_216_4,"[""<FEEDBACK yes!><ORDER nail 'em your high -->""]","['thank you, dr. achebe.']","[[150.0, 1.0, 323.0, 86.0]]","[[18.0, 15.0, 116.0, 70.0]]","[[176.0, 80.0, 287.0, 245.0]]"
bp_2_217_1,"['<INFORM only here, in the techno jungle, can the prowlers be stopped.>', '<INFORM hidden within this labyrinth are protocols and controls known only to me.>', ""<YES-NO_QUESTION you've known all along, haven't you?> <INFORM you knew the trip to the u.s. was a lure --> <INFORM you knew there'd be a coup -->"", '<FEEDBACK i suspected.> <INFORM had i not feigned ignorance, many more innocents would have been harmed -->']",[],"[[4.0, 4.0, 168.0, 95.0], [28.0, 304.0, 196.0, 401.0], [446.0, 6.0, 680.0, 132.0], [576.0, 258.0, 773.0, 399.0]]",[],"[[-1.0, -1.0, -1.0, -1.0], [-1.0, -1.0, -1.0, -1.0], [353.0, 69.0, 484.0, 238.0], [704.0, 71.0, 811.0, 220.0]]"
bp_2_219_0,"['<INFORM -- this trap, or the fact achebe must have been planning to put you in it for months.>', ""<INFORM i mean you don't exactly buy one of these things from k-mart...>""]",[],"[[695.0, 3.0, 902.0, 77.0], [791.0, 83.0, 903.0, 174.0]]",[],"[[459.0, 27.0, 601.0, 142.0], [459.0, 25.0, 601.0, 141.0]]"
bp_2_219_1,"['<FEEDBACK ah, yes.> <INFORM i know that...>', ""<INFORM y'know, your highness, i don't know what's scarier -->""]",[],"[[600.0, 198.0, 656.0, 251.0], [655.0, 175.0, 813.0, 287.0]]",[],"[[224.0, 29.0, 375.0, 171.0], [225.0, 28.0, 373.0, 168.0]]"
bp_2_219_4,"[""<INFORM and, you're naked.>"", '<FEEDBACK correct.>', ""<INFORM and if i don't, i'll probably die.>"", '<FEEDBACK correct.>']",[],"[[27.0, 8.0, 127.0, 74.0], [6.0, 73.0, 110.0, 108.0], [38.0, 112.0, 136.0, 180.0], [13.0, 173.0, 112.0, 213.0]]",[],"[[140.0, 58.0, 295.0, 244.0], [-1.0, -1.0, -1.0, -1.0], [139.0, 57.0, 295.0, 245.0], [-1.0, -1.0, -1.0, -1.0]]"
bp_2_220_5,"[""<FEEDBACK ...maybe he thinks i'm his friend...>""]",[],"[[101.0, 64.0, 218.0, 118.0]]",[],"[[163.0, 189.0, 301.0, 389.0]]"
bp_2_221_1,"['<ORDER ... go home.>', '<INFORM i am home.><INFORM i was home.>']",[],"[[20.0, 30.0, 90.0, 73.0], [110.0, 19.0, 227.0, 96.0]]",[],"[[54.0, 140.0, 108.0, 217.0], [156.0, 120.0, 301.0, 272.0]]"
bp_2_221_3,"[""<INFORM i should have told you about school-- about t'challa and me.>"", '<INFORM ross-- it was a long time ago.>']",[],"[[16.0, 15.0, 155.0, 82.0], [131.0, 75.0, 214.0, 129.0]]",[],"[[248.0, 66.0, 284.0, 104.0], [248.0, 67.0, 281.0, 104.0]]"
bp_2_222_5,"[""<INFORM ... i'll kill you... you ...>""]",[],"[[130.0, 8.0, 250.0, 80.0]]",[],"[[27.0, 44.0, 152.0, 178.0]]"
bp_2_222_8,['<NOT_CLASSIFIABLE you-- son of a--!!>'],[],"[[59.0, 36.0, 119.0, 79.0]]",[],"[[38.0, 273.0, 86.0, 305.0]]"
bp_2_223_0,"['<ORDER -- take it like a man.>', ""<INFORM y'know, for a tall guy raised in harlem -- you play ball like a girl.>"", '<INFORM all that muscle makes your trip over your own feet.>', ""<INFORM makes me wonder how you managed to beat t'challa so many times.>"", '<FEEDBACK every time.>', '<FEEDBACK whatever.>']",[],"[[118.0, 20.0, 211.0, 80.0], [19.0, 71.0, 190.0, 148.0], [20.0, 147.0, 174.0, 228.0], [23.0, 223.0, 200.0, 305.0], [446.0, 280.0, 515.0, 324.0], [425.0, 346.0, 534.0, 385.0]]",[],"[[267.0, 97.0, 388.0, 234.0], [268.0, 95.0, 387.0, 230.0], [268.0, 98.0, 385.0, 230.0], [266.0, 98.0, 384.0, 231.0], [481.0, 7.0, 678.0, 251.0], [266.0, 94.0, 385.0, 233.0]]"
bp_2_223_1,"[""<INFORM y'know -- -- i don't think i like you.>"", ""<NOT_CLASSIFIABLE c'mon, erik killmonger -- big chief n'jadaka -- the michael milken of the african continent -- toughest guy in town -->""]",[],"[[5.0, 8.0, 145.0, 104.0], [6.0, 392.0, 147.0, 537.0]]",[],"[[169.0, 8.0, 369.0, 231.0], [-1.0, -1.0, -1.0, -1.0]]"
bp_2_227_0,"['<YES-NO_QUESTION you got any tuna?>', '<FEEDBACK pantry.>', ""<INFORM think i'll grab a sandwich.> <YES-NO_QUESTION you want -- ?>"", '<FEEDBACK sure.>']",[],"[[647.0, 63.0, 740.0, 117.0], [680.0, 148.0, 774.0, 178.0], [780.0, 153.0, 902.0, 247.0], [751.0, 254.0, 820.0, 292.0]]",[],"[[819.0, 331.0, 928.0, 605.0], [625.0, 346.0, 771.0, 621.0], [819.0, 324.0, 926.0, 604.0], [627.0, 347.0, 767.0, 619.0]]"
bp_2_227_2,"['<FEEDBACK not in the mood, queen.>', '<ORDER look at me!> <INFORM at what they made me wear!>', '<YES-NO_QUESTION does ""dora milaje"" mean ""ready for cocktail party at all times""?*>']","['*no, actually it means ""adored ones"". --tom']","[[77.0, 8.0, 181.0, 58.0], [29.0, 73.0, 149.0, 154.0], [261.0, 239.0, 396.0, 333.0]]","[[400.0, 284.0, 531.0, 323.0]]","[[357.0, 4.0, 530.0, 225.0], [178.0, 67.0, 282.0, 219.0], [179.0, 68.0, 283.0, 220.0]]"
bp_2_228_0,['<BACKCHANNEL ghaaaaaahhh--> <ORDER put me downnn--!!>'],"['--tends to fold like a cheap suit the minute you take their toys away.', 'the client was just a tad obsessed, which, depending on which side of the good guy/dirtbag fence you were on--', '--made this the ultimate good news/bad news situation.']","[[117.0, 117.0, 267.0, 169.0]]","[[10.0, 24.0, 206.0, 78.0], [213.0, 806.0, 463.0, 878.0], [628.0, 903.0, 846.0, 946.0]]","[[231.0, 241.0, 315.0, 317.0]]"
bp_2_230_4,"['<INFORM -- remember, here in america, you are not to kill.>']",[],"[[263.0, 4.0, 443.0, 62.0]]",[],"[[-1.0, -1.0, -1.0, -1.0]]"
bp_2_231_2,"['<YES-NO_QUESTION ""grown""?!> <INFORM i\'m only 16, gramps.>', '<INFORM in our culture, you would be married by now!> <INFORM we do not infantilize our young!>', '<FEEDBACK ... obviously ...>', '<ORDER and you shall address me as mama!>']",[],"[[279.0, 9.0, 383.0, 56.0], [314.0, 56.0, 472.0, 137.0], [329.0, 153.0, 451.0, 188.0], [643.0, 36.0, 769.0, 83.0]]",[],"[[512.0, 58.0, 614.0, 170.0], [180.0, 74.0, 252.0, 148.0], [517.0, 62.0, 606.0, 161.0], [182.0, 76.0, 246.0, 143.0]]"
bp_2_232_1,"[""<OR_QUESTION let's see... do i feel like tribal or tribal--?>"", '<WHY_QUESTION whose closet am i digging through --?>', '<INFORM yours.> <INFORM you will find they are all in your size-->', '<YES-NO_QUESTION realy--?> <INFORM well--i may have found somethink i like-->']",[],"[[54.0, 4.0, 213.0, 52.0], [128.0, 58.0, 295.0, 111.0], [170.0, 124.0, 283.0, 210.0], [128.0, 391.0, 283.0, 457.0]]",[],"[[323.0, 86.0, 405.0, 193.0], [321.0, 86.0, 403.0, 193.0], [-1.0, -1.0, -1.0, -1.0], [322.0, 86.0, 402.0, 191.0]]"
bp_2_232_2,"['<FEEDBACK whatever.>', ""<INFORM hey here's an idea...>"", ""<INFORM y'know, with a little bit of work--we might actually be onto something here...>""]",[],"[[41.0, 5.0, 128.0, 25.0], [137.0, 4.0, 232.0, 47.0], [31.0, 50.0, 190.0, 130.0]]",[],"[[2.0, 128.0, 269.0, 479.0], [2.0, 127.0, 269.0, 478.0], [2.0, 127.0, 268.0, 478.0]]"
bp_2_233_0,"[""<INFORM that's the third phone today.>"", ""<POLITENESS_FORMULA please tell me you've found something.>"", '<INFORM ross -- if you act as an agent of a foreign power -- it can be viewed as, well, treason --><INFORM -- you can be denied u.s. citizenship.> <INFORM you need to see the king.>', '<NOT_CLASSIFIABLE beloved...>']","['easier said than done.', 'having recently lost a tribal challenge to his worst enemy, the king had retreated to the implausible labyrinth beneath central wakanda --', '-- a place he called the techno-jungle.', 'no one knew for sure exactly where he was, or what he was doing.', ""so it was actually much later that i found out he'd run into an old friend...""]","[[234.0, 18.0, 376.0, 80.0], [559.0, 6.0, 713.0, 75.0], [722.0, 21.0, 915.0, 239.0], [534.0, 640.0, 649.0, 690.0]]","[[46.0, 275.0, 215.0, 306.0], [181.0, 316.0, 462.0, 390.0], [340.0, 385.0, 511.0, 432.0], [533.0, 288.0, 817.0, 329.0], [716.0, 327.0, 910.0, 386.0]]","[[413.0, 23.0, 547.0, 164.0], [-1.0, -1.0, -1.0, -1.0], [412.0, 20.0, 546.0, 162.0], [622.0, 472.0, 696.0, 550.0]]"
bp_2_233_1,"['<INFORM yeah, well, get me the president-- after all, i was action on his orders!>', '<INFORM no, not that president, the old one-->']","[""i'd just been stripped of my american citizenship. Which, of course, was impossible...""]","[[31.0, 323.0, 169.0, 412.0], [111.0, 412.0, 197.0, 486.0]]","[[6.0, 7.0, 244.0, 71.0]]","[[285.0, 186.0, 353.0, 261.0], [283.0, 184.0, 355.0, 263.0]]"
bp_2_234_2,"['<INFORM i have sinned gaginst you, my lord>', '<INFORM i intend to go on sinning>', '<INFORM until you are finally mine and mine alone>']",[],"[[19.0, 1.0, 142.0, 50.0], [108.0, 53.0, 202.0, 95.0], [149.0, 100.0, 279.0, 161.0]]",[],"[[80.0, 220.0, 171.0, 345.0], [78.0, 217.0, 168.0, 340.0], [78.0, 219.0, 167.0, 337.0]]"
bp_2_235_0,"[""<GREET your highness--> <INFORM --you've got to help me with this--!>"", '<FEEDBACK to blazes with all of you--!!> <ORDER i want achebe-- now!!!>', ""<FEEDBACK c'mon, t'challa... let me kill him.> <POLITENESS_FORMULA please.>"", ""<INFORM you've got to call the state department> <OFFER -- get this cleared up--!!> <INFORM nikki -- nobody said this job would be permanent!!>"", '<ORDER ross--calm down-->', '<FEEDBACK i least of all-->', ""<INFORM --w'kabi, your true regent!> <INFORM my lord, this travesty with the american has gone on far too long!>"", '<YES-NO_QUESTION you--?!> <YES-NO_QUESTION hunter?> <YES-NO_QUESTION kill me?>', '<FEEDBACK in a heart-beat.> <FEEDBACK on my lunch break.>']",[],"[[71.0, 18.0, 272.0, 125.0], [568.0, 14.0, 739.0, 131.0], [731.0, 91.0, 850.0, 206.0], [29.0, 345.0, 331.0, 430.0], [142.0, 401.0, 236.0, 458.0], [317.0, 363.0, 407.0, 425.0], [444.0, 349.0, 704.0, 440.0], [492.0, 417.0, 629.0, 486.0], [530.0, 484.0, 623.0, 601.0]]",[],"[[288.0, 64.0, 392.0, 188.0], [540.0, 134.0, 613.0, 211.0], [621.0, 181.0, 680.0, 249.0], [67.0, 476.0, 177.0, 597.0], [328.0, 414.0, 430.0, 528.0], [-1.0, -1.0, -1.0, -1.0], [615.0, 458.0, 701.0, 566.0], [724.0, 371.0, 824.0, 478.0], [451.0, 487.0, 545.0, 573.0]]"
bp_2_235_1,"['<INFORM the challenge is the beginning of the journey, not the end>', ""<BYE pardon me, psychopaths> <NOT_CLASSIFIABLE t'challa -- i need a plane>"", '<GREET ... your highness> <INFORM -- gotta help me out with snoop doggy gramma -->']",[],"[[18.0, 44.0, 181.0, 136.0], [144.0, 6.0, 330.0, 130.0], [529.0, 20.0, 694.0, 107.0]]",[],"[[15.0, 175.0, 90.0, 252.0], [201.0, 152.0, 311.0, 256.0], [417.0, 70.0, 501.0, 176.0]]"
bp_2_236_0,"['<INFORM i do not fear your treachery, hunter!>', '<INFORM no treachery, erik, i vow to not interfere.>', '<NOT_CLASSIFIABLE would all please leave--!!>', '<BACKCHANNEL hey--!!> <ORDER watch the delicate flower of afrosiatic youth--!>', ""<INFORM look, w'kabi-- he's your king, but he's my client-->"", '<INFORM this is exactly my point--!>', '<BACKCHANNEL boys --- oh, boyyys -->']",[],"[[19.0, 7.0, 108.0, 71.0], [148.0, 7.0, 301.0, 55.0], [280.0, 45.0, 402.0, 93.0], [384.0, 4.0, 532.0, 71.0], [533.0, 2.0, 698.0, 57.0], [704.0, 3.0, 805.0, 54.0], [808.0, 2.0, 908.0, 43.0]]",[],"[[120.0, 58.0, 179.0, 143.0], [268.0, 98.0, 338.0, 183.0], [375.0, 93.0, 449.0, 193.0], [473.0, 81.0, 544.0, 180.0], [672.0, 64.0, 749.0, 151.0], [572.0, 68.0, 636.0, 153.0], [800.0, 65.0, 857.0, 134.0]]"
bp_2_236_1,"[""<INFORM --i think the meeting's over.>""]",[],"[[80.0, 21.0, 202.0, 70.0]]",[],"[[222.0, 65.0, 252.0, 93.0]]"
bp_2_238_3,"['<WHY_QUESTION what on earth is all that racket in the hall --?!> <NOT_CLASSIFIABLE ross--?!>', ""<ORDER forget it.> <INFORM it's probably drums.>"", ""<INFORM i've been in wakanda long enough to know these folks love drums.>"", '<ORDER go on -- take a look.>']",[],"[[0.0, 0.0, 154.0, 62.0], [138.0, 52.0, 257.0, 99.0], [81.0, 99.0, 185.0, 177.0], [179.0, 168.0, 250.0, 211.0]]",[],"[[60.0, 221.0, 157.0, 325.0], [204.0, 289.0, 265.0, 377.0], [207.0, 290.0, 264.0, 373.0], [205.0, 286.0, 264.0, 372.0]]"
bp_2_240_3,"['<INFORM which means, you should get dressed.>', ""<NOT_CLASSIFIABLE --?!?><WHY_QUESTION why?><INFORM i'm not leaving-->"", '<INFORM beloved--station yourself on the southern perimeter to prevent the fuel from freezing.>', '<FEEDBACK understood my lord.>']",['*translated from hausa.'],"[[13.0, 4.0, 116.0, 66.0], [19.0, 95.0, 139.0, 157.0], [18.0, 311.0, 211.0, 398.0], [136.0, 403.0, 253.0, 439.0]]","[[14.0, 440.0, 109.0, 472.0]]","[[-1.0, -1.0, -1.0, -1.0], [128.0, 3.0, 268.0, 174.0], [-1.0, -1.0, -1.0, -1.0], [-1.0, -1.0, -1.0, -1.0]]"
bp_2_240_4,['<NOT_CLASSIFIABLE -- this plane --!>'],"['1217a-6 supplemental:', 'in an obvious attempt to disorient me, subject forcibly ejected me from the transport --']","[[16.0, 158.0, 110.0, 208.0]]","[[20.0, 354.0, 200.0, 381.0], [27.0, 389.0, 220.0, 464.0]]","[[54.0, 253.0, 65.0, 269.0]]"
bp_2_241_1,"['<INFORM that... that creep!>', ""<COMMIT he's got to be stopped!!>"", '<BACKCHANNEL hey!!><FEEDBACK  you wrinkled it, you bought it, pal!!>']","['makes you wonder exactly what all those ""super"" heroes do all day.']","[[372.0, 157.0, 443.0, 211.0], [401.0, 205.0, 508.0, 262.0], [445.0, 289.0, 576.0, 372.0]]","[[277.0, 29.0, 470.0, 90.0]]","[[69.0, 62.0, 260.0, 251.0], [79.0, 28.0, 237.0, 244.0], [521.0, 17.0, 576.0, 101.0]]"
bp_2_242_3,"['<INFORM -- you install her as your tribal ""queen"" -- a leader you know the panther could never take up arms against -->', '<INFORM -- and she, in turn legitimizes you as chieftain-- >', '<FEEDBACK enough!>']",[],"[[236.0, 4.0, 470.0, 99.0], [321.0, 102.0, 472.0, 170.0], [343.0, 172.0, 486.0, 244.0]]",[],"[[657.0, 51.0, 721.0, 125.0], [655.0, 50.0, 720.0, 125.0], [-1.0, -1.0, -1.0, -1.0]]"
bp_2_242_4,"['<NOT_CLASSIFIABLE --giving you family and communty and purpose!>', ""<INFORM without her-- you're nothing!>"", ""<INFORM you're a bald guy in a gorilla suit with a cheap hustle! a chieftain wannabe--disgraced and lost!>""]",[],"[[171.0, 111.0, 308.0, 167.0], [243.0, 174.0, 346.0, 220.0], [699.0, 160.0, 871.0, 240.0]]",[],"[[530.0, 70.0, 634.0, 192.0], [531.0, 69.0, 634.0, 190.0], [531.0, 70.0, 634.0, 190.0]]"
bp_2_243_2,"[""<FEEDBACK oh, yes, t'challa> -- <INFORM m'baku has ferreted out the truth -->"", '<INFORM the true reason you have quarantined these lands!>', '<INFORM it has nothing to do with any white gorillas or handfuls of starry-eyes cultists!>', '<INFORM it is your secret -- long buried here in the crystal forest -->']",[],"[[217.0, 22.0, 418.0, 95.0], [342.0, 91.0, 487.0, 168.0], [483.0, 18.0, 625.0, 132.0], [618.0, 84.0, 775.0, 172.0]]",[],"[[-1.0, -1.0, -1.0, -1.0], [-1.0, -1.0, -1.0, -1.0], [-1.0, -1.0, -1.0, -1.0], [-1.0, -1.0, -1.0, -1.0]]"
bp_2_244_0,"['<INFORM priority transmission from the u.s., my lord! coded presonal.>', '<ORDER put ms. lynne through to my chambers, taku.>', '<FEEDBACK immediately, my lord.>']",['and you know that i know that you know'],"[[63.0, 76.0, 212.0, 146.0], [180.0, 160.0, 302.0, 231.0], [287.0, 257.0, 393.0, 295.0]]","[[84.0, 34.0, 481.0, 73.0]]","[[-1.0, -1.0, -1.0, -1.0], [-1.0, -1.0, -1.0, -1.0], [-1.0, -1.0, -1.0, -1.0]]"
bp_2_244_1,"['<INFORM --regardless of the circumstances.>', ""<INFORM t'challa--let's cut the bull.><INFORM  ross is in danger because of you.><INFORM  and better him than me.>""]",[],"[[31.0, 5.0, 165.0, 49.0], [218.0, 274.0, 398.0, 428.0]]",[],"[[179.0, 39.0, 314.0, 189.0], [419.0, 106.0, 542.0, 297.0]]"
bp_2_244_2,"[""<BACKCHANNEL so,> <INFORM i suppose i'm calling to tell you ross has been kidnapped by someone posing as you.> <INFORM and you will pretend that you don't already know.>"", '<GREET it is a rare pleasure to hear from you monica-->']",[],"[[7.0, 90.0, 160.0, 289.0], [180.0, 334.0, 275.0, 431.0]]",[],"[[-1.0, -1.0, -1.0, -1.0], [53.0, 325.0, 82.0, 354.0]]"
bp_2_245_0,"['<INFORM well, that was productive.>', '<INFORM as with a great many americans, director henry peter gyrich can be given to excesses of emotion.>', '<NOT_CLASSIFIABLE and secretary ross--?>']",[],"[[354.0, 12.0, 488.0, 61.0], [254.0, 50.0, 430.0, 147.0], [412.0, 124.0, 511.0, 184.0]]",[],"[[409.0, 286.0, 454.0, 342.0], [104.0, 241.0, 202.0, 330.0], [409.0, 283.0, 454.0, 340.0]]"
bp_2_247_0,"['<NOT_CLASSIFIABLE ...yes...>', '<INFORM ...yes... your father loves you...>', ""<FEEDBACK oh, for god's sake, t'challa-->""]",[],"[[551.0, 21.0, 609.0, 43.0], [573.0, 55.0, 630.0, 120.0], [517.0, 132.0, 615.0, 171.0]]",[],"[[683.0, 104.0, 784.0, 252.0], [684.0, 104.0, 784.0, 250.0], [-1.0, -1.0, -1.0, -1.0]]"
bp_2_248_1,"[""<INFORM so, you've seen through my deception, shaman-->""]","['i\'ll assume his ""zombie vision"" told him that corpse in the boat wasn\'t me--', ""--but was one of baron macabre's animated dead guys.""]","[[184.0, 344.0, 346.0, 411.0]]","[[25.0, 20.0, 186.0, 77.0], [143.0, 81.0, 293.0, 125.0]]","[[-1.0, -1.0, -1.0, -1.0]]"
bp_2_249_1,"[""<INFORM -- everything's negotiable.><INFORM my mother's death, for instance. a woman you rarely gave any thought to.>"", ""<INFORM and your legacy... which, now that faida's dead, dwells inside this mortal shell!><ORDER name your price, you doddering old fool!>""]",[],"[[3.0, 6.0, 310.0, 92.0], [174.0, 380.0, 459.0, 542.0]]",[],"[[76.0, 100.0, 179.0, 235.0], [76.0, 99.0, 182.0, 234.0]]"
bp_2_249_2,"['<WHY_QUESTION when?!><WHY_QUESTION  when, you pathetic fool?>', ""<INFORM  t'chaka handed you the rule when you were a child!>"", '<INFORM my father was murdered--butchered before my eyes..><INFORM  something you obviously will never understand-->', ""<INFORM --any more than you'd comprehend my love for you-- and your mother--!!>""]",[],"[[3.0, 6.0, 152.0, 58.0], [43.0, 54.0, 158.0, 131.0], [160.0, 5.0, 300.0, 123.0], [116.0, 390.0, 302.0, 471.0]]",[],"[[7.0, 176.0, 74.0, 269.0], [7.0, 175.0, 72.0, 268.0], [137.0, 143.0, 201.0, 242.0], [136.0, 140.0, 199.0, 239.0]]"
bp_2_249_3,['<NOT_CLASSIFIABLE --?!?>'],[],"[[167.0, 97.0, 235.0, 131.0]]",[],"[[251.0, 144.0, 303.0, 239.0]]"
bp_2_250_0,"[""<THANK th-thank the all-father you've come...>""]",[],"[[73.0, 20.0, 221.0, 79.0]]",[],"[[25.0, 251.0, 161.0, 433.0]]"
bp_2_251_4,"['<YES-NO_QUESTION ""low profile,"" monica?>', '<YES-NO_QUESTION low profile...?>', '<YES-NO_QUESTION may i present exhibit ""a""--?>', ""<INFORM can't wait to hear this one, sundance.>""]",[],"[[55.0, 3.0, 171.0, 44.0], [109.0, 38.0, 209.0, 87.0], [193.0, 7.0, 324.0, 78.0], [5.0, 375.0, 114.0, 446.0]]",[],"[[287.0, 140.0, 324.0, 175.0], [285.0, 139.0, 325.0, 174.0], [287.0, 139.0, 324.0, 173.0], [-1.0, -1.0, -1.0, -1.0]]"
bp_2_252_2,"['<WHY_QUESTION and just who the hell do you think you are?!>', '<BACKCHANNEL heyyy!>', ""<INFORM i'm a-talkin' t'yew, sundance!> <OR_QUESTION or is ya deaf as well as stupid?!>""]",[],"[[22.0, 339.0, 148.0, 393.0], [5.0, 3.0, 100.0, 68.0], [289.0, 94.0, 431.0, 201.0]]",[],"[[80.0, 91.0, 174.0, 146.0], [79.0, 93.0, 148.0, 139.0], [-1.0, -1.0, -1.0, -1.0]]"
bp_2_253_3,"['<INFORM i got enuff of your worthless markers to build a barn, sundance!>', ""<INFORM and none of 'em cover what you did with my wife.>"", ""<YES-NO_QUESTION wife?!><WHY_QUESTION  whoa-- what wife?!><INFORM  i don't know any wife!><NOT_CLASSIFIABLE  Officer-->"", '<FEEDBACK sheriff.>', '<INFORM --there must be some mistake?!>', '<INFORM four hunnert dollars, sundance.><INFORM  and my pride.>']",[],"[[7.0, 4.0, 158.0, 67.0], [118.0, 54.0, 234.0, 120.0], [198.0, 0.0, 351.0, 67.0], [263.0, 72.0, 332.0, 93.0], [326.0, 74.0, 435.0, 126.0], [218.0, 390.0, 359.0, 442.0]]",[],"[[63.0, 136.0, 213.0, 281.0], [62.0, 137.0, 212.0, 278.0], [292.0, 141.0, 441.0, 305.0], [63.0, 137.0, 211.0, 278.0], [291.0, 141.0, 440.0, 304.0], [63.0, 139.0, 212.0, 278.0]]"
bp_2_253_5,"['<INFORM i toldya ta never coma back here, Sundance.>', '<INFORM Toldya what would happen.>', '<INFORM Ya done brought this on yerself.>', ""<FEEDBACK no--> <ORDER wait--> <INFORM i'm not sundance--> <INFORM i'm ross!!> <INFORM just ask-->""]",[],"[[28.0, 3.0, 158.0, 58.0], [160.0, 30.0, 249.0, 77.0], [89.0, 78.0, 193.0, 133.0], [175.0, 108.0, 303.0, 188.0]]",[],"[[30.0, 192.0, 272.0, 435.0], [27.0, 190.0, 269.0, 433.0], [29.0, 192.0, 269.0, 433.0], [-1.0, -1.0, -1.0, -1.0]]"
bp_2_255_2,"['<ORDER shut the hell up, sundance.>', ""<FEEDBACK i'm not sundance -- he's -->"", ""<INFORM i hafta tell ya a'gin, i start bouncin' ya off them walls.> <ORDER now, hush, varmint -->""]",[],"[[129.0, 8.0, 242.0, 38.0], [114.0, 47.0, 208.0, 97.0], [100.0, 202.0, 223.0, 320.0]]",[],"[[245.0, 46.0, 382.0, 220.0], [24.0, 38.0, 110.0, 135.0], [244.0, 47.0, 382.0, 221.0]]"
bp_2_256_1,"[""<INFORM c'mon, oxford -- ya run like a girl.>"", ""<FEEDBACK sorry.><INFORM it's my first jail break!><YES-NO_QUESTION i suppose i should ask why you're doing this...?>""]",[],"[[215.0, 25.0, 305.0, 93.0], [109.0, 314.0, 259.0, 432.0]]",[],"[[361.0, 41.0, 418.0, 99.0], [200.0, 121.0, 235.0, 160.0]]"
bp_2_257_3,"['<NOT_CLASSIFIABLE --but are illusory!> <INFORM human facades covering alien or perhaps eldritch reality!>', '<INFORM you have not answered my question.> <WHY_QUESTION who are you?>']",[],"[[7.0, 4.0, 157.0, 88.0], [33.0, 344.0, 174.0, 448.0]]",[],"[[-1.0, -1.0, -1.0, -1.0], [141.0, 71.0, 319.0, 347.0]]"
bp_2_258_1,"['<YES-NO_QUESTION say you that you are a telepath?>', '<INFORM I am!>', '<ORDER i pray thee therefore, o king-- listen to my thoughts...>', '<INFORM ... that thou wouldst know mine heart is pure...>']",[],"[[194.0, 16.0, 327.0, 82.0], [262.0, 75.0, 333.0, 115.0], [157.0, 98.0, 321.0, 167.0], [159.0, 165.0, 310.0, 267.0]]",[],"[[3.0, 3.0, 153.0, 442.0], [348.0, 134.0, 481.0, 380.0], [3.0, 1.0, 155.0, 441.0], [0.0, 0.0, 151.0, 440.0]]"
bp_2_258_4,"['<WHY_QUESTION what the sam elliot is taking him so long?!>', ""<INFORM i figured somebody'd be flung through a window by now.>"", ""<YES-NO_QUESTION i mean it's not like they're gonna let a jamaican cleavon little join their little lynch party -- eh -- ?!>""]",[],"[[27.0, 6.0, 154.0, 52.0], [137.0, 36.0, 301.0, 107.0], [139.0, 99.0, 307.0, 210.0]]",[],"[[299.0, 218.0, 408.0, 315.0], [298.0, 218.0, 403.0, 322.0], [297.0, 217.0, 402.0, 322.0]]"
bp_2_259_3,"['<INFORM we don\'t have any ""purpose"" here, t\'challa.>', '<YES-NO_QUESTION you are certain of this, yes?>', ""<FEEDBACK i'm certain that dope's gonna spit in my eggs.>"", ""<NOT_CLASSIFIABLE t'challa...>""]",[],"[[81.0, 2.0, 253.0, 60.0], [94.0, 51.0, 193.0, 109.0], [114.0, 112.0, 225.0, 175.0], [138.0, 180.0, 224.0, 208.0]]",[],"[[68.0, 194.0, 102.0, 224.0], [17.0, 176.0, 43.0, 205.0], [68.0, 194.0, 101.0, 224.0], [67.0, 193.0, 100.0, 225.0]]"
bp_2_261_0,"['<NOT_CLASSIFIABLE --thor!!>', ""<THANK thank god--><THANK thank the gode-- you're here!!>"", '<YES-NO_QUESTION the avengers send you to rescue us?>']",[],"[[16.0, 1.0, 99.0, 23.0], [39.0, 31.0, 177.0, 88.0], [10.0, 79.0, 105.0, 168.0]]",[],"[[66.0, 190.0, 155.0, 282.0], [67.0, 189.0, 155.0, 281.0], [64.0, 190.0, 155.0, 281.0]]"
bp_2_261_1,"[""<POLITENESS_FORMULA i'm afraid i must ask you gentlemen to leave immediately.>"", '<BACKCHANNEL oh.> <FEEDBACK well, then.> <FEEDBACK long as you asked.>', '<FEEDBACK like i done ""asked"" for your money, boy.>', ""<INFORM and mebbe i'll take them fancy shoes and gold watch while i'm at it-->""]",[],"[[80.0, 3.0, 280.0, 54.0], [38.0, 41.0, 148.0, 93.0], [122.0, 94.0, 221.0, 158.0], [23.0, 136.0, 158.0, 224.0]]",[],"[[176.0, 294.0, 221.0, 355.0], [89.0, 241.0, 160.0, 341.0], [90.0, 240.0, 161.0, 338.0], [90.0, 240.0, 159.0, 339.0]]"
bp_2_264_2,"[""<INFORM train's more'n two hours late-->""]","[""the town of buzzard gulch wasn't far away."", 'maybre an hour by car, six by slow-moving stinky pack animal.', 'we figured loki would go for the train-']","[[301.0, 219.0, 386.0, 295.0]]","[[196.0, 69.0, 339.0, 121.0], [250.0, 126.0, 421.0, 184.0], [301.0, 375.0, 424.0, 436.0]]","[[-1.0, -1.0, -1.0, -1.0]]"
bp_2_265_1,"['<INFORM sundance--you were instructed to go to alberdene-->', '<INFORM -- to give that claim check to a man on a white horese.>', '<WHY_QUESTION why are you still here...?>']",[],"[[219.0, 17.0, 390.0, 64.0], [315.0, 65.0, 437.0, 147.0], [315.0, 148.0, 412.0, 196.0]]",[],"[[107.0, 48.0, 181.0, 143.0], [107.0, 48.0, 180.0, 142.0], [107.0, 48.0, 179.0, 141.0]]"
bp_2_265_3,"['<INFORM --as i demonstrate thusly-->', ""<FEEDBACK hey-- that's an open wound mister!!>""]",[],"[[30.0, 13.0, 131.0, 77.0], [114.0, 52.0, 213.0, 124.0]]",[],"[[-1.0, -1.0, -1.0, -1.0], [256.0, 22.0, 387.0, 244.0]]"
bp_2_266_0,"['<INFORM and thus, with a heavy heart, i end the illusion of mortality -- to die as i have ever lived -->']",[],"[[20.0, 6.0, 173.0, 126.0]]",[],"[[198.0, 133.0, 242.0, 163.0]]"
bp_2_266_4,"['<NOT_CLASSIFIABLE --buzzard gulch-- noon.> <INFORM and here we be.>', '<NOT_CLASSIFIABLE ""the story thus far""?> <POLITENESS_FORMULA beg pardon--?>', ""<INFORM still no sign of the blasted train... ...maybe the whole deal's a ruse!>""]",[],"[[33.0, 3.0, 241.0, 67.0], [141.0, 197.0, 272.0, 261.0], [287.0, 300.0, 434.0, 426.0]]",[],"[[2.0, 214.0, 91.0, 330.0], [97.0, 86.0, 171.0, 159.0], [274.0, 38.0, 380.0, 150.0]]"
bp_2_266_5,"['<INFORM --the trickster god obviously intends to kill us all.>', ""<INFORM without idunn's apples, the gods fall into the death sleep.>"", '<COMMIT i must return to asgard to face my end.>']",[],"[[18.0, 5.0, 171.0, 56.0], [176.0, 5.0, 314.0, 73.0], [318.0, 5.0, 405.0, 82.0]]",[],"[[3.0, 77.0, 383.0, 431.0], [4.0, 77.0, 382.0, 430.0], [4.0, 77.0, 382.0, 429.0]]"
bp_2_272_1,"['<NOT_CLASSIFIABLE hell, then, scruggs.>', '<ORDER do ya job.>']",[],"[[401.0, 23.0, 486.0, 64.0], [421.0, 71.0, 482.0, 115.0]]",[],"[[577.0, 57.0, 661.0, 162.0], [575.0, 55.0, 661.0, 160.0]]"
bp_2_273_1,"['<BACKCHANNEL ... aw, geez ...>']",[],"[[355.0, 194.0, 432.0, 256.0]]",[],"[[5.0, 6.0, 233.0, 186.0]]"
bp_2_274_1,"['<INFORM they got dre, scruggs --> <INFORM think his vest caught the slugs --!>', ""<INFORM he's out --> <ORDER now, before je reloads!!>""]",[],"[[262.0, 8.0, 447.0, 60.0], [450.0, 8.0, 580.0, 74.0]]",[],"[[136.0, 45.0, 283.0, 182.0], [357.0, 106.0, 467.0, 212.0]]"
bp_2_275_0,"['<NOT_CLASSIFIABLE ...dammit...>', '<NOT_CLASSIFIABLE ...freaking maniac...>', '<INFORM i am new to your lands.>', '<INFORM your ways are alien to me-->']",[],"[[212.0, 43.0, 302.0, 66.0], [245.0, 73.0, 326.0, 109.0], [205.0, 191.0, 300.0, 239.0], [259.0, 246.0, 339.0, 293.0]]",[],"[[623.0, 111.0, 738.0, 230.0], [624.0, 111.0, 737.0, 230.0], [-1.0, -1.0, -1.0, -1.0], [-1.0, -1.0, -1.0, -1.0]]"
bp_2_276_0,['<NOT_CLASSIFIABLE anything-- any-->'],"['--you look so small..', ""you all do.. when you're begging for your life."", ""lucky you're worth more to me alive than dead.""]","[[675.0, 135.0, 793.0, 197.0]]","[[35.0, 29.0, 128.0, 71.0], [53.0, 63.0, 176.0, 127.0], [737.0, 22.0, 876.0, 76.0]]","[[550.0, 4.0, 686.0, 139.0]]"
bp_2_277_0,"['<POLITENESS_FORMULA ...please...>', '<POLITENESS_FORMULA please, man...>']",[],"[[561.0, 94.0, 669.0, 128.0], [626.0, 128.0, 721.0, 170.0]]",[],"[[531.0, 206.0, 572.0, 248.0], [533.0, 203.0, 570.0, 242.0]]"
bp_2_277_4,"[""<NOT_CLASSIFIABLE aw, no, man--> <ORDER don't--!>""]",[],"[[365.0, 188.0, 445.0, 237.0]]",[],"[[-1.0, -1.0, -1.0, -1.0]]"
bp_2_278_2,"['<INFORM we will have an understanding between us.>', '<ORDER speak of it to no man...>']","['show. time.', 'remember the accent.']","[[369.0, 9.0, 494.0, 55.0], [410.0, 60.0, 501.0, 107.0]]","[[28.0, 23.0, 122.0, 53.0], [63.0, 76.0, 168.0, 118.0]]","[[226.0, 91.0, 347.0, 190.0], [226.0, 91.0, 346.0, 188.0]]"
bp_2_280_1,"['<POLITENESS_FORMULA kevin, dear-- please do something about her...>']","['these people have no lives.', 'they never leave the house.', 'judge judy and springer are their entire world...']","[[422.0, 189.0, 602.0, 241.0]]","[[32.0, 17.0, 149.0, 65.0], [45.0, 81.0, 179.0, 130.0], [589.0, 24.0, 743.0, 84.0]]","[[251.0, 64.0, 280.0, 95.0]]"
bp_2_280_2,"['<NOT_CLASSIFIABLE and..?>', '<WHY_QUESTION and what?>', ""<YES-NO_QUESTION and so you'll pay the light bill, right?> <YES-NO_QUESTION you won't leave your mother and your pregnant girlfriend stranded in the dark, right?>""]","[""take the tv out of this relationship, and it's just murder...""]","[[129.0, 109.0, 212.0, 143.0], [403.0, 22.0, 477.0, 71.0], [392.0, 87.0, 549.0, 240.0]]","[[25.0, 37.0, 176.0, 89.0]]","[[227.0, 22.0, 312.0, 89.0], [-1.0, -1.0, -1.0, -1.0], [227.0, 21.0, 307.0, 83.0]]"
bp_2_280_3,"[""<INFORM it's not good, kevin.>"", '<FEEDBACK yeah-- i know-- the lights-->', ""<FEEDBACK no. gwen.> <INFORM she's very upset. which means i catch all the hell,> <YES-NO_QUESTION understand?>""]",[],"[[120.0, 8.0, 206.0, 69.0], [394.0, 4.0, 509.0, 61.0], [387.0, 104.0, 556.0, 213.0]]",[],"[[217.0, 16.0, 373.0, 153.0], [-1.0, -1.0, -1.0, -1.0], [222.0, 21.0, 367.0, 148.0]]"
bp_2_281_1,['<WHY_QUESTION who are you?>'],"['--ambushed on a routine drug bust.', 'somebody made the call. somebody inside the house.', 'somebody with a badge...']","[[294.0, 190.0, 378.0, 244.0]]","[[29.0, 26.0, 203.0, 71.0], [80.0, 76.0, 243.0, 126.0], [143.0, 160.0, 276.0, 206.0]]","[[395.0, 32.0, 422.0, 61.0]]"
bp_2_281_3,"['<INFORM black jack took risks, kasper...> <INFORM ... your father.>', '<ORDER look where it got him.>', '<INFORM kevin -- i distinctly asked for penne -->', ""<COMMIT fine, ma, i'll go get it.>""]",[],"[[43.0, 4.0, 161.0, 107.0], [274.0, 25.0, 386.0, 88.0], [679.0, 21.0, 826.0, 82.0], [722.0, 86.0, 813.0, 140.0]]",[],"[[205.0, 61.0, 234.0, 101.0], [209.0, 65.0, 235.0, 101.0], [582.0, 46.0, 598.0, 74.0], [493.0, 33.0, 516.0, 59.0]]"
bp_2_282_3,"['<INFORM santa claus, stranger.> <WHY_QUESTION what of it?>', '<INFORM i know your name, officer kevin ""kasper"" cole>', '<INFORM -- what i want to know is who you are -->']",[],"[[314.0, 5.0, 446.0, 59.0], [329.0, 62.0, 461.0, 132.0], [717.0, 2.0, 846.0, 82.0]]",[],"[[3.0, 6.0, 311.0, 241.0], [468.0, 3.0, 680.0, 242.0], [469.0, 4.0, 678.0, 239.0]]"
bp_2_282_4,"['<INFORM --and what maked you think yourself worthy of the habit of a king.>', '<INFORM got a lot of habits.><ORDER  maybe be more specific...>', '<FEEDBACK habit officer.><NOT_CLASSIFIABLE  as in raiment--clothing-->', '<YES-NO_QUESTION a certain panther fetish?>']",[],"[[223.0, 5.0, 376.0, 71.0], [183.0, 83.0, 291.0, 137.0], [288.0, 108.0, 400.0, 180.0], [377.0, 165.0, 463.0, 218.0]]",[],"[[520.0, 5.0, 911.0, 229.0], [-1.0, -1.0, -1.0, -1.0], [522.0, 6.0, 909.0, 228.0], [521.0, 6.0, 908.0, 226.0]]"
bp_2_283_2,"['<NOT_CLASSIFIABLE bull.><INFORM  i was careful-->', '<INFORM you underestimate my powers, officer-->']",['all right... who is this guy? feds? internal affairs?'],"[[540.0, 4.0, 637.0, 65.0], [588.0, 64.0, 724.0, 134.0]]","[[24.0, 17.0, 178.0, 75.0]]","[[270.0, 5.0, 452.0, 187.0], [-1.0, -1.0, -1.0, -1.0]]"
bp_2_284_0,"['<INFORM hear there was some drama with dre and them.>', '<INFORM some dude dressed like a kitty.>', '<INFORM Tork-->']",[],"[[135.0, 19.0, 248.0, 104.0], [178.0, 106.0, 302.0, 163.0], [362.0, 125.0, 429.0, 181.0]]",[],"[[156.0, 178.0, 177.0, 213.0], [154.0, 179.0, 179.0, 215.0], [319.0, 174.0, 347.0, 206.0]]"
bp_2_285_2,"[""<ORDER gimme the suit, kasper--> <INFORM trust me-- you don't want none of this.>"", '<ORDER gimme the suit.>', '<FEEDBACK i need it, man--> <INFORM just for a few days-- >', '<FEEDBACK man, you trippin.>']",[],"[[90.0, 98.0, 232.0, 178.0], [169.0, 8.0, 247.0, 48.0], [171.0, 48.0, 247.0, 96.0], [174.0, 183.0, 258.0, 253.0]]",[],"[[547.0, 49.0, 654.0, 195.0], [548.0, 49.0, 655.0, 194.0], [366.0, 88.0, 438.0, 208.0], [366.0, 88.0, 439.0, 208.0]]"
bp_2_286_2,"[""<INFORM they're untouchable -- protected at the highest levels.>"", '<INFORM and here you go, rookie of the year, with his meow suit, kicking them in  the shin.>', ""<INFORM kasper -- if they find out you're the guy in ther panther suit, they'll kill your mother.><INFORM they'll kill gwen.>""]",[],"[[460.0, 39.0, 600.0, 121.0], [582.0, 97.0, 700.0, 204.0], [697.0, 34.0, 851.0, 180.0]]",[],"[[-1.0, -1.0, -1.0, -1.0], [-1.0, -1.0, -1.0, -1.0], [-1.0, -1.0, -1.0, -1.0]]"
bp_2_292_4,['<INFORM ...bad dog>'],[],"[[21.0, 119.0, 124.0, 161.0]]",[],"[[-1.0, -1.0, -1.0, -1.0]]"
bp_2_293_2,"['<WHY_QUESTION god, what mutts these dirtbags are-->']","[""...so easy if you'd only left me alone last week...""]","[[755.0, 59.0, 882.0, 128.0]]","[[29.0, 29.0, 183.0, 78.0]]","[[-1.0, -1.0, -1.0, -1.0]]"
bp_2_293_3,"['<WHY_QUESTION why was he talking to me?>', '<WHY_QUESTION why would he ever talk to me?>', ""<INFORM you'll make a fine detective, kasper. a good cop.>"", ""<YES-NO_QUESTION hey-- you and tork are going over by pitkin, right?> <INFORM my wife's clock is ready at the watch store on euclid.>""]",[],"[[72.0, 18.0, 189.0, 53.0], [144.0, 62.0, 238.0, 112.0], [164.0, 231.0, 268.0, 305.0], [128.0, 312.0, 308.0, 387.0]]",[],"[[8.0, 4.0, 136.0, 387.0], [6.0, 3.0, 136.0, 385.0], [247.0, 3.0, 372.0, 145.0], [247.0, 3.0, 370.0, 144.0]]"
bp_2_298_2,"['<INFORM --you, detective scruggs, are a police officer, sworn to protect the innocent-->', '<INFORM --but they prey upon the-- sacrifice your very soul-->', '<INFORM --for this.>', '<INFORM for worthless paper.>']",[],"[[104.0, 4.0, 263.0, 91.0], [101.0, 85.0, 245.0, 184.0], [665.0, 76.0, 741.0, 127.0], [665.0, 127.0, 761.0, 196.0]]",[],"[[276.0, 8.0, 517.0, 324.0], [275.0, 4.0, 540.0, 319.0], [278.0, 4.0, 522.0, 315.0], [279.0, 5.0, 529.0, 297.0]]"
bp_2_298_3,"['<NOT_CLASSIFIABLE bernie scruggs.>', '<INFORM your operative in the 74th precinct.>', '<INFORM  66 bridges pays him a license fee to operate in south brooklyn.><INFORM  you do remember...>']",[],"[[259.0, 253.0, 351.0, 293.0], [249.0, 296.0, 354.0, 355.0], [254.0, 359.0, 418.0, 437.0]]",[],"[[378.0, 10.0, 424.0, 225.0], [378.0, 10.0, 425.0, 223.0], [379.0, 10.0, 425.0, 224.0]]"
bp_2_299_2,"['<INFORM --how merciful of you, officer cole.> <INFORM riot-control ordinance is rather expensive, though-->', '<NOT_CLASSIFIABLE --for a man on a limited budget.>', ""<INFORM i'd ask how you got in here, hunter-->""]",[],"[[4.0, 4.0, 258.0, 100.0], [43.0, 437.0, 177.0, 524.0], [6.0, 526.0, 139.0, 609.0]]",[],"[[59.0, 67.0, 252.0, 274.0], [57.0, 63.0, 253.0, 275.0], [-1.0, -1.0, -1.0, -1.0]]"
bp_2_299_4,"['<NOT_CLASSIFIABLE --of a dead king.>', ""<INFORM and i've already offered to give the black panther costume back to you-->"", ""<FEEDBACK --in two days-- yes.> <INFORM when you'll no longer need it.> <INFORM when your suspension has ended.> <NOT_CLASSIFIABLE in the alley outside your bedroom-->""]",[],"[[32.0, 5.0, 132.0, 40.0], [111.0, 15.0, 250.0, 103.0], [5.0, 88.0, 172.0, 249.0]]",[],"[[166.0, 5.0, 317.0, 418.0], [-1.0, -1.0, -1.0, -1.0], [165.0, 7.0, 317.0, 418.0]]"
bp_2_300_2,"[""<INFORM i'm serious, hunter.>"", ""<FEEDBACK i know.> <FEEDBACK it's why he chose you.>""]",[],"[[235.0, 11.0, 324.0, 69.0], [218.0, 89.0, 322.0, 170.0]]",[],"[[337.0, 100.0, 445.0, 191.0], [101.0, 56.0, 157.0, 126.0]]"
bp_2_301_0,"['<BACKCHANNEL yeah.>', '<BACKCHANNEL yeah, you mothers.>', ""<COMMIT let's go.>""]",[],"[[274.0, 28.0, 316.0, 48.0], [281.0, 58.0, 360.0, 93.0], [597.0, 391.0, 669.0, 412.0]]",[],"[[431.0, 43.0, 501.0, 115.0], [430.0, 42.0, 501.0, 113.0], [682.0, 152.0, 904.0, 416.0]]"
bp_2_301_4,['<INFORM the closet --!>'],"[""all i've got is a bulletproof costume i stole from my sergeant's apartment...""]","[[100.0, 15.0, 194.0, 64.0]]","[[187.0, 347.0, 406.0, 406.0]]","[[23.0, 94.0, 95.0, 174.0]]"
bp_2_305_0,"['<INFORM --he keeps it in a kitchen drawer with hes keys.>', '<INFORM this man who is causing you so much grief-->', '<YES-NO_QUESTION --shall i kill him for you, officer cole--?>']",[],"[[264.0, 5.0, 417.0, 51.0], [393.0, 46.0, 494.0, 110.0], [410.0, 117.0, 498.0, 181.0]]",[],"[[304.0, 160.0, 357.0, 231.0], [304.0, 160.0, 355.0, 230.0], [303.0, 162.0, 355.0, 230.0]]"
bp_2_306_1,"[""<INFORM --that's his dog, margie-->"", '<ORDER -spell it backwards for his home security code.>']",[],"[[77.0, 31.0, 171.0, 89.0], [121.0, 81.0, 274.0, 160.0]]",[],"[[-1.0, -1.0, -1.0, -1.0], [-1.0, -1.0, -1.0, -1.0]]"
bp_2_307_2,"['<INFORM -- none can stand against him.>', ""<FEEDBACK yeah, and none of this is legal,> <INFORM hunter-- it'll never stand up in court.>"", '<INFORM matters of law are ephemeral.> <INFORM justice is universal.>', '<YES-NO_QUESTION and murder--?>']",[],"[[361.0, 2.0, 450.0, 69.0], [311.0, 64.0, 417.0, 176.0], [338.0, 181.0, 452.0, 261.0], [337.0, 262.0, 435.0, 301.0]]",[],"[[-1.0, -1.0, -1.0, -1.0], [4.0, 4.0, 312.0, 356.0], [-1.0, -1.0, -1.0, -1.0], [6.0, 6.0, 313.0, 356.0]]"
bp_2_307_3,"['<ORDER then come to terms with who the black pather is.>', '<INFORM the panther studies his prey. and waits.><INFORM such that, when the panther strikes -->']",[],"[[2.0, 11.0, 132.0, 92.0], [305.0, 11.0, 432.0, 154.0]]",[],"[[120.0, 10.0, 306.0, 265.0], [120.0, 11.0, 307.0, 262.0]]"
bp_2_311_5,"[""<INFORM --which only leaves about a hundred other details to this mess i gotta clean up.> <FEEDBACK understood.> <COMMIT i'll send the envelope through sandy.> <INFORM our friends appreciate your help on this.> <BACKCHANNEL okay.> <CLOSE g'nite, your honor.>""]",[],"[[3.0, 2.0, 205.0, 217.0]]",[],"[[91.0, 220.0, 128.0, 269.0]]"
bp_2_312_3,"['<OR_QUESTION did he? or did his lieutenant try to work him a little-- setting him up to run some nonsense errand?>', ""<INFORM kasper's been in narcotics long enough to recognize a hype when he sees one.>""]",[],"[[4.0, 4.0, 298.0, 60.0], [13.0, 57.0, 221.0, 139.0]]",[],"[[60.0, 143.0, 288.0, 367.0], [61.0, 143.0, 288.0, 367.0]]"
bp_2_314_0,"['<NOT_CLASSIFIABLE kasper--?!>', '<YES-NO_QUESTION do they want us?>', ""<FEEDBACK i dunno, grace...> <INFORM let me see what's goin'-->""]",[],"[[129.0, 27.0, 228.0, 49.0], [209.0, 46.0, 288.0, 91.0], [701.0, 28.0, 813.0, 90.0]]",[],"[[355.0, 94.0, 388.0, 143.0], [355.0, 94.0, 388.0, 142.0], [520.0, 32.0, 568.0, 84.0]]"
bp_2_317_0,"[""<INFORM actually, it is. my guess though, is that you're not after us so much as you're afther him-- sal anthony.>""]",[],"[[68.0, 279.0, 215.0, 463.0]]",[],"[[-1.0, -1.0, -1.0, -1.0]]"
bp_2_317_2,"[""<INFORM sal seems to think you've got some kinda case about alluva-sudden.>"", '<NOT_CLASSIFIABLE wants us to do this and that...> <INFORM then he shakes us down for 85 large when his boy skip asked for less than half that.>', '<INFORM now i come in and find a panther at my desk.>']",[],"[[4.0, 3.0, 108.0, 122.0], [188.0, 3.0, 394.0, 91.0], [402.0, 18.0, 528.0, 108.0]]",[],"[[134.0, 30.0, 162.0, 67.0], [134.0, 31.0, 168.0, 70.0], [135.0, 28.0, 167.0, 67.0]]"
bp_2_318_2,['<OFFER thought you might like some coffe.>'],"['internal affairs. the rat squad.', 'never seen him before. but he wears it.']","[[300.0, 59.0, 375.0, 121.0]]","[[253.0, 338.0, 374.0, 376.0], [303.0, 366.0, 429.0, 417.0]]","[[393.0, 84.0, 487.0, 221.0]]"
bp_2_321_2,['<INFORM so long as it is the right choice. not like lew. never like lew.>'],[],"[[158.0, 20.0, 247.0, 177.0]]",[],"[[44.0, 209.0, 210.0, 410.0]]"
bp_2_321_3,"['<INFORM i am a child, now.> <INFORM you prtect an old man--> <ORDER tell him lies and half-truths.>', '<BACKCHANNEL Pop-->', '<INFORM street cop for 20 years, boy.>']",[],"[[26.0, 3.0, 257.0, 69.0], [33.0, 342.0, 96.0, 379.0], [76.0, 380.0, 168.0, 450.0]]",[],"[[8.0, 50.0, 195.0, 273.0], [-1.0, -1.0, -1.0, -1.0], [9.0, 49.0, 197.0, 270.0]]"
bp_2_325_3,"['<BACKCHANNEL gasp!>', '<GREET mother!> <ORDER look at what is happening in dakenia!>']",[],"[[299.0, 50.0, 378.0, 81.0], [278.0, 92.0, 392.0, 156.0]]",[],"[[-1.0, -1.0, -1.0, -1.0], [-1.0, -1.0, -1.0, -1.0]]"
bp_2_328_2,"[""<ORDER dump 'em in the river.>"", ""<ORDER don't get in with this guy, kasper.>"", '<INFORM and hello-- you are not the black panther.>', '<NOT_CLASSIFIABLE too ugly and too broke.>']",[],"[[11.0, 23.0, 89.0, 72.0], [98.0, 31.0, 219.0, 78.0], [82.0, 86.0, 206.0, 135.0], [112.0, 143.0, 213.0, 195.0]]",[],"[[-1.0, -1.0, -1.0, -1.0], [-1.0, -1.0, -1.0, -1.0], [-1.0, -1.0, -1.0, -1.0], [-1.0, -1.0, -1.0, -1.0]]"
bp_2_331_2,['<INFORM i get a loyal worker bee here in the states while i rebuild my province in wakanda.>'],[],"[[290.0, 51.0, 451.0, 135.0]]",[],"[[24.0, 63.0, 234.0, 240.0]]"
bp_2_333_0,"['<NOT_CLASSIFIABLE kasper...><NOT_CLASSIFIABLE seriously...><YES-NO_QUESTION ... think you could stop hurling anytime soon...?>', '<WHY_QUESTION who sent you?>', '<FEEDBACK a friend.><FEEDBACK someone who knows you two are in way over your heads.>']",[],"[[19.0, 5.0, 157.0, 110.0], [19.0, 114.0, 74.0, 168.0], [186.0, 517.0, 336.0, 628.0]]",[],"[[147.0, 95.0, 232.0, 208.0], [61.0, 214.0, 169.0, 361.0], [266.0, 178.0, 367.0, 330.0]]"
bp_2_333_1,"['<NOT_CLASSIFIABLE so what better way to skip the kid out of town than to flush down the supply route between here and chi-town.>', ""<INFORM using panther's wakandan central net to hack into dea files, we got a list of safe houses><ORDER look for one that most recently had the utilities turned on.>""]",[],"[[6.0, 4.0, 157.0, 116.0], [13.0, 369.0, 225.0, 549.0]]",[],"[[24.0, 154.0, 218.0, 330.0], [24.0, 154.0, 218.0, 330.0]]"
bp_2_333_2,"['<INFORM 66 bridges originated in chicago, growing out of a gandowned record company.>', '<INFORM  new york supplies their friends in chicago-->']",[],"[[26.0, 333.0, 220.0, 415.0], [122.0, 417.0, 239.0, 488.0]]",[],"[[19.0, 26.0, 216.0, 303.0], [20.0, 26.0, 213.0, 301.0]]"
bp_3_335_1,"['<INFORM we\'re the #$*& united states of *$ #$ america!> <YES-NO_QUESTION where do a bunch of jungle bunnies get off telling us they\'ve got a ""no fly"" zone over their thatched hut?>']",[],"[[273.0, 23.0, 491.0, 177.0]]",[],"[[366.0, 233.0, 395.0, 261.0]]"
bp_3_336_0,['<YES-NO_QUESTION is there someone here who can give us some accurate intel on these people?>'],[],"[[285.0, 7.0, 481.0, 66.0]]",[],"[[144.0, 22.0, 243.0, 137.0]]"
bp_3_336_1,"['<INFORM the wakandans have a warrior spirit that makes the vietnamese look like, well, the french.><INFORM  they have also maintained a technological superiority that defies explanation. >', ""<WHY_QUESTION where'd they get their tech from soviets? >""]",[],"[[46.0, 4.0, 314.0, 105.0], [387.0, 5.0, 551.0, 52.0]]",[],"[[96.0, 132.0, 148.0, 194.0], [406.0, 215.0, 496.0, 308.0]]"
bp_3_336_3,['<INFORM wakanda is a small country in africe notable for never having been conquered in its entire history.>'],[],"[[108.0, 9.0, 337.0, 83.0]]",[],"[[45.0, 117.0, 128.0, 227.0]]"
bp_3_336_5,['<INFORM ...unprecedented.>'],[],"[[189.0, 27.0, 344.0, 59.0]]",[],"[[-1.0, -1.0, -1.0, -1.0]]"
bp_3_337_4,"[""<INFORM --they don't even pump it.>""]",[],"[[17.0, 22.0, 134.0, 78.0]]",[],"[[11.0, 72.0, 253.0, 363.0]]"
bp_3_338_3,"['<WHY_QUESTION if this guy is all that, who can handle him?>']",[],"[[29.0, 40.0, 168.0, 101.0]]",[],"[[23.0, 191.0, 131.0, 306.0]]"
bp_3_339_3,"[""<NOT_CLASSIFIABLE let's say i join your team.> <WHY_QUESTION if these wakandans are all you say they are, what are our chances of success?>"", ""<FEEDBACK pretty good.> <INFORM i've already killed black panther 15 years ago. i almost killed his son then.>""]",[],"[[42.0, 6.0, 299.0, 89.0], [285.0, 5.0, 486.0, 95.0]]",[],"[[51.0, 201.0, 84.0, 236.0], [321.0, 200.0, 355.0, 233.0]]"
bp_3_339_4,['<INFORM obviously a presidential pardon is appealing.>'],[],"[[555.0, 80.0, 688.0, 143.0]]",[],"[[-1.0, -1.0, -1.0, -1.0]]"
bp_3_340_1,"[""<INFORM his name is t'challa.> <INFORM son of t'chaka.>""]",[],"[[870.0, 91.0, 1007.0, 194.0]]",[],"[[313.0, 3.0, 837.0, 434.0]]"
bp_3_340_2,"[""<INFORM ... you've told us a lot about wakanda, everett.> <INFORM they've got incredible natural resources, technology on par with the u.s.a. -->""]",[],"[[55.0, 26.0, 306.0, 150.0]]",[],"[[-1.0, -1.0, -1.0, -1.0]]"
bp_3_341_3,"['<ORDER look, son...>']",[],"[[219.0, 58.0, 289.0, 102.0]]",[],"[[37.0, 157.0, 194.0, 378.0]]"
bp_3_344_2,['<WHY_QUESTION who is it?>'],[],"[[250.0, 95.0, 317.0, 133.0]]",[],"[[-1.0, -1.0, -1.0, -1.0]]"
bp_3_344_4,['<INFORM good choice.> <WHY_QUESTION when should i come back?>'],[],"[[161.0, 32.0, 340.0, 134.0]]",[],"[[313.0, 88.0, 549.0, 401.0]]"
bp_3_346_0,['<BACKCHANNEL oh no!> <ORDER call clean-up!>'],[],"[[290.0, 44.0, 423.0, 110.0]]",[],"[[-1.0, -1.0, -1.0, -1.0]]"
bp_3_346_4,['<POLITENESS_FORMULA excuse me-- sir?> <YES-NO_QUESTION are you still here?>'],[],"[[78.0, 18.0, 248.0, 100.0]]",[],"[[253.0, 85.0, 335.0, 171.0]]"
bp_3_347_0,"['<INFORM and i thought my hand was dangerous.>', ""<INFORM between the two of us, the black panther doesn't stand a chance!>""]",[],"[[303.0, 19.0, 443.0, 96.0], [336.0, 107.0, 485.0, 202.0]]",[],"[[635.0, 9.0, 804.0, 172.0], [634.0, 6.0, 802.0, 171.0]]"
bp_3_347_1,"['<YES-NO_QUESTION need a lift?>', '<FEEDBACK sure sailor.>']",[],"[[46.0, 80.0, 146.0, 128.0], [143.0, 145.0, 223.0, 187.0]]",[],"[[92.0, 347.0, 221.0, 456.0], [318.0, 35.0, 392.0, 161.0]]"
bp_3_347_3,"['<INFORM you really are a cannibal.>', '<INFORM i prefer the term-->', ""<FEEDBACK whatever,><INFORM so now you're a woman.><WHY_QUESTION how does it feel?>""]",[],"[[87.0, 40.0, 230.0, 113.0], [215.0, 99.0, 330.0, 152.0], [320.0, 49.0, 476.0, 131.0]]",[],"[[130.0, 226.0, 183.0, 261.0], [359.0, 228.0, 422.0, 261.0], [127.0, 223.0, 181.0, 259.0]]"
bp_3_350_3,"[""<WHY_QUESTION then why go at all, t'challa?>"", '<FEEDBACK because you asked me to, logan.>']",[],"[[43.0, 5.0, 244.0, 71.0], [242.0, 86.0, 407.0, 182.0]]",[],"[[37.0, 203.0, 186.0, 376.0], [390.0, 138.0, 483.0, 355.0]]"
bp_3_353_1,"['<NOT_CLASSIFIABLE of course not.>', ""<INFORM in a worst-case scenario, the panther god could consume your immortal soul, but that's pretty unlikely.>"", ""<INFORM you're not joking.>"", '<NOT_CLASSIFIABLE no.>']",[],"[[10.0, 10.0, 99.0, 71.0], [52.0, 63.0, 260.0, 188.0], [139.0, 403.0, 266.0, 463.0], [114.0, 457.0, 177.0, 494.0]]",[],"[[67.0, 200.0, 96.0, 231.0], [66.0, 200.0, 91.0, 226.0], [131.0, 214.0, 166.0, 242.0], [65.0, 199.0, 96.0, 227.0]]"
bp_3_353_2,"['<INFORM then you agree to the ritual.>', ""<INFORM you didn't answer my question>"", '<FEEDBACK you first>', '<WHY_QUESTION who--?>']",[],"[[37.0, 17.0, 187.0, 99.0], [591.0, 4.0, 808.0, 65.0], [575.0, 46.0, 671.0, 105.0], [630.0, 155.0, 748.0, 209.0]]",[],"[[228.0, 4.0, 526.0, 333.0], [853.0, 86.0, 1051.0, 330.0], [226.0, 3.0, 526.0, 331.0], [854.0, 84.0, 1050.0, 328.0]]"
bp_3_353_3,['<BACKCHANNEL ah.> <FEEDBACK right on time.>'],[],"[[193.0, 19.0, 319.0, 79.0]]",[],"[[165.0, 77.0, 219.0, 148.0]]"
bp_3_354_0,['<WHY_QUESTION what the hell?!>'],[],"[[744.0, 65.0, 846.0, 108.0]]",[],"[[519.0, 12.0, 640.0, 118.0]]"
bp_3_354_1,"[""<YES-NO_QUESTION t'challa...?>"", ""<YES-NO_QUESTION t'challa...?>""]",[],"[[507.0, 31.0, 626.0, 62.0], [588.0, 98.0, 707.0, 127.0]]",[],"[[252.0, 2.0, 490.0, 258.0], [750.0, 4.0, 1047.0, 207.0]]"
bp_3_355_1,"['<INFORM i am calling on you-->', '<INFORM --two of my oldest and dearest friends-->', '<INFORM --to take advantage of the neutral ground that wakanda provides.> <ORDER let the spirit of the day rekindle friendships that are deeper than whatever differences separate us.>']",[],"[[301.0, 3.0, 449.0, 52.0], [456.0, 4.0, 612.0, 91.0], [769.0, 138.0, 1139.0, 248.0]]",[],"[[699.0, 6.0, 785.0, 154.0], [695.0, 2.0, 782.0, 153.0], [695.0, 1.0, 779.0, 152.0]]"
bp_3_357_3,"[""<INFORM tony, i've listened to you.> <ORDER now listen to me:>"", '<INFORM this cancer that is eating away at the soul of your country, it has no home here.>']",[],"[[22.0, 8.0, 297.0, 43.0], [87.0, 62.0, 292.0, 146.0]]",[],"[[54.0, 240.0, 251.0, 454.0], [55.0, 239.0, 252.0, 453.0]]"
bp_3_357_4,"['<NOT_CLASSIFIABLE crystal.>', ""<ORDER give my regards to ororo.><ORDER tell her i'm sorry i couldn't stay.>""]",[],"[[47.0, 17.0, 155.0, 43.0], [46.0, 56.0, 192.0, 162.0]]",[],"[[57.0, 182.0, 104.0, 230.0], [57.0, 182.0, 103.0, 227.0]]"
bp_3_357_5,['<YES-NO_QUESTION am i clear?>'],[],"[[41.0, 47.0, 123.0, 89.0]]",[],"[[20.0, 112.0, 273.0, 578.0]]"
bp_3_359_1,"[""<COMMIT let's do this.>""]",[],"[[353.0, 24.0, 447.0, 63.0]]",[],"[[165.0, 13.0, 328.0, 181.0]]"
bp_3_361_3,"['<INFORM if you would at least consider a conversation, it might be a worth a lot to both of us.> <POLITENESS_FORMULA my door is always open.>']",[],"[[36.0, 7.0, 259.0, 133.0]]",[],"[[120.0, 274.0, 432.0, 586.0]]"
bp_3_362_2,"['<INFORM we must be sure and tell prince namor ""thank you"" for use of this island.> <INFORM it\'s uncharted, but more important...>']",[],"[[621.0, 2.0, 909.0, 114.0]]",[],"[[934.0, 5.0, 1149.0, 312.0]]"
bp_3_363_1,"['<INFORM behind the smiles and the gifts lurks fear.> <INFORM people look at us as a couple and quiver.>', '<INFORM too much power, too much wealth, too well connected.> <INFORM they think we might take over the world.>', '<FEEDBACK so you want to do a goodwill tour to assuage their fears.>', '<FEEDBACK exactly.>']",[],"[[3.0, 5.0, 352.0, 62.0], [70.0, 64.0, 292.0, 174.0], [305.0, 84.0, 482.0, 183.0], [266.0, 179.0, 375.0, 215.0]]",[],"[[218.0, 222.0, 254.0, 258.0], [218.0, 222.0, 253.0, 256.0], [263.0, 240.0, 306.0, 266.0], [217.0, 220.0, 252.0, 259.0]]"
bp_3_363_3,"[""<YES-NO_QUESTION are we going to see him soon?><YES-NO_QUESTION is there a regular meeting of super-powered monarchs that we'll be attending?>"", '<FEEDBACK well, not a ""regular meeting,"" no.><INFORM but i thought it would be a good idea for us to visit some of the larger centers of global power.>']",[],"[[4.0, 9.0, 327.0, 77.0], [87.0, 497.0, 328.0, 617.0]]",[],"[[22.0, 176.0, 173.0, 318.0], [346.0, 250.0, 552.0, 427.0]]"
bp_3_364_3,"['<INFORM you could think that... ..there are no facts to support it, but you could think that.>']",[],"[[209.0, 25.0, 377.0, 212.0]]",[],"[[484.0, 8.0, 916.0, 256.0]]"
bp_3_365_3,"['<INFORM i am doom!>', '<BYE goodbye.>']",[],"[[376.0, 36.0, 465.0, 89.0], [773.0, 18.0, 881.0, 54.0]]",[],"[[-1.0, -1.0, -1.0, -1.0], [675.0, 7.0, 752.0, 99.0]]"
bp_3_366_0,"['<WHY_QUESTION what happened to the lights?>', ""<WHY_QUESTION what?> <INFORM i can't hear you!> <INFORM my hearing aid isn't working!>""]",[],"[[265.0, 39.0, 421.0, 109.0], [346.0, 91.0, 602.0, 197.0]]",[],"[[20.0, 36.0, 257.0, 344.0], [620.0, 104.0, 936.0, 406.0]]"
bp_3_366_3,"[""<INFORM looks like someone cut your puppets' strings, doom.>""]",[],"[[178.0, 209.0, 361.0, 322.0]]",[],"[[173.0, 546.0, 369.0, 810.0]]"
bp_3_367_1,"['<ORDER put us down here,> <POLITENESS_FORMULA please.>', ""<INFORM but the ship won't fly.>"", '<FEEDBACK it will.> <INFORM the vibranium hull protected it from the effect of the emp.>']",[],"[[450.0, 5.0, 623.0, 53.0], [422.0, 52.0, 559.0, 116.0], [522.0, 103.0, 704.0, 193.0]]",[],"[[294.0, 138.0, 537.0, 345.0], [163.0, 2.0, 326.0, 183.0], [297.0, 139.0, 534.0, 341.0]]"
bp_3_368_0,"['<WHY_QUESTION and who\'s in this ""super hero army""?>', '<FEEDBACK well, the core members are panther, storm, dr. doom and namor.> <INFORM the new ""frightful four."">', '<YES-NO_QUESTION are you saying they call themselves that?>']",[],"[[321.0, 264.0, 456.0, 323.0], [250.0, 324.0, 447.0, 411.0], [347.0, 418.0, 451.0, 484.0]]",[],"[[-1.0, -1.0, -1.0, -1.0], [-1.0, -1.0, -1.0, -1.0], [-1.0, -1.0, -1.0, -1.0]]"
bp_3_368_4,"['<WHY_QUESTION so what happens when this bad information blows up like yellow cake?>', '<INFORM i have a feeling wakanda will blow up first.>']",[],"[[110.0, 224.0, 274.0, 307.0], [36.0, 286.0, 135.0, 357.0]]",[],"[[133.0, 33.0, 216.0, 137.0], [-1.0, -1.0, -1.0, -1.0]]"
bp_3_370_2,"[""<GREET oh hi!> <GREET i'm tigra.> <INFORM we haven't really met.> <INFORM just kind of in those big rooms with every avenger assembled now and then...>""]",[],"[[169.0, 324.0, 363.0, 428.0]]",[],"[[215.0, 51.0, 277.0, 119.0]]"
bp_3_372_0,"['<GREET so we meet again...>', '<GREET ah, my ""secret weapon."">', ""<INFORM i've thought about you a lot since katrina.> <INFORM i'd really like to... work with you more.> <INFORM develop my abilities.> <INFORM i think i could learn a lot from you.>"", ""<INFORM i'm glad to hear that, monica.>"", '<INFORM i appreciate that you came to the wedding.>', ""<INFORM it was hard, i'll tell you that.>"", '<WHY_QUESTION speaking of which, where is your wife...?>', '<INFORM at the embassy.>', '<FEEDBACK oh.>']",[],"[[276.0, 58.0, 375.0, 129.0], [817.0, 238.0, 929.0, 299.0], [49.0, 736.0, 307.0, 841.0], [94.0, 1016.0, 225.0, 1083.0], [320.0, 741.0, 479.0, 804.0], [479.0, 739.0, 597.0, 802.0], [334.0, 1111.0, 469.0, 1190.0], [707.0, 761.0, 810.0, 827.0], [803.0, 890.0, 863.0, 938.0]]",[],"[[359.0, 190.0, 447.0, 285.0], [772.0, 331.0, 851.0, 417.0], [221.0, 903.0, 306.0, 1009.0], [74.0, 832.0, 183.0, 966.0], [393.0, 859.0, 441.0, 915.0], [495.0, 815.0, 576.0, 898.0], [494.0, 813.0, 558.0, 891.0], [686.0, 817.0, 731.0, 875.0], [785.0, 968.0, 825.0, 1017.0]]"
bp_3_373_0,['<INFORM ...about registration. >'],[],"[[373.0, 33.0, 501.0, 74.0]]",[],"[[279.0, 55.0, 348.0, 145.0]]"
bp_3_374_0,['<WHY_QUESTION you were saying?>'],[],"[[518.0, 12.0, 609.0, 59.0]]",[],"[[347.0, 14.0, 529.0, 201.0]]"
bp_3_375_0,"['<BACKCHANNEL wow,> <CLOSE what a finish!>']",[],"[[311.0, 39.0, 397.0, 99.0]]",[],"[[428.0, 52.0, 575.0, 205.0]]"
bp_3_375_3,"[""<YES-NO_QUESTION look, are you okay?> <INFORM because i'm going to look for reed now.>"", ""<FEEDBACK oh...i'm fine.> <COMMIT i need to look for my husband, too.>""]",[],"[[29.0, 6.0, 181.0, 55.0], [103.0, 59.0, 197.0, 121.0]]",[],"[[80.0, 183.0, 132.0, 259.0], [223.0, 142.0, 300.0, 221.0]]"
bp_3_375_4,"[""<YES-NO_QUESTION wow, did you know he was that strong?> <NOT_CLASSIFIABLE i mean he's hercules, but still-->"", ""<INFORM i don't think he's going to need our assistance on this one.>""]",[],"[[14.0, 1.0, 194.0, 58.0], [194.0, 4.0, 355.0, 71.0]]",[],"[[82.0, 126.0, 170.0, 237.0], [195.0, 97.0, 306.0, 229.0]]"
bp_3_377_0,"['<FEEDBACK no... no...>', '<ORDER fear not, daughter.> <INFORM we will reconnect you to your essence.>']",[],"[[30.0, 72.0, 102.0, 129.0], [104.0, 52.0, 291.0, 152.0]]",[],"[[89.0, 533.0, 345.0, 824.0], [235.0, 161.0, 334.0, 258.0]]"
bp_3_377_2,"[""<INFORM even if they can't, you can take panther-training...>"", '<INFORM maybe xavier -- even emma -- maybe they can help ...>']",[],"[[207.0, 365.0, 365.0, 481.0], [49.0, 354.0, 206.0, 460.0]]",[],"[[260.0, 20.0, 376.0, 185.0], [140.0, 516.0, 363.0, 909.0]]"
bp_3_379_0,"[""<FEEDBACK damn,> <INFORM i can't... stay lit!>""]",[],"[[297.0, 344.0, 429.0, 431.0]]",[],"[[592.0, 98.0, 776.0, 293.0]]"
bp_3_381_1,"[""<ORDER look at 'em.> <INFORM now he's got the crowd on his side.> <INFORM and you can imagine how they're celebratin' up in harlem.>"", ""<FEEDBACK this ain't a good look for biggie....> <FEEDBACK not at all.>""]",[],"[[800.0, 14.0, 1020.0, 152.0], [1050.0, 34.0, 1250.0, 133.0]]",[],"[[982.0, 159.0, 1055.0, 266.0], [1103.0, 191.0, 1179.0, 280.0]]"
bp_3_382_1,"[""<YES-NO_QUESTION still don't trust me?> <INFORM that's okay.> <INFORM i don't trust you either.>"", '<NOT_CLASSIFIABLE as long as we understand each other.>']",[],"[[154.0, 36.0, 323.0, 143.0], [162.0, 144.0, 368.0, 228.0]]",[],"[[432.0, 84.0, 1045.0, 462.0], [431.0, 82.0, 1044.0, 460.0]]"
bp_3_382_3,['<INFORM but you seem right at home down here.>'],[],"[[91.0, 24.0, 250.0, 106.0]]",[],"[[154.0, 205.0, 343.0, 423.0]]"
bp_3_384_2,"['<COMMIT sure ya do!><FEEDBACK you might have erased every image of me when i tore this little playhouse down years ago, but you know who i am and what i did to you!>']",[],"[[276.0, 64.0, 548.0, 237.0]]",[],"[[218.0, 206.0, 258.0, 236.0]]"
bp_3_384_4,"['<YES-NO_QUESTION daddy, that true?>', '<BACKCHANNEL sssssh!!!>']",[],"[[42.0, 84.0, 159.0, 160.0], [205.0, 69.0, 327.0, 121.0]]",[],"[[147.0, 178.0, 271.0, 321.0], [300.0, 154.0, 450.0, 320.0]]"
bp_3_385_0,['<GREET you men!> <INFORM the cannon is destroyed.> <INFORM the warriors you enslaved are free and are all looking for you.> <YES-NO_QUESTION are you really going to stand here in an attempt to protect a dead man?>'],[],"[[454.0, 17.0, 728.0, 187.0]]",[],"[[307.0, 133.0, 410.0, 272.0]]"
bp_3_385_2,['<INFORM your time is over.>'],[],"[[59.0, 204.0, 151.0, 272.0]]",[],"[[-1.0, -1.0, -1.0, -1.0]]"
bp_3_386_2,['<GREET amandla... brothers and sisters.>'],[],"[[895.0, 35.0, 1071.0, 119.0]]",[],"[[387.0, 5.0, 839.0, 346.0]]"
bp_3_387_0,"[""<ORDER c'mon, don't take it personal.><INFORM it was just a business.>"", '<INFORM our""business"" is concluded.><INFORM your trial will be short and death, an example.>', '<INFORM i like it!><YES-NO_QUESTION does this sister have a sister?>']",[],"[[531.0, 59.0, 745.0, 157.0], [466.0, 230.0, 713.0, 333.0], [1050.0, 527.0, 1188.0, 624.0]]",[],"[[576.0, 365.0, 809.0, 592.0], [298.0, 24.0, 493.0, 254.0], [1049.0, 138.0, 1142.0, 268.0]]"
bp_3_388_1,"[""<WHY_QUESTION whatya think, t'charlie?>"", ""<FEEDBACK looks pretty real.> <INFORM i've read reed's manuals on skrull technology.> <INFORM i should be able to pilot us home.>"", '<INFORM sounds like a great read at the beach.>', '<FEEDBACK actually, yes.>']",[],"[[54.0, 19.0, 192.0, 100.0], [191.0, 17.0, 445.0, 147.0], [460.0, 112.0, 649.0, 196.0], [354.0, 467.0, 489.0, 527.0]]",[],"[[18.0, 257.0, 140.0, 394.0], [310.0, 163.0, 435.0, 352.0], [522.0, 374.0, 612.0, 517.0], [311.0, 170.0, 432.0, 349.0]]"
bp_3_389_0,"[""<ORDER don't worry.> <INFORM you won't be needing this craft.> <INFORM you're going home to earth alright.>"", '<FEEDBACK oh no!><FEEDBACK the frogs!!!>', '<YES-NO_QUESTION you know these cats?> <INFORM i mean fr>--', '<ORDER move away before-->']",[],"[[498.0, 30.0, 721.0, 135.0], [527.0, 430.0, 628.0, 496.0], [636.0, 456.0, 771.0, 519.0], [967.0, 739.0, 1065.0, 798.0]]",[],"[[225.0, 112.0, 317.0, 222.0], [424.0, 489.0, 530.0, 646.0], [564.0, 553.0, 674.0, 705.0], [994.0, 495.0, 1142.0, 613.0]]"
bp_3_391_0,"['<ORDER tell them to go to hell, honey.>', '<ORDER go to hell, you bastards.>', '<INFORM i understand.><INFORM you are of royal blood. you come from a long line of kings. your pride will not let you give in, despite the hopelessness of your situation.>', '<INFORM do not worry though ... >', '<INFORM  we have beeaten the pride out of greater kings than you.>']",[],"[[303.0, 420.0, 476.0, 520.0], [313.0, 557.0, 456.0, 647.0], [786.0, 495.0, 1042.0, 632.0], [837.0, 629.0, 971.0, 701.0], [483.0, 799.0, 642.0, 922.0]]",[],"[[512.0, 386.0, 696.0, 644.0], [151.0, 526.0, 287.0, 731.0], [1103.0, 553.0, 1172.0, 624.0], [1102.0, 550.0, 1178.0, 617.0], [190.0, 799.0, 284.0, 894.0]]"
bp_3_391_1,"['<INFORM look at your wife, that collar neutralizes her powers, making them as useful as a bosom on a brood queen.>', ""<INFORM you have no more options.> <ORDER accept that you've lost.> <ORDER tell your people to stand down.>""]",[],"[[55.0, 57.0, 280.0, 193.0], [276.0, 37.0, 459.0, 183.0]]",[],"[[158.0, 278.0, 327.0, 405.0], [157.0, 276.0, 325.0, 401.0]]"
bp_4_398_0,['<INFORM we lost her.><INFORM my sword sister is gone.>'],[],"[[828.0, 28.0, 1044.0, 124.0]]",[],"[[824.0, 117.0, 936.0, 266.0]]"
bp_4_398_3,"[""<ORDER don't leave me, beloved.>"", '<NOT_CLASSIFIABLE please...>']",[],"[[737.0, 22.0, 849.0, 80.0], [842.0, 77.0, 944.0, 102.0]]",[],"[[422.0, 58.0, 652.0, 314.0], [422.0, 58.0, 652.0, 311.0]]"
bp_4_399_1,"['<ORDER so tell me what do you know.>', ""<INFORM your task won't be easy>. <INFORM the tug of the afterlife is very strong.> <INFORM the longer one stays there, the more powerful its gravity.>""]",[],"[[285.0, 25.0, 430.0, 91.0], [316.0, 98.0, 541.0, 266.0]]",[],"[[46.0, 35.0, 280.0, 331.0], [388.0, 303.0, 570.0, 520.0]]"
bp_4_403_1,"[""<INFORM life isn't a poem, my love.>"", ""<INFORM and this isn't a storybook...>""]",[],"[[28.0, 22.0, 186.0, 103.0], [76.0, 112.0, 278.0, 172.0]]",[],"[[421.0, 21.0, 616.0, 301.0], [423.0, 18.0, 611.0, 298.0]]"
bp_4_403_5,['<YES-NO_QUESTION you mean time for us to go home.>'],[],"[[980.0, 29.0, 1105.0, 137.0]]",[],"[[629.0, 3.0, 892.0, 227.0]]"
bp_4_405_1,"['<INFORM my p.r.i.d.e. has uncovered some very disturbing links between the weapons used in the attack on me and an old friend of yours.>', '<BACKCHANNEL oh?><WHY_QUESTION who?>', '<FEEDBACK prince namor.>', '<ORDER shuri... tell me everything.>']",['princess regent inteligence division executives -editor'],"[[134.0, 20.0, 399.0, 178.0], [412.0, 130.0, 490.0, 191.0], [498.0, 99.0, 600.0, 177.0], [669.0, 352.0, 850.0, 447.0]]","[[384.0, 593.0, 629.0, 658.0]]","[[107.0, 191.0, 333.0, 466.0], [393.0, 230.0, 450.0, 299.0], [109.0, 189.0, 330.0, 465.0], [861.0, 349.0, 1077.0, 636.0]]"
