img_id,dialog,narration,dialog_bounding_boxes,narration_bounding_boxes,face_bounding_boxes
0_19_3,"['<INFORM the chief mentioned that the place was deserted, but that doesnt seem to be the case!>', '<INFORM maybe she thinks its a hotel or something!\t>']",[],"[[2.0, 19.0, 278.0, 144.0], [256.0, 19.0, 519.0, 110.0]]",[],"[[119.0, 237.0, 208.0, 355.0], [194.0, 406.0, 279.0, 505.0]]"
0_21_4,['<INFORM disappoint you!> <INFORM but id probably give you\tindigestion!>'],[],"[[7.0, 0.0, 201.0, 127.0]]",[],"[[124.0, 284.0, 175.0, 320.0]]"
0_27_5,"['<INFORM thats just what i was going to ask you!> <WHY_QUESTION wh where did you get this ?> <WHY_QUESTION wh who are you ?>', '<INFORM billions is the name!><INFORM  joshua t. billions!> <INFORM this is just part of a treasure i buried on amos island back in my seafaring days!>']",[],"[[16.0, 1.0, 291.0, 133.0], [268.0, 2.0, 591.0, 164.0]]",[],"[[256.0, 284.0, 364.0, 408.0], [480.0, 225.0, 563.0, 346.0]]"
0_35_4,"[""<INFORM i'm afraid they're gone for good!>"", ""<ORDER don't give up so easily, sir!> <INFORM you've got woozy winks, one-man bureau of missing persons at your service!>""]",[],"[[66.0, 14.0, 274.0, 107.0], [207.0, 14.0, 483.0, 181.0]]",[],"[[134.0, 159.0, 229.0, 286.0], [270.0, 205.0, 386.0, 351.0]]"
0_6_5,"['<ORDER hey let go of me!><WHY_QUESTION  who do you think you are ?> <OR_QUESTION a helicopter or something ?>', ""<INFORM all of a sudden i ' m getting a very terrific idea!>""]",[],"[[1.0, 0.0, 279.0, 103.0], [302.0, 3.0, 568.0, 82.0]]",[],"[[315.0, 185.0, 365.0, 242.0], [331.0, 110.0, 379.0, 170.0]]"
1000_16_4,"['<BACKCHANNEL gosh!> <INFORM guess i tried to civilize these peo a little too fast!><INFORM  and now i have to act un-civilized in self defense!>', '<ORDER get the runt!\t>', ""<ORDER let me at 'im\t! >""]",[],"[[21.0, 3.0, 359.0, 171.0], [438.0, 10.0, 564.0, 73.0], [570.0, 4.0, 700.0, 77.0]]",[],"[[215.0, 255.0, 323.0, 366.0], [410.0, 237.0, 443.0, 282.0], [546.0, 220.0, 591.0, 266.0]]"
1000_17_2,"[""<INFORM i won ' t waste another minute\t!>""]",['women your city is in the grip of a crime wave! volunteer for police duty!'],"[[0.0, 12.0, 209.0, 112.0]]","[[39.0, 166.0, 245.0, 349.0]]","[[-1.0, -1.0, -1.0, -1.0]]"
1000_3_3,"[""<BACKCHANNEL ho - hum!><FEEDBACK  darrel was right this is dull and stuffy .'>""]","['that night, at the concert']","[[130.0, 39.0, 388.0, 156.0]]","[[135.0, 0.0, 518.0, 47.0]]","[[90.0, 399.0, 130.0, 472.0]]"
1000_4_6,"[""<INFORM that ' s just the begin - ning!> <INFORM ive even bigger jobs planned!><BACKCHANNEL  ha ha!> <INFORM well make the police dance to the minstrel ' s tunes!>""]",[],"[[33.0, 0.0, 310.0, 176.0]]",[],"[[71.0, 214.0, 245.0, 468.0]]"
1000_5_1,['<YES-NO_QUESTION cant you imagine beethoven sitting alone in his study ?> <INFORM suddenly inspiration seizes him!><INFORM  he starts writing down these immortal notes and>'],['plink - a plunk! plunk - a - pling! an'],"[[0.0, 9.0, 430.0, 153.0]]","[[279.0, 134.0, 503.0, 313.0]]","[[234.0, 364.0, 354.0, 516.0]]"
1000_7_4,['<INFORM a magnesium flare!> <BACKCHANNEL ohhh!>'],"[""as the string is plucked, the minstrel's banjo discharges a smal capsule that explodes into blinding brilliance...""]","[[287.0, 106.0, 504.0, 178.0]]","[[15.0, 3.0, 570.0, 108.0]]","[[277.0, 196.0, 363.0, 284.0]]"
1001_21_4,"['<ORDER keep in line and sink your calks deep, men!> <INFORM any who fall out will be left behind!><BACKCHANNEL  now .. excelsior!>']",[],"[[115.0, 13.0, 737.0, 148.0]]",[],"[[514.0, 170.0, 566.0, 225.0]]"
1003_12_2,"['<INFORM you said it would be suicide but he made it!>', '<INFORM that dog risked his own life to save him!> <INFORM gosh that was exciting to watch i almost forgot all about the race!> <WHY_QUESTION whos leading ?>']",[],"[[17.0, 6.0, 244.0, 89.0], [216.0, 1.0, 521.0, 160.0]]",[],"[[377.0, 276.0, 390.0, 290.0], [410.0, 262.0, 424.0, 277.0]]"
1003_33_2,"['<INFORM it is your loveliness that jeb rivers remembered when he scorned me!> <INFORM ill avenge myself on both of you!>', '<ORDER  later, rala!> <INFORM before we attack the boat, usher these guests into our dwelling!>']",[],"[[0.0, 0.0, 265.0, 147.0], [239.0, 1.0, 542.0, 131.0]]",[],"[[91.0, 234.0, 127.0, 299.0], [153.0, 249.0, 212.0, 311.0]]"
1003_9_4,"['<INFORM now the problem is to see and not be seen!>', '<INFORM "" swing low "" still holds the lead!> <INFORM "" carry me home "" is coming up behind him!> <INFORM but the number one favorite "" sweet chariot "", seems t to be lagging!>']",[],"[[2.0, 6.0, 137.0, 131.0], [109.0, 14.0, 361.0, 218.0]]",[],"[[222.0, 253.0, 254.0, 292.0], [-1.0, -1.0, -1.0, -1.0]]"
1004_29_6,"[""<INFORM some men are approaching!> <INFORM i ' ll alert the others in case there is trouble!>""]",[],"[[17.0, 11.0, 375.0, 83.0]]",[],"[[351.0, 143.0, 399.0, 339.0]]"
1004_31_3,"[""<INFORM coming to a stop now!><INFORM  and there ' s that gang just waiting to take over this train!><INFORM we ve got to make it as tough for them as possible!>""]",[],"[[9.0, 0.0, 364.0, 93.0]]",[],"[[121.0, 248.0, 239.0, 379.0]]"
1004_7_6,"[""<INFORM there ' s the valise skull!><BACKCHANNEL  ghh ha!>"", ""<INFORM and here ' s something goes with it, my fist!>""]","['1nstants later, darrel dane becomes the doll manf']","[[16.0, 42.0, 191.0, 118.0], [178.0, 38.0, 316.0, 129.0]]","[[19.0, 3.0, 320.0, 49.0]]","[[135.0, 224.0, 179.0, 269.0], [165.0, 293.0, 183.0, 308.0]]"
1005_19_2,"[""<INFORM too late he ' s already gone!>"", '<INFORM i - i almost hate to look doll man\t!>']",[],"[[20.0, 1.0, 152.0, 34.0], [148.0, 0.0, 287.0, 42.0]]",[],"[[113.0, 104.0, 130.0, 120.0], [225.0, 128.0, 231.0, 140.0]]"
1005_26_6,"[""<INFORM eben slade is a peculiar old man, darrel!> <INFORM i have a feeling a he doesn ' t really like anybody!>"", '<INFORM this whole set - up is peculiar martha\t!>']",[],"[[11.0, 3.0, 135.0, 105.0], [133.0, 8.0, 230.0, 68.0]]",[],"[[80.0, 131.0, 101.0, 156.0], [134.0, 109.0, 159.0, 137.0]]"
1006_36_4,['<INFORM this better be good!>'],[],"[[320.0, 382.0, 449.0, 532.0]]",[],"[[60.0, 250.0, 97.0, 280.0]]"
1007_10_3,"['<BACKCHANNEL wha ...???>', '<INFORM  right into my trap, small fool!>']",[],"[[32.0, 42.0, 189.0, 150.0], [959.0, 133.0, 1138.0, 310.0]]",[],"[[255.0, 149.0, 315.0, 182.0], [-1.0, -1.0, -1.0, -1.0]]"
1007_37_2,"[""<INFORM id hate to see ted in trouble!><COMMIT  i ' ll go down and have a talk with him at the sport club!>"", ""<THANK oh, if you would, i ' d be so grateful!><INFORM  he never used to go out at night!>""]",[],"[[14.0, 1.0, 292.0, 156.0], [308.0, 3.0, 499.0, 175.0]]",[],"[[183.0, 145.0, 211.0, 179.0], [257.0, 170.0, 284.0, 194.0]]"
1008_17_4,"['<BACKCHANNEL heh - heh!><INFORM  those magnesium flares are brighter than the noonday sun! wed be blinded, too, with out these dark glasses!>', '<BACKCHANNEL ohhh!>']",[],"[[14.0, 14.0, 537.0, 98.0], [2.0, 167.0, 158.0, 254.0]]",[],"[[333.0, 356.0, 363.0, 387.0], [18.0, 365.0, 42.0, 380.0]]"
1008_21_1,"[""<INFORM but you ' ll really need something like witchcraft to save you now\t!>"", '<INFORM i came prepared for trouble!> <INFORM in olden days witches were served by evil spirits that took the form of bats>']",[],"[[0.0, 24.0, 263.0, 169.0], [245.0, 23.0, 608.0, 192.0]]",[],"[[274.0, 372.0, 295.0, 388.0], [413.0, 310.0, 464.0, 395.0]]"
1008_21_2,['<INFORM you must be batty ... if you put your faith in that rubbish!><INFORM  and that whistle doesnt even make a noise\t!>'],[],"[[216.0, 27.0, 589.0, 208.0]]",[],"[[393.0, 390.0, 416.0, 420.0]]"
1008_4_3,"['<BACKCHANNEL oooh!>', ""<INFORM this'll teach you not to go snoopin' around, pal!>""]",[],"[[2.0, 21.0, 154.0, 104.0], [151.0, 22.0, 483.0, 97.0]]",[],"[[169.0, 294.0, 285.0, 432.0], [331.0, 87.0, 429.0, 218.0]]"
1009_14_1,"[""<INFORM  a toy plane!> <INFORM it's trying to kill me!\t>"", '<BACKCHANNEL  ha, ha, ha!>']",[],"[[28.0, 0.0, 263.0, 92.0], [298.0, 1.0, 486.0, 59.0]]",[],"[[236.0, 189.0, 307.0, 251.0], [354.0, 80.0, 401.0, 136.0]]"
1009_18_5,"[""<NOT_CLASSIFIABLE you old fool!> <WHY_QUESTION why didn ' t you teli me the whole truth ?> <INFORM id rather be dead than have a face like this\t!>"", ""<INFORM you ' re. choking me>""]",[],"[[8.0, 12.0, 246.0, 203.0], [437.0, 216.0, 537.0, 396.0]]",[],"[[408.0, 19.0, 500.0, 134.0], [-1.0, -1.0, -1.0, -1, 0]]"
1009_9_5,['<ORDER never mind the book!> <INFORM i need an idea fast!>'],['short wave broadcast'],"[[3.0, 15.0, 220.0, 130.0]]","[[154.0, 356.0, 244.0, 422.0]]","[[171.0, 104.0, 259.0, 180.0]]"
1010_33_4,"['<INFORM that way!>', '<THANK thanks!> <YES-NO_QUESTION mind if i borrow this ?>']",[],"[[56.0, 0.0, 308.0, 55.0], [29.0, 54.0, 202.0, 179.0]]",[],"[[180.0, 245.0, 213.0, 293.0], [283.0, 252.0, 306.0, 285.0]]"
1010_45_4,"[""<INFORM he ' s comin ' down but its not cormac!>""]",[],"[[68.0, 27.0, 358.0, 129.0]]",[],"[[170.0, 183.0, 237.0, 246.0]]"
1011_21_5,"['<NOT_CLASSIFIABLE hard krobb>', ""<ORDER red! brown! get ready to jump. can ' t keep it on the road\t!>""]",['with murderous intent the heavy limousin brushed against our light roaoster 7rie to swerve but the road was too narrow .'],"[[7.0, 80.0, 189.0, 165.0], [225.0, 70.0, 526.0, 227.0]]","[[4.0, 0.0, 593.0, 80.0]]","[[69.0, 274.0, 89.0, 296.0], [395.0, 377.0, 413.0, 402.0]]"
1011_42_2,"['<BACKCHANNEL wow!> <WHY_QUESTION the japs are sure scared. what are you up to don ?>', '<INFORM shh i ve got a little arson in my mind\t>']",[],"[[27.0, 2.0, 438.0, 83.0], [426.0, 2.0, 749.0, 93.0]]",[],"[[586.0, 217.0, 624.0, 278.0], [682.0, 282.0, 713.0, 331.0]]"
1012_20_0,['<ORDER be careful with those packages men\t!>'],['a few minutes later'],"[[0.0, 19.0, 205.0, 110.0]]","[[0.0, 0.0, 268.0, 27.0]]","[[82.0, 158.0, 100.0, 192.0]]"
1012_41_3,"['<INFORM the champ!> <INFORM what a story!>', '<WHY_QUESTION how about a picture of you standing over the champ?>', '<INFORM im not interested in publicity!>']",[],"[[0.0, 1.0, 201.0, 99.0], [172.0, 11.0, 469.0, 112.0], [472.0, 51.0, 677.0, 159.0]]",[],"[[150.0, 240.0, 210.0, 318.0], [300.0, 190.0, 360.0, 250.0], [520.0, 240.0, 600.0, 320.0]]"
1013_44_5,"['<INFORM thees drawing ees what we theenk he looks like!>', ""<INFORM if he ' s there ill snap his picture\t!>""]",[],"[[5.0, 20.0, 222.0, 113.0], [209.0, 22.0, 458.0, 101.0]]",[],"[[169.0, 242.0, 202.0, 286.0], [283.0, 187.0, 311.0, 232.0]]"
1014_6_4,"[""<INFORM i feel better now that they put the navy ' s two aces on the case!><INFORM  if another few ships disappear ill be ruined!>"", ""<INFORM well do the best we can mr, jordan but don ' t build up your hopes we have very little to go on so far!>""]",[],"[[7.0, 10.0, 185.0, 160.0], [165.0, 9.0, 283.0, 190.0]]",[],"[[78.0, 186.0, 95.0, 209.0], [154.0, 175.0, 175.0, 199.0]]"
1015_19_5,['<INFORM but i was just counting ten so i wouldnt lose my temper\t!>'],[],"[[252.0, 27.0, 515.0, 208.0]]",[],"[[316.0, 248.0, 385.0, 331.0]]"
1015_21_2,"['<INFORM i understand he comes from a wealthy family\t>', '<FEEDBACK so what .>']",[],"[[87.0, 1.0, 272.0, 120.0], [269.0, 9.0, 369.0, 93.0]]",[],"[[163.0, 135.0, 199.0, 167.0], [235.0, 146.0, 263.0, 170.0]]"
1015_7_0,"[""<INFORM i don ' t think the snake could have reached here yet!>""]",['eanwhile'],"[[24.0, 25.0, 315.0, 177.0]]","[[2.0, 5.0, 238.0, 42.0]]","[[225.0, 266.0, 256.0, 309.0]]"
1016_29_1,"[""<FEEDBACK this is a good idea, don.> <INFORM by the time the fire reaches the powder kegs we'll be able to get a safe distance from the ship.>""]",[],"[[1.0, 36.0, 290.0, 237.0]]",[],"[[316.0, 318.0, 348.0, 352.0]]"
1017_24_3,"['<INFORM laugh, you infidels but when the great flood comes i will be the only survivor!>']",[],"[[12.0, 2.0, 374.0, 149.0]]",[],"[[266.0, 249.0, 300.0, 320.0]]"
1017_9_0,"[""<INFORM there ' s no sense in continuing!><INFORM  he just wont talk rubberface!>"", '<INFORM i know a way to make him talk\t!>']",['hortly after at the mountain hide out'],"[[48.0, 71.0, 376.0, 192.0], [352.0, 63.0, 574.0, 157.0]]","[[0.0, 17.0, 606.0, 75.0]]","[[261.0, 200.0, 318.0, 253.0], [362.0, 277.0, 378.0, 313.0]]"
1018_2_0,"[""<COMMIT if it the last thing i do i ' ll capture singapore sal!\t>"", '<INFORM  i know how you feel about tha female pirate, dc but im afraid i have to interrui your search for her!>']",[],"[[493.0, 35.0, 787.0, 194.0], [803.0, 136.0, 1091.0, 367.0]]",[],"[[433.0, 349.0, 490.0, 447.0], [969.0, 500.0, 1018.0, 561.0]]"
1018_3_1,['<INFORM that must be winslow and pennington now\t!>'],[],"[[85.0, 16.0, 361.0, 150.0]]",[],"[[290.0, 236.0, 316.0, 264.0]]"
1018_8_6,['<INFORM this my friend is a knockout\t!>'],[],"[[332.0, 0.0, 571.0, 124.0]]",[],"[[316.0, 227.0, 357.0, 269.0]]"
1019_2_3,"['<FEEDBACK yes, i am!> <INFORM but i have an awful cold!> <YES-NO_QUESTION would you mind taking my place for the day ?>', '<FEEDBACK why, of course dear!>']",[],"[[3.0, 21.0, 198.0, 232.0], [27.0, 245.0, 159.0, 351.0]]",[],"[[-1.0, -1.0, -1.0, -1.0], [176.0, 238.0, 328.0, 409.0]]"
1019_37_4,['<ORDER halp!>'],[],"[[28.0, 187.0, 193.0, 257.0]]",[],"[[194.0, 280.0, 225.0, 320.0]]"
101_22_1,"['<INFORM we were saved from the gun> <WHY_QUESTION - but what horrible thing is this ?> <WHY_QUESTION how can trees come alive like clutching monsters ?>', '<BACKCHANNEL great scott!> <INFORM it must be that curse!> <INFORM the the story is true!>']","['he uncanny phenomenon continues saving the lives of ttom and mayda, but striking terror to their hearts! great scott! it']","[[0.0, 116.0, 490.0, 291.0], [454.0, 90.0, 804.0, 276.0]]","[[0.0, 2.0, 841.0, 131.0]]","[[233.0, 414.0, 331.0, 560.0], [344.0, 363.0, 468.0, 495.0]]"
1020_31_4,"[""<FEEDBACK sure we are!> <INFORM if not then bing and i aren't going to get along good with each other either...> <INFORM if you know what i mean!>"", ""<INFORM why, there's bing with marla!>""]",[],"[[26.0, 1.0, 344.0, 144.0], [154.0, 113.0, 344.0, 209.0]]",[],"[[-1.0, -1.0, -1.0, -1.0], [-1.0, -1.0, -1.0, -1.0]]"
1021_19_6,"[""<INFORM this comes as a surprise to me, dotty, but i ' m having a good time!>"", '<FEEDBACK that make two of us jack .> <INFORM this is fun!>']",[],"[[22.0, 0.0, 384.0, 80.0], [310.0, 9.0, 478.0, 100.0]]",[],"[[121.0, 105.0, 176.0, 172.0], [263.0, 173.0, 292.0, 221.0]]"
1021_22_2,"['<NOT_CLASSIFIABLE why, you cheap sorehead, i ought to>']",[],"[[58.0, 15.0, 320.0, 85.0]]",[],"[[95.0, 154.0, 144.0, 210.0]]"
1022_30_5,"['<WHY_QUESTION which one you betting on, mac ?>', '<INFORM none in this race!>']",['section seen'],"[[49.0, 41.0, 271.0, 115.0], [47.0, 0.0, 564.0, 49.0]]","[[11.0, 103.0, 187.0, 183.0]]","[[112.0, 289.0, 166.0, 344.0], [222.0, 290.0, 264.0, 333.0]]"
1022_9_6,"[""<ORDER d-deliver his note to the address on it!><OFFER here ' s a dollar!><INFORM  there ll be another for you when you do it!>"", '<FEEDBACK gee two bucks!> <THANK thanks mister!> <INFORM ill sure do it in a jiffy and be back!\t>']",[],"[[5.0, 0.0, 277.0, 177.0], [244.0, 0.0, 492.0, 142.0]]",[],"[[67.0, 247.0, 143.0, 306.0], [253.0, 287.0, 304.0, 366.0]]"
1023_21_1,"[""<INFORM them ' s ghosts ... if i know my self at all!> <INFORM but, brother, what ghastly looking creatures they are!> <INFORM they ' re almost like a nightmare ... hmmm ... maybe they are!><INFORM  ill soon see!>""]",[],"[[1.0, 0.0, 316.0, 122.0]]",[],"[[158.0, 208.0, 195.0, 242.0]]"
1025_26_2,['<INFORM durango bested me fair and square .><COMMIT  but the next time our trails cross ...!>'],"['rorced to flee from dead man dam, the red scorpion walksa mountain trail his headhang ing with shame ... durango']","[[45.0, 67.0, 325.0, 169.0]]","[[2.0, 0.0, 326.0, 82.0]]","[[129.0, 217.0, 151.0, 234.0]]"
1025_29_5,"[""<INFORM don ' t have to worry about the scorpion dry - gulching me!> <INFORM he has too, much vanity to wriggle out of a face - to - face duel with the durango kid >""]",['durango grimly follow 5 the killers trail'],"[[0.0, 39.0, 297.0, 164.0]]","[[12.0, 0.0, 297.0, 45.0]]","[[167.0, 207.0, 182.0, 223.0]]"
1026_1_5,"[""<FEEDBACK lost!> <INFORM i must have traveled in a circle--> <INFORM i know i've been at this spot before!> <INFORM i'm so exhausted but got to go on-- got to...>""]","['but at last...', 'ut dan brand ished relent- ssly westward old hatred in hist heart. he crossed rivers, great shaggy mountains - he bored through mighty forests along nknown trails, only an iron will for vengeance kept him going - for his town - bred muscles and tea-party ways were puny weapons against the might of the leemnts and the trackless vastness of the wilderness...']","[[210.0, 3.0, 535.0, 150.0]]","[[200.0, 1.0, 370.0, 33.0], [8.0, 5.0, 225.0, 471.0]]","[[271.0, 144.0, 311.0, 184.0]]"
1027_23_5,['<BACKCHANNEL gnnng! enough! enough!>'],[],"[[0.0, 26.0, 292.0, 193.0]]",[],"[[177.0, 228.0, 280.0, 324.0]]"
1027_28_4,"['<INFORM  too bad we just caught y "" fox "" this commotion will surely scare dan brand away. but i guess get youre a big enough catch for one night .>', '<INFORM you wont get anything out of me!>']",['inside the well'],"[[0.0, 66.0, 458.0, 315.0], [347.0, 136.0, 664.0, 288.0]]","[[5.0, 11.0, 367.0, 77.0]]","[[135.0, 474.0, 197.0, 529.0], [483.0, 425.0, 520.0, 462.0]]"
1027_32_2,"[""<ORDER hurry-load this cannon and fire!> <INFORM we'll blast them right out of the harbor!>""]",[],"[[96.0, 182.0, 519.0, 352.0]]",[],"[[422.0, 432.0, 498.0, 507.0]]"
1027_6_0,"['<INFORM and now, boys well have some fun with durango >']",['a few minutes later d'],"[[45.0, 121.0, 439.0, 267.0]]","[[38.0, 60.0, 511.0, 120.0]]","[[353.0, 410.0, 382.0, 449.0]]"
1027_8_5,"['<INFORM so, you must have missed the last lesson student>', '<NOT_CLASSIFIABLE give you>']",['and so...'],"[[164.0, 0.0, 772.0, 86.0], [987.0, 62.0, 1080.0, 182.0]]","[[840.0, 5.0, 1080.0, 72.0]]","[[343.0, 223.0, 477.0, 356.0], [-1.0, -1.0, -1.0, -1.0]]"
1028_15_0,"['<INFORM you sure are making a mistake!> <ORDER drop that gun, mister - and get your hands up everybody!>', '<BACKCHANNEL gulp!>']",[],"[[0.0, 25.0, 423.0, 255.0], [335.0, 140.0, 552.0, 254.0]]",[],"[[-1.0, -1.0, -1.0, -1.0], [170.0, 399.0, 230.0, 511.0]]"
1028_18_4,"['<NOT_CLASSIFIABLE dad!\t>', '<NOT_CLASSIFIABLE jim! oh, jim!\t>']",[],"[[117.0, 35.0, 294.0, 158.0], [394.0, 11.0, 625.0, 159.0]]",[],"[[157.0, 484.0, 214.0, 605.0], [423.0, 389.0, 489.0, 568.0]]"
1029_14_1,"[""<INFORM but i ' m in no mood to answer right now!>"", '<BACKCHANNEL gnnng!\t>', '<BACKCHANNEL YIYIYI!>']",[],"[[3.0, 30.0, 288.0, 243.0], [337.0, 58.0, 566.0, 171.0], [608.0, 51.0, 810.0, 170.0]]",[],"[[298.0, 379.0, 369.0, 474.0], [468.0, 305.0, 547.0, 426.0], [650.0, 349.0, 745.0, 434.0]]"
1029_30_2,"[""<INFORM i said i'd go alone now!> <INFORM i don ' t need you any more, durango your mission is accomplished!\t>"", '<INFORM sorry mister but my mission is not accomplished\t!>']",[],"[[18.0, 46.0, 537.0, 270.0], [553.0, 32.0, 936.0, 233.0]]",[],"[[234.0, 424.0, 263.0, 447.0], [598.0, 275.0, 625.0, 311.0]]"
1029_4_4,['<BACKCHANNEL choooo!\t>'],[],"[[79.0, 23.0, 401.0, 218.0]]",[],"[[156.0, 709.0, 347.0, 897.0]]"
102_15_6,"[""<INFORM no tracks!> <INFORM no bleedin' tracks!>"", ""<FEEDBACK we'll find 'em,> <INFORM i tell you!> <ORDER shut up!>""]",['four hours passed -- four hours in a world in which nothing moved but the mist! mist with the faint acrid touch of smoke -- the smoke of powdered ivory!'],"[[1.0, 97.0, 150.0, 175.0], [225.0, 96.0, 393.0, 178.0]]","[[1.0, 9.0, 465.0, 89.0]]","[[85.0, 176.0, 147.0, 240.0], [252.0, 182.0, 331.0, 259.0]]"
102_37_4,['<INFORM it was the eel ... the eel!><INFORM  he has struck once again ... to save us ... to protect us from harm ... and to claim his treasure for his own!><THANK  we give thanks to the eel!>'],[],"[[0.0, 0.0, 470.0, 120.0]]",[],"[[160.0, 179.0, 335.0, 370.0]]"
102_38_1,"[""<INFORM dont be discouraged rise an ' shine theres another kind of square so don ' t recline!>""]",[],"[[187.0, 3.0, 448.0, 109.0]]",[],"[[121.0, 48.0, 152.0, 90.0]]"
102_46_6,"[""<FEEDBACK it wuz a phony!> <INFORM marty took a dive gilmo-- didn't lay a glove on im>""]",[],"[[164.0, 8.0, 395.0, 136.0]]",[],"[[106.0, 138.0, 167.0, 203.0]]"
1030_25_2,"[""<INFORM and here ' s one debt that i ' ve got to pay back\t>""]",[],"[[9.0, 71.0, 564.0, 222.0]]",[],"[[294.0, 290.0, 341.0, 363.0]]"
1030_6_1,"['<POLITENESS_FORMULA sorry, gents-> <INFORM but nobody touches this mask!>']",[],"[[110.0, 10.0, 475.0, 139.0]]",[],"[[523.0, 169.0, 631.0, 309.0]]"
1032_18_2,['<BACKCHANNEL aargh>'],"['six - shooter spits lead with deadly accuracy and the owlhoots break for their mounts, shooting as they go!']","[[861.0, 33.0, 1081.0, 160.0]]","[[44.0, 0.0, 269.0, 721.0]]","[[978.0, 381.0, 1039.0, 497.0]]"
1032_30_6,"['<COMMIT we must chance it, tipi >']",[],"[[33.0, 11.0, 439.0, 108.0]]",[],"[[332.0, 227.0, 388.0, 290.0]]"
1032_5_5,['<INFORM sounded like a scream coming from that shack\t>'],[],"[[242.0, 11.0, 637.0, 229.0]]",[],"[[280.0, 303.0, 331.0, 358.0]]"
1033_21_1,"['<BACKCHANNEL aaargh!>', ""<ORDER dismount and form a skirmish line! ><INFORM it ' s a solitary sniper!> <INFORM we have nothing to fear!>""]",[],"[[30.0, 72.0, 283.0, 212.0], [284.0, 0.0, 651.0, 239.0]]",[],"[[280.0, 373.0, 311.0, 407.0], [569.0, 449.0, 629.0, 524.0]]"
1033_21_5,"[""<INFORM and now there ' s none!>"", '<BACKCHANNEL mppf! choke e>']",[],"[[0.0, 7.0, 239.0, 145.0], [242.0, 8.0, 459.0, 129.0]]",[],"[[16.0, 322.0, 76.0, 480.0], [141.0, 400.0, 306.0, 573.0]]"
1034_21_3,"[""<INFORM that ' s not a goo enough reaso for endangerin men ' s lives!><ORDER  moun up muley!> <INFORM , wer going to have heart - to - heaf talk with bra horton right now!>""]",[],"[[10.0, 1.0, 327.0, 417.0]]",[],"[[164.0, 599.0, 177.0, 611.0]]"
1034_3_6,"['<YES-NO_QUESTION you hear somebody yell jist then, durango ?>', ""<INFORM sounded like muley!> <INFORM let ' s ride  up and see what ' s wrong!>""]",['earby two horsemen passin through the territory rein and listen intently'],"[[25.0, 158.0, 308.0, 378.0], [228.0, 168.0, 589.0, 387.0]]","[[0.0, 12.0, 580.0, 185.0]]","[[100.0, 533.0, 142.0, 572.0], [279.0, 451.0, 314.0, 490.0]]"
1034_5_5,"[""<INFORM the deputy ' s in no shape to ride with us muley!> <INFORM we'll backtrain him to where the sheriff ' s plenty of time before the rodeq starts ,>""]",['aleman with the depitybadg has barely finished his story'],"[[0.0, 166.0, 560.0, 424.0]]","[[0.0, 22.0, 554.0, 168.0]]","[[306.0, 568.0, 377.0, 651.0]]"
1035_1_1,['<INFORM what you need as button hole maker like this ... it costs only $100 and fits on your sewing machine --- and its so simple to operate!>'],[],"[[8.0, 0.0, 293.0, 74.0]]",[],"[[91.0, 93.0, 132.0, 139.0]]"
1037_8_4,"[""<INFORM it's only a rash powder i spread over the city.> <INFORM i scared them into selling real estate agent buy it for me.> <INFORM this entire town stands on a huge copper mine which wanted.>""]",[],"[[17.0, 12.0, 337.0, 243.0]]",[],"[[35.0, 252.0, 299.0, 562.0]]"
1038_37_8,"['<THANK thank you mr.coyne thank...> <BACKCHANNEL ooh...>', '<INFORM the case has started, terry.> <ORDER come on!>']","[""at the very portals of the detective's office... long grasping hands reach out.""]","[[125.0, 80.0, 349.0, 179.0], [217.0, 163.0, 432.0, 275.0]]","[[11.0, 0.0, 458.0, 78.0]]","[[79.0, 182.0, 148.0, 257.0], [313.0, 334.0, 372.0, 383.0]]"
103_43_1,['<BACKCHANNEL ohh!>'],[],"[[42.0, 2.0, 202.0, 88.0]]",[],"[[32.0, 197.0, 119.0, 298.0]]"
103_46_7,"[""<INFORM i know it ' s late, mustapha ahmed but ive got to have a look around your shop. .. tonight!> <INFORM ill explain when you get there ...><ORDER  but for the love of pete, dont waste any time!>""]",['meanwhile .'],"[[0.0, 14.0, 394.0, 176.0]]","[[0.0, 1.0, 215.0, 29.0]]","[[255.0, 309.0, 321.0, 402.0]]"
1041_44_5,"[""<FEEDBACK ach himmel....> <FEEDBACK it's dot mad man!>""]",[],"[[48.0, 48.0, 351.0, 122.0]]",[],"[[14.0, 126.0, 280.0, 510.0]]"
1042_41_0,"['<INFORM hope you have better luck with this one than you had with the others.>', ""<FEEDBACK yes--> <INFORM but if she lives i'll have to kill her anyway.>""]",[],"[[4.0, 5.0, 347.0, 152.0], [316.0, 2.0, 508.0, 140.0]]",[],"[[179.0, 115.0, 265.0, 214.0], [314.0, 185.0, 409.0, 286.0]]"
1043_7_3,['<INFORM maybe your hunch is right!>'],['sleepy hollow'],"[[167.0, 130.0, 377.0, 232.0]]","[[479.0, 437.0, 585.0, 531.0]]","[[381.0, 265.0, 399.0, 280.0]]"
1045_8_6,"['<FEEDBACK wow!> <INFORM he crashed through the building!>', ""<INFORM i'll be back to explain some day, pal!>""]",[],"[[35.0, 0.0, 273.0, 74.0], [354.0, 34.0, 557.0, 108.0]]",[],"[[48.0, 75.0, 59.0, 86.0], [376.0, 151.0, 437.0, 214.0]]"
1054_61_4,"[""<INFORM wait'll i get my hands on you!>"", '<INFORM dogs-- i hate them!>']",[],"[[41.0, 2.0, 543.0, 61.0], [133.0, 56.0, 332.0, 112.0]]",[],"[[260.0, 117.0, 376.0, 243.0], [25.0, 156.0, 107.0, 225.0]]"
1065_20_0,['<FEEDBACK monster or not--> <INFORM nothing is going to stop me from having this treasure!>'],['ickly cent ask rried wn the eps and ened e door. e gold s still ere...'],"[[179.0, 0.0, 399.0, 88.0]]","[[0.0, 0.0, 66.0, 264.0]]","[[164.0, 36.0, 218.0, 94.0]]"
1067_16_2,"[""<FEEDBACK don't worry...> <INFORM i'm not going to touch you.> <INFORM i'm not even going anywhere near you!> <INFORM in fact, i'm going to leave you all alone!>""]",[],"[[7.0, 41.0, 382.0, 187.0]]",[],"[[80.0, 196.0, 353.0, 529.0]]"
1069_43_5,"[""<INFORM thank god she's leaving...> <INFORM if i heard her voice another minute, i would go mad!>"", '<INFORM here another minute with a numbskull like you, youre crazier than i think you are!> <INFORM --and you know how crazy that is!>']",[],"[[2.0, 19.0, 270.0, 174.0], [268.0, 0.0, 766.0, 114.0]]",[],"[[250.0, 221.0, 299.0, 292.0], [657.0, 257.0, 711.0, 316.0]]"
1070_43_1,"[""<INFORM the child's half-mad.> <INFORM she may harm janice, even elaw at her face so that she won't be alone in her ugli-ness!> <INFORM i've got to go in there!>""]","[""wineed as hulda' s raucous croaking rose in shrill crescendo, and compassion give way to fear...""]","[[489.0, 111.0, 743.0, 350.0]]","[[0.0, 0.0, 815.0, 94.0]]","[[453.0, 380.0, 505.0, 435.0]]"
1080_6_5,"[""<ORDER hurry, kola,> <INFORM before ol' stringo hears you!>""]",[],"[[67.0, 1.0, 311.0, 91.0]]",[],"[[310.0, 130.0, 404.0, 213.0]]"
1093_52_4,"[""<POLITENESS_FORMULA sorry old boy!> <INFORM i can't wait!>""]",['a thunderbolt attack hurls him to the wall!'],"[[11.0, 20.0, 221.0, 88.0]]","[[353.0, 22.0, 560.0, 96.0]]","[[67.0, 92.0, 153.0, 188.0]]"
1095_16_3,"[""<INFORM the black terror!> <WHY_QUESTION i wonder who he is?> <WHY_QUESTION why can't you be like him, bob... instead of a--a scared mouse?>"", ""<ORDER don't be silly, jean...> <ORDER imagine me like the terror!> <ORDER forget it!>""]",[],"[[0.0, 3.0, 211.0, 114.0], [186.0, 4.0, 362.0, 89.0]]",[],"[[17.0, 148.0, 116.0, 269.0], [191.0, 121.0, 240.0, 187.0]]"
1096_26_6,"[""<FEEDBACK yes,> <INFORM i'm making that hop to yemen-->"", '<POLITENESS_FORMULA sorry to disagree!>']",[],"[[84.0, 12.0, 225.0, 67.0], [232.0, 12.0, 345.0, 50.0]]",[],"[[83.0, 79.0, 103.0, 103.0], [238.0, 66.0, 271.0, 91.0]]"
10_26_3,['<INFORM ideal for hiding prisoners .. for starving them humble. for preparing them to babble the secrets the red spies want to know>'],[],"[[129.0, 45.0, 454.0, 183.0]]",[],"[[100.0, 335.0, 162.0, 414.0]]"
1101_44_1,"['<BACKCHANNEL alley-oop!>', ""<ORDER yank 'im down!>""]",['ith a leap worthy of tarzan--'],"[[11.0, 31.0, 165.0, 141.0], [61.0, 253.0, 250.0, 362.0]]","[[0.0, 0.0, 625.0, 27.0]]","[[284.0, 245.0, 355.0, 311.0], [135.0, 454.0, 182.0, 522.0]]"
1111_16_0,"[""<GREET good evening, ladies and gentlemen!> <INFORM it's the big night for the milk fund bouts!> <INFORM we have a capacity crowd here to see the black terror himself,> <INFORM aided by his young partner, who will open the festivities by battling six rugged boxers!>""]",['that night...'],"[[29.0, 32.0, 506.0, 205.0]]","[[16.0, 0.0, 269.0, 34.0]]","[[97.0, 225.0, 267.0, 410.0]]"
1111_7_1,"['<INFORM the jungle is no place for beasts like you!>', ""<FEEDBACK it's the jungle girl!>""]",[],"[[8.0, 11.0, 276.0, 109.0], [309.0, 21.0, 456.0, 103.0]]",[],"[[233.0, 95.0, 282.0, 155.0], [349.0, 120.0, 435.0, 208.0]]"
1123_65_1,"['<BACKCHANNEL yaaaagh!>', '<INFORM my warning has saved you!> <POLITENESS_FORMULA farewell!>']",[],"[[11.0, 25.0, 150.0, 113.0], [203.0, 24.0, 339.0, 79.0]]",[],"[[173.0, 98.0, 195.0, 122.0], [173.0, 98.0, 195.0, 122.0]]"
1145_54_0,['<INFORM a direct hit!> <BACKCHANNEL ah!> <INFORM this machine is working great!>'],['from the security of his mountain fort-ress the cowardly moloka watches with satisfaction the deadly work of his diabolical invention!'],"[[82.0, 122.0, 381.0, 232.0]]","[[5.0, 3.0, 550.0, 127.0]]","[[-1.0, -1.0, -1.0, -1.0]]"
1146_18_4,['<BACKCHANNEL oooooo-wah!>'],"['but the neanderthal man sees in flip, a strange thing-there-fore an enemy---he charges!']","[[79.0, 167.0, 612.0, 281.0]]","[[71.0, 1.0, 796.0, 163.0]]","[[695.0, 182.0, 805.0, 315.0]]"
1146_42_2,"[""<INFORM i'm going to cut you into pieces, slowly-> <INFORM very slowly but no one else must see it.> <INFORM i must be alone just you two and i.>""]",[],"[[462.0, 21.0, 934.0, 457.0]]",[],"[[71.0, 130.0, 395.0, 524.0]]"
1152_109_1,['<NOT_CLASSIFIABLE i am draw fight>'],"[""aniumah daris in, seizes jedba's spear, and wrenches it with all her sinous strength!"", 'though momentarily blinded, fan mah instinc-ely dodges bas deadly']","[[331.0, 0.0, 384.0, 53.0]]","[[0.0, 0.0, 272.0, 46.0], [2.0, 417.0, 127.0, 553.0]]","[[-1.0, -1.0, -1.0, -1.0]]"
1152_190_2,"['<INFORM the tunnel grows wider...>', '<ORDER look!> <INFORM even fury can sense the evil about this place!>']",[],"[[0.0, 20.0, 143.0, 94.0], [165.0, 20.0, 437.0, 94.0]]",[],"[[45.0, 212.0, 81.0, 271.0], [132.0, 229.0, 161.0, 265.0]]"
1152_26_7,"[""you must be the mystery woman! <INFORM we're explorers.> <INFORM you saved my life,> <THANK thanks...>"", '<INFORM it was nothing.> <INFORM i leave you now,> <ORDER come, fury!>']",[],"[[0.0, 3.0, 113.0, 115.0], [81.0, 59.0, 164.0, 166.0]]",[],"[[26.0, 204.0, 75.0, 265.0], [85.0, 221.0, 144.0, 281.0]]"
1155_3_4,['<BACKCHANNEL uhh-> <INFORM a sniper!>'],['suddenly...'],"[[187.0, 13.0, 305.0, 85.0]]","[[4.0, 18.0, 152.0, 62.0]]","[[231.0, 123.0, 295.0, 207.0]]"
1158_86_0,['<INFORM captain marvel!>'],['by uttering magic ph captain m freddy fr a poor boy bec captain m jr.the wo mightier boy.'],"[[283.0, 27.0, 406.0, 108.0]]","[[648.0, 25.0, 898.0, 256.0]]","[[320.0, 130.0, 386.0, 199.0]]"
1163_14_5,"['<INFORM beloved, this world seems strange and terrible!>', '<INFORM it is still full of evils, such as we never dreamed of!> <INFORM but with the ibistick, we shall drive them away!>']","['such is the story of prince ibis, and now he comes to the modern world as the cahampion of right']","[[13.0, 19.0, 189.0, 108.0], [184.0, 4.0, 401.0, 160.0]]","[[15.0, 303.0, 392.0, 360.0]]","[[84.0, 163.0, 138.0, 227.0], [194.0, 127.0, 251.0, 199.0]]"
116_46_5,"['<INFORM you surprised everyone but me, fritz!>']","['as the nazi releases his cargo of death, the flying coffin drops out of the sky!']","[[28.0, 115.0, 342.0, 253.0]]","[[18.0, 31.0, 600.0, 124.0]]","[[-1.0, -1.0, -1.0, -1.0]]"
1172_2_7,"[""<INFORM as a matter of fact we're not even sure grissac is a gentleman-> <INFORM no one has ever really seen him!> <WHY_QUESTION who knows?> <INFORM he may even be a woman!>""]",[],"[[79.0, 0.0, 338.0, 141.0]]",[],"[[215.0, 126.0, 282.0, 212.0]]"
1173_35_7,"[""<BACKCHANNEL oh,> <INFORM there's vincent!> <INFORM -see he's standing behind that girl--> i<YES-NO_QUESTION sn't this thrilling?>"", '<FEEDBACK quite>']",[],"[[4.0, 0.0, 245.0, 185.0], [260.0, 27.0, 361.0, 98.0]]",[],"[[28.0, 205.0, 160.0, 326.0], [221.0, 174.0, 314.0, 287.0]]"
1178_24_6,['<THANK thanks for announcing me!>'],['a startled martian shouts a warning.'],"[[16.0, 104.0, 199.0, 164.0]]","[[4.0, 46.0, 258.0, 110.0]]","[[88.0, 165.0, 139.0, 229.0]]"
117_24_6,"[""<INFORM what a guy!!!-> <INFORM today's action was one or the cleverest bits of strategy pulled off in this war!>"", '<WHY_QUESTION and how!>']","[""you can again roar along with the iron ace... in next month's air fighters comics!""]","[[99.0, 8.0, 274.0, 182.0], [204.0, 166.0, 274.0, 234.0]]","[[12.0, 337.0, 274.0, 413.0]]","[[44.0, 220.0, 139.0, 320.0], [199.0, 246.0, 274.0, 340.0]]"
1183_12_8,['<POLITENESS_FORMULA pardon my intrusion>'],[],"[[79.0, 25.0, 319.0, 125.0]]",[],"[[125.0, 189.0, 174.0, 240.0]]"
1186_9_0,"[""<INFORM jeeves you've got to tell me...> <WHY_QUESTION where is he?>"", ""<POLITENESS_FORMULA i don't know what you're talking about ma'am>""]","['and so the ugly man vanishes again into obscurity! later that night mary blake, the actress calls at the home of the missing frank rollins...']","[[2.0, 128.0, 193.0, 249.0], [187.0, 129.0, 472.0, 229.0]]","[[0.0, 6.0, 499.0, 122.0]]","[[158.0, 197.0, 222.0, 281.0], [338.0, 192.0, 388.0, 261.0]]"
1189_25_0,"['<FEEDBACK pretty balloons!> <INFORM but they are not quite what they seem, my friends!>']",[],"[[13.0, 313.0, 354.0, 457.0]]",[],"[[97.0, 66.0, 200.0, 195.0]]"
1189_30_1,"['<INFORM first, you place one on a good spot where everybody can see it,> <INFORM turn the little key and..>.']",[],"[[0.0, 2.0, 307.0, 134.0]]",[],"[[-1.0, -1.0, -1.0, -1.0]]"
1192_40_5,['<INFORM this young man is due for a surprise!>'],['as he hurries to the field a sentry blocks his way...'],"[[6.0, 65.0, 230.0, 166.0]]","[[0.0, 8.0, 306.0, 58.0]]","[[211.0, 169.0, 279.0, 248.0]]"
1206_44_0,['<INFORM it is ready senor.>'],['ahead...'],"[[119.0, 9.0, 262.0, 87.0]]","[[1.0, 4.0, 109.0, 37.0]]","[[203.0, 117.0, 223.0, 143.0]]"
1209_33_4,['<INFORM island!!> <INFORM i tremble with fright!>'],[],"[[88.0, 0.0, 274.0, 87.0]]",[],"[[122.0, 369.0, 165.0, 427.0]]"
1219_19_1,"['<POLITENESS_FORMULA sorry to argue, chief,> <INFORM but you sent me over the wrong island..> <INFORM nothing below but a lot of radio silence!>']",['but the next day...'],"[[146.0, 40.0, 434.0, 132.0]]","[[9.0, 19.0, 94.0, 94.0]]","[[-1.0, -1.0, -1.0, -1.0]]"
1238_22_0,"[""<BACKCHANNEL oh-oh!> <INFORM a horse's whinny...> <INFORM somebody's been watching from up there!>"", ""<INFORM i'll just take a look!>""]",[],"[[67.0, 1.0, 362.0, 84.0], [504.0, 5.0, 682.0, 55.0]]",[],"[[155.0, 181.0, 375.0, 398.0], [619.0, 270.0, 639.0, 290.0]]"
123_21_5,"['<FEEDBACK very well>, <OFFER we shall besin the first lesson with the proper way to rattle chains!>', ""<INFORM i've got some here, teacher>""]",[],"[[15.0, 3.0, 298.0, 105.0], [313.0, 4.0, 484.0, 87.0]]",[],"[[37.0, 118.0, 174.0, 233.0], [313.0, 228.0, 396.0, 317.0]]"
1240_32_0,"[""<FEEDBACK shaddop... you numbskull!> <INFORM i'll settle the yank's hash...> <INFORM after we give the rajah the works!>""]",[],"[[12.0, 0.0, 208.0, 117.0]]",[],"[[96.0, 164.0, 232.0, 336.0]]"
1243_4_6,['<FEEDBACK you clumsy young fool!> <WHY_QUESTION what kind of a glass-blower are you if you take no pride in your work?>'],[],"[[0.0, 0.0, 351.0, 79.0]]",[],"[[128.0, 103.0, 266.0, 267.0]]"
1254_65_1,"['<ORDER explode the dynamite charges!>', '<FEEDBACK that is excellent!>']",[],"[[8.0, 138.0, 178.0, 223.0], [145.0, 163.0, 300.0, 267.0]]",[],"[[52.0, 239.0, 166.0, 326.0], [50.0, 239.0, 167.0, 325.0]]"
125_30_4,"['<ORDER die -- vile beast! and take your curse with you to the depths of hades from which you came>', '<BACKCHANNEL erryowww!>']",['the monster dies with a ghastly shriek...'],"[[14.0, 55.0, 343.0, 183.0], [316.0, 36.0, 468.0, 136.0]]","[[0.0, 5.0, 303.0, 68.0]]","[[229.0, 121.0, 351.0, 264.0], [-1.0, -1.0, -1.0, -1.0]]"
125_5_4,"[""<GREET amy!> <FEEDBACK that's terrible!> <INFORM i -- i couldn't do that to any one!>""]",['as she whispers her plan jim taunton feels himself go rigid with horror! he wants to get'],"[[170.0, 100.0, 471.0, 188.0]]","[[25.0, 39.0, 447.0, 113.0]]","[[247.0, 159.0, 354.0, 309.0]]"
1261_28_6,['<BACKCHANNEL oof!>'],"['they rushed me, but luckily i remembered the judo i had been taught in basic training...']","[[124.0, 59.0, 228.0, 123.0]]","[[0.0, 1.0, 590.0, 61.0]]","[[352.0, 169.0, 429.0, 236.0]]"
1263_21_4,"[""<INFORM that is a break for you!> <INFORM we had the car with the 250 g's!> <INFORM we could have lammed out and never bothered with moroni at all!> <INFORM fate was against us!!>"", '<FEEDBACK true, scull, true!> <INFORM your greed and revenge played against each other with death holding the stakes!> <INFORM it is too bad that death will not return them!!>']",[],"[[1.0, 1.0, 208.0, 237.0], [176.0, 0.0, 440.0, 188.0]]",[],"[[38.0, 224.0, 79.0, 271.0], [219.0, 236.0, 252.0, 275.0]]"
1265_21_3,"[""<POLITENESS_FORMULA sorry, big boy,> <INFORM but you've gotta check a your weapons here...> <INFORM concealed or not>""]",[],"[[88.0, 23.0, 303.0, 155.0]]",[],"[[222.0, 112.0, 279.0, 209.0]]"
1269_49_2,['<BACKCHANNEL brrr!> <INFORM even the air in this place has the chill of death!>'],[],"[[4.0, 41.0, 306.0, 201.0]]",[],"[[418.0, 374.0, 441.0, 395.0]]"
1278_35_3,"['<INFORM golly, atlas builds muscles fast!> <ORDER just watch my smoke now!>']",[],"[[0.0, 20.0, 449.0, 167.0]]",[],"[[162.0, 139.0, 223.0, 208.0]]"
1284_49_2,['<INFORM easy does it!>'],[],"[[328.0, 0.0, 484.0, 54.0]]",[],"[[277.0, 69.0, 371.0, 186.0]]"
1288_49_1,"['<NOT_CLASSIFIABLE r!> <NOT_CLASSIFIABLE quit kicking at sand in faces!>', '<INFORM that man the worst uisance on the beach>', ""<ORDER listen here,> <INFORM i'd smash your face...> <INFORM only you're so skinny you might dry up and blow away.>"", ""<INFORM the big bully!> <INFORM i'll get even some day>"", ""<BACKCHANNEL oh> <ORDER don't let it bother you little boy>""]",[],"[[0.0, 5.0, 113.0, 72.0], [0.0, 54.0, 83.0, 144.0], [143.0, 0.0, 403.0, 65.0], [416.0, 0.0, 534.0, 68.0], [583.0, 0.0, 677.0, 52.0]]",[],"[[-1.0, -1.0, -1.0, -1.0], [-1.0, -1.0, -1.0, -1.0], [318.0, 49.0, 348.0, 76.0], [518.0, 33.0, 544.0, 66.0], [568.0, 45.0, 594.0, 71.0]]"
1294_30_3,"[""<INFORM but....> <WHY_QUESTION what's that saying about bringing the mountain to sonebody??>""]",[],"[[13.0, 0.0, 221.0, 79.0]]",[],"[[31.0, 92.0, 192.0, 242.0]]"
129_20_2,"['<CLOSE goodbye darling!> <POLITENESS_FORMULA have a nice day... be safe>', '<CLOSE goodbye, dear!> <POLITENESS_FORMULA take care of yourself and little alice...>']",[],"[[24.0, 13.0, 204.0, 116.0], [201.0, 14.0, 360.0, 148.0]]",[],"[[55.0, 141.0, 127.0, 221.0], [248.0, 232.0, 326.0, 299.0]]"
1302_31_6,['<INFORM gnomies>'],[],"[[101.0, 72.0, 337.0, 246.0]]",[],"[[273.0, 367.0, 397.0, 482.0]]"
1304_38_1,"[""<YES-NO_QUESTION hear what miss screech says?> <INFORM we're gonna be great like caruso!>"", ""<BACKCHANNEL aaah!> <FEEDBACK i don't want to sing like caruso...>""]",[],"[[1.0, 0.0, 336.0, 132.0], [331.0, 0.0, 611.0, 127.0]]",[],"[[132.0, 297.0, 241.0, 392.0], [322.0, 277.0, 442.0, 381.0]]"
1304_39_4,['<GREET gosh!> <INFORM if i could only sing like him!> <BACKCHANNEL hmmm...> <BACKCHANNEL hmmm...> <BACKCHANNEL la - di daaaa>'],['frank sanata in person'],"[[206.0, 8.0, 541.0, 130.0]]","[[310.0, 102.0, 528.0, 395.0]]","[[132.0, 203.0, 263.0, 307.0]]"
1318_44_2,['<INFORM say!> <INFORM i almost forgot i made another improvement on your flying suit!> <INFORM you should do about two hundred miles an hour now!>'],[],"[[94.0, 1.0, 393.0, 180.0]]",[],"[[219.0, 213.0, 333.0, 346.0]]"
1323_4_0,"['<INFORM you ordered it to stand up,> <INFORM and it> <BACKCHANNEL --ulp!--> <INFORM obeyed!!>', ""<FEEDBACK it's unbelievable!>"", ""<BACKCHANNEL haw!> <BACKCHANNEL haw!> <FEEDBACK ya ain't seen nothin' yet!!>"", '<NOT_CLASSIFIABLE cou up to je>', ""<INFORM come a runnin',>"", '<POLITENESS_FORMULA look out!>', ""<INFORM you'll be run>""]",[],"[[0.0, 11.0, 222.0, 118.0], [194.0, 12.0, 438.0, 87.0], [235.0, 89.0, 467.0, 189.0], [462.0, 6.0, 544.0, 96.0], [1.0, 429.0, 179.0, 494.0], [186.0, 429.0, 326.0, 494.0], [327.0, 421.0, 464.0, 494.0]]",[],"[[74.0, 172.0, 152.0, 266.0], [189.0, 176.0, 250.0, 253.0], [310.0, 201.0, 406.0, 332.0], [-1.0, -1.0, -1.0, -1.0], [-1.0, -1.0, -1.0, -1.0], [-1.0, -1.0, -1.0, -1.0], [-1.0, -1.0, -1.0, -1.0]]"
1325_26_1,"['<INFORM (1) the public will learn about the embarrassing episode of the handcuffs,> <INFORM and (2) your superiors will learn that someone other than yourself solved this case.>']",[],"[[2.0, 3.0, 350.0, 183.0]]",[],"[[146.0, 195.0, 358.0, 422.0]]"
132_10_2,"[""<INFORM now all i've got to do is make it back!>"", '<FEEDBACK you will! keep going- you lucky stiff!>']",[],"[[17.0, 36.0, 252.0, 129.0], [232.0, 41.0, 546.0, 116.0]]",[],"[[-1.0, -1.0, -1.0, -1.0], [-1.0, -1.0, -1.0, -1.0]]"
1349_8_3,"[""<GREET laurel,> <INFORM i shouldn't have put you through this!> <YES-NO_QUESTION you really do love brad very much don't you?>""]",['to brad and wanda. they were still completely unaware of anything but each other. i knew now that my love for brad was dead!'],"[[25.0, 62.0, 468.0, 126.0]]","[[0.0, 0.0, 470.0, 60.0]]","[[130.0, 160.0, 214.0, 279.0]]"
1359_23_3,"['<FEEDBACK wow!> <INFORM boy, there must be an irritated squirrel up there!>']",[],"[[192.0, 6.0, 484.0, 149.0]]",[],"[[408.0, 102.0, 469.0, 152.0]]"
135_9_3,"[""<INFORM here goes i'm wishing!>""]",[],"[[4.0, 6.0, 270.0, 96.0]]",[],"[[152.0, 154.0, 203.0, 210.0]]"
1364_30_3,['<INFORM a face!>'],[],"[[197.0, 10.0, 404.0, 157.0]]",[],"[[20.0, 23.0, 170.0, 278.0]]"
1368_26_4,"['<INFORM we have the greatest boss in the world!!>', '<FEEDBACK you bet!!!> <INFORM three cheers for robin\thood!!>']",[],"[[6.0, 21.0, 143.0, 113.0], [123.0, 17.0, 254.0, 128.0]]",[],"[[72.0, 197.0, 95.0, 220.0], [129.0, 203.0, 154.0, 229.0]]"
1372_18_1,"['<INFORM i spent my fortune trying to find archibald!> <INFORM i have become poor...> <INFORM a lost soul without him>! <INFORM and i thank you boys for finding him...>', ""<BACKCHANNEL hmm...> <FEEDBACK that's very interesting windy,> <WHY_QUESTION but what was your act on the stage?>""]",[],"[[1.0, 14.0, 277.0, 153.0], [347.0, 15.0, 571.0, 112.0]]",[],"[[169.0, 171.0, 287.0, 272.0], [514.0, 208.0, 564.0, 322.0]]"
1377_61_4,['<FEEDBACK why that nervy cuss!> <INFORM if he moved my car.....!>'],[],"[[0.0, 21.0, 295.0, 115.0]]",[],"[[188.0, 100.0, 261.0, 184.0]]"
137_15_5,['<FEEDBACK maybe i should have stayed home!>'],['first aid'],"[[44.0, 23.0, 227.0, 141.0]]","[[227.0, 92.0, 349.0, 142.0]]","[[188.0, 159.0, 296.0, 268.0]]"
137_47_3,"['<BACKCHANNEL y-o-o-o-w-w!> <FEEDBACK all thes complaints about crosse lines are driving me crazy!> <ORDER locate the trouble, somebody.> <INFORM or everybody is fired - including myself!>']",[],"[[43.0, 14.0, 400.0, 180.0]]",[],"[[172.0, 199.0, 240.0, 261.0]]"
1394_20_2,['<FEEDBACK this!>'],[],"[[96.0, 12.0, 244.0, 77.0]]",[],"[[64.0, 168.0, 227.0, 330.0]]"
1395_7_9,['<INFORM but there was somebody else in this cabin!> <INFORM out as i came in!>'],[],"[[4.0, 7.0, 189.0, 137.0]]",[],"[[68.0, 241.0, 96.0, 267.0]]"
139_34_4,"[""<OFFER let's beat it.>"", ""<FEEDBACK you said it.> <INFORM we're lucky to be alive>""]",[],"[[40.0, 6.0, 200.0, 36.0], [186.0, 60.0, 311.0, 142.0]]",[],"[[19.0, 50.0, 84.0, 130.0], [178.0, 159.0, 239.0, 227.0]]"
1406_13_3,"[""<FEEDBACK i'm slipping!>"", '<BACKCHANNEL oops!>', '<FEEDBACK of all the luck!>']",[],"[[21.0, 34.0, 233.0, 128.0], [162.0, 120.0, 289.0, 226.0], [385.0, 31.0, 522.0, 164.0]]",[],"[[78.0, 264.0, 110.0, 305.0], [220.0, 260.0, 255.0, 299.0], [492.0, 158.0, 592.0, 220.0]]"
1410_55_7,"['<BACKCHANNEL o-ooh!> <WHY_QUESTION what hit me?>', '<INFORM now i remember- what a fool i was!>']",['fife begins to re-gain his senses.'],"[[54.0, 107.0, 407.0, 219.0], [472.0, 34.0, 776.0, 209.0]]","[[32.0, 42.0, 470.0, 128.0]]","[[261.0, 289.0, 318.0, 351.0], [617.0, 259.0, 697.0, 351.0]]"
1410_5_3,"[""<BACKCHANNEL oh-ho!> <FEEDBACK that's what you think, my conceited friend!>""]",['but as he lifts the glass to drink-'],"[[69.0, 78.0, 530.0, 251.0]]","[[35.0, 0.0, 613.0, 89.0]]","[[303.0, 330.0, 379.0, 399.0]]"
1418_14_4,['<GREET oh boy!> <INFORM a chipmunk!>'],[],"[[48.0, 0.0, 529.0, 82.0]]",[],"[[170.0, 143.0, 520.0, 461.0]]"
1419_68_4,['<INFORM i wonder where the second clue is!> <INFORM nobody seems to have found it yet!>'],['meanwhile ----'],"[[25.0, 48.0, 425.0, 127.0]]","[[0.0, 7.0, 453.0, 48.0]]","[[45.0, 237.0, 142.0, 324.0]]"
1421_25_2,['<FEEDBACK father!>'],[],"[[41.0, 48.0, 163.0, 92.0]]",[],"[[135.0, 120.0, 274.0, 318.0]]"
1423_44_5,['<INFORM the contents of the jar are sacred!> <INFORM upon their safe deliv-ery depends the success of our great cause in china!> <POLITENESS_FORMULA i know you will not fail us!>'],[],"[[4.0, 11.0, 279.0, 213.0]]",[],"[[53.0, 245.0, 223.0, 433.0]]"
1433_45_6,"[""<ORDER hurry men,> <ORDER as soon as you get there, attack the mercurian ships.> <INFORM that's our only hope for saving blaze!>""]",['the earthmen enter the sound-wave machine to be carried to venus...'],"[[28.0, 58.0, 286.0, 176.0]]","[[10.0, 0.0, 358.0, 45.0]]","[[37.0, 154.0, 68.0, 188.0]]"
1436_25_9,['<BACKCHANNEL woops!> <INFORM i guess our friend broke the news to his playmates!>'],[],"[[34.0, 14.0, 369.0, 90.0]]",[],"[[207.0, 149.0, 264.0, 212.0]]"
1436_43_7,['<BACKCHANNEL oh-> <FEEDBACK my head!>'],[],"[[157.0, 110.0, 253.0, 178.0]]",[],"[[88.0, 87.0, 145.0, 150.0]]"
1437_21_3,"[""<GREET inspector,> <POLITENESS_FORMULA i'm so sorry!> <INFORM this happened all because of me!>""]","[""rod is fished out and receives lydia van deer's warm sympathy.""]","[[83.0, 75.0, 326.0, 163.0]]","[[2.0, 13.0, 322.0, 81.0]]","[[144.0, 130.0, 187.0, 181.0]]"
1439_43_0,['<FEEDBACK wow!> <FEEDBACK that was a close call.> <INFORM but i made a bulls-ye on the depot>!'],['darrow pulls back his stick not a moment too soon'],"[[181.0, 389.0, 478.0, 561.0]]","[[0.0, 7.0, 478.0, 91.0]]","[[-1.0, -1.0, -1.0, -1.0]]"
1440_34_6,"[""<BACKCHANNEL uh.. whew!> <FEEDBACK my head...> <INFORM rick, i'm going to the office.>"", ""<YES-NO_QUESTION check up the license number??> <INFORM i'll stay here!>""]",['a few minutes later..'],"[[0.0, 58.0, 205.0, 211.0], [210.0, 57.0, 434.0, 192.0]]","[[0.0, 25.0, 347.0, 65.0]]","[[34.0, 352.0, 161.0, 514.0], [194.0, 238.0, 415.0, 563.0]]"
1440_45_2,['<POLITENESS_FORMULA careful tawny!> <INFORM he may be only playing dead!>'],"['not far off, lion boy holds back tawny as they near the fallen man.']","[[201.0, 124.0, 411.0, 252.0]]","[[0.0, 36.0, 427.0, 122.0]]","[[135.0, 213.0, 190.0, 277.0]]"
1440_4_5,"['<GREET the great defender!!> <ORDER come inside, quickly!>']","[""curtis's door is opened cautiously by dr. gilbert falk.""]","[[130.0, 84.0, 442.0, 179.0]]","[[24.0, 18.0, 453.0, 88.0]]","[[197.0, 148.0, 271.0, 247.0]]"
1441_7_5,['<FEEDBACK nice catch!>'],[],"[[152.0, 21.0, 262.0, 89.0]]",[],"[[61.0, 71.0, 164.0, 201.0]]"
1448_23_7,['<INFORM i hope this boy will help a lady in distress!> <INFORM i must get to town!>'],[],"[[25.0, 0.0, 402.0, 147.0]]",[],"[[32.0, 292.0, 167.0, 441.0]]"
1449_54_1,['<BACKCHANNEL oh...> <FEEDBACK there you are!>'],[],"[[126.0, 44.0, 430.0, 202.0]]",[],"[[180.0, 261.0, 272.0, 363.0]]"
1451_37_1,['<ORDER follow me!>'],['hit comics'],"[[0.0, 66.0, 101.0, 150.0]]","[[30.0, 3.0, 267.0, 33.0]]","[[38.0, 215.0, 143.0, 329.0]]"
1459_42_1,"[""<INFORM i'll protect the city with my in-visible ray,> <INFORM you counter-attack with the fleet!>""]",[],"[[80.0, 45.0, 453.0, 191.0]]",[],"[[157.0, 190.0, 278.0, 300.0]]"
1459_48_9,"['<FEEDBACK luck!..> <BACKCHANNEL ahem,> <YES-NO_QUESTION now do you believe in my lucky charm?>']",[],"[[40.0, 14.0, 359.0, 138.0]]",[],"[[35.0, 113.0, 215.0, 340.0]]"
1460_55_5,"[""<BACKCHANNEL hah!> <INFORM i'll have some excitement to tell of>""]",['nearby was camped a tribe of unfriendly red men..'],"[[67.0, 144.0, 257.0, 241.0]]","[[16.0, 10.0, 383.0, 87.0]]","[[196.0, 237.0, 225.0, 264.0]]"
1464_17_6,"[""<BACKCHANNEL ulp!> <INFORM h-h-he's gone!>"", ""<INFORM let's clear out, keep!> <INFORM these speeches always make me nervous!> <INFORM our job is done, anyhow!>"", ""<INFORM sometimes i can't understand you, kid eternity-> <INFORM but you do get results!>""]",[],"[[5.0, 23.0, 113.0, 58.0], [109.0, 20.0, 299.0, 77.0], [112.0, 73.0, 248.0, 147.0]]",[],"[[36.0, 98.0, 45.0, 105.0], [270.0, 99.0, 308.0, 138.0], [139.0, 172.0, 191.0, 230.0]]"
1464_7_2,"[""<FEEDBACK i'm glad it turned out right!> <WHY_QUESTION what are your plans?>"", ""<INFORM i've sunk every cent in this showbcat venture!...> <INFORM the best acts i could hire are waiting right now at skinner's landing!>""]",[],"[[14.0, 15.0, 102.0, 78.0], [90.0, 12.0, 203.0, 125.0]]",[],"[[45.0, 127.0, 61.0, 147.0], [88.0, 123.0, 108.0, 149.0]]"
1465_40_3,"[""<ORDER let's both do it to him, big!>""]",[],"[[83.0, 3.0, 198.0, 67.0]]",[],"[[25.0, 130.0, 162.0, 262.0]]"
146_20_0,"[""<INFORM if you're not areful, i'm going to change my mind!>"", '<FEEDBACK good idea!> <INFORM it needs improvement!> <WHY_QUESTION why not replace it with the mind of a ten-year-old?>']",[],"[[0.0, 33.0, 225.0, 148.0], [231.0, 9.0, 519.0, 164.0]]",[],"[[40.0, 185.0, 143.0, 283.0], [279.0, 162.0, 520.0, 495.0]]"
1473_24_1,"['<FEEDBACK i guess you were right after all, hoppy!> <FEEDBACK this is fun!>', ""<INFORM i'm beginning to change my mind!>""]",[],"[[10.0, 21.0, 162.0, 153.0], [148.0, 27.0, 310.0, 128.0]]",[],"[[154.0, 190.0, 166.0, 207.0], [141.0, 185.0, 151.0, 200.0]]"
1486_44_2,"['<THANK oh thank you ir knight!> <ORDER emme shake our hand>', '<BACKCHANNEL huh?> <BACKCHANNEL --er--> <BACKCHANNEL outch!!>']",[],"[[0.0, 18.0, 129.0, 102.0], [135.0, 13.0, 274.0, 83.0]]",[],"[[0.0, 202.0, 61.0, 264.0], [143.0, 90.0, 194.0, 157.0]]"
1488_58_4,"[""<FEEDBACK glad you came, rob!> <INFORM there's been a sudden epidemic of substituted valuable jewelry!>"", ""<INFORM there's only one way to stop it!> <ORDER get me a glass of water!>""]",['she lea door opens- in walks hydroman'],"[[258.0, 4.0, 640.0, 122.0], [218.0, 106.0, 517.0, 233.0]]","[[0.0, 1.0, 303.0, 87.0]]","[[410.0, 238.0, 590.0, 433.0], [127.0, 105.0, 205.0, 205.0]]"
148_11_4,"['<INFORM anytime you feel too bad to go fishing, you must be plenty sick!>']",[],"[[8.0, 8.0, 313.0, 104.0]]",[],"[[93.0, 247.0, 120.0, 274.0]]"
1490_48_1,"[""<INFORM i'm free!>""]",['giant hands pull aside the imprisoning tentacles---'],"[[48.0, 113.0, 224.0, 208.0]]","[[1.0, 29.0, 348.0, 99.0]]","[[221.0, 214.0, 237.0, 227.0]]"
1493_30_2,"['<INFORM we have no time to lose, gentle-men!> <INFORM chief orookee will-attack us within 24 hours, and...\t>', '<GREET sheriff,> <INFORM you must listen to me-->']","[""at the sheriff's office, mean-while, a meeting of influential ranchers was in progress...""]","[[0.0, 113.0, 263.0, 331.0], [263.0, 105.0, 522.0, 225.0]]","[[0.0, 11.0, 500.0, 122.0]]","[[80.0, 336.0, 207.0, 490.0], [274.0, 412.0, 326.0, 491.0]]"
1494_22_4,"['<INFORM i will find out where this band of apaches hides out!> <INFORM i will disguise myself as an apache.> <INFORM sooner or later this traitor will show up...>', '<ORDER then you can see who he is and report back to me!> <FEEDBACK an excellent idea!>']",[],"[[2.0, 8.0, 245.0, 167.0], [225.0, 4.0, 462.0, 119.0]]",[],"[[11.0, 171.0, 199.0, 457.0], [230.0, 155.0, 376.0, 369.0]]"
1497_11_1,"['<FEEDBACK this is madness, my brothers...> <ORDER let me speak->']",[],"[[24.0, 8.0, 241.0, 85.0]]",[],"[[117.0, 103.0, 169.0, 159.0]]"
1499_8_5,"[""<INFORM this is the east pass!> <INFORM we've got to risk it!>"", ""<INFORM yellow cur at the fort had only guided us,> <INFORM we'd be-> <ORDER look!>""]",[],"[[8.0, 13.0, 156.0, 109.0], [169.0, 0.0, 309.0, 126.0]]",[],"[[58.0, 251.0, 69.0, 272.0], [214.0, 214.0, 235.0, 237.0]]"
1500_13_4,"['<GREET silence, woman-> <INFORM no harm will come to you!> <INFORM someone comes this way...>', '<ORDER your rifles, white men-> <INFORM and no harm comes to any of you!>']","['inside the circle of we wagons -- a stealthy figure creeps closer and a cry of fear is muffled, as...']","[[184.0, 83.0, 304.0, 280.0], [157.0, 483.0, 310.0, 622.0]]","[[0.0, 11.0, 307.0, 99.0]]","[[116.0, 98.0, 181.0, 149.0], [-1.0, -1.0, -1.0, -1.0]]"
1502_32_1,"['<INFORM crows!> <ORDER run run for your lives!>', '<FEEDBACK too late, cheyenne puppies,> <INFORM we have encircled you!>']",[],"[[22.0, 7.0, 142.0, 115.0], [144.0, 5.0, 376.0, 78.0]]",[],"[[-1.0, -1.0, -1.0, -1.0], [139.0, 105.0, 220.0, 180.0]]"
1509_22_2,['<NOT_CLASSIFIABLE sob... sob sob>'],[],"[[129.0, 2.0, 278.0, 63.0]]",[],"[[154.0, 79.0, 240.0, 203.0]]"
150_35_1,['<INFORM some of my snaps are worth a lot of trouble!>'],[],"[[26.0, 0.0, 334.0, 131.0]]",[],"[[192.0, 200.0, 237.0, 248.0]]"
1514_39_7,['<INFORM this is going to be a wonderful adventure!>'],[],"[[18.0, 29.0, 352.0, 89.0]]",[],"[[58.0, 125.0, 169.0, 219.0]]"
1518_48_5,['<INFORM now to return to earth and wind up this hideous nightmare!>'],[],"[[131.0, 195.0, 282.0, 325.0]]",[],"[[48.0, 223.0, 90.0, 261.0]]"
153_48_5,"['<FEEDBACK the ungrateful wretch - and to think that i paid her in full today!> <FEEDBACK well, we simply must have a cook,> <OFFER ""chickie so pick one up in town tomorrow!>', '<FEEDBACK yes, dear!>']",[],"[[0.0, 6.0, 399.0, 253.0], [164.0, 259.0, 383.0, 326.0]]",[],"[[46.0, 312.0, 130.0, 391.0], [235.0, 341.0, 307.0, 412.0]]"
1557_19_0,"[""<FEEDBACK a big bad bandito!> <INFORM i told you boys meant to come along and i wasn't fooling.>"", ""<FEEDBACK you must've done some tall riding to catch us ma'm.> <ORDER sit down and grab some grub.> <INFORM we'll need our strength tomorrow.>""]",[],"[[4.0, 0.0, 250.0, 193.0], [286.0, 4.0, 585.0, 221.0]]",[],"[[212.0, 254.0, 301.0, 377.0], [419.0, 219.0, 575.0, 417.0]]"
1569_7_5,"['<FEEDBACK wow!> <INFORM i got one!> <ORDER look at that line!>', '<FEEDBACK must be a whale!> <BACKCHANNEL whew!>']",['then suddenly:'],"[[127.0, 21.0, 333.0, 159.0], [1.0, 173.0, 132.0, 286.0]]","[[15.0, 3.0, 168.0, 54.0]]","[[177.0, 191.0, 188.0, 215.0], [85.0, 276.0, 107.0, 295.0]]"
1576_36_1,"[""<INFORM manhattan's famous skyline!-> <YES-NO_QUESTION sure is a beaut, eh, laura?>"", '<FEEDBACK it certainly is, stu-> <YES-NO_QUESTION but can you imagine how it must have looked befor all these skyscrapers were built?>']",[],"[[5.0, 26.0, 202.0, 109.0], [166.0, 25.0, 330.0, 177.0]]",[],"[[6.0, 207.0, 99.0, 330.0], [110.0, 288.0, 230.0, 416.0]]"
1577_23_1,"[""<FEEDBACK wow!> <INFORM this century's giving us a wet welcome!>"", '<NOT_CLASSIFIABLE and this miss is>', '<INFORM that does it!> <NOT_CLASSIFIABLE where were>']","[""and suddenly it's 1855 somewhere on the mississippi river...""]","[[76.0, 78.0, 311.0, 151.0], [17.0, 500.0, 128.0, 553.0], [120.0, 504.0, 309.0, 550.0]]","[[50.0, 17.0, 311.0, 86.0]]","[[195.0, 171.0, 239.0, 233.0], [-1.0, -1.0, -1.0, -1.0], [-1.0, -1.0, -1.0, -1.0]]"
1595_45_9,"[""<INFORM now that we're successful, bergen-> <YES-NO_QUESTION how about raising my salary to 75$ a week?>"", ""<FEEDBACK no-> <INFORM i'm afraid you might run off and get married, charlie>""]",['the air.........'],"[[16.0, 29.0, 337.0, 210.0], [334.0, 30.0, 621.0, 229.0]]","[[1.0, 4.0, 624.0, 34.0]]","[[39.0, 275.0, 277.0, 523.0], [295.0, 298.0, 572.0, 594.0]]"
1612_38_4,['<FEEDBACK not quite!>'],[],"[[463.0, 14.0, 701.0, 123.0]]",[],"[[506.0, 275.0, 600.0, 345.0]]"
1622_28_4,"[""<INFORM their fear was too great!> <INFORM he's getting away now!>"", '<FEEDBACK but sheena--> <INFORM she is going after it!> <ORDER wait- bantuli-> <WHY_QUESTION where is he?>']",[],"[[5.0, 17.0, 233.0, 164.0], [228.0, 15.0, 517.0, 184.0]]",[],"[[165.0, 177.0, 243.0, 252.0], [298.0, 269.0, 359.0, 353.0]]"
1631_18_6,"['<INFORM the poor fellow dead, ogg,> <ORDER come must get to the bottom of this tawn.>']",[],"[[81.0, 4.0, 305.0, 129.0]]",[],"[[164.0, 121.0, 207.0, 179.0]]"
1632_32_0,"[""<INFORM this gorge we're in-> <FEEDBACK a perfect trap!> <GREET you!> <ORDER wake up!> <ORDER listen to me>! <ORDER noise-- give your boys anything that will make a  noise!>"", '<INFORM my word!>', '<INFORM noise!> <INFORM noise!> <ORDER make noise for your very lives!>', '<ORDER see!> <INFORM they do not like it!> <INFORM they falter> <INFORM they slink..> <INFORM they grow afraid!>']",[],"[[0.0, 0.0, 453.0, 95.0], [264.0, 71.0, 418.0, 117.0], [472.0, 18.0, 723.0, 116.0], [928.0, 155.0, 1120.0, 315.0]]",[],"[[80.0, 167.0, 137.0, 252.0], [201.0, 193.0, 290.0, 258.0], [677.0, 128.0, 754.0, 216.0], [634.0, 459.0, 663.0, 493.0]]"
1635_38_4,"['<INFORM nay, one of evil!> <ORDER stand!> <INFORM behold now your weapon in the eyes of the wizard!>', ""<INFORM it's turned to a snake!> <FEEDBACK no!> <INFORM i must get away!>""]",[],"[[0.0, 3.0, 203.0, 186.0], [204.0, 61.0, 376.0, 191.0]]",[],"[[77.0, 231.0, 120.0, 289.0], [199.0, 386.0, 293.0, 486.0]]"
1635_6_1,"['<BACKCHANNEL aiee!> <INFORM the ledge collapses-> <INFORM i fall, salu-> <INFORM i fall!>']",['as above...'],"[[0.0, 23.0, 175.0, 150.0]]","[[0.0, 0.0, 177.0, 26.0]]","[[285.0, 38.0, 309.0, 56.0]]"
1638_35_0,"['<INFORM you say that my friend lari sits alone and weeps.> <ORDER take me to him, quickly!>', '<BACKCHANNEL ah...> <NOT_CLASSIFIABLE by a>']",[],"[[14.0, 1.0, 387.0, 94.0], [446.0, 2.0, 524.0, 68.0]]",[],"[[36.0, 389.0, 62.0, 420.0], [-1.0, -1.0, -1.0, -1.0]]"
1639_3_0,"['<ORDER behold,> <INFORM it is the lair of tonta,> <INFORM the aged native called crazy-in-the-head.>']",[],"[[213.0, 0.0, 508.0, 127.0]]",[],"[[353.0, 234.0, 383.0, 281.0]]"
1646_48_2,['<FEEDBACK thats right ben ali..> <INFORM we have things to talk about!>'],[],"[[30.0, 4.0, 161.0, 87.0]]",[],"[[142.0, 56.0, 168.0, 79.0]]"
1656_44_4,"[""<BACKCHANNEL oh,> <FEEDBACK what a stupid error!> <INFORM this is my dad, jim brent.> <INFORM i'm alice> <INFORM we're hunting lions for the tinglin brother's circus> <INFORM we've heard of you>""]",[],"[[89.0, 28.0, 254.0, 133.0]]",[],"[[63.0, 70.0, 83.0, 92.0]]"
1658_13_5,"[""<ORDER look below!> <INFORM n'tomba's machine already seeks to crush another victim!> <INFORM only one chance...>""]",[],"[[35.0, 0.0, 191.0, 81.0]]",[],"[[137.0, 148.0, 142.0, 157.0]]"
1665_3_1,"['<INFORM the longboka kraal, ann...> <INFORM maga is their chief-> <INFORM a great hunter more than a warrior,> <INFORM but if he has changed his stripes i will smell it soon..> <ORDER wait here!>']","['ons loo! trains cked... who the raiders- where did hey hide? days ago a mons from his friend, the rict commissioner, started kaanga his mystery l...and now, m the jungle e of a sleeping age he scouted lair of his t suspecty.']","[[654.0, 1.0, 1125.0, 134.0]]","[[0.0, 45.0, 244.0, 531.0]]","[[619.0, 127.0, 677.0, 197.0]]"
1670_39_1,"['<INFORM peace mighty one kalat comes in peace!>', '<INFORM an indian!> <INFORM here in africa!>']",[],"[[164.0, 7.0, 304.0, 133.0], [48.0, 208.0, 162.0, 314.0]]",[],"[[239.0, 179.0, 261.0, 211.0], [174.0, 245.0, 219.0, 296.0]]"
1671_15_2,['<INFORM another sock for good measure!>'],[],"[[41.0, 11.0, 236.0, 90.0]]",[],"[[194.0, 150.0, 252.0, 213.0]]"
1676_11_2,"['<ORDER hey wait a minute, mom...> <INFORM this is my big day too!>', '<WHY_QUESTION what now?>']",[],"[[0.0, 16.0, 320.0, 135.0], [327.0, 15.0, 519.0, 101.0]]",[],"[[110.0, 168.0, 231.0, 286.0], [405.0, 140.0, 499.0, 252.0]]"
1688_45_0,['<GREET hey!> <INFORM there goes the signal...> <INFORM three splasiies!>'],[],"[[176.0, 30.0, 567.0, 108.0]]",[],"[[319.0, 162.0, 395.0, 233.0]]"
1698_4_6,"['<INFORM i...i bought this ice to chill a case of brew, drake!> <INFORM ...in a tub..> <INFORM cubes are no good for that...> <YES-NO_QUESTION get the idea?>', ""<FEEDBACK yes jackpot!> <INFORM i think i'm beginning to get it!>""]",[],"[[15.0, 4.0, 250.0, 154.0], [223.0, 10.0, 379.0, 108.0]]",[],"[[189.0, 107.0, 231.0, 147.0], [256.0, 188.0, 315.0, 248.0]]"
1699_4_2,['<INFORM this hotspurs is quite a singer!>'],[],"[[14.0, 10.0, 219.0, 71.0]]",[],"[[156.0, 146.0, 176.0, 163.0]]"
1701_7_2,"['<ORDER pull a trick knife on me, you would!>']",[],"[[0.0, 122.0, 254.0, 218.0]]",[],"[[294.0, 166.0, 409.0, 301.0]]"
1702_20_0,"['<INFORM we can make the swiss border by daylight!>', '<INFORM this has been a sad day for france!>', '<GREET dick,> <WHY_QUESTION what became of phillipe?>']",[],"[[6.0, 12.0, 114.0, 74.0], [103.0, 13.0, 220.0, 68.0], [134.0, 79.0, 220.0, 149.0]]",[],"[[39.0, 145.0, 74.0, 178.0], [107.0, 123.0, 137.0, 162.0], [155.0, 166.0, 186.0, 194.0]]"
1706_23_2,"[""<BACKCHANNEL la> <BACKCHANNEL de> da <BACKCHANNEL de> <BACKCHANNEL da/> <ORDER now let's see,> <INFORM this looks like a good spot!>""]",[],"[[13.0, 1.0, 288.0, 87.0]]",[],"[[57.0, 257.0, 125.0, 339.0]]"
170_14_7,"[""<FEEDBACK it's hopeless!> <INFORM we can't fight quiquern!>"", '<ORDER help!> <INFORM quiquern is attacking my mother and father>', ""<WHY_QUESTION why don't the u.s. authorities do some - thing ->""]","['garu, the alaskan boy, rushes into town for help...']","[[22.0, 44.0, 221.0, 138.0], [211.0, 58.0, 415.0, 143.0], [248.0, 124.0, 435.0, 244.0]]","[[8.0, 1.0, 460.0, 65.0]]","[[125.0, 257.0, 147.0, 278.0], [235.0, 185.0, 252.0, 209.0], [298.0, 278.0, 319.0, 298.0]]"
170_54_0,"[""<FEEDBACK yes,> <INFORM and if you want to keep this job you'll recover them!>""]",[],"[[17.0, 6.0, 290.0, 152.0]]",[],"[[71.0, 200.0, 292.0, 423.0]]"
1711_10_4,"['<BACKCHANNEL whew!> <INFORM getting hot!> <INFORM we must be down very far!>', ""<FEEDBACK yes, major drake...> <INFORM but it's the only way we can catch him!>""]",[],"[[0.0, 20.0, 194.0, 110.0], [175.0, 23.0, 394.0, 112.0]]",[],"[[119.0, 278.0, 155.0, 316.0], [82.0, 230.0, 113.0, 262.0]]"
1721_31_5,"[""<INFORM there he goes...> <INFORM in to see his precious doctor!> <ORDER stay out here peecolo..> <INFORM i'm going in, too!>""]",[],"[[10.0, 4.0, 194.0, 114.0]]",[],"[[7.0, 166.0, 73.0, 360.0]]"
1721_47_4,['<BACKCHANNEL wow!> <INFORM a light!>'],[],"[[8.0, 7.0, 127.0, 64.0]]",[],"[[19.0, 133.0, 89.0, 228.0]]"
1735_24_1,"['<INFORM a night in the haunted castle will frighten you out of your wits!>', ""perhaps it's because i have no wits, but nothing has frightened me yet!""]",[],"[[10.0, 14.0, 364.0, 120.0], [253.0, 63.0, 547.0, 158.0]]",[],"[[51.0, 278.0, 193.0, 411.0], [373.0, 161.0, 421.0, 223.0]]"
1742_37_0,['<ORDER help!>'],['the thing starts its chrm work of furious destruction!'],"[[316.0, 54.0, 504.0, 158.0]]","[[0.0, 1.0, 583.0, 55.0]]","[[203.0, 87.0, 284.0, 207.0]]"
1743_45_3,['<INFORM good heavens!> <INFORM that hostess looks like nancy!> <INFORM that gives me an idea!>'],['e fireman e airport! m the east!'],"[[183.0, 9.0, 578.0, 183.0]]","[[0.0, 6.0, 184.0, 102.0]]","[[218.0, 306.0, 275.0, 385.0]]"
1745_8_1,"['<ORDER help!> <ORDER help!>', '<NOT_CLASSIFIABLE i was hit b lightn>']",[],"[[242.0, 528.0, 378.0, 645.0], [400.0, 559.0, 497.0, 708.0]]",[],"[[172.0, 733.0, 208.0, 775.0], [-1.0, -1.0, -1.0, -1.0]]"
1747_14_2,"['<INFORM ou have the honor of eing the first flying r eel!>', '<BACKCHANNEL eeek!>']",[],"[[0.0, 33.0, 374.0, 101.0], [108.0, 103.0, 220.0, 161.0]]",[],"[[308.0, 264.0, 359.0, 320.0], [0.0, 160.0, 29.0, 210.0]]"
1749_15_5,"[""<INFORM i'm so glad you're safe, lightning>"", ""<INFORM i guess this is the end of the river pirates, so i'll be getting along>""]",[],"[[13.0, 0.0, 153.0, 75.0], [139.0, 3.0, 455.0, 76.0]]",[],"[[95.0, 87.0, 126.0, 116.0], [179.0, 68.0, 215.0, 104.0]]"
174_38_3,"[""<INFORM there's the missing passenger liner venusa!>"", '<INFORM and there is the freighter m-16 that disappeared last month but not a sign of life>']","['the patrolmen find that many other craft, having landed out of curiosity or for repairs, are nailed to the planet by its tremendous magnetism...']","[[485.0, 4.0, 852.0, 103.0], [908.0, 5.0, 1345.0, 136.0]]","[[36.0, 18.0, 474.0, 192.0]]","[[537.0, 481.0, 585.0, 535.0], [770.0, 495.0, 835.0, 545.0]]"
1755_6_5,['<BACKCHANNEL g-gosh-> <INFORM a whole room full of air raid sirens!>'],[],"[[355.0, 0.0, 776.0, 100.0]]",[],"[[520.0, 195.0, 616.0, 290.0]]"
1759_29_8,"[""<BACKCHANNEL whoopeee.> <FEEDBACK but i was scared> <INFORM i'm glad i was just dreaming.>"", '<INFORM there goes that boy again out of bed>']",[],"[[99.0, 210.0, 219.0, 320.0], [252.0, 197.0, 331.0, 278.0]]",[],"[[61.0, 485.0, 96.0, 530.0], [-1.0, -1.0, -1.0, -1.0]]"
1763_30_4,"['<POLITENESS_FORMULA good afternoon, gentlemen!>']","['have it, a pleasure bent cowboy enters at that moment...']","[[0.0, 75.0, 269.0, 139.0]]","[[0.0, 0.0, 285.0, 80.0]]","[[117.0, 143.0, 170.0, 190.0]]"
1764_25_4,"['<ORDER hurry!><INFORM  i can see the dust being kicked up by the injun ponies just over the hill!>', ""<WHY_QUESTION what good will this do?> <INFORM we're trapped!> <ORDER listen to those war-whoops!>""]",[],"[[10.0, 12.0, 218.0, 130.0], [219.0, 12.0, 405.0, 121.0]]",[],"[[26.0, 177.0, 39.0, 194.0], [286.0, 264.0, 364.0, 355.0]]"
1777_30_3,"[""<INFORM he's marrying serena.> <INFORM she was his secretary.> <INFORM he feels responsible for the accident.>"", ""<FEEDBACK it's no good,> <YES-NO_QUESTION is it, roa?> <INFORM you keep thinking about andy hunter.>""]",['my date with dr. wentworth that night was an awful flop...'],"[[5.0, 129.0, 310.0, 299.0], [194.0, 70.0, 562.0, 162.0]]","[[0.0, 5.0, 602.0, 65.0]]","[[114.0, 337.0, 210.0, 456.0], [348.0, 310.0, 475.0, 441.0]]"
1781_34_1,['<NOT_CLASSIFIABLE we think marvelc>'],[],"[[531.0, 314.0, 667.0, 432.0]]",[],"[[-1.0, -1.0, -1.0, -1.0]]"
1794_45_2,"['<GREET my beloved,> <INFORM together at last.>', 'c<GREET harles darling,> <INFORM but you made such a great sacrifice>']","['hours later, marty and his wife are on their way to switzerland...']","[[9.0, 143.0, 239.0, 245.0], [218.0, 105.0, 412.0, 273.0]]","[[3.0, 13.0, 433.0, 99.0]]","[[217.0, 362.0, 281.0, 443.0], [309.0, 383.0, 370.0, 458.0]]"
1795_9_4,['<GREET hey!> <ORDER look out!>'],[],"[[32.0, 32.0, 185.0, 93.0]]",[],"[[114.0, 135.0, 132.0, 162.0]]"
1803_29_1,['<BACKCHANNEL hey!>'],['and far away in the city as billy batson just finishes his news broadcast...'],"[[49.0, 259.0, 221.0, 381.0]]","[[58.0, 1.0, 472.0, 70.0]]","[[115.0, 121.0, 162.0, 165.0]]"
1810_19_1,['<INFORM captain marvel jr!> <INFORM he needs help....> <BACKCHANNEL ohhhh!>'],[],"[[298.0, 4.0, 478.0, 143.0]]",[],"[[286.0, 155.0, 330.0, 198.0]]"
1810_6_3,"['<GREET ptain marvel!> <INFORM the ptunians must have et with an overwhelming defeat!> <INFORM there may not be any left alive!>', ""<INFORM it's hard to believe there aren't any sur-vivors!> <INFORM if there's any within earshot, a loud enough shout will bring them to us!>""]",[],"[[0.0, 5.0, 226.0, 150.0], [222.0, 1.0, 468.0, 128.0]]",[],"[[89.0, 213.0, 186.0, 318.0], [297.0, 138.0, 443.0, 325.0]]"
1811_29_0,['<NOT_CLASSIFIABLE golly...> <INFORM not even water will wake them up!> <INFORM the sleep sand must be powerful enough to put them in a dead sleep!>'],[],"[[24.0, 1.0, 280.0, 136.0]]",[],"[[107.0, 175.0, 138.0, 209.0]]"
1811_38_6,"['<FEEDBACK yeah,> <INFORM found the crook but i lost three teeth doing it!> <NOT_CLASSIFIABLE (groan),>']",[],"[[0.0, 40.0, 339.0, 163.0]]",[],"[[208.0, 206.0, 259.0, 261.0]]"
1813_17_4,"['<BACKCHANNEL eeaaaa!>', '<BACKCHANNEL wow!> <INFORM those ladder rungs are stretching like rubber!>']",['captain marvel jr. also meets a startling scene!'],"[[15.0, 141.0, 260.0, 282.0], [547.0, 172.0, 963.0, 480.0]]","[[0.0, 0.0, 1011.0, 81.0]]","[[329.0, 191.0, 399.0, 279.0], [524.0, 643.0, 562.0, 690.0]]"
1816_8_5,"['<FEEDBACK this is frightful!> <BACKCHANNEL oh,> <INFORM if only the marvel family were here!>']","['soon, dexter is horrified to see helpless victims abducted and dragged back to be put through the time door into an unknown era!']","[[116.0, 89.0, 350.0, 188.0]]","[[0.0, 0.0, 350.0, 100.0]]","[[233.0, 254.0, 327.0, 366.0]]"
1823_16_6,"[""<INFORM me, a movie star!> <INFORM i can't believe it!> <INFORM after this i bet all the girls will look at me the way they did at teddy cracken!>""]",[],"[[13.0, 24.0, 329.0, 149.0]]",[],"[[207.0, 205.0, 228.0, 228.0]]"
1823_7_0,['<ORDER and look!> <INFORM these purple grapes are amethysts!> <INFORM and these white grapes are diamonds!>'],['the strange jewel trees from the magic seeds have produced a fabulous crop of precious treasure!'],"[[6.0, 0.0, 329.0, 113.0]]","[[0.0, 348.0, 314.0, 425.0]]","[[126.0, 127.0, 184.0, 189.0]]"
1830_62_1,"[""<INFORM there's aimes-> <INFORM he'll be happy to see\tthis.>""]",[],"[[21.0, 30.0, 289.0, 107.0]]",[],"[[257.0, 174.0, 270.0, 194.0]]"
1835_15_6,"[""aren't you located drowns yacht yet shipreck"", 'i just got it doodl, we must get there at once and prevent his destroying the durango.']","['sapnereck, unaware of the durango disaster, finally locates the position of dr. bronws yacht.']","[[9.0, 34.0, 104.0, 139.0], [106.0, 31.0, 223.0, 161.0]]","[[10.0, 270.0, 220.0, 371.0]]","[[33.0, 133.0, 84.0, 180.0], [95.0, 172.0, 139.0, 210.0]]"
1842_23_2,"['<INFORM unwary allied ship passes us!> <YES-NO_QUESTION torpedoes ready, please?>', '<FEEDBACK torpedoes ready!>', '<NOT_CLASSIFIABLE then>']",[],"[[121.0, 23.0, 604.0, 169.0], [597.0, 10.0, 847.0, 160.0], [0.0, 438.0, 147.0, 517.0]]",[],"[[133.0, 191.0, 188.0, 250.0], [514.0, 276.0, 665.0, 457.0], [-1.0, -1.0, -1.0, -1.0]]"
1842_35_6,['<INFORM i thought minute man would stay and protect me!> <INFORM but he ran out and disappered.>'],[],"[[34.0, 29.0, 357.0, 110.0]]",[],"[[290.0, 139.0, 373.0, 239.0]]"
184_20_3,"[""<INFORM -you see, i'm a slaver!> <INFORM -but, with this difference, -i sell persons who are well known in the field of scientific research->""]",[],"[[53.0, 0.0, 475.0, 150.0]]",[],"[[315.0, 235.0, 350.0, 276.0]]"
1850_47_2,['<INFORM bombs away!>'],['minute man smashes the secret nazi airport with the germans own bombs!'],"[[439.0, 35.0, 656.0, 113.0]]","[[0.0, 0.0, 670.0, 58.0]]","[[652.0, 162.0, 670.0, 179.0]]"
1853_14_3,['<INFORM the gun you will admit is a very clever device adapted from your> <BACKCHANNEL ...ah ha.. ha> <INFORM civilization.>'],[],"[[0.0, 7.0, 223.0, 76.0]]",[],"[[51.0, 101.0, 69.0, 120.0]]"
1854_8_6,"['<GREET poor kuli kai,> <YES-NO_QUESTION i wonder if his broken leg is still bothering him?>', '<BACKCHANNEL oh> <INFORM you mean kuli kai.> <INFORM his broken leg is giving him a lot of trouble>']",['as the jap concentrates on a non existent son radar again reaps his mind.'],"[[0.0, 32.0, 185.0, 100.0], [129.0, 35.0, 322.0, 88.0]]","[[25.0, 0.0, 322.0, 36.0]]","[[80.0, 92.0, 133.0, 154.0], [205.0, 80.0, 239.0, 121.0]]"
1859_22_2,"['<ORDER hurry!> <ORDER find it before bullet- man comes again!>', ""<BACKCHANNEL ulps!> <INFORM he's here already!>""]",[],"[[1.0, 7.0, 171.0, 123.0], [163.0, 15.0, 305.0, 137.0]]",[],"[[53.0, 209.0, 118.0, 295.0], [209.0, 222.0, 283.0, 290.0]]"
1862_7_5,['<POLITENESS_FORMULA sorry!> <INFORM no time for conversation!>'],[],"[[23.0, 7.0, 293.0, 89.0]]",[],"[[165.0, 101.0, 224.0, 154.0]]"
1869_9_2,"[""<YES-NO_QUESTION it's a great collection isn't it ,lumber jack?>"", ""<YES-NO_QUESTION you call zat a great collection?> <BACKCHANNEL bah!> <INFORM you should see lumber jack's collections!>""]",[],"[[0.0, 0.0, 172.0, 130.0], [150.0, 0.0, 468.0, 145.0]]",[],"[[136.0, 139.0, 173.0, 197.0], [190.0, 140.0, 243.0, 203.0]]"
1877_22_5,"['<BACKCHANNEL oo<BACKCHANNEL oh>,><INFORM  my head!> <WHY_QUESTION now why should anyone> <BACKCHANNEL oh> <INFORM the phonograph s explains everything.>']",['meanwhile---'],"[[153.0, 1.0, 521.0, 110.0]]","[[6.0, 2.0, 195.0, 39.0]]","[[106.0, 122.0, 166.0, 190.0]]"
1894_15_2,"[""<INFORM i should hope so!> <INFORM after all the things your parents do for you, i think it's awful to talk about them like that behind their backs!> <INFORM i think parents are wonderful!>""]",[],"[[0.0, 0.0, 563.0, 194.0]]",[],"[[161.0, 203.0, 224.0, 283.0]]"
1897_30_2,"[""<ORDER listen, strong boy-> <INFORM you've been in here for six months now.> <YES-NO_QUESTION would you like to get out?>"", ""<YES-NO_QUESTION would i?> <FEEDBACK i'm sick of stir!>""]","['"" her screams summome aepand al strong boy tried escape ne was captured, after a speeoy tral he was to life inmprisonmentat the north car penitentiary, tais was in 1926...""']","[[0.0, 107.0, 230.0, 221.0], [246.0, 104.0, 381.0, 187.0]]","[[0.0, 2.0, 382.0, 103.0]]","[[198.0, 286.0, 240.0, 329.0], [324.0, 259.0, 365.0, 300.0]]"
189_9_5,['<FEEDBACK i.. i feel weak!>'],['millions of volts of energy are loosed over their heads!'],"[[30.0, 370.0, 115.0, 400.0]]","[[32.0, 10.0, 433.0, 50.0]]","[[209.0, 340.0, 250.0, 370.0]]"
1902_64_4,['<INFORM best defense is a good offense!>'],[],"[[34.0, 15.0, 253.0, 134.0]]",[],"[[269.0, 131.0, 359.0, 224.0]]"
190_19_6,"[""<ORDER full speed ahead-> <INFORM here comes the harbor patrol-> <INFORM we'll run for it> <ORDER get the guns ready!!>""]",[],"[[0.0, 50.0, 300.0, 95.0]]",[],"[[122.0, 185.0, 135.0, 201.0]]"
1915_0_1,['<BACKCHANNEL oops!> <FEEDBACK missed!!>'],[],"[[556.0, 33.0, 812.0, 228.0]]",[],"[[479.0, 435.0, 630.0, 592.0]]"
1915_36_2,['<INFORM quess i was mistaken!>'],[],"[[12.0, 5.0, 193.0, 132.0]]",[],"[[92.0, 163.0, 189.0, 275.0]]"
1916_54_0,"[""<INFORM now, we'll see if this will work.>""]",[],"[[0.0, 14.0, 177.0, 90.0]]",[],"[[-1.0, -1.0, -1.0, -1.0]]"
1918_57_3,['<INFORM they know that love you!>'],"[""a tribe of gorillas rushes to blanda's aid!""]","[[231.0, 108.0, 507.0, 207.0]]","[[166.0, 0.0, 586.0, 74.0]]","[[260.0, 266.0, 328.0, 340.0]]"
1919_30_4,"['<INFORM boy, this air feels good!>']",['-- and into the murky water of the east river then a boat appears eney out of the darkness'],"[[352.0, 167.0, 527.0, 294.0]]","[[32.0, 344.0, 558.0, 428.0]]","[[116.0, 44.0, 330.0, 259.0]]"
191_50_2,"['<THANK thank the lord you came, karl!> <INFORM he nearly had us finished!> <INFORM but he is in bad shape...> <INFORM we must get him to a field hospital.>']",['but in his weakend condition he is over-whelmed when another guard enters....'],"[[23.0, 0.0, 200.0, 95.0]]","[[16.0, 200.0, 350.0, 232.0]]","[[90.0, 125.0, 115.0, 160.0]]"
1920_63_4,"[""<ORDER let's get out of here!>"", '<INFORM we must get there in time!>']",[],"[[18.0, 26.0, 159.0, 75.0], [333.0, 17.0, 567.0, 63.0]]",[],"[[174.0, 46.0, 238.0, 119.0], [511.0, 75.0, 590.0, 163.0]]"
1927_45_2,"[""<INFORM but we still have a chancer so don't look at that mirage or the thought of ships and water will unnerve you!>"", '<YES-NO_QUESTION ch-cherry, are mirages held up by wooden posts?>']",[],"[[13.0, 9.0, 433.0, 153.0], [452.0, 6.0, 692.0, 169.0]]",[],"[[215.0, 239.0, 302.0, 344.0], [661.0, 275.0, 711.0, 326.0]]"
1928_49_2,"[""<INFORM no wonder joe's bike pedals easier coasts longer and stops\tquicker!>""]",[],"[[28.0, 0.0, 509.0, 202.0]]",[],"[[484.0, 139.0, 559.0, 231.0]]"
1932_30_3,"[""<BACKCHANNEL er ...> <INFORM i'm just fascinated to see a brilliant detective like you work!>"", '<BACKCHANNEL uh- huh!>']",[],"[[29.0, 27.0, 262.0, 261.0], [241.0, 80.0, 384.0, 205.0]]",[],"[[31.0, 387.0, 171.0, 660.0], [203.0, 392.0, 380.0, 651.0]]"
1934_23_2,"[""<POLITENESS_FORMULA i wonder if he'll be there...> <BACKCHANNEL oops!> <INFORM my gracious this is tight fit!>""]",[],"[[1.0, 26.0, 279.0, 180.0]]",[],"[[294.0, 51.0, 364.0, 126.0]]"
193_10_7,"[""<INFORM it's supposed to be bad luck to see one of those things!> <INFORM there's a martian belief that those who do rarely leave this desert!>"", ""<ORDER don't tell me you go in for those ancient superstitions, kodi!>""]",[],"[[0.0, 0.0, 350.0, 200.0], [374.0, 0.0, 630.0, 115.0]]",[],"[[178.0, 356.0, 197.0, 370.0], [232.0, 348.0, 251.0, 365.0]]"
1945_0_0,"[""<POLITENESS_FORMULA of course you're the only one i love darling.>""]",[],"[[591.0, 508.0, 914.0, 804.0]]",[],"[[294.0, 508.0, 439.0, 741.0]]"
1949_16_6,"[""<THANK thanks, mr. blake!> <INFORM now, tomorrow morning you boys have your wagons ready to deliver the grain to the county seat!> <COMMIT i'll see that mr. johnson gets the money!>""]",['blake argues convincingly and at last he persuades the ranchers to wait!'],"[[16.0, 66.0, 806.0, 221.0]]","[[18.0, 0.0, 793.0, 73.0]]","[[98.0, 272.0, 200.0, 386.0]]"
1950_9_0,"['<INFORM hit the nail on head lash.> <YES-NO_QUESTION now about it?>\t<INFORM i can raise you fifty cent of a big reward!>', ""<INFORM we might as well do it.> <INFORM it'll pay expenses for our trip north.> <INFORM we'll leave the first thing in the morning.>""]",[],"[[0.0, 37.0, 314.0, 242.0], [271.0, 29.0, 715.0, 217.0]]",[],"[[19.0, 253.0, 111.0, 336.0], [258.0, 220.0, 323.0, 296.0]]"
1953_26_4,"['<POLITENESS_FORMULA oh, my love...>', ""<INFORM all my centuries of solitude...> <INFORM when my despair was so great...> <INFORM it's as if it had never been.>""]",[],"[[0.0, 116.0, 245.0, 289.0], [31.0, 26.0, 871.0, 169.0]]",[],"[[262.0, 252.0, 505.0, 550.0], [454.0, 267.0, 704.0, 509.0]]"
1968_16_0,"['<YES-NO_QUESTION  dio... did you hear...> <INFORM they might separate us, or -- or break up up into chunks!>', ""<ORDER don't say that, darling.> <INFORM they... can't!>"", ""<FEEDBACK gee, i'm scared, butch!>"", '<FEEDBACK me too!>']","['doors close, and away from the eyes of the world the occupants of the museum moan out their fears and anxiety .']","[[1.0, 85.0, 143.0, 233.0], [130.0, 84.0, 288.0, 165.0], [154.0, 156.0, 288.0, 234.0], [197.0, 230.0, 286.0, 290.0]]","[[0.0, 0.0, 286.0, 87.0]]","[[57.0, 305.0, 144.0, 388.0], [75.0, 221.0, 145.0, 297.0], [184.0, 302.0, 220.0, 363.0], [232.0, 305.0, 280.0, 376.0]]"
1971_35_2,['<FEEDBACK a wonderful host!>'],[],"[[96.0, 99.0, 459.0, 279.0]]",[],"[[118.0, 324.0, 206.0, 418.0]]"
1973_21_1,"['<NOT_CLASSIFIABLE from>', '<NOT_CLASSIFIABLE from ing hine>', ""<INFORM all set!> <INFORM the out-fit you're wearing is bullet proof and heat proof.> <INFORM and inside the time machine are various weapons, a small crated helicopter and food for twenty four hours!> <POLITENESS_FORMULA good luck!>""]",['two weeks pass and'],"[[0.0, 14.0, 72.0, 92.0], [0.0, 38.0, 63.0, 206.0], [58.0, 42.0, 337.0, 243.0]]","[[66.0, 17.0, 400.0, 51.0]]","[[-1.0, -1.0, -1.0, -1.0], [-1.0, -1.0, -1.0, -1.0], [163.0, 237.0, 204.0, 283.0]]"
197_9_0,"[""<INFORM well, that guard's well taken care of> <INFORM now to find the princess>""]",[],"[[190.0, 40.0, 770.0, 150.0]]",[],"[[520.0, 180.0, 600.0, 230.0]]"
1983_8_5,['<BACKCHANNEL oooof!>'],[],"[[252.0, 20.0, 374.0, 105.0]]",[],"[[155.0, 87.0, 245.0, 190.0]]"
1985_18_10,['<FEEDBACK wow!> <INFORM holy cats!> <INFORM scram!>'],[],"[[62.0, 7.0, 138.0, 85.0]]",[],"[[62.0, 120.0, 103.0, 183.0]]"
1985_35_4,['<POLITENESS_FORMULA s-so sorry!> <INFORM my hand musta slipped!>'],[],"[[43.0, 8.0, 181.0, 75.0]]",[],"[[173.0, 47.0, 219.0, 173.0]]"
1988_35_4,"[""<INFORM you'll be safer here ..> <INFORM that track is getting too hot!>""]",['grandstand...'],"[[77.0, 16.0, 265.0, 127.0]]","[[62.0, 0.0, 292.0, 25.0]]","[[150.0, 121.0, 191.0, 174.0]]"
1989_42_0,"[""<INFORM hope jill doesn't think i'm shot ..><INFORM  she has enough worries now!\t>""]",[],"[[100.0, 54.0, 248.0, 139.0]]",[],"[[175.0, 190.0, 215.0, 238.0]]"
1990_59_3,"[""<INFORM  i don't understand it ..> <INFORM those bats were exterminated long ago ..> <INFORM we are all in danger unless we can destroy them!>""]",[],"[[5.0, 0.0, 335.0, 236.0]]",[],"[[42.0, 242.0, 304.0, 573.0]]"
1994_3_2,"['<GREET for shame, herr kleister!> <WHY_QUESTION do you not know dot der fuehrer iss a sincere believer in astrology?>', '<WHY_QUESTION ya?> <WHY_QUESTION -- ach, iss dot so?> <POLITENESS_FORMULA .. excuse me, ba von hindentr >']",[],"[[20.0, 10.0, 469.0, 149.0], [505.0, 2.0, 695.0, 126.0]]",[],"[[108.0, 151.0, 284.0, 329.0], [414.0, 151.0, 546.0, 306.0]]"
1994_49_1,"[""<INFORM there's my toughest case, cyclone!> <INFORM -- the only thing he's interested in is trying to escape!>"", ""<YES-NO_QUESTION say - isn't he mills the sculptor?>""]",[],"[[88.0, 19.0, 538.0, 130.0], [196.0, 126.0, 391.0, 258.0]]",[],"[[89.0, 187.0, 211.0, 351.0], [248.0, 280.0, 357.0, 390.0]]"
1996_49_4,"['<POLITENESS_FORMULA thanks for the co-operation, whistler ..>', '<BACKCHANNEL huh ...??>']",[],"[[18.0, 0.0, 322.0, 70.0], [25.0, 67.0, 191.0, 137.0]]",[],"[[-1.0, -1.0, -1.0, -1.0], [109.0, 155.0, 184.0, 242.0]]"
2000_7_3,['<WHY_QUESTION now what?>'],[],"[[229.0, 1.0, 358.0, 75.0]]",[],"[[44.0, 92.0, 199.0, 355.0]]"
200_44_3,['<FEEDBACK good!> <ORDER now to contact stewart->'],"[""and the field. having received its instructions from the govt, informs the army of espada's de-parture---""]","[[190.0, 69.0, 310.0, 108.0]]","[[190.0, 0.0, 316.0, 66.0]]","[[126.0, 9.0, 167.0, 58.0]]"
200_4_5,['<BACKCHANNEL hm-m-m-> <INFORM he seems too unconcerner and calm about this whole business!> <INFORM perhaps he knows---> <INFORM but we shalle see later on!!>'],[],"[[53.0, 1.0, 265.0, 89.0]]",[],"[[64.0, 82.0, 101.0, 117.0]]"
2014_28_2,"[""<INFORM now as captain and leader of this expedition-- as the world's greatest explorer and discoverer-- i shall of course, be the first human to drink!>""]",[],"[[4.0, 0.0, 212.0, 111.0]]",[],"[[114.0, 150.0, 185.0, 225.0]]"
2014_5_6,"[""<ORDER cheer up capt.> <INFORM puff they'll get over it.> <INFORM i thought it was a very good joke\t>""]",[],"[[1.0, 19.0, 206.0, 90.0]]",[],"[[50.0, 111.0, 99.0, 175.0]]"
2015_27_7,['<INFORM but not for you! >'],[],"[[15.0, 6.0, 155.0, 62.0]]",[],"[[64.0, 72.0, 124.0, 137.0]]"
2036_24_1,['<BACKCHANNEL sniff - snifff> <INFORM i never smelled flower like this before!> <INFORM it has a most peculiar aroma!>'],['meanwhile...'],"[[0.0, 27.0, 152.0, 99.0]]","[[1.0, 5.0, 114.0, 37.0]]","[[33.0, 155.0, 105.0, 228.0]]"
2039_18_0,"[""<BACKCHANNEL ( gulp! )> <INFORM they've all broken loose!>""]",['oes below\t---'],"[[0.0, 26.0, 134.0, 77.0]]","[[0.0, 3.0, 143.0, 27.0]]","[[-1.0, -1.0, -1.0, -1.0]]"
2045_14_4,"[""<BACKCHANNEL huh!><WHY_QUESTION  what's this?> <INFORM there's a package in the mouth!\t>""]",[],"[[18.0, 9.0, 130.0, 84.0]]",[],"[[40.0, 100.0, 141.0, 232.0]]"
2053_3_3,['<INFORM a cowboy once taught me how to handle a lasso!> <INFORM only hope ...>'],['buhl tinut f weatt piace greenwich conn entered'],"[[0.0, 11.0, 184.0, 87.0]]","[[23.0, 249.0, 302.0, 271.0]]","[[117.0, 53.0, 163.0, 99.0]]"
2055_33_4,"['<BACKCHANNEL ( sigh )> <INFORM i feel sorry poor maddern\t>', '<ORDER look!> <INFORM hyar he comes><INFORM  -- in a strait jacket!> <INFORM i reckon those hombres are taking him to the asylum!>']",['shortly after ...'],"[[17.0, 26.0, 76.0, 103.0], [73.0, 20.0, 247.0, 96.0]]","[[10.0, 8.0, 145.0, 32.0]]","[[20.0, 125.0, 67.0, 179.0], [66.0, 134.0, 103.0, 181.0]]"
2057_45_5,['<BACKCHANNEL huh><BACKCHANNEL  --- oof!>'],[],"[[228.0, 18.0, 327.0, 72.0]]",[],"[[221.0, 105.0, 262.0, 152.0]]"
2072_31_3,['<WHY_QUESTION now who could that be?>'],[],"[[48.0, 0.0, 180.0, 49.0]]",[],"[[75.0, 86.0, 126.0, 144.0]]"
2079_221_3,"['<WHY_QUESTION how dare you kidnap me the princess osha?>', '<FEEDBACK yes you louse!>', '<INFORM  because --- because, i love you, i think >']",[],"[[96.0, 0.0, 291.0, 84.0], [280.0, 5.0, 399.0, 91.0], [396.0, 0.0, 546.0, 85.0]]",[],"[[236.0, 124.0, 281.0, 169.0], [313.0, 111.0, 352.0, 158.0], [389.0, 90.0, 431.0, 141.0]]"
2079_27_2,"[""<INFORM i think i'll sit up a while>"", '<YES-NO_QUESTION you feel better already no?>']",[],"[[20.0, 10.0, 268.0, 82.0], [278.0, 52.0, 426.0, 202.0]]",[],"[[88.0, 131.0, 151.0, 197.0], [381.0, 204.0, 442.0, 283.0]]"
2097_31_6,['<INFORM i suspected that her story was true --> <INFORM and that her evil would drive her to more ghastly acts!> <INFORM thank heavens i stood watch ---> <INFORM and prevented her from destroying you!>'],[],"[[8.0, 1.0, 251.0, 156.0]]",[],"[[55.0, 157.0, 267.0, 443.0]]"
209_30_6,"[""<BACKCHANNEL oh,> <WHY_QUESTION why did he have to show up just then?!> <INFORM now you can't play tomorrow!> <FEEDBACK woe is me!>"", '<FEEDBACK i-i- let the whole team down!>']",[],"[[10.0, 1.0, 244.0, 113.0], [183.0, 43.0, 284.0, 162.0]]",[],"[[20.0, 165.0, 143.0, 308.0], [159.0, 168.0, 294.0, 432.0]]"
2100_28_6,"[""<INFORM i remember the first girl i ever fell for!> <INFORM a dog growled one night and i fainted from fright!> <INFORM i never saw her again!> <INFORM i'm too frightened to even live!>""]",['rry always left a light burn-g in the house when he was go-g to be home after dark!'],"[[4.0, 58.0, 418.0, 250.0]]","[[0.0, 0.0, 461.0, 77.0]]","[[234.0, 247.0, 280.0, 317.0]]"
2108_9_6,"['<INFORM i became suspicious of hackley when you gave me these papers.> <INFORM there was a shipment of his in everyone of the previous crashes>', ""<INFORM  all i can say,><GREET  mr. hunt,> <INFORM isthat you've done a great service and won my everlasting gratitude!>""]",['last point to him ...'],"[[0.0, 20.0, 440.0, 118.0], [115.0, 92.0, 451.0, 176.0]]","[[0.0, 0.0, 455.0, 29.0]]","[[88.0, 153.0, 147.0, 222.0], [275.0, 164.0, 329.0, 224.0]]"
2109_15_3,['<INFORM just a sample of what will happen to you if i catch you at this business again!>'],"['taking the gangsters outside, the comet casts his disinterat-ing ray on the house.']","[[287.0, 88.0, 499.0, 187.0]]","[[22.0, 5.0, 291.0, 77.0]]","[[374.0, 317.0, 424.0, 355.0]]"
210_38_1,['<WHY_QUESTION how do you like this one pop - gun jim?>'],['for a moment it looks'],"[[277.0, 17.0, 701.0, 141.0]]","[[44.0, 549.0, 581.0, 601.0]]","[[327.0, 202.0, 392.0, 276.0]]"
2113_21_7,['<GREET perry!> <ORDER look out!> <INFORM behind you!> <INFORM another thug!\t>'],[],"[[4.0, 156.0, 183.0, 280.0]]",[],"[[15.0, 2.0, 168.0, 101.0]]"
2117_39_5,['<BACKCHANNEL oink!>'],[],"[[50.0, 5.0, 156.0, 58.0]]",[],"[[35.0, 236.0, 75.0, 290.0]]"
211_58_4,['<FEEDBACK i-i feel so queer-- so old...!>'],"['without warning, a hideous change comes over the lovely face!!']","[[28.0, 117.0, 320.0, 236.0]]","[[4.0, 18.0, 489.0, 135.0]]","[[48.0, 220.0, 414.0, 508.0]]"
2122_35_0,"[""<INFORM sacre is the dead-liest duelist in europe!> <INFORM of all people to get mixed up with!> <INFORM twerp you're good as dead right now!> <BACKCHANNEL well ...> <POLITENESS_FORMULA good night!><POLITENESS_FORMULA  pleasant dreams!>"", ""<INFORM everything happens to me!> <INFORM i can't figure it out!><INFORM  he knocked my hand himself> <INFORM ... then slaps me with his gloves and he gets sore! ><BACKCHANNEL ... of all ...>""]",[],"[[1.0, 2.0, 188.0, 160.0], [167.0, 0.0, 442.0, 102.0]]",[],"[[21.0, 173.0, 66.0, 215.0], [290.0, 104.0, 360.0, 193.0]]"
2123_62_7,"[""<BACKCHANNEL hmm!> <INFORM that's an odd looking tower be on a crypt ...> <INFORM and it looks new, too!>""]",[],"[[44.0, 10.0, 302.0, 129.0]]",[],"[[179.0, 225.0, 285.0, 310.0]]"
2126_31_7,"['<BACKCHANNEL whew!> <INFORM you sure know how to turn on the heat!>', ""<INFORM i'm taking lessons from the fireball ><INFORM ... and this is only the first!>""]",[],"[[13.0, 4.0, 203.0, 87.0], [154.0, 5.0, 330.0, 137.0]]",[],"[[33.0, 132.0, 151.0, 284.0], [162.0, 196.0, 289.0, 331.0]]"
2126_46_2,['<INFORM i must go in and see how he feels!>'],[],"[[7.0, 80.0, 190.0, 171.0]]",[],"[[71.0, 176.0, 174.0, 312.0]]"
212_55_3,"['<BACKCHANNEL oh,> <YES-NO_QUESTION my-- are you a real bandit?>', ""<YES-NO_QUESTION ain'tcha scared?>""]",[],"[[10.0, 11.0, 223.0, 138.0], [230.0, 8.0, 423.0, 93.0]]",[],"[[134.0, 214.0, 310.0, 389.0], [314.0, 10.0, 577.0, 269.0]]"
212_9_2,"['<FEEDBACK swell idea to get start in business!> <INFORM ives us quite an assortment!>', '<FEEDBACK yup and your idea to use paper furniture rugs and drapes was good too!>']","['cobweb lane pawn shop', 'money to loan!', 'open for business', 'stacks of fine used clothing rock bottom prices', 'genuine suit armour and 8 watches', 'walk in', '8 vacuum cleaners for sal cheap tri']","[[8.0, 3.0, 459.0, 169.0], [512.0, 762.0, 943.0, 1051.0]]","[[509.0, 1.0, 1134.0, 173.0], [667.0, 128.0, 933.0, 327.0], [34.0, 418.0, 197.0, 546.0], [203.0, 352.0, 455.0, 645.0], [395.0, 528.0, 634.0, 757.0], [667.0, 617.0, 772.0, 713.0], [905.0, 548.0, 1149.0, 772.0]]","[[765.0, 380.0, 849.0, 486.0], [988.0, 662.0, 1077.0, 768.0]]"
2137_41_4,"['<NOT_CLASSIFIABLE indy scared\t>', ""<INFORM careful,> <GREET kuppie,> <INFORM we're in the fier caverns now!>"", '<BACKCHANNEL hey,> <GREET gus,> <ORDER look ><INFORM ... dessert!>']",[],"[[0.0, 51.0, 70.0, 150.0], [119.0, 1.0, 299.0, 85.0], [191.0, 285.0, 296.0, 368.0]]",[],"[[-1.0, -1.0, -1.0, -1.0], [195.0, 87.0, 222.0, 121.0], [103.0, 326.0, 180.0, 448.0]]"
2141_55_7,"[""<BACKCHANNEL goodness gracious><INFORM  i can't believe my eyes!!>""]",['the next morning ..'],"[[35.0, 48.0, 234.0, 138.0]]","[[3.0, 17.0, 98.0, 72.0]]","[[42.0, 146.0, 102.0, 233.0]]"
2144_29_3,['<INFORM poor horse - ><INFORM just when we had the race all sewed up too!>'],['evidence? you mean'],"[[70.0, 6.0, 308.0, 92.0]]","[[204.0, 346.0, 452.0, 375.0]]","[[243.0, 87.0, 318.0, 188.0]]"
2144_46_4,['<BACKCHANNEL whew -> <INFORM what a dream -!><INFORM  i thought i heard the good fairy calling for help!> <INFORM gosh i wonder if it really was a dream!>'],['nyeay how about you yes im talk'],"[[26.0, 7.0, 287.0, 117.0]]","[[0.0, 302.0, 377.0, 333.0]]","[[173.0, 106.0, 226.0, 172.0]]"
2151_46_1,"[""<ORDER come here lil' fellow ..> <INFORM you look kind of lost and frightened!>""]",[],"[[9.0, 0.0, 232.0, 110.0]]",[],"[[230.0, 67.0, 353.0, 187.0]]"
2152_33_3,"[""<GREET hey, pop!> <INFORM oscar's missing!>"", ""<FEEDBACK hurray!> <INFORM at last we're rid of this beast!>""]",[],"[[20.0, 13.0, 150.0, 81.0], [143.0, 12.0, 311.0, 104.0]]",[],"[[72.0, 205.0, 129.0, 279.0], [182.0, 132.0, 303.0, 236.0]]"
2157_28_0,"[""<BACKCHANNEL aw gee.><GREET  cap.> <INFORM he won't be much trouble>"", '<POLITENESS_FORMULA sorry.> <GREET brooklyn.> <INFORM no pooch ... thats an order!>']",[],"[[0.0, 0.0, 224.0, 65.0], [23.0, 72.0, 222.0, 155.0]]",[],"[[26.0, 228.0, 99.0, 310.0], [162.0, 156.0, 273.0, 314.0]]"
2161_20_6,"[""<INFORM  poor chap!> <INFORM i almost feel sorry for him,> <INFORM but perhaps it's best this way!><INFORM  he dealt out justice to himself!>""]",[],"[[16.0, 0.0, 355.0, 115.0]]",[],"[[145.0, 107.0, 370.0, 451.0]]"
2164_40_3,['<INFORM poor butch!>'],[],"[[49.0, 63.0, 170.0, 144.0]]",[],"[[140.0, 147.0, 216.0, 223.0]]"
2166_29_0,"['<ORDER hurry up and load this truck!><INFORM  there are a couple of snoopers around!\t>', ""<INFORM better save your energy,> <INFORM  porter you'll need it!>""]",[],"[[13.0, 5.0, 259.0, 106.0], [238.0, 10.0, 411.0, 115.0]]",[],"[[210.0, 199.0, 241.0, 224.0], [284.0, 224.0, 312.0, 252.0]]"
2170_14_0,['<INFORM shame on you kiddies> <INFORM - keeping the poor pup tied up ->'],[],"[[15.0, 0.0, 283.0, 78.0]]",[],"[[20.0, 81.0, 186.0, 231.0]]"
2173_6_4,['<BACKCHANNEL ohh ...> <INFORM this chute is awfully slow making up its mind to open!>'],[],"[[0.0, 0.0, 349.0, 139.0]]",[],"[[137.0, 321.0, 228.0, 435.0]]"
2189_13_0,"['<WHY_QUESTION what are you carrying on this trip!\t>', '<INFORM silver bars from a smelter up in the government mines ..> <INFORM glad to see you aboard red rocket.> <INFORM i feel better about this run now ...>']",[],"[[18.0, 29.0, 185.0, 154.0], [219.0, 36.0, 425.0, 365.0]]",[],"[[127.0, 221.0, 233.0, 345.0], [299.0, 398.0, 373.0, 474.0]]"
218_55_1,"['<FEEDBACK caramba!> <INFORM soldiers!>', ""<ORDER quiet, pedro!> <INFORM they're after our friend, here!>""]",[],"[[6.0, 22.0, 137.0, 78.0], [126.0, 32.0, 271.0, 106.0]]",[],"[[49.0, 191.0, 102.0, 266.0], [200.0, 208.0, 255.0, 278.0]]"
2190_16_0,"['<INFORM  this is it, all right! >']",[],"[[446.0, 128.0, 597.0, 216.0]]",[],"[[420.0, 187.0, 474.0, 237.0]]"
2195_30_2,['<INFORM i feel sorry for women who have to scrub! >'],[],"[[271.0, 7.0, 469.0, 129.0]]",[],"[[185.0, 52.0, 272.0, 152.0]]"
2200_30_2,['<GREET welcome!> <INFORM a successful mission!>'],[],"[[260.0, 236.0, 477.0, 331.0]]",[],"[[322.0, 442.0, 333.0, 454.0]]"
2208_44_4,"['<FEEDBACK  yes sir,> <INFORM i will start at once!\t>']",[],"[[318.0, 60.0, 480.0, 197.0]]",[],"[[97.0, 63.0, 295.0, 342.0]]"
220_62_4,"[""<INFORM the answer is -> <FEEDBACK i can't!!> <BACKCHANNEL so-o-o...>""]",[],"[[1056.0, 25.0, 1561.0, 157.0]]",[],"[[859.0, 0.0, 1026.0, 211.0]]"
220_72_5,"[""<GREET hey> <ORDER not so fast!> <ORDER you can't go in there!>"", ""<FEEDBACK don't be too sure you old fool!!>""]",[],"[[26.0, 50.0, 254.0, 246.0], [239.0, 31.0, 646.0, 140.0]]",[],"[[126.0, 258.0, 360.0, 486.0], [501.0, 105.0, 665.0, 314.0]]"
2211_66_3,['<INFORM this is the best haul yet!>'],"['carrying the heavy ransom, the pirates leave the ship.']","[[169.0, 54.0, 302.0, 125.0]]","[[5.0, 12.0, 356.0, 58.0]]","[[89.0, 61.0, 148.0, 135.0]]"
2212_30_4,['<INFORM someday we swamp people shall rule the planet!> <INFORM this de-energizing solution is a mighty weapon!>'],"[""with practiced fingers the stalker inserts an instrument into the victim's vein ...""]","[[10.0, 66.0, 172.0, 155.0]]","[[0.0, 14.0, 211.0, 68.0]]","[[-1.0, -1.0, -1.0, -1.0]]"
2234_16_1,"[""<FEEDBACK that's fine!> <INFORM now i feel better!\t>""]",[],"[[5.0, 0.0, 183.0, 80.0]]",[],"[[166.0, 53.0, 252.0, 125.0]]"
2236_1_7,"[""<ORDER relax pal!> <INFORM she's got that fire under control now.>"", ""<BACKCHANNEL yep.> <INFORM a couple more minutes and it'll be out.>""]",[],"[[5.0, 114.0, 164.0, 265.0], [232.0, 162.0, 375.0, 310.0]]",[],"[[34.0, 300.0, 126.0, 372.0], [167.0, 212.0, 239.0, 290.0]]"
223_6_4,"[""<BACKCHANNEL ha --> <INFORM i was hoping they'd come to this store for developing!>""]","['24 hod service on developing film', 'special 69.80 zeiss contact']","[[83.0, 3.0, 299.0, 98.0]]","[[267.0, 189.0, 350.0, 284.0], [370.0, 369.0, 435.0, 459.0]]","[[1.0, 77.0, 175.0, 397.0]]"
2242_6_5,"['<INFORM i -- i feel weak! i --->', '<BACKCHANNEL good heavens!>']",[],"[[1.0, 29.0, 141.0, 124.0], [154.0, 34.0, 371.0, 145.0]]",[],"[[63.0, 287.0, 150.0, 386.0], [216.0, 233.0, 305.0, 340.0]]"
2243_50_6,"['<INFORM handkerchief away from his nose once in awhile, and mama was too eager to have us eat those doughnuts!>', '<INFORM we thought, by keeping woozy around to inform us we could steer clear of plastic man!>', '<GREET -- you double crossing glutton!>']",[],"[[7.0, 7.0, 347.0, 178.0], [146.0, 66.0, 367.0, 231.0], [62.0, 341.0, 199.0, 462.0]]",[],"[[0.0, 250.0, 70.0, 415, 0], [150.0, 209.0, 240.0, 308.0], [150.0, 209.0, 240.0, 308.0]]"
2249_48_2,['<BACKCHANNEL oops!> <INFORM .. ... it slipped!>'],[],"[[184.0, 11.0, 456.0, 235.0]]",[],"[[288.0, 321.0, 361.0, 379.0]]"
2255_21_4,"[""<INFORM i won't do it!> <INFORM --- nobody can make me!>"", '<BACKCHANNEL well, of all things>']",[],"[[33.0, 1.0, 211.0, 123.0], [277.0, 5.0, 420.0, 92.0]]",[],"[[211.0, 162.0, 282.0, 207.0], [483.0, 219.0, 536.0, 299.0]]"
2257_10_2,"[""<INFORM why, it'd break her heart!> <INFORM you conscience will plague you the rest of your life!!>""]",[],"[[8.0, 27.0, 260.0, 216.0]]",[],"[[-1.0, -1.0, -1.0, -1.0]]"
2258_43_3,['<BACKCHANNEL ulp!> <INFORM i spoke too soon!>'],[],"[[164.0, 249.0, 286.0, 380.0]]",[],"[[-1.0, -1.0, -1.0, -1.0]]"
2258_46_0,['<INFORM this gives the tale a new twist!>'],[],"[[127.0, 425.0, 330.0, 553.0]]",[],"[[134.0, 202.0, 227.0, 307.0]]"
2262_37_8,['<WHY_QUESTION wonder what that was?>'],[],"[[28.0, 33.0, 188.0, 166.0]]",[],"[[86.0, 286.0, 185.0, 373.0]]"
2264_40_6,"['<POLITENESS_FORMULA  sorry, kid,> <INFORM gotta take you in!\t>']",['the spirit is captured at last!'],"[[227.0, 22.0, 387.0, 114.0]]","[[30.0, 3.0, 247.0, 84.0]]","[[299.0, 143.0, 393.0, 266.0]]"
2267_37_3,"['<BACKCHANNEL  heh, heh! >', '<INFORM this may sound a>']",[],"[[355.0, 109.0, 477.0, 219.0], [361.0, 547.0, 682.0, 611.0]]",[],"[[-1.0, -1.0, -1.0, -1.0], [-1.0, -1.0, -1.0, -1.0]]"
2271_6_5,['<INFORM i should have thought of this before!>'],[],"[[42.0, 14.0, 316.0, 98.0]]",[],"[[74.0, 186.0, 118.0, 238.0]]"
2279_22_2,"[""<INFORM i've just got to watch the pleased expression on mother-in-law's face when she gallops by!>""]",[],"[[42.0, 19.0, 395.0, 147.0]]",[],"[[138.0, 268.0, 194.0, 330.0]]"
2285_18_4,"['<ORDER halt, son of swineherder!> <ORDER you will show identification papers at once!\t>', '<FEEDBACK so unfortunate!> <INFORM have left papers in my other pants!>']",[],"[[19.0, 1.0, 276.0, 174.0], [292.0, 6.0, 567.0, 115.0]]",[],"[[305.0, 208.0, 346.0, 250.0], [472.0, 209.0, 538.0, 253.0]]"
2286_27_5,"['<BACKCHANNEL urghh!>', ""<INFORM no you don't!>""]",[],"[[0.0, 11.0, 171.0, 93.0], [257.0, 16.0, 409.0, 90.0]]",[],"[[68.0, 165.0, 124.0, 249.0], [336.0, 109.0, 404.0, 159.0]]"
2291_33_1,"['<GREET good evening, mr. vallee.>', '<BACKCHANNEL huh? what?> <GREET mary!>', ""<INFORM  the audience will have a fit!> <INFORM it'll wreck our show!> <ORDER mary, you've exactly 5 minutes to get back in your own clothes,> <ORDER and wash that paint off your face!>""]","['then, not too comfortable in her wobbly high heels, mary arrived at the studio. she made a grand entrance!']","[[136.0, 73.0, 302.0, 127.0], [344.0, 79.0, 489.0, 135.0], [230.0, 249.0, 496.0, 440.0]]","[[17.0, 7.0, 498.0, 81.0]]","[[77.0, 108.0, 130.0, 161.0], [269.0, 135.0, 367.0, 234.0], [379.0, 149.0, 480.0, 257.0]]"
2299_21_9,"['<INFORM if master is kind, the blessing of smoke spirit will be upon her in peace and in war><INFORM  -- the flame burns low!> <INFORM - the voice of the fire has spoken!>']",[],"[[148.0, 0.0, 285.0, 154.0]]",[],"[[59.0, 77.0, 148.0, 157.0]]"
2305_14_9,['<INFORM and this little camera that ah slipped out of his pocket may take care of bloodsoe -- the murderer!>'],[],"[[66.0, 2.0, 369.0, 110.0]]",[],"[[272.0, 76.0, 317.0, 136.0]]"
2309_32_6,"[""<INFORM i'm not easily caught!\t>""]",[],"[[79.0, 12.0, 315.0, 73.0]]",[],"[[133.0, 68.0, 226.0, 182.0]]"
2315_54_6,"['<GREET hey, cabbie!>']",['buck arrives at his destination.'],"[[180.0, 68.0, 342.0, 126.0]]","[[13.0, 26.0, 446.0, 64.0]]","[[390.0, 93.0, 444.0, 155.0]]"
2323_46_5,"[""<POLITENESS_FORMULA sorry, goofy, ><INFORM i'm over here! >""]",[],"[[354.0, 107.0, 529.0, 240.0]]",[],"[[343.0, 236.0, 424.0, 304.0]]"
2324_13_4,"['<POLITENESS_FORMULA sorry, ugly!\t>']",[],"[[334.0, 32.0, 526.0, 135.0]]",[],"[[252.0, 112.0, 358.0, 215.0]]"
2326_22_1,"[""<INFORM now we'll land and grab him alive.\t>"", ""<INFORM hit looks like you brain is workin' overtime ted.>""]",[],"[[561.0, 9.0, 900.0, 203.0], [358.0, 306.0, 883.0, 483.0]]",[],"[[296.0, 763.0, 515.0, 921.0], [94.0, 712.0, 264.0, 909.0]]"
2329_32_4,"[""<POLITENESS_FORMULA sorry i couldn't nab them sergeant. >"", ""<FEEDBACK that's okay,> <GREET mackenzie,> <INFORM as long as you can recognize them> <INFORM - i'm combing the town from the river to the city limits!>""]","[""later, in the police's station ...""]","[[7.0, 57.0, 154.0, 188.0], [125.0, 58.0, 405.0, 240.0]]","[[0.0, 13.0, 393.0, 71.0]]","[[40.0, 226.0, 112.0, 309.0], [224.0, 230.0, 328.0, 332.0]]"
2332_65_0,"['<INFORM thank god you are all right! ..>', ""<INFORM i've got a little score to even with the brain!>"", '<ORDER look!> <INFORM a coast guard>']",['in the room doctor frost recovers'],"[[64.0, 31.0, 250.0, 113.0], [333.0, 37.0, 501.0, 162.0], [447.0, 213.0, 656.0, 300.0]]","[[85.0, 0.0, 691.0, 42.0]]","[[260.0, 52.0, 325.0, 125.0], [301.0, 216.0, 334.0, 264.0], [-1.0, -1.0, -1.0, -1.0]]"
2337_18_7,"[""<INFORM achtung!> <ORDER sound der alarm'> <INFORM hans has been killed' achtung'>""]","[""don't count your chicks too fast hinkv' for, at that moment""]","[[11.0, 76.0, 520.0, 232.0]]","[[0.0, 5.0, 589.0, 84.0]]","[[317.0, 234.0, 424.0, 340.0]]"
2341_5_3,"['<INFORM my master does pay me miserably --> a<INFORM nd the mistress does have so much jewelry!> <COMMIT i shall do it!>', '<BACKCHANNEL ha! ha!!>']",[],"[[1.0, 14.0, 433.0, 177.0], [427.0, 98.0, 572.0, 227.0]]",[],"[[228.0, 185.0, 311.0, 300.0], [405.0, 271.0, 457.0, 349.0]]"
2342_47_5,"['<POLITENESS_FORMULA sorry you didnt like it!> <ORDER try this!\t>', '<BACKCHANNEL ugh>']",[],"[[140.0, 0.0, 459.0, 91.0], [431.0, 11.0, 557.0, 144.0]]",[],"[[333.0, 156.0, 435.0, 306.0], [455.0, 338.0, 568.0, 460.0]]"
2350_30_4,"[""<INFORM there he is ...> <INFORM that's the mugg!>"", '<GREET rocks randall!> <INFORM this is a happy surprise, boys!>', ""<ORDER grab the film, fingers,> <ORDER and take it over to the century film laboratory ...> <INFORM we'll check on this black owl!>""]",[],"[[8.0, 0.0, 252.0, 78.0], [236.0, 0.0, 521.0, 90.0], [275.0, 78.0, 486.0, 330.0]]",[],"[[91.0, 91.0, 137.0, 156.0], [417.0, 326.0, 519.0, 453.0], [182.0, 89.0, 237.0, 158.0]]"
2350_37_2,['<BACKCHANNEL oomph!>'],[],"[[34.0, 2.0, 322.0, 82.0]]",[],"[[179.0, 338.0, 255.0, 420.0]]"
2373_21_2,"[""<INFORM  meanwhile, gumption,> <INFORM you an' i are goin' to keep our eyes peeled mighty sharp>"", '<FEEDBACK yep!> <INFORM i have a feelin in muh bones that somethin\'s goin\' to happen jest like the time i was ridin\' with custer,> <INFORM on the way to little big horn ...> <INFORM ""general,"" i says to him ""mebbe we\'re makin\' a mistake"" ..>']",[],"[[54.0, 27.0, 356.0, 185.0], [216.0, 16.0, 658.0, 205.0]]",[],"[[111.0, 260.0, 249.0, 446.0], [337.0, 240.0, 541.0, 440.0]]"
2392_31_3,"['<INFORM is my lucky day!> <BACKCHANNEL hah!> <INFORM no have any room for money!>', ""<FEEDBACK you said it!> <GREET brother!> <INFORM we've had enough!>"", '<NOT_CLASSIFIABLE your hy\t>']",['taxi'],"[[41.0, 24.0, 361.0, 123.0], [360.0, 11.0, 625.0, 121.0], [0.0, 574.0, 94.0, 650.0]]","[[161.0, 466.0, 272.0, 535.0]]","[[284.0, 145.0, 366.0, 222.0], [491.0, 272.0, 544.0, 342.0], [-1.0, -1.0, -1.0, -1.0]]"
2395_20_1,"['<INFORM as i said,> <INFORM if the pirates unite they can conquer the whole country!> <INFORM already we control the gulf and half the atlantic!>', ""<FEEDBACK right you are, chalfont!> <INFORM and with this package of misery to show 'em there'll be plenty to join us!>""]",[],"[[0.0, 8.0, 377.0, 153.0], [346.0, 4.0, 625.0, 170.0]]",[],"[[-1.0, -1.0, -1.0, -1.0], [-1.0, -1.0, -1.0, -1.0]]"
2400_12_1,"['<INFORM that guy brant made such a monkey of me i feel like climbing a tree!>', '<INFORM he sure beat us with that whirlwind dash!\t>']",[],"[[39.0, 41.0, 125.0, 142.0], [202.0, 143.0, 281.0, 224.0]]",[],"[[138.0, 51.0, 162.0, 80.0], [179.0, 61.0, 204.0, 92.0]]"
2403_35_5,"[""<ORDER handle him easy, men ...> <INFORM the poor fellow's badly hurt!\t>""]",[],"[[7.0, 0.0, 207.0, 52.0]]",[],"[[53.0, 65.0, 85.0, 94.0]]"
2405_19_6,['<BACKCHANNEL uh -> <INFORM made it!>'],[],"[[152.0, 28.0, 204.0, 92.0]]",[],"[[104.0, 50.0, 138.0, 75.0]]"
2405_34_3,"[""<BACKCHANNEL  whoops!> <INFORM - rain! ><BACKCHANNEL - huh! ><INFORM well, we'll wait in mister gilhooley's 'til it stops! >""]",[],"[[6.0, 17.0, 202.0, 76.0]]",[],"[[76.0, 62.0, 129.0, 95.0]]"
240_56_5,"[""<INFORM this is the best time i've ever seen made in a slalom!>""]",[],"[[316.0, 97.0, 568.0, 245.0]]",[],"[[457.0, 301.0, 570.0, 446.0]]"
2413_21_4,"['<INFORM ... but i feel better than ever!> <COMMIT now i shall find a policeman> <INFORM and show how easily he is overthrown!>', ""<FEEDBACK i'm one guy you'll have to show!>""]",[],"[[23.0, 8.0, 203.0, 181.0], [206.0, 13.0, 337.0, 105.0]]",[],"[[175.0, 200.0, 255.0, 291.0], [275.0, 227.0, 331.0, 288.0]]"
2415_24_1,['<INFORM i counted on their getting panicky when they saw the flames!> <INFORM but any one of them could have extinguished the fire like\tthis!>'],[],"[[17.0, 32.0, 478.0, 131.0]]",[],"[[104.0, 149.0, 156.0, 218.0]]"
2420_4_2,"['<GREET herr schtuk,> <INFORM a dangerous man has made a fool of otto in the\tsquare>', '<FEEDBACK one moment, kief,> <INFORM we are discussing plans ..>']",[],"[[0.0, 2.0, 231.0, 90.0], [78.0, 51.0, 230.0, 170.0]]",[],"[[19.0, 161.0, 74.0, 228.0], [153.0, 234.0, 182.0, 262.0]]"
2426_9_5,['<BACKCHANNEL yeeow!\t>'],"['but black ace is ever alert, and the mans cry is not the']","[[51.0, 5.0, 175.0, 78.0]]","[[0.0, 300.0, 376.0, 363.0]]","[[194.0, 35.0, 219.0, 63.0]]"
2427_52_9,"[""<BACKCHANNEL hmmm!> <INFORM fritz hoffman himself!!> <INFORM -- and she's with him!> <INFORM - i wonder ..>""]",[],"[[49.0, 21.0, 316.0, 143.0]]",[],"[[147.0, 163.0, 298.0, 318.0]]"
2431_56_2,"[""<ORDER an' so help me, warden,> <INFORM when i looked back of me,> <INFORM the dead chinaman had got up an' gone!>"", '<YES-NO_QUESTION are you crazy?>']",[],"[[0.0, 1.0, 286.0, 179.0], [181.0, 80.0, 337.0, 188.0]]",[],"[[107.0, 197.0, 189.0, 285.0], [-1.0, -1.0, -1.0, -1.0]]"
2432_41_9,"['<POLITENESS_FORMULA sorry that i must do this, officer!>']",[],"[[12.0, 10.0, 154.0, 88.0]]",[],"[[127.0, 42.0, 155.0, 73.0]]"
2432_9_3,['<BACKCHANNEL grrrawg!>'],"['infuriated, the huge man crashes down with rock-like fists.']","[[116.0, 47.0, 227.0, 85.0]]","[[0.0, 4.0, 220.0, 61.0]]","[[72.0, 58.0, 117.0, 117.0]]"
2436_9_6,"[""<POLITENESS_FORMULA sorry..> <INFORM i'm deter-mined to get aboard!>""]",['and meets opposition with a furious offen-sive'],"[[206.0, 80.0, 369.0, 201.0]]","[[4.0, 12.0, 375.0, 90.0]]","[[125.0, 201.0, 181.0, 294.0]]"
2439_38_11,"['<INFORM confession to the murder of joy devine, director buzzbe, cameraman jones and thompson the agent...> <INFORM all of whom you hated for stealing the glory from you!>', '<FEEDBACK yes, i did it!>']",[],"[[1.0, 3.0, 226.0, 201.0], [0.0, 200.0, 80.0, 250.0]]",[],"[[95.0, 225.0, 179.0, 319.7], [20.0, 363.0, 101.0, 408.0]]"
2442_52_3,"[""<WHY_QUESTION what's this?><GREET  ben stokes!><BACKCHANNEL  hmmm!> <INFORM lucky for family he has this $10,000 insurance policy!>""]",[],"[[18.0, 0.0, 413.0, 142.0]]",[],"[[195.0, 220.0, 280.0, 314.0]]"
2444_65_4,"['<WHY_QUESTION have you anything to say before sentence is passed upon you?>', '<INFORM only that i appreciate the grim aspect of this trial,> <GREET your honor!>']","['the trial is soon held, and a verdict of guilty reached!...']","[[82.0, 53.0, 341.0, 160.0], [8.0, 257.0, 217.0, 450.0]]","[[7.0, 1.0, 356.0, 63.0]]","[[12.0, 88.0, 102.0, 207.0], [256.0, 265.0, 343.0, 372.0]]"
2448_36_2,"['<BACKCHANNEL they are!!>', '<BACKCHANNEL aieeeee!> <ORDER run for cover!> <INFORM we are attacked!\t>']",[],"[[7.0, 2.0, 174.0, 110.0], [215.0, 10.0, 472.0, 182.0]]",[],"[[176.0, 317.0, 207.0, 348.0], [301.0, 179.0, 467.0, 329.0]]"
2449_33_1,"[""<BACKCHANNEL chuckle!> <INFORM this ought to give bunny plenty of thrills and chills!> <INFORM she'll admire my acting ability, too!>""]",[],"[[103.0, 0.0, 566.0, 144.0]]",[],"[[128.0, 181.0, 198.0, 271.0]]"
2456_31_2,"['<INFORM e molded her from his wn atomic structure order to communicate ith us!> <INFORM he turned his ntire planetary surface to a garden of ede to keep us content!>', '<INFORM and we decided to take off he grew angry and showed us his true self!>']",[],"[[0.0, 0.0, 345.0, 157.0], [343.0, 0.0, 500.0, 156.0]]",[],"[[-1.0, -1.0, -1.0, -1.0], [-1.0, -1.0, -1.0, -1.0]]"
2463_70_5,"[""<FEEDBACK poor fellows...> <INFORM most of them didn't even know why they were fighting!>""]","['making endless trips, zamoisky and the blue zombie carefully place the fallen soldiers into ne of the huge covered tractors and transport them to the laboratory...']","[[5.0, 126.0, 329.0, 260.0]]","[[4.0, 6.0, 592.0, 133.0]]","[[75.0, 293.0, 179.0, 412.0]]"
2464_54_1,"['<GREET  oh no, sonny boy..><WHY_QUESTION  not leaving so soon are you ?>', '<BACKCHANNEL yiii!>']",[],"[[38.0, 20.0, 321.0, 102.0], [211.0, 60.0, 345.0, 123.0]]",[],"[[204.0, 240.0, 264.0, 313.0], [161.0, 94.0, 227.0, 184.0]]"
2467_45_5,"[""<GREET hello...> <INFORM say, you're crying!>"", '<WHY_QUESTION what is wrong, little white she?>']",[],"[[6.0, 6.0, 174.0, 90.0], [190.0, 4.0, 398.0, 89.0]]",[],"[[143.0, 81.0, 174.0, 117.0], [236.0, 104.0, 276.0, 150.0]]"
2485_49_5,"['<POLITENESS_FORMULA my thanks to honorable shark,> <INFORM for without your threat i would not have made safety.>']",[],"[[212.0, 24.0, 360.0, 150.0]]",[],"[[194.0, 108.0, 218.0, 139.0]]"
2500_41_0,['<BACKCHANNEL ugh!>'],[],"[[150.0, 64.0, 345.0, 142.0]]",[],"[[288.0, 303.0, 427.0, 466.0]]"
2503_2_4,"[""<ORDER careful!> <INFORM there's sniper fire coming from the third building on this side!>""]","[""yessir ... i was with truscott's ninth infantry when we captured fort lyautey! that's where he won the distinguished service medal!""]","[[6.0, 123.0, 295.0, 267.0]]","[[5.0, 7.0, 608.0, 127.0]]","[[272.0, 309.0, 332.0, 362.0]]"
2508_7_0,"['<INFORM it worked!> <INFORM i got away before he could see me!>', '<FEEDBACK excellent!> <INFORM and our preparations are complete on this end!>', ""<INFORM den i guess we beat it now,> <BACKCHANNEL huh><WHY_QUESTION , rusty?> <INFORM i don't wanna tangle wit' dat guy again!>""]","['and at this time, at the mammoth warehouse..']","[[64.0, 59.0, 247.0, 173.0], [219.0, 65.0, 417.0, 178.0], [387.0, 70.0, 534.0, 273.0]]","[[49.0, 35.0, 528.0, 72.0]]","[[199.0, 287.0, 245.0, 332.0], [272.0, 273.0, 307.0, 310.0], [341.0, 248.0, 379.0, 282.0]]"
2519_11_5,"[""i'm sorry! i have to report all gun-wounds to the police!!""]",[],"[[6.0, 6.0, 269.0, 146.0]]",[],"[[142.0, 207.0, 271.0, 384.0]]"
2521_52_3,['<INFORM fools!>'],[],"[[24.0, 29.0, 267.0, 145.0]]",[],"[[197.0, 100.0, 307.0, 224.0]]"
2534_30_3,"['<INFORM i pity leffley!> <INFORM your friends will rally to you!>', ""<INFORM first i will challenge leffley alone!> <ORDER bid the others be ready!> <INFORM word to the king's minister!\t>""]",[],"[[7.0, 1.0, 236.0, 123.0], [114.0, 52.0, 334.0, 247.0]]",[],"[[107.0, 242.0, 158.0, 303.0], [199.0, 238.0, 260.0, 289.0]]"
2540_15_7,"['<INFORM from me to the two of you!>', '<BACKCHANNEL owwww!>']",[],"[[18.0, 43.0, 222.0, 148.0], [260.0, 69.0, 441.0, 132.0]]",[],"[[94.0, 197.0, 147.0, 274.0], [299.0, 208.0, 412.0, 304.0]]"
2556_31_1,"['<BACKCHANNEL yeow!><INFORM  she used to be good but this is murder!>', '<FEEDBACK yeah!> <INFORM i can remember lilli tucker when she was good!>']",['at the exclusive jade clu'],"[[8.0, 25.0, 88.0, 135.0], [86.0, 26.0, 216.0, 113.0]]","[[7.0, 6.0, 235.0, 38.0]]","[[21.0, 193.0, 84.0, 260.0], [122.0, 195.0, 204.0, 275.0]]"
2557_39_0,['<FEEDBACK right --> <ORDER check loca-tion and report back.>'],['capt. in another part of ship at phone.'],"[[0.0, 54.0, 200.0, 108.0]]","[[0.0, 4.0, 200.0, 59.0]]","[[3.0, 176.0, 101.0, 359.0]]"
2560_6_4,"[""<FEEDBACK i am safe-> <WHY_QUESTION the scaly one shall be food for his brothers but why slade's treacherous blow - why?> <WHY_QUESTION what evil is he intent on carrying out?>""]",['and as the murky waters turn red...'],"[[20.0, 42.0, 300.0, 182.0]]","[[34.0, 0.0, 251.0, 35.0]]","[[214.0, 219.0, 271.0, 266.0]]"
2562_7_5,"['<POLITENESS_FORMULA sorry, baby!> <INFORM two killings are par for this course!>']",['that was all the time i needed.'],"[[19.0, 22.0, 236.0, 118.0]]","[[25.0, 0.0, 520.0, 20.0]]","[[132.0, 126.0, 185.0, 209.0]]"
2563_53_4,"['<FEEDBACK incredible!> <WHY_QUESTION then only your soul was captured?>', '<FEEDBACK yes!> <INFORM i shall continue ...> <INFORM there is much evil in air!>']",[],"[[32.0, 8.0, 258.0, 123.0], [274.0, 8.0, 500.0, 128.0]]",[],"[[71.0, 129.0, 106.0, 178.0], [247.0, 87.0, 300.0, 145.0]]"
2564_6_3,"[""<INFORM we'll see who gets mowed down!>"", '<BACKCHANNEL ouch!> <ORDER look out for those bullets!>']",[],"[[24.0, 31.0, 240.0, 115.0], [350.0, 36.0, 523.0, 145.0]]",[],"[[45.0, 148.0, 80.0, 178.0], [427.0, 246.0, 452.0, 274.0]]"
2568_6_1,['<INFORM there must be something mighty strange going on down here.>'],[],"[[17.0, 0.0, 375.0, 88.0]]",[],"[[140.0, 97.0, 279.0, 293.0]]"
2572_28_0,"[""<INFORM everything's so merry --> <INFORM those santas with their bells,> <INFORM the gay windows ,> <INFORM the lights -- this is a wonderful time of year.><INFORM  everybody is so friendly -->""]","['one of the bright young men in teh publicity broadcasting network is marty gale. hav for rheir television star, teresa talley, he de her apartment, which is not far from the co', 'it is just before christmas and marty, as he walks along, absorbs the holiday atmosphere...']","[[0.0, 127.0, 538.0, 238.0]]","[[0.0, 0.0, 538.0, 92.0], [0.0, 86.0, 538.0, 155.0]]","[[299.0, 272.0, 408.0, 414.0]]"
2572_5_1,"[""<GREET  there, m'buwangi,> <INFORM you will have a beautiful diamond for an adornment and keep it safely for me.>""]",[],"[[21.0, 0.0, 311.0, 90.0]]",[],"[[62.0, 117.0, 150.0, 222.0]]"
2579_32_6,['<INFORM that will silence your babbling tongue> <WHY_QUESTION - wait ... what is that?>'],[],"[[9.0, 7.0, 146.0, 78.0]]",[],"[[154.0, 52.0, 187.0, 83.0]]"
2587_62_6,"[""<INFORM i know how to finish off this imp so as to make it look accidental,><INFORM  then i'll attend to the drunk there's a deserted ski courde which will just suit my purpose!>"", ""<NOT_CLASSIFIABLE i'll have ese on r yoi in second>""]",[],"[[62.0, 2.0, 384.0, 139.0], [3.0, 116.0, 94.0, 201.0]]",[],"[[189.0, 118.0, 223.0, 161.0], [2.0, 182.0, 25.0, 267.0]]"
259_7_4,"['<ORDER hurry, chapman..> <FEEDBACK i feel uneasy!>', '<FEEDBACK a few minutes more>']","['hens he was next heard of oct. accomplice named shean, he']","[[149.0, 43.0, 391.0, 116.0], [253.0, 102.0, 468.0, 184.0]]","[[36.0, 0.0, 486.0, 50.0]]","[[99.0, 62.0, 157.0, 139.0], [191.0, 245.0, 258.0, 310.0]]"
2607_33_5,"[""<INFORM sorry i can't stay and watch you roast cor. per. so long!>""]","['but before devron leaves, he sets the oil buner thermostat on top heat.']","[[47.0, 20.0, 234.0, 135.0]]","[[44.0, 309.0, 554.0, 369.0]]","[[282.0, 9.0, 424.0, 158.0]]"
2609_54_0,['<BACKCHANNEL wow!!!> <INFORM it must be a time bomb!!!> <INFORM no time to look for it>'],[],"[[25.0, 1.0, 266.0, 105.0]]",[],"[[150.0, 140.0, 241.0, 268.0]]"
2616_30_4,"[""<INFORM there it goes'>""]",[],"[[283.0, 17.0, 526.0, 181.0]]",[],"[[296.0, 235.0, 479.0, 460.0]]"
2618_8_4,['<ORDER now!!>'],"[""ck at 's lab yer reak ds his emy covered nd pared r his turn.- ree adly nger gs let their son arts""]","[[349.0, 20.0, 482.0, 77.0]]","[[0.0, 0.0, 115.0, 421.0]]","[[279.0, 184.0, 363.0, 260.0]]"
2621_6_2,"['<INFORM the thought of how i almost betrayed my country drives me crazy!>', ""<FEEDBACK dont't brood about the past!>""]",[],"[[4.0, 0.0, 239.0, 54.0], [245.0, 3.0, 359.0, 55.0]]",[],"[[99.0, 55.0, 144.0, 113.0], [248.0, 50.0, 294.0, 99.0]]"
2624_40_6,"[""<INFORM byron must be in the chair now.> <INFORM hope it's not too late!\t>""]",[],"[[118.0, 7.0, 392.0, 106.0]]",[],"[[110.0, 141.0, 190.0, 243.0]]"
2628_23_4,"['<WHY_QUESTION who are you?>', ""<BACKCHANNEL oof!> <INFORM my - wind -- it's knocked out of me!>""]",[],"[[170.0, 4.0, 301.0, 61.0], [257.0, 13.0, 440.0, 113.0]]",[],"[[84.0, 8.0, 163.0, 78.0], [296.0, 111.0, 355.0, 184.0]]"
2634_44_6,"[""<INFORM it's unbelievable!> <INFORM these plans show a gigantic flying wing><INFORM .. capable of carrying troops, tanks, artillery...> <WHY_QUESTION what's that!?>""]",[],"[[50.0, 11.0, 435.0, 219.0]]",[],"[[164.0, 231.0, 265.0, 380.0]]"
2635_40_8,['<BACKCHANNEL good gosh!> <INFORM these men are other victims of the scarlet death!>'],[],"[[12.0, 0.0, 197.0, 71.0]]",[],"[[33.0, 83.0, 76.0, 139.0]]"
2637_13_2,"[""<BACKCHANNEL whew!> <INFORM he's either very brave or plain nuts!>"", ""<INFORM that's a heck of a way to find out if a lion has halitosis!!>""]",[],"[[7.0, 40.0, 162.0, 132.0], [124.0, 39.0, 284.0, 167.0]]",[],"[[66.0, 250.0, 75.0, 260.0], [88.0, 252.0, 94.0, 257.0]]"
2640_64_3,['<BACKCHANNEL aaahh!>'],['with deadly aim. the marksman gits his difficult target...'],"[[134.0, 66.0, 216.0, 108.0]]","[[0.0, 8.0, 216.0, 61.0]]","[[154.0, 122.0, 212.0, 177.0]]"
2646_28_1,['<BACKCHANNEL wow!> <INFORM i just got away in time!\t>'],['zooming skyward he sees the battleship belching death at the little freighter..'],"[[108.0, 104.0, 352.0, 230.0]]","[[0.0, 16.0, 380.0, 112.0]]","[[199.0, 258.0, 322.0, 378.0]]"
2651_49_6,"['<INFORM mission accomplished, sir!> <INFORM boris ivanov is dead ---> <INFORM the only scientist in all the soviets who could have deciphered that cosmic ray formula!>', '<FEEDBACK great work, lance!>']",['larson the man of a thousand faces becomes another one - man army in  the next slugging issue of soldiers of fortune!'],"[[11.0, 0.0, 278.0, 118.0], [190.0, 84.0, 307.0, 171.0]]","[[12.0, 320.0, 340.0, 436.0]]","[[74.0, 193.0, 151.0, 291.0], [210.0, 204.0, 295.0, 298.0]]"
2676_46_5,['<FEEDBACK congratulations my boy.> <INFORM that was a sensational job!><WHY_QUESTION  is there anything i can do for you?>'],[],"[[92.0, 0.0, 462.0, 73.0]]",[],"[[274.0, 190.0, 413.0, 339.0]]"
2685_34_4,"['<BACKCHANNEL help!!> <INFORM men .. and intruder!> <BACKCHANNEL help!!>', '<NOT_CLASSIFIABLE think the bla cat wi>']",[],"[[0.0, 9.0, 260.0, 110.0], [177.0, 390.0, 301.0, 461.0]]",[],"[[93.0, 88.0, 230.0, 266.0], [82.0, 345.0, 152.0, 438.0]]"
2691_47_5,"[""<INFORM for the present we're absolutely helpless.>""]","['picking up speed, the ships start their journey .....']","[[142.0, 139.0, 328.0, 225.0]]","[[9.0, 14.0, 303.0, 67.0]]","[[128.0, 239.0, 138.0, 246.0]]"
2692_51_2,"[""<INFORM i've all the evidence i need right here!>""]","['bing powers, kung-fu-tse leaves']","[[193.0, 48.0, 463.0, 133.0]]","[[66.0, 3.0, 463.0, 43.0]]","[[170.0, 103.0, 238.0, 199.0]]"
2693_23_3,"[""<INFORM hmm that's an excellant idea!>"", '<INFORM here is the history on all the cases!>']",['crash describes the plan for baiting the criminals.'],"[[76.0, 62.0, 246.0, 130.0], [235.0, 59.0, 411.0, 140.0]]","[[8.0, 10.0, 411.0, 65.0]]","[[58.0, 117.0, 137.0, 224.0], [331.0, 160.0, 342.0, 175.0]]"
2696_40_0,['<INFORM i learned this in varsity football!!\t>'],[],"[[15.0, 74.0, 321.0, 187.0]]",[],"[[55.0, 453.0, 170.0, 558.0]]"
26_9_5,"[""<INFORM creepy's gotta ironclad alibi!> <INFORM he's a patient at city hospital room 812 -- but i seen him at the stick-up!>"", ""<ORDER we've got to work fast, gypo.>""]",[],"[[1.0, 0.0, 514.0, 150.0], [501.0, 0.0, 773.0, 99.0]]",[],"[[145.0, 325.0, 195.0, 377.0], [245.0, 397.0, 303.0, 448.0]]"
2703_32_7,"['<BACKCHANNEL yeow!!>', '<INFORM for all your dirty work, ratzi!!> <INFORM part payment--!!>']",[],"[[439.0, 122.0, 613.0, 187.0], [50.0, 368.0, 338.0, 491.0]]",[],"[[38.0, 56.0, 105.0, 97.0], [465.0, 342.0, 525.0, 392.0]]"
2705_6_1,"[""<GREET hello, kids!> <INFORM joanie's plane just landed without her!> <INFORM i'm afraid she's in trouble driver,> <INFORM follow route 8 out of the city,> <ORDER and step on it!>""]",[],"[[15.0, 11.0, 403.0, 182.0]]",[],"[[114.0, 169.0, 281.0, 359.0]]"
2709_21_2,"['<INFORM and worst of all><INFORM , poor, poor julia sits all day staring out the window,> <INFORM pining for the male buzzard who stole hrr heart!> <INFORM that is why i hate the spirit!>', '<BACKCHANNEL sniff sniff!>']",[],"[[16.0, 8.0, 397.0, 214.0], [223.0, 189.0, 368.0, 245.0]]",[],"[[76.0, 191.0, 202.0, 360.0], [315.0, 264.0, 370.0, 322.0]]"
2711_30_3,['<INFORM there she is!> <INFORM --alone!> <INFORM helpless!>'],"[""minutes later, at elva grammant's ...""]","[[64.0, 66.0, 311.0, 171.0]]","[[0.0, 0.0, 325.0, 65.0]]","[[175.0, 224.0, 237.0, 295.0]]"
2726_11_4,"[""<BACKCHANNEL why, it's a --><INFORM  a paper airplane!>""]",[],"[[104.0, 50.0, 301.0, 137.0]]",[],"[[179.0, 237.0, 331.0, 380.0]]"
2732_46_2,['<BACKCHANNEL oh!!>'],['page 45'],"[[102.0, 54.0, 346.0, 161.0]]","[[203.0, 1.0, 459.0, 75.0]]","[[85.0, 213.0, 191.0, 426.0]]"
2734_33_1,"[""<FEEDBACK nice work ...> <INFORM i'm almost there!>""]",[],"[[16.0, 51.0, 267.0, 154.0]]",[],"[[132.0, 220.0, 196.0, 320.0]]"
2739_29_4,"[""<INFORM i'll stamp you into the dust, like a worm!>"", '<BACKCHANNEL oops> <INFORM that wa was close!>']",[],"[[15.0, 0.0, 214.0, 56.0], [142.0, 14.0, 231.0, 93.0]]",[],"[[-1.0, -1.0, -1.0, -1.0], [176.0, 141.0, 202.0, 172.0]]"
2760_28_4,['<BACKCHANNEL now what?>'],[],"[[54.0, 12.0, 479.0, 162.0]]",[],"[[-1.0, -1.0, -1.0, -1.0]]"
2764_50_0,"['<BACKCHANNEL yow-w-w!>', '<FEEDBACK  good boy, pinto>']","['in a flash, pinto wheels -- and seizes the rope!']","[[167.0, 92.0, 277.0, 130.0], [164.0, 136.0, 292.0, 198.0]]","[[0.0, 0.0, 489.0, 31.0]]","[[110.0, 107.0, 147.0, 139.0], [215.0, 190.0, 274.0, 278.0]]"
2776_4_3,"[""<INFORM now to make sure this isn't used again!> <BACKCHANNEL -- whoa!> <ORDER not so fast!>""]",['one of the gang escapes!'],"[[41.0, 19.0, 350.0, 89.0]]","[[0.0, 0.0, 367.0, 25.0]]","[[156.0, 92.0, 227.0, 183.0]]"
2777_31_1,"[""<INFORM i'm just mad enough to rule the world> <INFORM ... with this!>""]",[],"[[5.0, 18.0, 220.0, 104.0]]",[],"[[213.0, 31.0, 294.0, 120.0]]"
277_15_3,"[""<POLITENESS_FORMULA don't worry, maisie.> <INFORM i ain't gonna kill you, but you ain't goin' nowhere till the landlady finds you tomorrow mornin'!>""]",[],"[[61.0, 8.0, 391.0, 138.0]]",[],"[[220.0, 164.0, 380.0, 383.0]]"
2786_5_1,"['<BACKCHANNEL yippee!> <INFORM a balloon!>', ""<BACKCHANNEL hey,> <INFORM they're gonna land right on the deck!><ORDER  help them!>""]",['an hour later...'],"[[10.0, 63.0, 153.0, 164.0], [152.0, 70.0, 294.0, 214.0]]","[[8.0, 24.0, 226.0, 78.0]]","[[-1.0, -1.0, -1.0, -1.0], [-1.0, -1.0, -1.0, -1.0]]"
2793_25_0,"[""<FEEDBACK sure he's the jonah!> <INFORM three accidents .. and he doesn't even get a scratch!>"", '<INFORM .. and remember all this bad luck started since we left singa-pore> <INFORM .. where the beggar put the voodoo on him!>', ""<BACKCHANNEL bah,> <INFORM you're just bunch of super-stitious old women!><INFORM  i'm no jonah .. there isn't any such thing!>""]",[],"[[0.0, 4.0, 208.0, 101.0], [145.0, 0.0, 362.0, 136.0], [313.0, 18.0, 424.0, 208.0]]",[],"[[85.0, 96.0, 131.0, 153.0], [144.0, 218.0, 231.0, 334.0], [272.0, 200.0, 366.0, 294.0]]"
2805_13_3,['<INFORM bats!>'],[],"[[153.0, 243.0, 234.0, 301.0]]",[],"[[49.0, 341.0, 229.0, 558.0]]"
2808_13_3,['<INFORM it is more a prize than you imagine!\t>'],[],"[[12.0, 65.0, 346.0, 227.0]]",[],"[[350.0, 53.0, 923.0, 759.0]]"
2809_83_0,"['<ORDER help!>', '<INFORM i cannot swim!>']",['but the storm rose with even greater fury until...'],"[[39.0, 146.0, 156.0, 226.0], [234.0, 153.0, 413.0, 239.0]]","[[7.0, 0.0, 475.0, 81.0]]","[[75.0, 296.0, 98.0, 329.0], [238.0, 389.0, 261.0, 429.0]]"
2815_24_4,"[""<INFORM the world would have been in a frightful war by now ...> <INFORM if it hadn't had to stop to hunt down halran!>"", ""<FEEDBACK well ... maybe!> <INFORM she's meeting him secretly!>""]",[],"[[0.0, 0.0, 536.0, 113.0], [241.0, 71.0, 570.0, 193.0]]",[],"[[39.0, 190.0, 124.0, 295.0], [243.0, 189.0, 575.0, 579.0]]"
2816_13_1,['<INFORM i can hardly breathe!>'],[],"[[92.0, 148.0, 288.0, 271.0]]",[],"[[105.0, 267.0, 169.0, 347.0]]"
2827_40_3,"['<ORDER behold!> <INFORM our strange friend of the sky land is turning the tide!>', '<BACKCHANNEL forsooth!> <INFORM t infidels are calling a retreat!>']",[],"[[0.0, 15.0, 197.0, 108.0], [171.0, 15.0, 290.0, 99.0]]",[],"[[86.0, 206.0, 107.0, 237.0], [213.0, 221.0, 227.0, 235.0]]"
2828_43_5,"['<INFORM rika seems rather fond of the new-comer.> <INFORM but we have a little suprise for them both,> <BACKCHANNEL eh?>', ""<BACKCHANNEL  ha ha!> <YES-NO_QUESTION you mean what the boys are working on in the lab?> <INFORM you're a card,> <GREET boss!>""]",['while back at the superior council room of the group'],"[[27.0, 72.0, 348.0, 218.0], [318.0, 73.0, 530.0, 287.0]]","[[34.0, 2.0, 530.0, 87.0]]","[[36.0, 224.0, 119.0, 347.0], [202.0, 220.0, 317.0, 341.0]]"
2828_65_0,"['<WHY_QUESTION tough egg, eh?>']",[],"[[356.0, 11.0, 538.0, 128.0]]",[],"[[223.0, 124.0, 285.0, 191.0]]"
2830_28_2,"['<YES-NO_QUESTION have a smoke?>', ""<FEEDBACK no thanks.> <INFORM and you'd better not either.> <INFORM it's against the school rules ><INFORM - and it's bad for you>""]",[],"[[11.0, 5.0, 110.0, 74.0], [109.0, 0.0, 310.0, 125.0]]",[],"[[40.0, 150.0, 105.0, 225.0], [186.0, 151.0, 262.0, 218.0]]"
2831_49_4,"[""<INFORM you'll get no meal on this boat!>"", ""<FEEDBACK nice work, cap'n!>""]",[],"[[0.0, 20.0, 247.0, 85.0], [204.0, 52.0, 351.0, 114.0]]",[],"[[146.0, 100.0, 215.0, 208.0], [300.0, 151.0, 349.0, 230.0]]"
2832_45_2,"['<INFORM here comes old peg-leg,> <INFORM and he did get one of the tribes men to come along!>']",['and while elaine continues to tantalize the conscience-stricken thugs gallant returns outside ....'],"[[3.0, 100.0, 330.0, 178.0]]","[[16.0, 21.0, 341.0, 112.0]]","[[158.0, 198.0, 273.0, 361.0]]"
2839_14_1,['<ORDER put them in seperate cells!> <INFORM later we fix them good>'],[],"[[13.0, 0.0, 281.0, 63.0]]",[],"[[100.0, 85.0, 132.0, 120.0]]"
2839_16_4,"['<ORDER hurry davey!><INFORM  they have a head start on us>', ""<INFORM we'd better tie this rat up>""]",[],"[[6.0, 0.0, 251.0, 56.0], [89.0, 59.0, 294.0, 114.0]]",[],"[[71.0, 273.0, 83.0, 286.0], [134.0, 217.0, 150.0, 228.0]]"
2839_52_7,"[""<NOT_CLASSIFIABLE p! we'll re of\tnt! >""]",[],"[[0.0, 22.0, 101.0, 83.0]]",[],"[[-1.0, -1.0, -1.0, -1.0]]"
2851_19_4,['<INFORM and there it is --> <INFORM  a piece of supercheese!>'],[],"[[18.0, 9.0, 247.0, 112.0]]",[],"[[35.0, 179.0, 237.0, 325.0]]"
2854_62_6,['<INFORM gone!> <INFORM well maybe someone around the lucky chance might know about this!>'],[],"[[71.0, 16.0, 357.0, 193.0]]",[],"[[351.0, 114.0, 393.0, 159.0]]"
2860_47_5,"[""<ORDER  now push, you useless dog!> <ORDER -- push!><INFORM  -- or i'll cut you to ribbons like this -- >""]",['ack consciousness with a dousing of cold ess tracker is immediately chained to a h'],"[[398.0, 110.0, 997.0, 208.0]]","[[177.0, 10.0, 992.0, 108.0]]","[[829.0, 235.0, 900.0, 299.0]]"
2864_46_0,"[""<GREET  jeff,> <POLITENESS_FORMULA for heaven's sake, i want you to do something for me!> <INFORM you read arabic like a native!> <POLITENESS_FORMULA please tell me what this note says!>""]",[],"[[50.0, 47.0, 803.0, 273.0]]",[],"[[128.0, 286.0, 337.0, 580.0]]"
2867_15_3,"['<GREET ruth!> <GREET ruth darling --\t>', ""<WHY_QUESTION walt?> <WHY_QUESTION what happened?><INFORM  it's nearly daylight!><INFORM  i -- you're drunk!\t>""]","[""sometime later, in walt's tenement flat ...""]","[[10.0, 69.0, 158.0, 145.0], [125.0, 54.0, 454.0, 151.0]]","[[25.0, 22.0, 439.0, 71.0]]","[[89.0, 172.0, 191.0, 299.0], [285.0, 219.0, 400.0, 329.0]]"
2878_2_1,"['<POLITENESS_FORMULA ""sorry, mopsy,> <INFORM but fran\'s on a cruise""> <INFORM ... ""no, peggy\'s away, in the south""> <INFORM .... ""beth\'s out of town for a month""> <INFORM .... ""edith\'s away on a mediterranean cruise"" ...>']",[],"[[2.0, 4.0, 407.0, 239.0]]",[],"[[-1.0, -1.0, -1.0, -1.0]]"
2888_12_0,"['<GREET panama!>', '<GREET oh -- garee!> <INFORM i feel so terreeble!\t >']",[],"[[70.0, 3.0, 213.0, 80.0], [314.0, 24.0, 517.0, 127.0]]",[],"[[145.0, 130.0, 241.0, 259.0], [363.0, 199.0, 424.0, 266.0]]"
2889_34_3,"['<WHY_QUESTION care for some punch?>', '<FEEDBACK good idea!> <INFORM these old coaches are hot as a blazes!>']","['soon, the old train creaks across the desert .....']","[[205.0, 74.0, 356.0, 152.0], [424.0, 25.0, 596.0, 159.0]]","[[41.0, 9.0, 418.0, 83.0]]","[[87.0, 83.0, 201.0, 232.0], [486.0, 193.0, 583.0, 314.0]]"
28_10_2,"[""<INFORM son, the sheriff would like to see you...> <INFORM only for a moment.> <POLITENESS_FORMULA i know it's painful, but we must do everything we can to help.>""]","[""upstairs... the room of stanton's son, clark .""]","[[62.0, 99.0, 490.0, 391.0]]","[[0.0, 11.0, 502.0, 105.0]]","[[389.0, 526.0, 429.0, 571.0]]"
2910_1_1,"['<ORDER listen ...> <GREET ""oh woe!> <INFORM is huge tlouble!> <INFORM connie an\' big stooper in hoosygow \'cause bump-bang feller in gassy-wagon!> <POLITENESS_FORMULA please come help!> <INFORM velly humble me, connie"">']",[],"[[31.0, 0.0, 331.0, 236.0]]",[],"[[81.0, 207.0, 195.0, 354.0]]"
2917_27_3,['<INFORM now for marvelo ...> <INFORM one swift stroke and ...\t>'],[],"[[29.0, 7.0, 314.0, 65.0]]",[],"[[71.0, 143.0, 123.0, 207.0]]"
2918_16_4,"['<INFORM what a tragedy!> <INFORM not a sign of sick-ness --> <INFORM then they are all gone!>', '<FEEDBACK it is shocking!><INFORM  such good people!> <INFORM such neigh-bors!> <INFORM they never hurt anybody!>']",['a week later ...'],"[[32.0, 46.0, 199.0, 170.0], [190.0, 18.0, 406.0, 166.0]]","[[47.0, 0.0, 276.0, 54.0]]","[[33.0, 189.0, 69.0, 224.0], [149.0, 173.0, 175.0, 210.0]]"
2918_29_3,['<INFORM there it is!\t>'],[],"[[3.0, 2.0, 104.0, 56.0]]",[],"[[36.0, 57.0, 157.0, 163.0]]"
2935_58_4,['<INFORM awful quiet in here!>'],[],"[[194.0, 0.0, 299.0, 73.0]]",[],"[[106.0, 42.0, 163.0, 102.0]]"
2950_41_7,"['<INFORM if he did it, can too!>']",[],"[[6.0, 11.0, 150.0, 79.0]]",[],"[[174.0, 68.0, 221.0, 113.0]]"
2951_12_3,"[""<INFORM i i'm afraid to look at my hole card!> <INFORM I need an ace to win!> <WHY_QUESTION what if i lose...?> <WHY_QUESTION wh - what if fate was just teasing me...?>""]",[],"[[7.0, 10.0, 496.0, 101.0]]",[],"[[120.0, 100.0, 452.0, 422.0]]"
2968_41_2,"[""<BACKCHANNEL good heavens!> <BACKCHANNEL adams!> <INFORM he -- he's dead!> <WHY_QUESTION how - how did it happen?> <INFORM this - is -- too much!>"", '<INFORM the killer got to him a few minutes before I could get here!>']",[],"[[10.0, 18.0, 295.0, 155.0], [272.0, 14.0, 556.0, 173.0]]",[],"[[102.0, 247.0, 196.0, 359.0], [356.0, 265.0, 517.0, 391.0]]"
2972_51_5,['<BACKCHANNEL oof!>'],[],"[[436.0, 0.0, 588.0, 82.0]]",[],"[[289.0, 21.0, 355.0, 110.0]]"
2974_34_5,"[""<POLITENESS_FORMULA Sorry you won't be with us major!>""]",[],"[[3.0, 26.0, 174.0, 82.0]]",[],"[[227.0, 20.0, 302.0, 86.0]]"
2976_61_5,"[""<INFORM the clarion is gonna continue to expose corruption in this town!> <INFORM it's corinne im worried>"", ""<FEEDBACK don't fret none!> <INFORM I'm moseyin' down to the lido saloon to see lewis!>""]",['In the clarion office'],"[[3.0, 41.0, 313.0, 167.0], [351.0, 7.0, 565.0, 158.0]]","[[0.0, 4.0, 383.0, 46.0]]","[[169.0, 160.0, 258.0, 255.0], [302.0, 124.0, 365.0, 184.0]]"
2981_49_0,"[""<INFORM hope i'm clear when he opens up!>""]",[],"[[11.0, 16.0, 299.0, 127.0]]",[],"[[323.0, 365.0, 389.0, 436.0]]"
2983_65_3,"[""<WHY_QUESTION wh wh what's happened to that\tyoung rascal> <WHY_QUESTION where'd he go?>""]",[],"[[142.0, 12.0, 284.0, 97.0]]",[],"[[100.0, 23.0, 140.0, 72.0]]"
2984_12_3,"[""<BACKCHANNEL great scott ...> <INFORM he's alive!> <OR_QUESTION or is he?>""]",[],"[[310.0, 31.0, 666.0, 174.0]]",[],"[[268.0, 226.0, 317.0, 286.0]]"
2988_50_4,"[""<FEEDBACK nice going'>""]",[],"[[208.0, 7.0, 294.0, 57.0]]",[],"[[311.0, 59.0, 328.0, 80.0]]"
298_19_0,['<BACKCHANNEL ee ii iii!>'],"[""then hendrix's attention focused on something climbing the wall of the castle, an inhuman creature, the sight of which turned his blood to ice-water!""]","[[262.0, 112.0, 384.0, 173.0]]","[[2.0, 22.0, 501.0, 93.0]]","[[376.0, 129.0, 433.0, 183.0]]"
2999_14_0,"[""<INFORM i guess if old push-button's impressed with the crane family life, papa gets that promotion!>"", '<INFORM so the cake is burnt!> <OFFER so you bake another one.> <WHY_QUESTION why all the fuss and feathers?>']",[],"[[14.0, 51.0, 462.0, 215.0], [701.0, 30.0, 1020.0, 258.0]]",[],"[[538.0, 51.0, 673.0, 233.0], [1023.0, 40.0, 1162.0, 206.0]]"
3002_33_8,"[""<BACKCHANNEL gosh, julie!><INFORM  grownups sure do get tired out pretty easily,> <YES-NO_QUESTION don't they?>""]",['the end'],"[[58.0, 29.0, 552.0, 156.0]]","[[585.0, 451.0, 666.0, 520.0]]","[[92.0, 170.0, 210.0, 288.0]]"
3020_18_1,['<INFORM and then ...>'],[],"[[26.0, 2.0, 245.0, 50.0]]",[],"[[-1.0, -1.0, -1.0, -1.0]]"
3020_29_4,"[""<INFORM cause the sun's awful strong today!> <INFORM but now that ya're down there, there ' s no chance of ya gettin' sunburned!>""]",[],"[[6.0, 0.0, 304.0, 125.0]]",[],"[[129.0, 142.0, 249.0, 258.0]]"
3033_12_2,"[""<INFORM it's a good thing i smuggled this trowel in with me!> <INFORM it sure chips away this cement!>""]",[],"[[4.0, 0.0, 226.0, 129.0]]",[],"[[216.0, 4.0, 412.0, 175.0]]"
3036_13_0,"[""<INFORM I love her!> <INFORM and before many days, she'll love me too...>""]","[""even though the professor introduced me as though i were a piece of furniture, even though i didn't eat with them no one could keep the strong feeling from entering my heart""]","[[9.0, 106.0, 315.0, 255.0]]","[[14.0, 2.0, 666.0, 113.0]]","[[393.0, 144.0, 621.0, 377.0]]"
3037_25_1,"['<INFORM gee this is good ice cream!>', ""<BACKCHANNEL yeah> <INFORM but it's so drinky don' even feel like i've had any!>""]",[],"[[158.0, 6.0, 514.0, 140.0], [482.0, 0.0, 921.0, 165.0]]",[],"[[215.0, 182.0, 486.0, 438.0], [643.0, 163.0, 838.0, 368.0]]"
3038_14_6,"[""<POLITENESS_FORMULA you don't know what it has meant to me to have your help> <INFORM - and what it means to think i know a girl like you.> <INFORM i'd really been dreading moving here - but not anymore.> <INFORM i'm looking forward to it now.>"", ""<YES-NO_QUESTION  you're going to be living here?><INFORM  oh, i'm so glad!>""]",['one day larry asked me to have dinner with him'],"[[7.0, 49.0, 392.0, 199.0], [372.0, 44.0, 541.0, 170.0]]","[[75.0, 16.0, 554.0, 52.0]]","[[48.0, 197.0, 146.0, 319.0], [370.0, 217.0, 474.0, 326.0]]"
3040_17_0,"['<FEEDBACK blithering dolts!> <INFORM this is not galahad!><ORDER  lash that varlet to death!>', '<BACKCHANNEL what...><BACKCHANNEL but we thought...>']",[],"[[369.0, 2.0, 635.0, 113.0], [213.0, 116.0, 465.0, 207.0]]",[],"[[505.0, 111.0, 556.0, 168.0], [168.0, 231.0, 233.0, 328.0]]"
3043_64_3,['<BACKCHANNEL ah air!>'],"['using spoons, the trio dug out to freedom!']","[[18.0, 50.0, 82.0, 113.0]]","[[0.0, 2.0, 271.0, 58.0]]","[[144.0, 92.0, 187.0, 131.0]]"
3045_20_3,"[""<ORDER resist not fools!> <INFORM 'tis omnipotent <BACKCHANNEL scary dee!>>"", '<BACKCHANNEL wahoo!>', '<NOT_CLASSIFIABLE have merci-fulness .>', '<BACKCHANNEL scary dee!>']",['a moment later...'],"[[0.0, 96.0, 232.0, 181.0], [215.0, 158.0, 345.0, 218.0], [79.0, 573.0, 219.0, 661.0], [223.0, 645.0, 317.0, 718.0]]","[[217.0, 75.0, 356.0, 151.0]]","[[67.0, 305.0, 108.0, 349.0], [170.0, 268.0, 194.0, 293.0], [48.0, 424.0, 106.0, 483.0], [302.0, 539.0, 346.0, 601.0]]"
3045_36_2,"[""<INFORM they weren't expecting that from a battered crate!>""]",['he out-maneuvers the nazis...'],"[[225.0, 91.0, 390.0, 257.0]]","[[17.0, 9.0, 390.0, 41.0]]","[[162.0, 200.0, 195.0, 226.0]]"
3049_43_6,"[""<INFORM 'n, when i was in the ring><INFORM , i used to be> <BACKCHANNEL hic> <INFORM  a holy terror an'...>"", ""<BACKCHANNEL hey pop!> <ORDER c'mere a second!>""]",[],"[[50.0, 22.0, 303.0, 96.0], [310.0, 30.0, 444.0, 106.0]]",[],"[[181.0, 112.0, 210.0, 141.0], [360.0, 114.0, 440.0, 242.0]]"
3050_30_1,['<BACKCHANNEL oops ....> <POLITENESS_FORMULA sorry mister ..>'],[],"[[42.0, 22.0, 219.0, 95.0]]",[],"[[204.0, 72.0, 270.0, 154.0]]"
3060_27_2,"[""<INFORM let's try snoop mcgook he's the best detective in town,> <INFORM besides being the only one!>""]",[],"[[8.0, 0.0, 148.0, 118.0]]",[],"[[66.0, 138.0, 110.0, 212.0]]"
3062_8_3,"[""<BACKCHANNEL haw haw!> <INFORM that pokeyoakey's a riot!>"", '<BACKCHANNEL tee hee!> <INFORM i like suzie the best!>']",[],"[[81.0, 26.0, 252.0, 92.0], [191.0, 45.0, 294.0, 136.0]]",[],"[[84.0, 149.0, 136.0, 206.0], [233.0, 170.0, 289.0, 244.0]]"
3063_58_8,"[""<INFORM just the boys i'm looking for.> <INFORM if there is anything i hate it's to see little boys go hungry!>""]",[],"[[6.0, 21.0, 242.0, 127.0]]",[],"[[51.0, 139.0, 145.0, 251.0]]"
3079_4_2,"['<FEEDBACK and you too, little man!><POLITENESS_FORMULA  always glad to have children visit my laboratory!> <BACKCHANNEL tch-tch!> <INFORM you resemble your father...>', '<INFORM hey elmo you better put on your glasses!> <INFORM that is the fire plug!>']",[],"[[7.0, 42.0, 299.0, 202.0], [179.0, 112.0, 336.0, 262.0]]",[],"[[124.0, 404.0, 213.0, 498.0], [247.0, 269.0, 335.0, 355.0]]"
307_19_6,"['<ORDER say, old man!> <WHY_QUESTION where is this valley of were-wolves that everyone fears so much?>', '<INFORM  it is there beyond the forest.> <INFORM the evil creatures lurk in the trees ready to pounce upon anyone who travels in the shadows>']",[],"[[2.0, 1.0, 118.0, 86.0], [119.0, 3.0, 301.0, 77.0]]",[],"[[-1.0, -1.0, -1.0, -1.0], [-1.0, -1.0, -1.0, -1.0]]"
3085_33_0,"[""<INFORM i'm sorry you had to find out about it this way!> <INFORM we're going to arrest your brother!>"", ""<INFORM he's no good!> <INFORM he never was!> <BACKCHANNEL all right!> <ORDER let him be punished!> <ORDER you'd better go to his house first!> <INFORM i'll wait here for your call!>""]",[],"[[1.0, 24.0, 123.0, 196.0], [85.0, 23.0, 271.0, 233.0]]",[],"[[2.0, 293.0, 98.0, 449.0], [143.0, 291.0, 244.0, 453.0]]"
3093_35_0,"[""<BACKCHANNEL peter!> <WHY_QUESTION what's the matter?> <INFORM you seem so nervous today!>"", ""<INFORM nothing's wrong!><INFORM  i just want to be alone with you\tfor a while!>"", '<BACKCHANNEL taxi!!>']","['Peter had ten days left and berore the next five days had passed i knew without a doubt he was the one for me, but i had no indication that peter felt the same way until ...""']","[[230.0, 11.0, 482.0, 133.0], [506.0, 12.0, 794.0, 141.0], [889.0, 0.0, 1033.0, 65.0]]","[[0.0, 22.0, 150.0, 520.0]]","[[444.0, 155.0, 590.0, 314.0], [786.0, 58.0, 870.0, 254.0], [797.0, 72.0, 931.0, 247.0]]"
3093_70_1,"[""<INFORM this calls for a celebration.> <INFORM let's all go out to dinner in honor of miss meriwether.> <INFORM i won't take no for an answer.>""]",[],"[[48.0, 0.0, 524.0, 152.0]]",[],"[[77.0, 159.0, 154.0, 266.0]]"
3103_26_3,['<BACKCHANNEL ugh!>'],['bang bang'],"[[376.0, 14.0, 542.0, 139.0]]","[[106.0, 129.0, 294.0, 268.0]]","[[478.0, 287.0, 543.0, 346.0]]"
3110_4_5,['<BACKCHANNEL aaaieee!> <BACKCHANNEL ohhh that face!>'],[],"[[2.0, 28.0, 155.0, 136.0]]",[],"[[7.0, 66.0, 286.0, 440.0]]"
3127_13_5,['<BACKCHANNEL ohh falling!><INFORM  a pit on the trail that was nev here before!> <INFORM knew i shou have been more careful!> <INFORM too late now...>'],['in her answer kolah does what tamk has hoped for grows momentarily careless ...'],"[[99.0, 50.0, 351.0, 158.0]]","[[1.0, 0.0, 351.0, 59.0]]","[[206.0, 180.0, 267.0, 226.0]]"
3128_8_2,"['<INFORM i finally beat ya,> <BACKCHANNEL ya stupid dutchman!> <ORDER now you got to lemme go!> <INFORM ya promised!>', '<FEEDBACK sure, joe!> <INFORM i promised, ya!>']",[],"[[13.0, 5.0, 276.0, 122.0], [294.0, 4.0, 496.0, 74.0]]",[],"[[116.0, 155.0, 229.0, 262.0], [-1.0, -1.0, -1.0, -1.0]]"
3133_20_3,"[""<INFORM c-corpses!> <INFORM this is where rodger works!> <BACKCHANNEL ohh-><INFORM i'm afraid!>""]",[],"[[19.0, 50.0, 481.0, 194.0]]",[],"[[359.0, 451.0, 389.0, 488.0]]"
3141_36_2,['<BACKCHANNEL tsk-tsk!><INFORM  harry monro was such a clever criminal!> <INFORM he kept his own identity carefully hidden!><INFORM  and he went to such pains to eliminate wagging tongues...>'],[],"[[49.0, 4.0, 868.0, 199.0]]",[],"[[404.0, 256.0, 547.0, 371.0]]"
3153_31_4,['<NOT_CLASSIFIABLE work ... is!>'],[],"[[0.0, 0.0, 77.0, 56.0]]",[],"[[-1.0, -1.0, -1.0, -1.0]]"
3155_15_5,"[""<INFORM when casey goes sailin' home again hooray hooray!><INFORM  we'll give 'im a hearty send-off then...><BACKCHANNEL  hooray, hooray!>""]","['two hours later, ""caseys grenadiers"" came marching home!']","[[18.0, 53.0, 364.0, 147.0]]","[[0.0, 1.0, 388.0, 53.0]]","[[227.0, 281.0, 243.0, 294.0]]"
3162_14_6,['<BACKCHANNEL wha ...?><INFORM  the corpses that ecount used in the old dummies have vanished!> <WHY_QUESTION how could they?><WHY_QUESTION  where did they go?>'],"['soon, back at the studio in the mausoleum...']","[[0.0, 36.0, 262.0, 144.0]]","[[0.0, 0.0, 249.0, 42.0]]","[[41.0, 152.0, 231.0, 372.0]]"
3169_11_5,"['<INFORM a shadow!> <INFORM ...a horrible thing that looked like satan reaching for me--><INFORM and then the sound of dreadful laughter coming from somewhere!>', '<INFORM i heard the laughter too...> <INFORM it was fiendish!>']",[],"[[0.0, 0.0, 288.0, 107.0], [121.0, 95.0, 291.0, 187.0]]",[],"[[98.0, 259.0, 124.0, 285.0], [152.0, 203.0, 174.0, 225.0]]"
3178_27_3,"['<WHY_QUESTION poor beggar, am i?> <INFORM for this ricco must pay with his life!>']",[],"[[6.0, 9.0, 292.0, 85.0]]",[],"[[15.0, 175.0, 275.0, 431.0]]"
3183_4_2,"[""<ORDER put that gun down mister ...> <INFORM it's no good now, anyway!\t>""]",[],"[[4.0, 22.0, 289.0, 114.0]]",[],"[[268.0, 104.0, 337.0, 154.0]]"
3184_2_2,"['<WHY_QUESTION what is it, miss tilbury?> <INFORM you look worried!\t>', ""<INFORM it's from my cousin roland ...> <INFORM he's in desperate trouble and wants me to meet him at the roxy inn!>""]",[],"[[0.0, 9.0, 217.0, 129.0], [206.0, 14.0, 510.0, 157.0]]",[],"[[41.0, 167.0, 177.0, 309.0], [252.0, 219.0, 343.0, 315.0]]"
3185_36_6,"['<INFORM here!>', ""<INFORM i don't get the set-up,> <POLITENESS_FORMULA but thanks!>""]",['dr. mortal pours his mysterious chemical..'],"[[70.0, 85.0, 245.0, 162.0], [287.0, 101.0, 640.0, 235.0]]","[[23.0, 33.0, 747.0, 111.0]]","[[163.0, 172.0, 244.0, 250.0], [519.0, 234.0, 618.0, 341.0]]"
318_30_4,"[""<INFORM you're gonna be okay now, thanks to this blood plasma!>""]",[],"[[185.0, 16.0, 414.0, 109.0]]",[],"[[180.0, 93.0, 320.0, 265.0]]"
3191_4_2,"[""<WHY_QUESTION why do i let her bully me like that?> <WHY_QUESTION why don't i stand up to her like a man!>""]",[],"[[14.0, 13.0, 430.0, 76.0]]",[],"[[242.0, 194.0, 325.0, 298.0]]"
3198_16_2,"[""<BACKCHANNEL ooowwww!> <INFORM hey, it's... it's bittin' me!><ORDER  help!>""]",[],"[[91.0, 15.0, 388.0, 78.0]]",[],"[[162.0, 115.0, 343.0, 380.0]]"
3210_14_2,"[""<INFORM shore is a convenience workin' with sam bass!> <INFORM everybody's so scared of him,> <INFORM they just throw away their guns when they see him comin!> <BACKCHANNEL ho-ho!>""]",[],"[[3.0, 1.0, 369.0, 127.0]]",[],"[[291.0, 149.0, 391.0, 255.0]]"
3229_43_2,"['<BACKCHANNEL all right,> <INFORM you asked for this.>']",[],"[[146.0, 40.0, 426.0, 120.0]]",[],"[[216.0, 198.0, 311.0, 268.0]]"
3233_18_1,['<BACKCHANNEL huh!>'],[],"[[12.0, 16.0, 154.0, 94.0]]",[],"[[91.0, 106.0, 177.0, 212.0]]"
3236_6_0,"['<YES-NO_QUESTION surprised, boy?> <INFORM they all are!><INFORM  this is my human deepfreeze!> <INFORM even after the paralysis wears away, the bitter cold keeps the bodies fresh--- for food!>', '<YES-NO_QUESTION food?><BACKCHANNEL  yipes!>']","['a slithering tentacle now seizes billy, and a shuddery voice pours into his ears']","[[4.0, 70.0, 316.0, 203.0], [163.0, 304.0, 277.0, 373.0]]","[[0.0, 0.0, 274.0, 72.0]]","[[-1.0, -1.0, -1.0, -1.0], [71.0, 290.0, 102.0, 316.0]]"
3267_54_1,['<INFORM nice going!> <INFORM now i have the gun hand.><INFORM  your gun!>'],['losing her balance. hilde lands neatly in the aisle...'],"[[50.0, 78.0, 238.0, 185.0]]","[[41.0, 8.0, 386.0, 72.0]]","[[251.0, 144.0, 330.0, 247.0]]"
327_6_3,"[""<BACKCHANNEL whew!> <FEEDBACK it worked!> <INFORM i'm not dead yet!!> <INFORM i must've been so sore at kane, i swiped her shoe instead of her head!>""]",[],"[[0.0, 1.0, 788.0, 161.0]]",[],"[[-1.0, -1.0, -1.0, -1.0]]"
3289_3_6,"[""<INFORM i'm fed up bein' swindled in this burg!> <INFORM i'm clear-in' outta here...><INFORM  with the dough you stole from me just now!>"", '<INFORM lets clean up this crum my joint!>', ""<INFORM you ain't goin' no place pard...> <BACKCHANNEL oof!>""]",[],"[[25.0, 10.0, 375.0, 131.0], [12.0, 122.0, 244.0, 228.0], [197.0, 124.0, 409.0, 224.0]]",[],"[[146.0, 296.0, 185.0, 350.0], [43.0, 239.0, 88.0, 288.0], [317.0, 327.0, 377.0, 385.0]]"
3293_28_6,"['<INFORM mr. cutler certainly was suspicious!> <INFORM that letter phineas pound stole from us con-tained a complete accusation of pound!>', ""<INFORM well that's that!> <POLITENESS_FORMULA now, lenore--may i call you lenore?> <YES-NO_QUESTION couldn't we sort of get--you know--friendly?>"", ""<INFORM i don't mind..><INFORM  if my husband doesn't!> <INFORM im being married next month..> <INFORM to a captain in the air corps!\t>""]","['later...', 'do your share! buy war bonds and stamps!']","[[91.0, 9.0, 529.0, 102.0], [98.0, 78.0, 542.0, 175.0], [122.0, 171.0, 542.0, 266.0]]","[[7.0, 0.0, 155.0, 58.0], [345.0, 406.0, 542.0, 510.0]]","[[4.0, 272.0, 126.0, 424.0], [4.0, 271.0, 120.0, 422.0], [278.0, 272.0, 386.0, 389.0]]"
3296_15_4,['<BACKCHANNEL perfect!>'],[],"[[361.0, 1.0, 592.0, 55.0]]",[],"[[411.0, 237.0, 520.0, 354.0]]"
32_48_4,"[""<INFORM he's dead!> <INFORM shot in the back!>""]",['at the top wilton finds a body.'],"[[334.0, 101.0, 564.0, 268.0]]","[[32.0, 28.0, 635.0, 90.0]]","[[244.0, 218.0, 365.0, 316.0]]"
3306_61_7,"['<INFORM you weel fire when i tell you!>', '<FEEDBACK si!>']",[],"[[20.0, 29.0, 181.0, 118.0], [190.0, 24.0, 272.0, 76.0]]",[],"[[77.0, 118.0, 133.0, 167.0], [198.0, 103.0, 250.0, 139.0]]"
3308_43_7,['<INFORM things are sure hot!>'],[],"[[67.0, 24.0, 231.0, 58.0]]",[],"[[60.0, 44.0, 91.0, 69.0]]"
3308_60_1,"[""<INFORM we'll be handsomely rewarded for this capture.>"", ""<INFORM there's the castle now.>""]",['k-5i is whisked to a swiss hideaway of the gang in a speeding car.'],"[[53.0, 43.0, 223.0, 102.0], [229.0, 41.0, 318.0, 101.0]]","[[20.0, 8.0, 334.0, 47.0]]","[[95.0, 109.0, 135.0, 155.0], [229.0, 109.0, 280.0, 155.0]]"
3311_55_6,"[""<GREET hey spark! ><ORDER look at that mob comin' for us!>"", '<BACKCHANNEL wow>']",[],"[[36.0, 46.0, 385.0, 179.0], [450.0, 43.0, 704.0, 133.0]]",[],"[[497.0, 180.0, 542.0, 228.0], [607.0, 160.0, 652.0, 207.0]]"
3312_62_3,"['<ORDER hurry,> <INFORM deacon that place will rock the whole state when she blows!>']",['meanwhile the spies are hastening from the plant.'],"[[5.0, 98.0, 366.0, 288.0]]","[[2.0, 11.0, 571.0, 105.0]]","[[340.0, 205.0, 408.0, 263.0]]"
3313_24_5,['<BACKCHANNEL ah...> <INFORM there you are...> <ORDER back to your owner you go!>'],['the bomb suddenly rises from behind tons of high explosives...'],"[[403.0, 38.0, 767.0, 182.0]]","[[6.0, 43.0, 356.0, 159.0]]","[[109.0, 222.0, 171.0, 294.0]]"
3319_23_4,"['<FEEDBACK excellent, vassiloff!> <ORDER listen to american dogs scream as they die!>']",[],"[[1.0, 18.0, 261.0, 93.0]]",[],"[[11.0, 104.0, 150.0, 354.0]]"
3321_15_0,"[""<YES-NO_QUESTION can't you give up your dangerous work, geoffrey?> <INFORM i worry so much when you're away.>"", ""<ORDER don't be silly.> <INFORM war profiteering is the easiest way of making money in these times..> <INFORM and i'm sure the new confeder-ate government will never discover what i'm doing.>""]","['the necklace littered like a thing of evil, almost a premonition of horror yet to come, as the two wound the torturous path that led them safety through the swamp.']","[[9.0, 74.0, 281.0, 157.0], [243.0, 52.0, 475.0, 207.0]]","[[9.0, 0.0, 466.0, 74.0]]","[[36.0, 151.0, 219.0, 316.0], [232.0, 206.0, 348.0, 329.0]]"
3321_20_2,['<BACKCHANNEL no! no!> <BACKCHANNEL help! help!>'],"['with that idea in mind, jim waited until he was out of sight of ricky, and then...']","[[15.0, 110.0, 192.0, 254.0]]","[[0.0, 41.0, 318.0, 110.0]]","[[101.0, 245.0, 305.0, 482.0]]"
3323_24_1,['<INFORM no longer will i live in dread!> <INFORM curse your bones!> <BACKCHANNEL ha!> <INFORM and you thought you would live forever!>'],[],"[[10.0, 11.0, 275.0, 162.0]]",[],"[[61.0, 166.0, 125.0, 256.0]]"
3328_14_3,"['<BACKCHANNEL oh, dear!> <INFORM that ""arrumph"" again!> <INFORM jives is lying!><INFORM  he has no gun!> <INFORM i must save him--><INFORM but if he sees me, he\'s sure to recognize me as mary batson bromfield!>']",['mary must decide! what can she do?'],"[[0.0, 13.0, 200.0, 139.0]]","[[0.0, 251.0, 169.0, 300.0]]","[[165.0, 61.0, 255.0, 294.0]]"
3332_53_4,"[""<INFORM i'm a hero!> <INFORM i've saved\tthe day!> <GREET look, brian!>"", ""<WHY_QUESTION what is it?><BACKCHANNEL ... oh,> <INFORM yes, i remember now...> <INFORM a five dollar bill!> <BACKCHANNEL hurray!> <ORDER let's eat!>""]",[],"[[48.0, 0.0, 173.0, 65.0], [175.0, 0.0, 331.0, 106.0]]",[],"[[61.0, 100.0, 146.0, 189.0], [223.0, 108.0, 323.0, 276.0]]"
3334_20_2,['<BACKCHANNEL hey-y-y!\t>'],[],"[[33.0, 0.0, 178.0, 46.0]]",[],"[[77.0, 77.0, 139.0, 134.0]]"
3340_21_2,['<INFORM jap planes arriving from our advance base!> <INFORM will surprise americans!>'],[],"[[38.0, 1.0, 373.0, 192.0]]",[],"[[272.0, 366.0, 374.0, 467.0]]"
3345_31_3,"['<POLITENESS_FORMULA sorry, fellas!>', ""<INFORM i'll run this thru hos his insi>""]",[],"[[12.0, 17.0, 201.0, 95.0], [306.0, 460.0, 498.0, 549.0]]",[],"[[155.0, 136.0, 252.0, 221.0], [219.0, 392.0, 321.0, 462.0]]"
3346_34_5,"[""<INFORM boy, i'd sure hate to tangle with that sentry guy!\t>"", '<FEEDBACK so would i.> <INFORM wonder who he is in real life!\t>']",['later....'],"[[0.0, 14.0, 134.0, 62.0], [126.0, 9.0, 204.0, 84.0]]","[[4.0, 7.0, 79.0, 19.0]]","[[101.0, 87.0, 127.0, 110.0], [139.0, 100.0, 167.0, 130.0]]"
3347_38_5,"[""<INFORM pig, here's a reward for your bravery!><ORDER  take him inside with the other!>""]",[],"[[31.0, 69.0, 571.0, 255.0]]",[],"[[122.0, 398.0, 321.0, 556.0]]"
3350_12_4,"[""<INFORM  sure, it's a real treasure map and an old sailor gave it to me...> <INFORM with the treasure we can buy the chinese kids plenty of food.>"", '<INFORM i believe you have something there.> <WHY_QUESTION but how are se we going get out out to sea, to this unchartered island?\t>']",[],"[[4.0, 0.0, 262.0, 160.0], [231.0, 5.0, 418.0, 218.0]]",[],"[[133.0, 155.0, 159.0, 190.0], [178.0, 152.0, 211.0, 192.0]]"
3356_6_2,"[""<INFORM that's the master switch there--> <INFORM and buster, here,> <INFORM thinks i'm too frightened to make a move!>""]","['and meanwhile, in the celler...']","[[2.0, 26.0, 358.0, 114.0]]","[[0.0, 0.0, 410.0, 18.0]]","[[198.0, 124.0, 277.0, 231.0]]"
3366_24_6,"['<INFORM danny was merely a projected illusion!> <FEEDBACK and very useful, too!>']",[],"[[38.0, 3.0, 409.0, 102.0]]",[],"[[252.0, 182.0, 373.0, 353.0]]"
3369_62_4,['<BACKCHANNEL fool!> <INFORM to think you could thwart satan!>'],"['made powerless by the contact of human flesh, zambini is jeered!!']","[[12.0, 39.0, 166.0, 184.0]]","[[17.0, 1.0, 415.0, 50.0]]","[[47.0, 181.0, 123.0, 263.0]]"
336_31_7,['<GREET hey call --> <FEEDBACK i cannot help myself--> <INFORM i must go->'],['dully steadily he plods along country raads in the driving rain ...'],"[[0.0, 92.0, 262.0, 152.0]]","[[0.0, 24.0, 278.0, 94.0]]","[[155.0, 229.0, 196.0, 269.0]]"
3371_30_2,"[""<ORDER it.. it's kalthar seize him!>""]","['abdul, the arab recognizes the figure which hurtles through the flames.']","[[39.0, 204.0, 217.0, 266.0]]","[[26.0, 1.0, 437.0, 49.0]]","[[53.0, 86.0, 103.0, 131.0]]"
3377_31_0,['<INFORM .. then they shot down the cop and beat it!\t>'],['red reagan is summoned from headquarters'],"[[157.0, 32.0, 383.0, 111.0]]","[[81.0, 4.0, 445.0, 43.0]]","[[264.0, 132.0, 301.0, 169.0]]"
3383_63_6,"['<BACKCHANNEL great heavens..><INFORM  my daughter!>', '<WHY_QUESTION what am i offered for this girl?><WHY_QUESTION  who will start the bid at a hundred zinas!>']","['once inside, their eyes beheld a sight of utmost horror! it was an auction- but the ob-jects for sale were']","[[125.0, 66.0, 281.0, 113.0], [741.0, 82.0, 873.0, 234.0]]","[[298.0, 0.0, 611.0, 76.0]]","[[215.0, 163.0, 301.0, 270.0], [668.0, 73.0, 693.0, 98.0]]"
3385_17_5,"[""<GREET heil hitler!> <WHY_QUESTION what's the password?>"", '<WHY_QUESTION password?> <INFORM you idiotic son of an englishman!> <WHY_QUESTION what do i need with a password?>']",['minutes later at the camp...'],"[[33.0, 28.0, 199.0, 106.0], [295.0, 14.0, 527.0, 116.0]]","[[21.0, 3.0, 307.0, 46.0]]","[[163.0, 101.0, 200.0, 146.0], [560.0, 83.0, 611.0, 138.0]]"
3387_15_6,"['<FEEDBACK astonishing...> <FEEDBACK such genious...>', ""<ORDER look where ya goin' bookworm!> <INFORM ya wanna get moidered walk in around like that!>""]",[],"[[62.0, 4.0, 253.0, 66.0], [259.0, 0.0, 442.0, 98.0]]",[],"[[205.0, 55.0, 260.0, 98.0], [321.0, 264.0, 365.0, 301.0]]"
3388_8_7,"[""<INFORM it's my hunch, that oom was a crook,> <INFORM and he had some kind of racket with lemke!> <YES-NO_QUESTION remember that an anonymous phone call you got, captain, you off about lemke?>""]",[],"[[30.0, 36.0, 372.0, 187.0]]",[],"[[147.0, 188.0, 353.0, 408.0]]"
343_33_1,['<FEEDBACK safe!> <FEEDBACK i can t believe it!>'],['soon...'],"[[252.0, 33.0, 510.0, 108.0]]","[[3.0, 25.0, 167.0, 88.0]]","[[256.0, 256.0, 304.0, 311.0]]"
3440_7_3,"['<INFORM this comanche- riding- trick sure comes in handy!>', '<BACKCHANNEL yippee!>']",[],"[[63.0, 0.0, 288.0, 98.0], [306.0, 0.0, 440.0, 86.0]]",[],"[[398.0, 241.0, 451.0, 292.0], [375.0, 174.0, 407.0, 215.0]]"
3447_5_2,"[""<GREET good evening!> <INFORM once again it's gossip time in hollywood!> <INFORM at ciro's last night..>""]","[""hollywood's radio city, rick horne, famed gossip reporter, rehearses his program..""]","[[10.0, 83.0, 523.0, 193.0]]","[[16.0, 4.0, 590.0, 96.0]]","[[142.0, 195.0, 247.0, 324.0]]"
3450_3_4,"[""<WHY_QUESTION ain't it boring corpse,> <YES-NO_QUESTION the way this character begs fer his miserable life?>"", '<FEEDBACK yes, tiny.> <INFORM boring and monotonous... even deadly... especially for him.>', '<POLITENESS_FORMULA please tiny!> <ORDER give me a little more time.> <INFORM i still can do some-thing with the old man...>']","['meanwhile, aboard the gambling ship. ""silver queen""..']","[[9.0, 43.0, 135.0, 152.0], [147.0, 41.0, 347.0, 100.0], [115.0, 96.0, 286.0, 176.0]]","[[6.0, 8.0, 335.0, 44.0]]","[[31.0, 192.0, 100.0, 273.0], [273.0, 123.0, 314.0, 178.0], [174.0, 177.0, 215.0, 227.0]]"
3456_16_3,"[""<INFORM here's a tip, waiter...> <INFORM never use gas on me...><INFORM  i find it annoying!>""]",[],"[[87.0, 2.0, 332.0, 160.0]]",[],"[[102.0, 250.0, 185.0, 311.0]]"
3457_31_6,"['<INFORM dag- gon- nit- there goes that fat- runt over board!\t>', '<BACKCHANNEL glub>']",[],"[[244.0, 32.0, 471.0, 127.0], [356.0, 156.0, 417.0, 224.0]]",[],"[[288.0, 113.0, 334.0, 165.0], [-1.0, -1.0, -1.0, -1.0]]"
3459_27_6,"[""<YES-NO_QUESTION selling?><INFORM  selling!><BACKCHANNEL  haw- haw- haw!><INFORM  we ain't thinkin' o buyin' young feller...> <BACKCHANNEL haw- haw - hee - hee - haw - haw..!>""]",[],"[[0.0, 4.0, 245.0, 60.0]]",[],"[[72.0, 84.0, 197.0, 238.0]]"
346_28_1,['<INFORM help!> <BACKCHANNEL ahhhh!>'],"['just then, a crushing wave caught walter.']","[[113.0, 99.0, 254.0, 192.0]]","[[0.0, 7.0, 255.0, 65.0]]","[[121.0, 280.0, 158.0, 329.0]]"
3474_13_2,"[""<INFORM i can't believe it!> <INFORM when he talks of sweetness and light,> <INFORM he's getting ready for darkness and mayhem!>""]",[],"[[49.0, 10.0, 374.0, 131.0]]",[],"[[111.0, 175.0, 276.0, 365.0]]"
3483_17_2,"[""<POLITENESS_FORMULA sorry!> <INFORM but i don't get the point!>""]",['a slight rustling noise warns the deacon at the last moment'],"[[209.0, 60.0, 504.0, 148.0]]","[[37.0, 50.0, 174.0, 285.0]]","[[457.0, 210.0, 517.0, 268.0]]"
3483_32_3,['<BACKCHANNEL owooo! - arrhoooo!!>'],['twist himself into a more horrible shape and then sets up a howl to make even the vultures flee!'],"[[10.0, 100.0, 332.0, 239.0]]","[[0.0, 5.0, 324.0, 108.0]]","[[7.0, 297.0, 283.0, 655.0]]"
3495_64_10,['<BACKCHANNEL b - b -- the clock!!>'],[],"[[155.0, 108.0, 328.0, 206.0]]",[],"[[249.0, 336.0, 348.0, 438.0]]"
3499_26_0,"['<INFORM this is a stick-up cabby!> <ORDER get out and up with your mitts!>', '<YES-NO_QUESTION my mitts?> <YES-NO_QUESTION up with them?><INFORM  you mean ...>']",[],"[[0.0, 19.0, 235.0, 101.0], [247.0, 21.0, 421.0, 109.0]]",[],"[[76.0, 155.0, 138.0, 235.0], [245.0, 142.0, 307.0, 223.0]]"
3500_16_3,"[""<INFORM that was a very good flight, dear!><INFORM  i'm sure that junior is ready now for his first solo!>"", ""<INFORM b.but, mama> <FEEDBACK i'm s - scared!>""]",[],"[[5.0, 8.0, 246.0, 133.0], [224.0, 8.0, 429.0, 65.0]]",[],"[[198.0, 198.0, 271.0, 262.0], [267.0, 258.0, 326.0, 325.0]]"
3502_21_6,"[""<INFORM wolves!> <BACKCHANNEL that fiend!> <INFORM he deliberately set a fire to attract them!> <INFORM they're comin' for me!> <INFORM i'm a goner!>""]",[],"[[29.0, 9.0, 521.0, 98.0]]",[],"[[341.0, 289.0, 363.0, 316.0]]"
3504_20_1,"[""<BACKCHANNEL gosh!> <INFORM she's blown him clear out of sight!>""]",[],"[[13.0, 14.0, 307.0, 86.0]]",[],"[[147.0, 89.0, 238.0, 210.0]]"
3524_2_6,"[""<INFORM and they'll get just that!> <INFORM here's where that smoke comes from,><BACKCHANNEL  now...\t>""]",[],"[[9.0, 2.0, 362.0, 109.0]]",[],"[[146.0, 150.0, 211.0, 217.0]]"
3524_41_4,['<INFORM no eagle - not for long.>'],['and with maniac strength'],"[[159.0, 47.0, 323.0, 144.0]]","[[13.0, 8.0, 322.0, 50.0]]","[[288.0, 140.0, 331.0, 180.0]]"
3526_6_0,['<BACKCHANNEL  boy ...> <INFORM there must be tons of it!> <ORDER get that truck loaded!>'],[],"[[8.0, 18.0, 338.0, 111.0]]",[],"[[76.0, 152.0, 188.0, 265.0]]"
352_31_3,['<FEEDBACK it must have been same sort of ghost...> <INFORM said my hands were really his...> <INFORM and now this blood...> <WHY_QUESTION what does it mean?>'],"['mist, the spirit of zander took flight. mark leaped up from his bed and turned on the lights...']","[[0.0, 74.0, 262.0, 179.0]]","[[0.0, 1.0, 277.0, 80.0]]","[[73.0, 213.0, 120.0, 279.0]]"
3531_24_4,"['<ORDER go into the visiting room..> <INFORM we will send for him-\t>', '<POLITENESS_FORMULA thank you kindly sir!\t>']",[],"[[115.0, 3.0, 389.0, 86.0], [86.0, 71.0, 236.0, 172.0]]",[],"[[206.0, 202.0, 259.0, 263.0], [73.0, 131.0, 122.0, 184.0]]"
3534_38_7,['<BACKCHANNEL er - gulp!> <INFORM adult and one child!>'],"['tonite olaf nelson lecture on ""perils at the pole""']","[[4.0, 7.0, 179.0, 111.0]]","[[199.0, 206.0, 287.0, 339.0]]","[[99.0, 112.0, 147.0, 160.0]]"
3544_45_6,['<BACKCHANNEL ahh!>'],['suddenly.. an ominous creaking.. the ancient bridge snaps in two and samar hurtles toward the swirling waters below...'],"[[200.0, 85.0, 295.0, 157.0]]","[[1.0, 4.0, 505.0, 85.0]]","[[210.0, 192.0, 242.0, 222.0]]"
3545_51_10,['<NOT_CLASSIFIABLE a huge eight.> <INFORM foot bear was seen down there today!!>'],[],"[[1.0, 0.0, 182.0, 136.0]]",[],"[[-1.0, -1.0, -1.0, -1.0]]"
3556_23_5,"['<GREET hey, redskin>']",['suddenly flatfoot leaps at a nearby plane motor...'],"[[24.0, 67.0, 198.0, 140.0]]","[[6.0, 0.0, 375.0, 64.0]]","[[28.0, 191.0, 88.0, 273.0]]"
3556_43_4,"[""<INFORM well i'm just in time!>"", ""<GREET uncle zero!> <INFORM am i glad to see you!> <INFORM we've just been talking about your favorite subject.. ghosts!>""]",[],"[[4.0, 119.0, 123.0, 209.0], [32.0, 10.0, 375.0, 131.0]]",[],"[[107.0, 195.0, 152.0, 256.0], [204.0, 228.0, 252.0, 274.0]]"
3562_6_4,"[""<BACKCHANNEL wow!> <INFORM nips!> <INFORM .. a whole batch of 'em!> <INFORM wait'll mulligan hears this!>"", '<NOT_CLASSIFIABLE abou lan beac begi\t>']",[],"[[187.0, 8.0, 522.0, 93.0], [542.0, 15.0, 613.0, 110.0]]",[],"[[83.0, 183.0, 184.0, 326.0], [-1.0, -1.0, -1.0, -1.0]]"
3567_11_6,"[""<GREET oh, gary!> <INFORM im so glad you're here!>"", ""<INFORM so me and de flame sails into da bums an' wipes'em out!>""]",[],"[[0.0, 13.0, 102.0, 125.0], [101.0, 14.0, 282.0, 126.0]]",[],"[[3.0, 260.0, 64.0, 353.0], [94.0, 233.0, 149.0, 288.0]]"
3571_24_3,"[""<BACKCHANNEL ha!!> <INFORM that's why i use that big oaf!> <INFORM he is so stupid it is safe for me to have him work for me.>""]",[],"[[3.0, 0.0, 533.0, 101.0]]",[],"[[227.0, 120.0, 316.0, 205.0]]"
3590_11_2,['<BACKCHANNEL ooof!!>'],[],"[[0.0, 43.0, 120.0, 104.0]]",[],"[[46.0, 118.0, 339.0, 509.0]]"
3596_8_4,"[""<NOT_CLASSIFIABLE op worrying, ep!> <NOT_CLASSIFIABLE you'd think was your wn son!>"", '<FEEDBACK i wish you were my own son..> <INFORM for five minutes, so i could whale you!>']",[],"[[0.0, 0.0, 164.0, 102.0], [187.0, 0.0, 497.0, 91.0]]",[],"[[30.0, 184.0, 62.0, 222.0], [185.0, 184.0, 222.0, 216.0]]"
3597_21_4,"[""<INFORM i just hope there'll be a couple of those dangerous beauties left by the time we land!>""]",[],"[[72.0, 7.0, 610.0, 130.0]]",[],"[[412.0, 239.0, 431.0, 258.0]]"
359_34_2,['<BACKCHANNEL oh - oh > <GREET goody - goody> <INFORM here comes santa claus.>'],[],"[[285.0, 70.0, 582.0, 274.0]]",[],"[[614.0, 116.0, 722.0, 237.0]]"
360_18_6,"['<FEEDBACK that was good work!>', ""<FEEDBACK but not good enough!> <INFORM i haven't found the plans yet> <INFORM or who slipped them to the janitor!>""]",[],"[[9.0, 3.0, 228.0, 149.0], [218.0, 2.0, 544.0, 230.0]]",[],"[[99.0, 264.0, 133.0, 301.0], [175.0, 249.0, 204.0, 287.0]]"
360_40_8,['<FEEDBACK no!> <FEEDBACK no!> <FEEDBACK no!>'],[],"[[73.0, 35.0, 229.0, 193.0]]",[],"[[144.0, 199.0, 324.0, 339.0]]"
3624_63_7,['<GREET good morning my dear count ><INFORM -- im at your service!>'],['in the office of baron danglars...'],"[[191.0, 56.0, 360.0, 160.0]]","[[0.0, 8.0, 379.0, 54.0]]","[[277.0, 173.0, 339.0, 240.0]]"
3628_24_3,"['<ORDER kill them!>', '<ORDER rush them!>']","['seeing their dear president mercilessly shot, the people gasp in horror and rage...']","[[146.0, 55.0, 281.0, 82.0], [330.0, 55.0, 430.0, 107.0]]","[[25.0, 6.0, 635.0, 52.0]]","[[92.0, 100.0, 114.0, 121.0], [429.0, 99.0, 463.0, 123.0]]"
362_10_3,"[""<OFFER i'll capture you, without using a gun on you!>"", '<FEEDBACK incredible!> <FEEDBACK a bad dream!>', '<FEEDBACK -nightmare you mean!>']","['even as did their cannons and machine guns, their hand guns explode ---']","[[0.0, 72.0, 240.0, 222.0], [235.0, 80.0, 490.0, 187.0], [490.0, 80.0, 678.0, 210.0]]","[[118.0, 0.0, 684.0, 86.0]]","[[75.0, 219.0, 143.0, 280.0], [302.0, 228.0, 374.0, 277.0], [448.0, 242.0, 505.0, 288.0]]"
3630_60_7,"[""<BACKCHANNEL whew!> <INFORM close squeeze now,> <INFORM if he thought i was the hawk's double, the whole fort will think so too!> <INFORM it'll be easy to trick all his men!>""]",[],"[[0.0, 0.0, 259.0, 146.0]]",[],"[[48.0, 212.0, 157.0, 368.0]]"
3632_47_0,['<BACKCHANNEL mm..> <INFORM this tea is delicious!>'],"['the drugged tea cup meant for zx5 is picked up by the imposter.', 'the knockout quickly take']","[[127.0, 68.0, 286.0, 152.0]]","[[0.0, 5.0, 306.0, 69.0], [285.0, 11.0, 466.0, 58.0]]","[[302.0, 263.0, 459.0, 441.0]]"
3635_17_1,"['<BACKCHANNEL whew,> <INFORM made it!>']","['jumbo comics', 'a daring leap..']","[[522.0, 58.0, 690.0, 135.0]]","[[14.0, 0.0, 237.0, 21.0], [15.0, 42.0, 248.0, 78.0]]","[[448.0, 121.0, 547.0, 204.0]]"
363_23_3,"['<GREET hullo --->', '<NOT_CLASSIFIABLE brrfsk ahem>', '<FEEDBACK hoky cats!> <WHY_QUESTION what is it>. <WHY_QUESTION what happened?> <ORDER speak up!> <YES-NO_QUESTION will ya?>']",[],"[[51.0, 6.0, 252.0, 54.0], [192.0, 45.0, 402.0, 139.0], [360.0, 7.0, 634.0, 268.0]]",[],"[[77.0, 84.0, 138.0, 161.0], [65.0, 181.0, 155.0, 264.0], [363.0, 198.0, 451.0, 281.0]]"
363_4_3,['<INFORM haste requires a speedy entrance!>'],[],"[[190.0, 16.0, 657.0, 93.0]]",[],"[[247.0, 167.0, 328.0, 248.0]]"
3652_66_0,['<GREET ahoy! hawk!>'],"[""the hawk's men come alongside the osprey...""]","[[21.0, 55.0, 134.0, 111.0]]","[[0.0, 12.0, 420.0, 54.0]]","[[248.0, 50.0, 287.0, 79.0]]"
3660_32_2,"['<INFORM my plan worked!>', '<GREET panthers!> <ORDER attack!>']",[],"[[16.0, 29.0, 179.0, 93.0], [204.0, 32.0, 429.0, 141.0]]",[],"[[51.0, 89.0, 119.0, 139.0], [53.0, 89.0, 119.0, 137.0]]"
3663_34_2,"['<ORDER get away from me, you ugly beast!>']",[],"[[47.0, 9.0, 249.0, 111.0]]",[],"[[288.0, 61.0, 328.0, 103.0]]"
366_41_0,"['<FEEDBACK good boy, rex!!>']",['but a lithe fury leaps from the darkness...'],"[[475.0, 54.0, 610.0, 114.0]]","[[0.0, 17.0, 646.0, 64.0]]","[[319.0, 55.0, 370.0, 106.0]]"
366_52_4,"['<FEEDBACK that was close but we made!>', '<THANK thanks to you.>']",[],"[[74.0, 17.0, 369.0, 129.0], [494.0, 11.0, 730.0, 93.0]]",[],"[[456.0, 137.0, 484.0, 159.0], [488.0, 140.0, 515.0, 160.0]]"
3672_41_4,"['<GREET  ho, ali hassen,> <INFORM soon shall your horde be rich-rich with slaves,> <INFORM that even now the whites lead to me!\t>', '<FEEDBACK  allah be praised, tanga!> <INFORM if your promise be as strong as is your fear of the spotted cheetah cat, we will pay you well!>']",[],"[[10.0, 49.0, 367.0, 163.0], [22.0, 141.0, 351.0, 252.0]]",[],"[[49.0, 244.0, 151.0, 358.0], [205.0, 317.0, 322.0, 445.0]]"
3678_31_2,"[""<ORDER  fear not, zana,> <INFORM b'maki would not let you die!> <INFORM only the others who witnessed my deed must perish!> <INFORM now will i carry out the rest of my plan!>""]",['...there did i see the canoe with your bride overturned in the croc-infested waters! i tried to save the princess and her'],"[[180.0, 0.0, 506.0, 124.0]]","[[8.0, 499.0, 505.0, 545.0]]","[[175.0, 140.0, 254.0, 231.0]]"
3679_15_1,"[""<FEEDBACK not on your life lutoa,> <INFORM i've been waiting for this chance!><ORDER  confess your guilt or>""]",['then pandemonium! snarls and scre as confusion reigns...'],"[[244.0, 469.0, 561.0, 580.0]]","[[4.0, 2.0, 511.0, 86.0]]","[[-1.0, -1.0, -1.0, -1.0]]"
368_23_6,['<INFORM skyman!>'],[],"[[70.0, 15.0, 612.0, 153.0]]",[],"[[243.0, 403.0, 263.0, 422.0]]"
369_22_3,"[""<INFORM i'm fed up on this whole circus idea of junior's><BACKCHANNEL ---- hey---> <WHY_QUESTION what does that mutt want?>""]",[],"[[179.0, 2.0, 660.0, 266.0]]",[],"[[532.0, 534.0, 620.0, 619.0]]"
3708_31_3,['<WHY_QUESTION where the heck did i land?> <BACKCHANNEL ah!> <INFORM a door!>'],[],"[[51.0, 4.0, 359.0, 55.0]]",[],"[[231.0, 113.0, 295.0, 184.0]]"
370_28_0,['<ORDER hold it_>'],[],"[[60.0, 44.0, 294.0, 119.0]]",[],"[[221.0, 209.0, 351.0, 357.0]]"
3716_22_4,['<BACKCHANNEL aaaaaagh!>'],"['like a rubber band, a hanging rope snaps swiftly--deadly--noosing itself around the thugs neck...']","[[3.0, 102.0, 183.0, 164.0]]","[[0.0, 0.0, 284.0, 102.0]]","[[78.0, 175.0, 240.0, 332.0]]"
3722_12_0,"['<BACKCHANNEL whoa!\t>', ""<INFORM i'll have your gags off in a second!>""]",[],"[[93.0, 7.0, 237.0, 83.0], [221.0, 10.0, 427.0, 119.0]]",[],"[[121.0, 150.0, 180.0, 197.0], [120.0, 149.0, 179.0, 197.0]]"
3730_54_6,"['<BACKCHANNEL not so fast> <INFORM - we have an old score to settle.> /', '<ORDER fight hard master,> <INFORM they are many!>']","['rom the outside, granger and eric close in with the fury of a storm. the savages are trapped and bewildered.']","[[117.0, 66.0, 327.0, 124.0], [314.0, 80.0, 473.0, 140.0]]","[[0.0, 4.0, 490.0, 69.0]]","[[180.0, 166.0, 234.0, 215.0], [333.0, 193.0, 450.0, 317.0]]"
3732_50_2,"['<FEEDBACK something grim,><INFORM  a dose of your own medicine.>', '<WHY_QUESTION what ye going to do??>']",[],"[[340.0, 18.0, 595.0, 97.0], [5.0, 138.0, 198.0, 194.0]]",[],"[[273.0, 6.0, 343.0, 91.0], [137.0, 296.0, 220.0, 360.0]]"
3732_8_8,['<INFORM something tells me that doctor fairchild and his unholy three are on the last trail!>'],[],"[[170.0, 6.0, 416.0, 163.0]]",[],"[[202.0, 217.0, 222.0, 235.0]]"
3741_9_1,"['<BACKCHANNEL ugh!>', '<INFORM like punching a murderer on the jaw with both feet off the ground!>']",[],"[[5.0, 35.0, 114.0, 142.0], [152.0, 308.0, 376.0, 464.0]]",[],"[[116.0, 70.0, 177.0, 130.0], [65.0, 188.0, 119.0, 244.0]]"
3746_32_3,"[""<BACKCHANNEL yawp!> <INFORM he means it!> <BACKCHANNEL owww ...> <INFORM my corset's...>""]",[],"[[44.0, 12.0, 335.0, 109.0]]",[],"[[25.0, 113.0, 183.0, 317.0]]"
3759_26_5,"[""<BACKCHANNEL oops!> <POLITENESS_FORMULA ah5 sorry sir'ah didn't see yo!>""]",[],"[[0.0, 21.0, 188.0, 117.0]]",[],"[[71.0, 221.0, 112.0, 256.0]]"
375_27_2,"['<ORDER  look, mamie!> <INFORM just like they do in the circus!>', '<BACKCHANNEL mmm!> <FEEDBACK these flowers are delicious!> .']",[],"[[25.0, 20.0, 386.0, 173.0], [394.0, 64.0, 657.0, 229.0]]",[],"[[63.0, 338.0, 334.0, 487.0], [394.0, 408.0, 583.0, 590.0]]"
3760_40_3,"[""<BACKCHANNEL ah,> <INFORM good and soapy.> <INFORM too ... full of bubbles!> <INFORM that's the way i like a bath!>""]",[],"[[11.0, 7.0, 229.0, 127.0]]",[],"[[112.0, 167.0, 194.0, 267.0]]"
3762_4_4,"[""<INFORM ... and that's what happened sergeant.> <INFORM she's a witch, i tell you.> <INFORM a curse on the whole territory!>"", ""<FEEDBACK a most amazing story, rossbach,> <INFORM but i'm inclined to take your word for it!> <INFORM we'll send out a patrol at once!>""]",[],"[[14.0, 1.0, 216.0, 188.0], [188.0, 1.0, 388.0, 214.0]]",[],"[[116.0, 234.0, 204.0, 344.0], [260.0, 292.0, 333.0, 385.0]]"
3763_20_0,['<BACKCHANNEL ho - hum!><INFORM i feel so lonely!>'],[],"[[64.0, 244.0, 254.0, 288.0]]",[],"[[-1.0, -1.0, -1.0, -1.0]]"
3763_20_3,['<BACKCHANNEL oops!> <INFORM i tripped!>'],[],"[[20.0, 5.0, 115.0, 59.0]]",[],"[[162.0, 97.0, 225.0, 152.0]]"
376_31_8,"['<GREET  hey,> <ORDER cranberry wait a minute!!!>']",[],"[[10.0, 51.0, 227.0, 172.0]]",[],"[[6.0, 197.0, 178.0, 429.0]]"
3773_30_0,"['<BACKCHANNEL oh boy!> <INFORM this is wonderful!>', '<INFORM i could soak up water faor a week!>']",['urricane kids'],"[[19.0, 18.0, 194.0, 90.0], [213.0, 20.0, 380.0, 95.0]]","[[11.0, 3.0, 270.0, 28.0]]","[[209.0, 86.0, 267.0, 160.0], [269.0, 120.0, 354.0, 194.0]]"
3774_25_0,['<BACKCHANNEL gosh.> <INFORM if i could only get in touch with jupiter by telephone!>'],['recovering after a few hours. we find jim johnson in a phone booth once more'],"[[18.0, 79.0, 178.0, 237.0]]","[[32.0, 21.0, 501.0, 88.0]]","[[196.0, 110.0, 351.0, 284.0]]"
3782_15_0,"[""<INFORM you can take a little snooze.> <INFORM when my pard gets you tied up, i'm sure he'll feel better!>""]",[],"[[23.0, 28.0, 279.0, 190.0]]",[],"[[174.0, 172.0, 283.0, 241.0]]"
3786_58_6,"[""<BACKCHANNEL ha! ha!> <INFORM that stops you doesn't it nelson!> <INFORM - now, you are going to destroy yourself!>""]",[],"[[163.0, 11.0, 458.0, 97.0]]",[],"[[353.0, 102.0, 379.0, 123.0]]"
37_41_2,"['<ORDER hey, get off me, you fancy flea bag!>', '<NOT_CLASSIFIABLE woof woof!>']",[],"[[0.0, 2.0, 200.0, 79.0], [118.0, 60.0, 252.0, 165.0]]",[],"[[30.0, 108.0, 110.0, 180.0], [140.0, 160.0, 200.0, 204.0]]"
3803_15_3,"['<GREET hey, redmask!> <ORDER help!>', '<INFORM i should have known billy gage was some-where behind this!>']",[],"[[6.0, 23.0, 124.0, 120.0], [97.0, 2.0, 252.0, 161.0]]",[],"[[163.0, 257.0, 176.0, 274.0], [192.0, 274.0, 212.0, 295.0]]"
3807_9_1,['<ORDER ...and get him snubbed and ready for saddling!>'],[],"[[0.0, 24.0, 141.0, 105.0]]",[],"[[300.0, 43.0, 343.0, 84.0]]"
3809_4_6,"['<BACKCHANNEL  www... ><INFORM looks like saber my friend after all!> <INFORM ke got scared away, too!>']","['ll their primitive, savage the two huge beasts are locked in mortal combat...']","[[0.0, 80.0, 307.0, 166.0]]","[[0.0, 1.0, 326.0, 82.0]]","[[104.0, 168.0, 165.0, 217.0]]"
3812_33_1,"['<WHY_QUESTION why dont you like to prac-tice your piano lessons billy?>', ""<FEEDBACK 'cause i just hate those drills and exercises>""]",[],"[[19.0, 33.0, 149.0, 174.0], [147.0, 42.0, 269.0, 158.0]]",[],"[[35.0, 213.0, 105.0, 273.0], [158.0, 231.0, 218.0, 298.0]]"
3815_7_0,['<YES-NO_QUESTION but have you thought what would happen to one of those people if his attention was distracted by a sharp sting at the wrong moment?>'],[],"[[8.0, 17.0, 379.0, 174.0]]",[],"[[180.0, 152.0, 313.0, 262.0]]"
3817_62_4,"[""<BACKCHANNEL oh gosh!> <WHY_QUESTION what's that?> <INFORM someone's coming!>""]",[],"[[136.0, 17.0, 373.0, 127.0]]",[],"[[113.0, 308.0, 194.0, 398.0]]"
381_18_3,"['<POLITENESS_FORMULA sorry, but i feel it necessary to keep you from using your arms for awhile!>']",[],"[[8.0, 14.0, 347.0, 128.0]]",[],"[[309.0, 116.0, 398.0, 198.0]]"
3823_27_4,['<GREET jack!> <GREET jack!> <BACKCHANNEL ohh!>'],[],"[[468.0, 71.0, 620.0, 119.0]]",[],"[[539.0, 133.0, 651.0, 215.0]]"
3824_40_2,"['<ORDER look.. up above!> <YES-NO_QUESTION is that chim?>', '<FEEDBACK sure is..> <INFORM and hes scared to pieces!>', ""<NOT_CLASSIFIABLE we'r to s old>""]",[],"[[151.0, 24.0, 381.0, 93.0], [386.0, 18.0, 553.0, 113.0], [560.0, 139.0, 635.0, 229.0]]",[],"[[162.0, 104.0, 244.0, 180.0], [337.0, 191.0, 443.0, 284.0], [-1.0, -1.0, -1.0, -1.0]]"
3825_6_4,"['<WHY_QUESTION great magic of bwana kessler now, lani?> <YES-NO_QUESTION now will you obey?>', '<INFORM does not fea you.> <INFORM she will hunt you dow she will ...>']",[],"[[4.0, 0.0, 216.0, 147.0], [206.0, 0.0, 411.0, 110.0]]",[],"[[82.0, 168.0, 160.0, 241.0], [229.0, 216.0, 291.0, 281.0]]"
382_20_3,['<BACKCHANNEL aha!>'],"['the truck is sent straight at samson, its throttle wide open!-------']","[[31.0, 61.0, 137.0, 130.0]]","[[7.0, 7.0, 483.0, 67.0]]","[[83.0, 196.0, 111.0, 224.0]]"
382_33_1,"['<FEEDBACK you shall have a taste of your own medicine!>', '<BACKCHANNEL oh!> <ORDER help!>']",[],"[[6.0, 8.0, 262.0, 103.0], [299.0, 16.0, 441.0, 93.0]]",[],"[[140.0, 135.0, 189.0, 202.0], [-1.0, -1.0, -1.0, -1.0]]"
3837_2_1,"['<ORDER get up and walk!>', '<BACKCHANNEL ohhhhhhh!>']",['the arab slavers are brutal'],"[[5.0, 59.0, 211.0, 165.0], [199.0, 57.0, 467.0, 167.0]]","[[35.0, 3.0, 463.0, 61.0]]","[[117.0, 238.0, 164.0, 301.0], [230.0, 342.0, 286.0, 383.0]]"
3838_40_6,['<BACKCHANNEL ah!> <INFORM meat on the table!>'],"['several hours later, the sh is sighted by an enemy pilot']","[[113.0, 54.0, 259.0, 107.0]]","[[0.0, 1.0, 282.0, 52.0]]","[[130.0, 123.0, 228.0, 194.0]]"
383_10_1,['<THANK thanks joan mason!>'],[],"[[23.0, 22.0, 177.0, 79.0]]",[],"[[137.0, 172.0, 174.0, 211.0]]"
383_6_7,['<INFORM i never was more eager to come to grips with anyone before!>'],[],"[[294.0, 8.0, 520.0, 92.0]]",[],"[[184.0, 11.0, 249.0, 86.0]]"
3849_56_8,"['<INFORM horse ear!>', '<BACKCHANNEL hm>']",[],"[[0.0, 37.0, 173.0, 98.0], [183.0, 52.0, 248.0, 113.0]]",[],"[[40.0, 153.0, 141.0, 245.0], [173.0, 118.0, 271.0, 182.0]]"
3860_22_3,"['<GREET master,> <INFORM it is a great doublecross!> <INFORM we come across the ocean to help a man ... for this!>', '<FEEDBACK but he did say he was sorry, abdul!>']",[],"[[33.0, 7.0, 275.0, 114.0], [288.0, 5.0, 512.0, 72.0]]",[],"[[300.0, 211.0, 360.0, 273.0], [377.0, 199.0, 463.0, 276.0]]"
3875_21_0,"['<BACKCHANNEL oh no!><INFORM  ... i absolutely refuse to talk to that drip!>', ""<ORDER kathy, you've got to!> <INFORM maybe it will help square me with old man pushbutton!>"", '<NOT_CLASSIFIABLE hell h de ->']",[],"[[6.0, 2.0, 152.0, 111.0], [139.0, 2.0, 323.0, 136.0], [373.0, 7.0, 438.0, 73.0]]",[],"[[138.0, 131.0, 185.0, 190.0], [320.0, 64.0, 380.0, 131.0], [-1.0, -1.0, -1.0, -1.0]]"
3891_32_3,"[""<INFORM a fine way to speak to a knight of the road!> <WHY_QUESTION knows't thou not who i am?> <INFORM but wait .. i think i know thee!>"", '<INFORM thy face looks familiar!> <WHY_QUESTION thou art ""the highway man"", art thou not?>']",[],"[[6.0, 3.0, 297.0, 152.0], [274.0, 0.0, 568.0, 122.0]]",[],"[[2.0, 304.0, 63.0, 374.0], [402.0, 135.0, 511.0, 215.0]]"
3894_8_4,"['<INFORM you were magnificent, vooda!>', ""<INFORM she has learned a lesson,> <ORDER don't fear!> <GREET and now, friend tex,> <INFORM let us get back to work!>""]",[],"[[2.0, 33.0, 379.0, 88.0], [0.0, 65.0, 233.0, 254.0]]",[],"[[94.0, 249.0, 130.0, 287.0], [36.0, 267.0, 70.0, 304.0]]"
3902_10_4,"['<POLITENESS_FORMULA pardon me for not knocking,> <INFORM but i was so happy to hear you were saved!>', '<WHY_QUESTION how did you know?\t>']",[],"[[9.0, 1.0, 190.0, 120.0], [195.0, 1.0, 307.0, 76.0]]",[],"[[140.0, 110.0, 183.0, 162.0], [183.0, 175.0, 235.0, 231.0]]"
3902_56_7,['<BACKCHANNEL good gosh!>'],[],"[[144.0, 5.0, 264.0, 62.0]]",[],"[[183.0, 92.0, 214.0, 134.0]]"
3918_8_2,"[""<BACKCHANNEL what th' ...>""]",[],"[[38.0, 37.0, 225.0, 128.0]]",[],"[[265.0, 224.0, 339.0, 290.0]]"
3929_12_4,['<INFORM except this way!>'],[],"[[7.0, 20.0, 204.0, 96.0]]",[],"[[287.0, 58.0, 387.0, 145.0]]"
3930_44_3,"['<WHY_QUESTION loco plague?>', ""<FEEDBACK yes!> <INFORM it is borne by the wind!><INFORM  it's made many a town go loco...> <INFORM and i'm afraid tomb-stone city is another victim!> <ORDER look!>""]",[],"[[13.0, 16.0, 145.0, 86.0], [135.0, 14.0, 445.0, 178.0]]",[],"[[35.0, 250.0, 111.0, 318.0], [138.0, 228.0, 333.0, 396.0]]"
3932_53_4,"[""<INFORM and here's a touche you didn't expect!>""]",[],"[[196.0, 9.0, 457.0, 122.0]]",[],"[[205.0, 184.0, 292.0, 270.0]]"
3933_4_4,['<INFORM its spy smasher!> <ORDER bail out!>'],"['even as marvel speaks, a deadly hail of steel shatters their plane around them!']","[[21.0, 121.0, 245.0, 303.0]]","[[267.0, 321.0, 527.0, 513.0]]","[[80.0, 447.0, 103.0, 468.0]]"
3934_24_1,"['<BACKCHANNEL awk - awk!>', '<INFORM parrot.>', '<BACKCHANNEL chee - chee!>']",[],"[[44.0, 20.0, 186.0, 109.0], [3.0, 460.0, 83.0, 507.0], [118.0, 398.0, 266.0, 474.0]]",[],"[[194.0, 23.0, 279.0, 103.0], [-1.0, -1.0, -1.0, -1.0], [54.0, 253.0, 89.0, 313.0]]"
3936_64_7,['<BACKCHANNEL oops!> <INFORM just in time!>'],[],"[[17.0, 31.0, 161.0, 103.0]]",[],"[[72.0, 182.0, 95.0, 204.0]]"
3945_7_3,"['<INFORM i like to mix with people!>', '<ORDER help!>']",[],"[[21.0, 14.0, 384.0, 95.0], [415.0, 25.0, 539.0, 112.0]]",[],"[[155.0, 176.0, 220.0, 242.0], [484.0, 135.0, 558.0, 224.0]]"
3946_39_3,"[""<INFORM -now to land and investigate that skeleton business - hmm!> <INFORM the two pilots bailed out -><INFORM  they're trying to get away ->""]",[],"[[113.0, 21.0, 407.0, 224.0]]",[],"[[-1.0, -1.0, -1.0, -1.0]]"
3950_39_6,['<BACKCHANNEL so far so good!> <INFORM now if i can glide over to a corner of the field they may never notice me!>'],[],"[[12.0, 4.0, 417.0, 128.0]]",[],"[[147.0, 211.0, 171.0, 229.0]]"
3956_29_3,"[""<GREET y'know, sheriff,> <INFORM i'm kinda worried 'bout that young woman stayin' all alone in that cottage.>"", ""<BACKCHANNEL  oh,> <FEEDBACK i guess she'll be all right, parson.> <INFORM i'll keep an eye on her.>""]",['as the throng disperses ...'],"[[0.0, 20.0, 244.0, 152.0], [229.0, 22.0, 420.0, 159.0]]","[[0.0, 0.0, 435.0, 26.0]]","[[42.0, 210.0, 163.0, 349.0], [235.0, 170.0, 352.0, 301.0]]"
3958_14_3,"['<INFORM but they give me an idea!> <INFORM and if i work fast, it may do the trick!>']",[],"[[0.0, 18.0, 281.0, 136.0]]",[],"[[30.0, 190.0, 239.0, 433.0]]"
397_7_3,"[""<POLITENESS_FORMULA i'm sorry, sir,,,> <FEEDBACK i told you...>""]","['so... the next day. you go back to the optometrist. you need his glasses,,, those soothing glasses...']","[[63.0, 64.0, 253.0, 122.0]]","[[18.0, 21.0, 456.0, 91.0]]","[[233.0, 73.0, 328.0, 184.0]]"
407_6_2,"[""<GREET hey happy!> <INFORM i'm going to meander out to that barn and have another look!> <ORDER you wait here...>"", '<FEEDBACK shore will, tim> <BACKCHANNEL (p-too!)>']",[],"[[10.0, 18.0, 292.0, 122.0], [290.0, 11.0, 397.0, 91.0]]",[],"[[79.0, 129.0, 162.0, 221.0], [227.0, 119.0, 351.0, 211.0]]"
40_22_1,['<GREET oh boy!> <INFORM the day for the big race is finally here!>'],['sullavilk skates derby'],"[[154.0, 210.0, 456.0, 375.0]]","[[103.0, 0.0, 577.0, 45.0]]","[[516.0, 45.0, 651.0, 184.0]]"
410_7_2,"['<INFORM i got ya now-w-wow!>', '<FEEDBACK careful with that club junior!>']",[],"[[0.0, 0.0, 173.0, 60.0], [181.0, 0.0, 404.0, 61.0]]",[],"[[99.0, 94.0, 160.0, 154.0], [216.0, 108.0, 277.0, 173.0]]"
416_20_0,"['<YES-NO_QUESTION do you own this dump, bud?>', '<BACKCHANNEL oof---><FEEDBACK i certainly do!> <WHY_QUESTION what is the meaning of this outrage?> <WHY_QUESTION who are you?> <WHY_QUESTION what do you want?>']",[],"[[15.0, 10.0, 167.0, 86.0], [167.0, 8.0, 393.0, 136.0]]",[],"[[105.0, 130.0, 170.0, 205.0], [217.0, 122.0, 268.0, 188.0]]"
436_18_6,"[""<INFORM wait-i just got an idee!> <INFORM colonel duncan has brought his rodeo to cimarron city!> <INFORM he oughtta pay a fair price for a blickin' hoss like this one!>"", ""<FEEDBACK whatever we got would be better than nothin'!>""]",[],"[[12.0, 2.0, 452.0, 138.0], [415.0, 4.0, 601.0, 148.0]]",[],"[[84.0, 149.0, 370.0, 390.0], [354.0, 219.0, 489.0, 393.0]]"
441_18_3,"[""<INFORM you're too quick to reach for your gun, lucky!>"", ""<YES-NO_QUESTION lucky?> <FEEDBACK you know me sheriff!> <INFORM my name ain't lucky!>""]",[],"[[0.0, 12.0, 273.0, 143.0], [313.0, 12.0, 534.0, 143.0]]",[],"[[63.0, 295.0, 157.0, 376.0], [336.0, 260.0, 484.0, 378.0]]"
45_45_7,"['<BACKCHANNEL oh> <POLITENESS_FORMULA pardon me!> <INFORM i was looking for the bath>', '<INFORM the next door stupid!>']",[],"[[62.0, 12.0, 242.0, 74.0], [221.0, 13.0, 305.0, 97.0]]",[],"[[180.0, 75.0, 216.0, 119.0], [231.0, 115.0, 260.0, 149.0]]"
45_55_5,"[""<FEEDBACK this time, champ, i'm ready for you>""]",[],"[[459.0, 29.0, 641.0, 84.0]]",[],"[[394.0, 71.0, 452.0, 125.0]]"
45_55_7,"['<INFORM bully for ludwig!> <FEEDBACK he did not fail us>', '<FEEDBACK so this is the precious instrument that six nations are after>']",['however:'],"[[99.0, 35.0, 228.0, 102.0], [224.0, 33.0, 377.0, 117.0]]","[[5.0, 20.0, 136.0, 65.0]]","[[193.0, 115.0, 227.0, 147.0], [250.0, 118.0, 281.0, 147.0]]"
462_3_2,"['<FEEDBACK nothing...> <INFORM is the... matter>', ""<INFORM something is worrying that boy!> <INFORM i'm going to follow him, bob!>""]",[],"[[8.0, 26.0, 140.0, 92.0], [175.0, 26.0, 363.0, 122.0]]",[],"[[48.0, 146.0, 148.0, 254.0], [240.0, 239.0, 271.0, 282.0]]"
46_15_0,['<FEEDBACK oh dear!>'],[],"[[228.0, 225.0, 331.0, 290.0]]",[],"[[353.0, 161.0, 458.0, 250.0]]"
46_22_2,"['<YES-NO_QUESTION you fight each other because you are dissatisfied -- because your morale is weak because you cannot win the war, no?>', ""<FEEDBACK sure!> <INFORM we're fed up with the whole deal!>"", '<WHY_QUESTION wha?>']",[],"[[9.0, 10.0, 252.0, 196.0], [225.0, 13.0, 349.0, 177.0], [201.0, 159.0, 282.0, 203.0]]",[],"[[38.0, 222.0, 112.0, 304.0], [260.0, 218.0, 334.0, 285.0], [156.0, 212.0, 229.0, 282.0]]"
473_18_4,['<POLITENESS_FORMULA so sorry ><INFORM if i jump this gun!>'],[],"[[173.0, 29.0, 342.0, 112.0]]",[],"[[157.0, 304.0, 217.0, 370.0]]"
48_44_1,['<INFORM this!>'],['eddie flings himself backward... the candle flips into th and lands outside the circle of dry straw!'],"[[614.0, 158.0, 738.0, 247.0]]","[[7.0, 2.0, 667.0, 65.0]]","[[535.0, 215.0, 604.0, 288.0]]"
490_29_4,['<FEEDBACK yup--> <INFORM this question ought to get a rise out of him>'],[],"[[141.0, 11.0, 608.0, 141.0]]",[],"[[109.0, 123.0, 282.0, 344.0]]"
492_7_0,['<INFORM a pistol is too dangerous a toy to play with>'],[],"[[49.0, 8.0, 653.0, 134.0]]",[],"[[468.0, 104.0, 551.0, 196.0]]"
494_46_2,['<GREET phooey.. phooey.. phooeym!!> <FEEDBACK what a life!>'],[],"[[121.0, 64.0, 354.0, 180.0]]",[],"[[79.0, 246.0, 162.0, 312.0]]"
496_7_1,"[""<FEEDBACK there's something very strange about that weapon!> <INFORM --and i'm going to know what!>""]",[],"[[0.0, 7.0, 128.0, 98.0]]",[],"[[32.0, 101.0, 132.0, 277.0]]"
507_14_0,"['<INFORM robert courtney is dead!>', ""<YES-NO_QUESTION isn't that a shame, mike!> <INFORM he was such a gifted artist!>""]",[],"[[119.0, 35.0, 511.0, 150.0], [533.0, 44.0, 835.0, 225.0]]",[],"[[432.0, 218.0, 497.0, 285.0], [601.0, 387.0, 861.0, 791.0]]"
511_31_4,['<ORDER hurry beetle jump!>'],"['with a quick slash, he cuts the blue beetles bonds just as he is about to be drawn between the rollers']","[[84.0, 110.0, 458.0, 195.0]]","[[0.0, 16.0, 619.0, 124.0]]","[[342.0, 222.0, 448.0, 326.0]]"
513_33_3,"['<INFORM  you are safe, lura, my mate!>']",[],"[[266.0, 0.0, 476.0, 84.0]]",[],"[[405.0, 241.0, 470.0, 315.0]]"
514_12_4,"[""<BACKCHANNEL wow!> <INFORM i'm off!!>"", '<GREET dick!> <ORDER stop!>']",[],"[[25.0, 38.0, 196.0, 148.0], [410.0, 6.0, 593.0, 141.0]]",[],"[[153.0, 175.0, 220.0, 224.0], [657.0, 119.0, 723.0, 183.0]]"
528_24_3,"[""<WHY_QUESTION what's all excitement chief?>""]",['- a notorious racketeer makes his escape from the federal penitentiary - and the news is quickly flashed to the office of the daily globe where pat patton young staff photographer awaits an assignment........'],"[[437.0, 268.0, 564.0, 363.0]]","[[14.0, 63.0, 249.0, 335.0]]","[[486.0, 380.0, 540.0, 443.0]]"
532_51_6,"[""<FEEDBACK this is a lucky break!> <INFORM the cons probably had this car ready for use but discovered they didnt need it!> <INFORM i hope it has plenty of speed!..> <INFORM i'll need it!>""]",[],"[[20.0, 14.0, 539.0, 119.0]]",[],"[[361.0, 145.0, 422.0, 225.0]]"
533_58_2,"[""<INFORM that's easily arranged, too,> <ORDER on your guard!>"", '<BACKCHANNEL ho!> <INFORM this will be good!>']",[],"[[32.0, 9.0, 284.0, 68.0], [146.0, 70.0, 264.0, 143.0]]",[],"[[189.0, 150.0, 235.0, 214.0], [92.0, 77.0, 135.0, 134.0]]"
538_53_3,['we cannot allow these radical theories to be taugh here!'],"[""galileo's superiors at the university confer""]","[[20.0, 44.0, 263.0, 162.0]]","[[6.0, 0.0, 266.0, 44.0]]","[[111.0, 78.0, 165.0, 143.0]]"
53_11_0,"['<POLITENESS_FORMULA here master reggie as you ordered...>', ""<BACKCHANNEL well-- he hee!> <FEEDBACK very good alec!> <FEEDBACK it worked!> <INFORM soon your spell will be gone and you'll be yourself again!> <BACKCHANNEL heh-heh!>"", ""<INFORM but you won't remember any of this!>""]",['the spellbound alex presented these gruesome trophies to his master the next morning'],"[[0.0, 87.0, 304.0, 154.0], [146.0, 106.0, 372.0, 340.0], [108.0, 418.0, 329.0, 518.0]]","[[0.0, 0.0, 370.0, 93.0]]","[[67.0, 151.0, 148.0, 245.0], [275.0, 279.0, 350.0, 361.0], [275.0, 280.0, 347.0, 361.0]]"
547_4_0,"[""<INFORM i still can't believe that billings could be so short-sighted!> <INFORM instead of seeing the good of my bill - all he could see was the expense!> <INFORM no wonder the juvenile courts of our city are jammed with cases!>""]",[],"[[31.0, 16.0, 389.0, 211.0]]",[],"[[53.0, 271.0, 217.0, 469.0]]"
568_7_3,['<FEEDBACK you have disgraced us!!!>'],[],"[[83.0, 30.0, 269.0, 110.0]]",[],"[[-1.0, -1.0, -1.0, -1.0]]"
56_46_6,"[""<INFORM shinto was the decent japanese who wanted to redeem his country's honor!> <INFORM if he dies, captain nippo will pay for it!>""]",['what does captain courageous do to captain'],"[[15.0, 13.0, 278.0, 169.0]]","[[0.0, 323.0, 304.0, 362.0]]","[[180.0, 159.0, 252.0, 244.0]]"
577_5_5,"[""<FEEDBACK good for you!> <POLITENESS_FORMULA but i want you to do me a favor> <INFORM while i'm trailin' the hombre who killed the sheriff of saddle butte!>"", ""<YES-NO_QUESTION old jud conrady?> <YES-NO_QUESTION you mean he's dead?>""]",[],"[[0.0, 1.0, 301.0, 176.0], [295.0, 81.0, 564.0, 192.0]]",[],"[[125.0, 192.0, 147.0, 211.0], [227.0, 209.0, 249.0, 227.0]]"
583_7_6,"['<YES-NO_QUESTION going somewhere, mister headless horror?>', ""<BACKCHANNEL huh,> <YES-NO_QUESTION me?> <FEEDBACK but spike o'toole was the one!>""]",[],"[[3.0, 2.0, 174.0, 59.0], [167.0, 2.0, 339.0, 64.0]]",[],"[[64.0, 92.0, 76.0, 104.0], [210.0, 40.0, 244.0, 80.0]]"
600_49_1,['<FEEDBACK i feel a little bit embarrassed riding on a horse that carries on a conversation\twith me!>'],[],"[[44.0, 19.0, 658.0, 188.0]]",[],"[[446.0, 293.0, 524.0, 376.0]]"
609_7_4,"['<BACKCHANNEL wha...>', '<BACKCHANNEL hey!>', '<INFORM this heavy curtain will stop them!>', ""<FEEDBACK no--no don't tak the kono>\t<BACKCHANNEL ohhhhhh>""]",['but the wily ali hassan comes to his feet and...'],"[[10.0, 161.0, 118.0, 273.0], [90.0, 206.0, 198.0, 320.0], [216.0, 89.0, 440.0, 185.0], [435.0, 105.0, 569.0, 327.0]]","[[0.0, 7.0, 453.0, 90.0]]","[[29.0, 423.0, 54.0, 454.0], [29.0, 423.0, 54.0, 454.0], [272.0, 293.0, 325.0, 345.0], [-1.0, -1.0, -1.0, -1.0]]"
616_6_2,"['<INFORM am i happy!>', ""<INFORM we're safe!> <INFORM we're free!>"", '<OFFER now to find some way to get out o this blasted country.>']",[],"[[98.0, 27.0, 183.0, 84.0], [152.0, 47.0, 244.0, 146.0], [202.0, 90.0, 313.0, 229.0]]",[],"[[-1.0, -1.0, -1.0, -1.0], [-1.0, -1.0, -1.0, -1.0], [-1.0, -1.0, -1.0, -1.0]]"
623_16_6,"['<INFORM shortly after the episode!>', '<INFORM she certainly is a remarkable person!>']",[],"[[0.0, 1.0, 321.0, 101.0], [0.0, 221.0, 385.0, 383.0]]",[],"[[282.0, 47.0, 343.0, 127.0], [142.0, 399.0, 245.0, 507.0]]"
624_43_5,"[""<BACKCHANNEL owooh!> <FEEDBACK hit twice!> <FEEDBACK i won't be much good now!> <INFORM i better get home while i can!>""]",[],"[[2.0, 0.0, 437.0, 100.0]]",[],"[[157.0, 466.0, 260.0, 590.0]]"
627_16_5,"[""<INFORM there he is -- holy smokes!> <INFORM it's a mummy -- > <ORDER hey you -- stop!>""]",[],"[[114.0, 0.0, 504.0, 167.0]]",[],"[[61.0, 87.0, 151.0, 187.0]]"
636_28_4,"['<INFORM and the only way to protect them, is to fight back at their murderers...>']",[],"[[23.0, 19.0, 352.0, 120.0]]",[],"[[342.0, 158.0, 478.0, 275.0]]"
641_52_1,['<BYE so long ranger!>'],[],"[[26.0, 24.0, 297.0, 84.0]]",[],"[[62.0, 189.0, 182.0, 315.0]]"
641_9_3,['<FEEDBACK yes!> <FEEDBACK <FEEDBACK yes!>!>'],[],"[[553.0, 33.0, 736.0, 243.0]]",[],"[[458.0, 461.0, 591.0, 612.0]]"
642_39_5,"[""<INFORM and finally this --token to man's best friend--!!>""]",['the end--'],"[[11.0, 11.0, 444.0, 156.0]]","[[66.0, 610.0, 502.0, 693.0]]","[[-1.0, -1.0, -1.0, -1.0]]"
649_54_6,"[""we'll wait till dark then we'll scale the wall and see what we can do about locating the big noise'"", '<FEEDBACK oh boy!> <FEEDBACK this feels good!> <FEEDBACK yeah!!>']",[],"[[251.0, 0.0, 516.0, 62.0], [254.0, 91.0, 425.0, 143.0]]",[],"[[541.0, 10.0, 575.0, 43.0], [371.0, 140.0, 414.0, 186.0]]"
64_5_4,['<INFORM there -- it is finished!> <NOT_CLASSIFIABLE and now -->'],[],"[[24.0, 76.0, 229.0, 171.0]]",[],"[[210.0, 170.0, 256.0, 230.0]]"
653_29_2,"['<BACKCHANNEL oh!> <POLITENESS_FORMULA mr. reynolds, you were magnificen---> <FEEDBACK and you dance so divine!!>', '<FEEDBACK i bet you tell that to all the boys...>']",[],"[[0.0, 0.0, 393.0, 183.0], [299.0, 4.0, 625.0, 187.0]]",[],"[[145.0, 238.0, 257.0, 337.0], [324.0, 200.0, 433.0, 319.0]]"
654_44_2,['<INFORM no time to waste!>'],['he rushes out in his shirt sleeves.'],"[[232.0, 149.0, 434.0, 265.0]]","[[17.0, 18.0, 398.0, 108.0]]","[[210.0, 255.0, 239.0, 282.0]]"
668_27_4,['<BACKCHANNEL gulp!>'],[],"[[143.0, 14.0, 296.0, 116.0]]",[],"[[48.0, 195.0, 102.0, 243.0]]"
668_47_1,['<INFORM this will finish you--> <BACKCHANNEL oooomp!>'],[],"[[0.0, 18.0, 152.0, 137.0]]",[],"[[-1.0, -1.0, -1.0, -1.0]]"
677_14_5,['<INFORM ... i bought it with the five dollars i saved!>'],[],"[[0.0, 0.0, 317.0, 53.0]]",[],"[[74.0, 58.0, 132.0, 106.0]]"
678_4_3,"['<INFORM the language is incredibly ancient, but luckily, l under-stand it!> <INFORM seems to be a kind of encyclopedia!> <INFORM it contains information that i never knew existed!>']",[],"[[9.0, 0.0, 268.0, 131.0]]",[],"[[6.0, 99.0, 86.0, 185.0]]"
682_59_1,['<FEEDBACK things... getting... worse!> <INFORM molasses freezing...>'],[],"[[15.0, 16.0, 244.0, 187.0]]",[],"[[-1.0, -1.0, -1.0, -1.0]]"
683_59_5,"['<FEEDBACK hurray!> <FEEDBACK it worked!> <INFORM pater will never hire me again!> <THANK thanks, jonah, for getting me fired!>', ""<INFORM i'm out of a job again!>"", ""<FEEDBACK guess i'll go too>""]",[],"[[22.0, 0.0, 265.0, 164.0], [255.0, 6.0, 361.0, 138.0], [379.0, 13.0, 485.0, 109.0]]",[],"[[142.0, 147.0, 207.0, 215.0], [238.0, 150.0, 295.0, 201.0], [348.0, 185.0, 404.0, 243.0]]"
685_24_2,"['<BACKCHANNEL oooh!>', '<BACKCHANNEL ha!> <FEEDBACK you lie!> <INFORM but we shall see who is the better man!> <OFFER if you love miss weatherby you will fight for her, no?>']",[],"[[16.0, 52.0, 173.0, 162.0], [114.0, 1.0, 659.0, 140.0]]",[],"[[23.0, 188.0, 101.0, 282.0], [237.0, 150.0, 319.0, 252.0]]"
688_19_5,['<BACKCHANNEL awah!>'],['firs nati bank'],"[[16.0, 7.0, 153.0, 70.0]]","[[418.0, 9.0, 473.0, 73.0]]","[[55.0, 190.0, 135.0, 256.0]]"
693_43_4,['<INFORM and now for the machine itself- > <GREET captain marvel!>'],[],"[[11.0, 10.0, 291.0, 107.0]]",[],"[[54.0, 288.0, 103.0, 332.0]]"
701_26_4,"['<INFORM guilty!>', '<INFORM i sentence jagga to the electric chair!>']",['the jury does not even leave the box to reach a verdict---'],"[[18.0, 103.0, 228.0, 184.0], [225.0, 103.0, 430.0, 239.0]]","[[0.0, 14.0, 424.0, 123.0]]","[[63.0, 179.0, 208.0, 351.0], [263.0, 277.0, 327.0, 367.0]]"
704_24_3,['<ORDER depress third button...> <INFORM kitanic force will break collar weld...> <ORDER hurry!>'],[],"[[5.0, 17.0, 190.0, 87.0]]",[],"[[-1.0, -1.0, -1.0, -1.0]]"
706_32_5,"[""<FEEDBACK i never thought i'd see the liner again.> <INFORM looks as though we're going to have something to study instead of being studied.>""]",['a little later'],"[[0.0, 40.0, 240.0, 209.0]]","[[3.0, 0.0, 211.0, 48.0]]","[[21.0, 227.0, 143.0, 358.0]]"
716_16_2,"['<ORDER courage!> <INFORM we will save you!>', '<INFORM bridge is down and we are lost.>']",[],"[[27.0, 38.0, 213.0, 105.0], [356.0, 28.0, 572.0, 102.0]]",[],"[[206.0, 147.0, 253.0, 195.0], [429.0, 140.0, 483.0, 188.0]]"
718_7_6,"['<FEEDBACK boy, this vs some thing!>', ""<FEEDBACK most delicious thing ever'et!>"", '<FEEDBACK this is some chow!>', '<FEEDBACK three cheers for matzi nogi!>']",['the prediction of matzi nogi proves true!'],"[[24.0, 48.0, 149.0, 128.0], [149.0, 49.0, 333.0, 131.0], [340.0, 49.0, 445.0, 135.0], [441.0, 44.0, 557.0, 146.0]]","[[7.0, 13.0, 556.0, 54.0]]","[[69.0, 169.0, 144.0, 256.0], [201.0, 180.0, 264.0, 238.0], [344.0, 199.0, 386.0, 245.0], [443.0, 210.0, 477.0, 255.0]]"
71_4_6,['<BACKCHANNEL oh-hh!>'],"['then, with superhuman force...']","[[180.0, 0.0, 304.0, 45.0]]","[[2.0, 4.0, 163.0, 90.0]]","[[209.0, 81.0, 283.0, 144.0]]"
721_40_5,"['<INFORM here it is boss!> <INFORM no trouble at all!>', '<FEEDBACK good work boys!> <INFORM one more haul like this one and we can take it easy!>']",[],"[[0.0, 2.0, 240.0, 79.0], [168.0, 155.0, 334.0, 331.0]]",[],"[[110.0, 228.0, 151.0, 287.0], [283.0, 328.0, 328.0, 405.0]]"
723_53_0,"[""<FEEDBACK wow!> <FEEDBACK it's about time those guys had enough--> <INFORM i'm played out myself!>"", '<NOT_CLASSIFIABLE is... is>']",['that night after'],"[[77.0, 41.0, 315.0, 170.0], [223.0, 0.0, 316.0, 43.0]]","[[0.0, 422.0, 167.0, 449.0]]","[[187.0, 174.0, 283.0, 285.0], [-1.0, -1.0, -1.0, -1.0]]"
726_42_7,"[""<GREET young man!> <INFORM just for being an hour late, you won't get your supper.> <ORDER now go right up to your room and stay there!>"", '<BACKCHANNEL aw,> <FEEDBACK ma!>']",[],"[[1.0, 0.0, 230.0, 208.0], [52.0, 213.0, 185.0, 256.0]]",[],"[[111.0, 117.0, 229.0, 208.0], [30.0, 276.0, 102.0, 355.0]]"
727_43_3,['<ORDER stop him--> <ORDER stop him!>'],[],"[[187.0, 17.0, 411.0, 101.0]]",[],"[[256.0, 256.0, 312.0, 312.0]]"
733_30_0,"[""<INFORM i'm gonna make you apologize to miss millie!>""]",['meanwhile....'],"[[34.0, 58.0, 336.0, 162.0]]","[[0.0, 10.0, 386.0, 65.0]]","[[125.0, 169.0, 188.0, 268.0]]"
742_14_4,['<INFORM the curse of the queen of the nile has been exacted!> <INFORM and the unjust murder of my kinswoman avenged!>'],"[""the queen of the nile, her mission accomplished stands majestically watching bingham's horrible death...!""]","[[37.0, 97.0, 464.0, 189.0]]","[[0.0, 16.0, 552.0, 99.0]]","[[220.0, 211.0, 278.0, 307.0]]"
757_51_4,['<FEEDBACK easy does it...>'],['just thou -this the ticking a a cheap'],"[[23.0, 32.0, 211.0, 205.0]]","[[637.0, 329.0, 780.0, 544.0]]","[[187.0, 208.0, 259.0, 276.0]]"
759_45_11,"['<GREET keeno!>', ""<BACKCHANNEL hmm-> <FEEDBACK you found that dog collar!!> <INFORM you sneaking little--!> <FEEDBACK so you're working with that chinese detective chan!>""]",[],"[[2.0, 25.0, 103.0, 90.0], [93.0, 2.0, 261.0, 107.0]]",[],"[[66.0, 134.0, 110.0, 180.0], [161.0, 120.0, 231.0, 197.0]]"
759_7_9,['<INFORM more suitable moment for explanations will come later!> <INFORM hasty departure from unpleasant place more appropriate now!>'],[],"[[49.0, 39.0, 322.0, 144.0]]",[],"[[181.0, 145.0, 259.0, 245.0]]"
763_24_6,"[""<WHY_QUESTION n-now what the world could've frightened him?>""]",[],"[[65.0, 15.0, 421.0, 123.0]]",[],"[[174.0, 168.0, 438.0, 325.0]]"
765_14_5,"[""<POLITENESS_FORMULA i hope you're right, sir!>"", ""<FEEDBACK i hope so too, lieutenant!> <COMMIT all right men--> <INFORM you'll return to your commands and begin the advance!> <ORDER try to reach the valley floor by darkness.> <ORDER send up green rockets when you've made your positions!>""]",[],"[[3.0, 10.0, 186.0, 87.0], [133.0, 14.0, 560.0, 229.0]]",[],"[[2.0, 216.0, 137.0, 478.0], [328.0, 247.0, 508.0, 417.0]]"
770_9_4,"['<FEEDBACK shame!> <INFORM you two grls fighting over a man.>', '<ORDER i think now cisco take a walk!>', ""<ORDER listen gran'papa...> <INFORM i have an idea\t>""]",[],"[[9.0, 24.0, 244.0, 98.0], [204.0, 23.0, 376.0, 101.0], [362.0, 20.0, 509.0, 114.0]]",[],"[[114.0, 103.0, 165.0, 139.0], [242.0, 81.0, 289.0, 123.0], [418.0, 122.0, 475.0, 168.0]]"
772_20_1,['<BACKCHANNEL oh.. > <ORDER look!> <INFORM he took a dive!>'],"[""ll dreams must end it s true, but sad, et's see what gives with our drooly lad""]","[[304.0, 84.0, 528.0, 189.0]]","[[0.0, 1.0, 576.0, 71.0]]","[[186.0, 132.0, 294.0, 254.0]]"
776_44_1,"['<GREET boy!> <FEEDBACK this is something!> <INFORM good thing this message was intercepted!>', ""<WHY_QUESTION what's the nature of it, sir?>""]",[],"[[0.0, 3.0, 336.0, 203.0], [460.0, 7.0, 729.0, 135.0]]",[],"[[153.0, 282.0, 225.0, 386.0], [406.0, 235.0, 480.0, 318.0]]"
776_65_3,"['<GREET officer,> <INFORM i demand that you do some-thing to get my car back> <BACKCHANNEL gulp>', ""<NOT_CLASSIFIABLE jeepers!> <INFORM it's rainin' guys!>""]",['while on the ground..'],"[[27.0, 50.0, 338.0, 253.0], [346.0, 61.0, 593.0, 176.0]]","[[144.0, 6.0, 649.0, 70.0]]","[[214.0, 292.0, 275.0, 371.0], [522.0, 299.0, 573.0, 386.0]]"
781_35_6,['<FEEDBACK wow!> <FEEDBACK what a wallop that was!....> <WHY_QUESTION what the?> <INFORM that must have been the same gang mentioned in that news flash!> <INFORM my lampshade is gone!!!>'],['later.... as tom recovers....'],"[[22.0, 118.0, 411.0, 382.0]]","[[13.0, 53.0, 369.0, 128.0]]","[[247.0, 423.0, 330.0, 514.0]]"
782_47_4,['<INFORM great thunder!> <GREET kitty!>'],['meanwhile kitty has ventured forward...'],"[[1.0, 39.0, 328.0, 126.0]]","[[0.0, 0.0, 334.0, 51.0]]","[[113.0, 142.0, 177.0, 194.0]]"
791_22_1,"[""<INFORM now that it's over i could kiss that big guy for savin' us from makin' muggs of ourselves!>"", '<FEEDBACK we musta been crazy-> <INFORM and big jc feels glad too- > <INFORM he slept tonight for the first time in da>']",[],"[[0.0, 27.0, 376.0, 162.0], [424.0, 10.0, 661.0, 179.0]]",[],"[[203.0, 154.0, 266.0, 246.0], [417.0, 162.0, 499.0, 253.0]]"
793_1_5,"[""<COMMIT i'm on my way, major!>"", '<POLITENESS_FORMULA good luck!>']",[],"[[26.0, 1.0, 102.0, 45.0], [121.0, 0.0, 170.0, 40.0]]",[],"[[46.0, 57.0, 63.0, 71.0], [123.0, 55.0, 149.0, 87.0]]"
795_9_2,"[""<POLITENESS_FORMULA sorry--> <INFORM but i'd like my ship back-->""]",['and at the same time--'],"[[34.0, 68.0, 487.0, 174.0]]","[[25.0, 5.0, 553.0, 75.0]]","[[164.0, 185.0, 282.0, 294.0]]"
810_32_3,"['<GREET gosh,> <YES-NO_QUESTION can i see the diploma and the sled and the..>', ""<GREET wal,> <NOT_CLASSIFIABLE y'see son-> <INFORM them washington folk put the sled in the smithsonian institute!> <INFORM and the diploma wal one day i changed amuk into a goat - and he et it up!>""]",[],"[[4.0, 0.0, 369.0, 88.0], [157.0, 64.0, 580.0, 246.0]]",[],"[[163.0, 284.0, 283.0, 395.0], [309.0, 251.0, 456.0, 415.0]]"
812_20_4,"[""<INFORM perhaps they're glad to see someone, and will properly greet...> <BACKCHANNEL ouch!> <INFORM see what i mean!!>""]",[],"[[0.0, 29.0, 319.0, 148.0]]",[],"[[141.0, 229.0, 295.0, 439.0]]"
817_9_4,['<BACKCHANNEL ha!!..> <FEEDBACK your misery is so enjoyable..> <INFORM i hesitate to destroy you so easily..!>'],[],"[[16.0, 0.0, 313.0, 70.0]]",[],"[[133.0, 91.0, 282.0, 248.0]]"
818_19_3,['<FEEDBACK insurance man!> <YES-NO_QUESTION you mean the guy i just met down stairs?>'],[],"[[3.0, 0.0, 320.0, 78.0]]",[],"[[1.0, 103.0, 304.0, 424.0]]"
831_36_3,['<GREET boy..> <INFORM they sure are pumping plenty of lead!>'],[],"[[78.0, 3.0, 182.0, 88.0]]",[],"[[49.0, 11.0, 89.0, 45.0]]"
831_6_0,['<GREET darling!> <FEEDBACK you voted no!> <INFORM you love me!> <INFORM now i know you do!>'],['in the corridor'],"[[0.0, 13.0, 210.0, 77.0]]","[[0.0, 1.0, 227.0, 12.0]]","[[104.0, 58.0, 130.0, 84.0]]"
839_63_0,"['<BACKCHANNEL whew!> <YES-NO_QUESTION and have you found out how she kills her victims ?>', ""<FEEDBACK no, that's part of your job.> <INFORM when you catch her-> <INFORM here's where she's staying now--- >""]",[],"[[25.0, 15.0, 242.0, 82.0], [3.0, 73.0, 146.0, 183.0]]",[],"[[158.0, 94.0, 274.0, 325.0], [46.0, 252.0, 131.0, 324.0]]"
842_42_5,"[""<FEEDBACK guess it's just too big for me to get off the ground!> <INFORM but there must be a way!> <INFORM i'll never live it down if my kite is a failure!>""]",[],"[[22.0, 22.0, 364.0, 138.0]]",[],"[[178.0, 230.0, 223.0, 283.0]]"
847_46_0,['<BACKCHANNEL hmm!> <INFORM i just feel in the mood to win a few packs of cavity-clinch chewing gum!>'],[],"[[3.0, 5.0, 535.0, 202.0]]",[],"[[372.0, 289.0, 499.0, 420.0]]"
854_19_3,"[""<INFORM no trace of buck lanyard!> <INFORM but where he's least suspected, he's apt to be most active!>"", ""<INFORM the mayor here and i are worried!> <INFORM there's lots of money in town, but no bank>! <INFORM only in this office is there a safe!>""]","['next morning, at the stage company office...']","[[15.0, 38.0, 380.0, 172.0], [300.0, 33.0, 692.0, 194.0]]","[[7.0, 1.0, 692.0, 34.0]]","[[128.0, 302.0, 212.0, 388.0], [541.0, 300.0, 652.0, 387.0]]"
862_30_7,"[""<INFORM i'll destroy him with his own greed!> <INFORM in his own style!>""]",[],"[[46.0, 16.0, 474.0, 121.0]]",[],"[[127.0, 217.0, 381.0, 482.0]]"
880_40_2,['<BACKCHANNEL owww!>'],[],"[[5.0, 0.0, 175.0, 91.0]]",[],"[[44.0, 164.0, 104.0, 203.0]]"
888_45_1,"['<INFORM now to move this danger sign to solid ice!> <INFORM a hardmore skater is sure to be in front and will head right for the thin ice!> <BACKCHANNEL heh, heh>']",['that night ...'],"[[2.0, 42.0, 237.0, 260.0]]","[[0.0, 6.0, 229.0, 54.0]]","[[-1.0, -1.0, -1.0, -1.0]]"
896_29_5,"['<POLITENESS_FORMULA congratulations, mr. thompson>. <POLITENESS_FORMULA i hope you and your charming wife will be very happy!>', ""<FEEDBACK charming!> <BACKCHANNEL humph!> <INFORM i'd sooner call a stick charming!> <INFORM but she makes a very respectable front for my real business!>"", ""<INFORM she's homely as sin!> <WHY_QUESTION what- ever did thompson see in that ugly duckling?>""]",['a month later...'],"[[8.0, 26.0, 220.0, 130.0], [206.0, 0.0, 422.0, 149.0], [423.0, 0.0, 539.0, 162.0]]","[[5.0, 1.0, 212.0, 27.0]]","[[97.0, 134.0, 155.0, 185.0], [235.0, 135.0, 289.0, 189.0], [445.0, 230.0, 528.0, 397.0]]"
900_29_3,"[""<FEEDBACK i like the way you talk, kid!> <INFORM you'll get your chance to show me!> <INFORM i'm goin' to send you out with one of my men!> <GREET hey, kramer!>""]",[],"[[0.0, 17.0, 270.0, 123.0]]",[],"[[46.0, 147.0, 261.0, 374.0]]"
908_11_1,['<BACKCHANNEL uh-uhh!> <BACKCHANNEL -h!!>'],['the dle the ht ton kes n a ld eat id s a ered ody nd ting aight t m!!'],"[[336.0, 27.0, 496.0, 157.0]]","[[0.0, 19.0, 46.0, 452.0]]","[[243.0, 144.0, 299.0, 192.0]]"
911_3_3,"[""<YES-NO_QUESTION cops?> <INFORM i thought of that, but if they come around, they might scare the guilty party away.> <INFORM i'd rather have a private eye work on this and clear it up.>"", ""<FEEDBACK all right.> <POLITENESS_FORMULA i'll see what we can do for you.>""]",[],"[[251.0, 62.0, 871.0, 332.0], [606.0, 425.0, 943.0, 635.0]]",[],"[[38.0, 309.0, 259.0, 572.0], [596.0, 642.0, 867.0, 940.0]]"
921_12_5,"[""<INFORM i'm worried about the lieutenant, marty!> <INFORM he should've contacted us by now!> <OFFER maybe if we cruise around the block, we can locate the car that picked him up!>"", '<FEEDBACK okay!> <ORDER get out the tommmy guns-> <INFORM we might run into trouble!>']",[],"[[0.0, 23.0, 320.0, 216.0], [161.0, 188.0, 420.0, 303.0]]",[],"[[-1.0, -1.0, -1.0, -1.0], [-1.0, -1.0, -1.0, -1.0]]"
938_3_4,"['<INFORM the flaw is this.> <INFORM your blood to medical research and practice, is a priceless commodity and-> <INFORM in the present instance...> <INFORM we must use all of it>']",[],"[[47.0, 14.0, 519.0, 172.0]]",[],"[[325.0, 145.0, 456.0, 328.0]]"
942_34_1,"[""<FEEDBACK it's your fault, you meddler!> <INFORM you're one who has ruined my plan that i've worked on for all these years.>"", '<BACKCHANNEL ohh...> <FEEDBACK my wrist!> <INFORM you are truly an evil one!> <INFORM the jungle would never breed such a monster as <GREET you!>>', '<GREET you!> <NOT_CLASSIFIABLE the sight of the whip brings>']","['it a single i turns on', 'even a wild beast will']","[[4.0, 6.0, 181.0, 116.0], [241.0, 11.0, 415.0, 96.0], [164.0, 321.0, 282.0, 370.0]]","[[2.0, 338.0, 94.0, 369.0], [267.0, 332.0, 401.0, 370.0]]","[[62.0, 102.0, 114.0, 147.0], [314.0, 102.0, 382.0, 181.0], [-1.0, -1.0, -1.0, -1.0]]"
944_4_0,"[""<FEEDBACK i'm frightened joey!> <POLITENESS_FORMULA please,> <ORDER quit before something happens!> <INFORM that mike lomak is a--a bully!>"", ""<POLITENESS_FORMULA there--there honey!> <INFORM i gotta work!> <ORDER relax now!> <POLITENESS_FORMULA every-thing's going to be all right!>""]",['lane s a od he the pe at ed y for is ung etty fe ry--d eir by!'],"[[47.0, 20.0, 208.0, 181.0], [201.0, 14.0, 354.0, 174.0]]","[[0.0, 94.0, 50.0, 413.0]]","[[111.0, 198.0, 195.0, 301.0], [215.0, 179.0, 299.0, 276.0]]"
954_54_4,['<BACKCHANNEL oh!> <BACKCHANNEL oh!> <INFORM they must have radioed from the ship!>'],['nearing a pier she is met by a blaze of gunfire'],"[[49.0, 204.0, 175.0, 381.0]]","[[22.0, 8.0, 402.0, 70.0]]","[[168.0, 455.0, 240.0, 521.0]]"
956_19_2,"[""the master's orders will be obeyed""]",['one smiles sardonically and reaches in-to his pocket for a small evil appearing pill box.'],"[[9.0, 114.0, 214.0, 209.0]]","[[0.0, 0.0, 262.0, 154.0]]","[[138.0, 213.0, 218.0, 306.0]]"
958_27_2,['<BACKCHANNEL ow-o-o!>'],"['slowly shuffling forward, the question-mark suddenly snaps out with his right arm!']","[[520.0, 379.0, 688.0, 518.0]]","[[1.0, 8.0, 688.0, 94.0]]","[[449.0, 245.0, 534.0, 325.0]]"
962_3_2,"[""<INFORM they're callin' meatball!!>"", ""<FEEDBACK well this is it, fel-lers!> <INFORM i'm sure gonna hate to leave you guys!>"", '<ORDER keep your chin up!>', '<INFORM were gonna m you too meatbal>']",[],"[[1.0, 2.0, 186.0, 151.0], [164.0, 41.0, 395.0, 246.0], [335.0, 2.0, 506.0, 101.0], [379.0, 127.0, 519.0, 289.0]]",[],"[[34.0, 373.0, 138.0, 478.0], [171.0, 281.0, 276.0, 388.0], [318.0, 275.0, 406.0, 380.0], [321.0, 279.0, 408.0, 380.0]]"
995_11_0,"[""<INFORM bullets don't seem to bother him either!>""]",[],"[[329.0, 561.0, 539.0, 693.0]]",[],"[[271.0, 450.0, 302.0, 491.0]]"
996_4_4,['<FEEDBACK maybe not---> <NOT_CLASSIFIABLE but you.>'],['the force of thought shrinks darrel dane to the tiny figure of the indomitable doll man!'],"[[5.0, 557.0, 196.0, 603.0]]","[[0.0, 20.0, 242.0, 163.0]]","[[-1.0, -1.0, -1.0, -1.0]]"
