dialog,narration,img_id,dialog_bounding_boxes,narration_bounding_boxes,face_bounding_boxes
"[""perhaps queely fell easily to your blade--""]","[""the black panther's superb agility keeps him alive until he's in position to counter-attack...""]",bp_0_0_0,"[[4.0, 107.0, 199.0, 160.0]]","[[2.0, 3.0, 251.0, 101.0]]","[[41.0, 176.0, 214.0, 315.0]]"
"[""-- but you will find the panther a most uncooperative target!""]","['then, with cobra-speed, the black panther strikes back!']",bp_0_0_3,"[[6.0, 56.0, 277.0, 121.0]]","[[6.0, 6.0, 344.0, 51.0]]","[[83.0, 180.0, 200.0, 281.0]]"
"[""i am honored by this gathering of royal panthers! destiny demands that one of you must take command of a dangerous situation!"", ""i'm involved in high finance, n'gass! can you possibly imagine me dashing about with spear and shield?"", ""i hear we've been summoned to deal with some provincial demon!"", ""it's something like that!"", ""a local prankster, no doubt!""]",[],bp_0_100_0,"[[11.0, 7.0, 185.0, 167.0], [248.0, 6.0, 432.0, 130.0], [557.0, 8.0, 757.0, 74.0], [779.0, 9.0, 875.0, 83.0], [669.0, 319.0, 807.0, 373.0]]",[],"[[201.0, 59.0, 256.0, 111.0], [352.0, 125.0, 402.0, 178.0], [496.0, 10.0, 557.0, 66.0], [619.0, 96.0, 724.0, 206.0], [750.0, 99.0, 844.0, 273.0]]"
"[""the demon is real indeed! and, in t'challa's absence, there must be a black panther at the helm in this crisis!"", ""are you suggesting that I fit this image of demon-fighter?!""]",[],bp_0_100_2,"[[13.0, 9.0, 213.0, 122.0], [230.0, 6.0, 428.0, 89.0]]",[],"[[22.0, 139.0, 169.0, 321.0], [214.0, 93.0, 388.0, 261.0]]"
"[""by the sacred panther fetish!"", ""hail, cousin"", ""jakarra!""]",['suddenly...'],bp_0_101_0,"[[112.0, 230.0, 208.0, 304.0], [624.0, 2.0, 816.0, 31.0], [778.0, 36.0, 885.0, 69.0]]","[[5.0, 4.0, 139.0, 31.0]]","[[0.0, 207.0, 106.0, 329.0], [344.0, 24.0, 439.0, 152.0], [779.0, 102.0, 837.0, 170.0]]"
"[""b-but this can't be jakarra --not this repellent creature!!"", ""you see me as vibranium made me, zuni!"", ""n'gassi told the truth! you won't stop him with band-aids, doctor!""]",[],bp_0_101_1,"[[5.0, 4.0, 126.0, 107.0], [140.0, 8.0, 252.0, 90.0], [59.0, 118.0, 224.0, 199.0]]",[],"[[23.0, 268.0, 68.0, 333.0], [260.0, 5.0, 435.0, 402.0], [97.0, 236.0, 141.0, 295.0]]"
"[""wow... some smart alec is projecting hundred of images. my spider webs can't catch what's not real... but how to tell which is the real villain?""]",[],bp_0_102_1,"[[6.0, 5.0, 460.0, 88.0]]",[],"[[118.0, 76.0, 157.0, 118.0]]"
"[""i'd still be airborne and in sight of wakanda territory if i hadn't chanced upon this spoiler!"", ""he caused the wreck of my helicopter!*""]",['*last issue-- jack.'],bp_0_104_3,"[[2.0, 6.0, 232.0, 98.0], [274.0, 12.0, 420.0, 117.0]]","[[117.0, 403.0, 342.0, 433.0]]","[[138.0, 147.0, 202.0, 229.0], [141.0, 148.0, 202.0, 227.0]]"
"[""yet, who will fight harder for his life than the wakandan warrior...though his body is taken from him cell by cell, his spirit yields no ground to the demons of darkness!""]",[],bp_0_105_1,"[[27.0, 5.0, 420.0, 90.0]]",[],"[[114.0, 120.0, 254.0, 246.0]]"
"[""don't scoff at a clown until you catch his entire act!"", ""devious dog! i'll crush you and that device to pulp!""]",[],bp_0_107_4,"[[3.0, 5.0, 160.0, 110.0], [196.0, 10.0, 432.0, 102.0]]",[],"[[-1.0, -1.0, -1.0, -1.0], [256.0, 200.0, 393.0, 304.0]]"
"[""death will be swift, zuni! that disguise can neither hide you nor spare you!"", ""keep him at bay, cousin! i'm almost ready!"", ""that's small comfort, dolt! he's tearing my arms off!""]",[],bp_0_108_3,"[[5.0, 3.0, 154.0, 107.0], [174.0, 2.0, 294.0, 88.0], [299.0, 1.0, 429.0, 93.0]]",[],"[[24.0, 107.0, 107.0, 187.0], [214.0, 85.0, 269.0, 143.0], [333.0, 80.0, 419.0, 147.0]]"
"[""joshua itobo, are you injured?"", ""it seems impossible that any of us should have survived!""]",['a moment of stunned silence follows the fading echoes of violence...'],bp_0_109_4,"[[9.0, 51.0, 193.0, 94.0], [206.0, 52.0, 418.0, 123.0]]","[[3.0, 7.0, 433.0, 45.0]]","[[-1.0, -1.0, -1.0, -1.0], [358.0, 112.0, 435.0, 208.0]]"
"[""but we did!your plan was perfection itself!"", ""it was an act of madness, carried out by four unfit for battle!"", ""you mean four of will and courage!""]",[],bp_0_109_5,"[[2.0, 7.0, 153.0, 78.0], [171.0, 8.0, 309.0, 127.0], [318.0, 19.0, 432.0, 98.0]]",[],"[[62.0, 83.0, 128.0, 144.0], [154.0, 113.0, 212.0, 186.0], [354.0, 108.0, 415.0, 169.0]]"
"[""he can't keep his eye on all off us!!pick him off with a careful shot!!"", ""he moves like a jungle cat, highness, but i'll do my best!""]",[],bp_0_10_5,"[[3.0, 2.0, 226.0, 88.0], [254.0, 4.0, 449.0, 84.0]]",[],"[[31.0, 145.0, 182.0, 347.0], [233.0, 115.0, 433.0, 270.0]]"
"[""i don't know what possessed me to call upon the ruling family in this crisis! look at these expenditures! costumes-- smoke guns-- chemicals-- adhesive--"", ""they've been very secretive these past days.""]","[""meanwhile, in the administrative office of n'gassi, who governs in t'challa's absence...""]",bp_0_110_0,"[[5.0, 70.0, 234.0, 260.0], [263.0, 51.0, 430.0, 111.0]]","[[3.0, 5.0, 433.0, 67.0]]","[[194.0, 129.0, 236.0, 178.0], [369.0, 105.0, 419.0, 158.0]]"
"[""how i wish for his swift return!"", ""there has been fighting in the streets! perhaps the militia has finally finished jakarra!"", ""we'd have had the news at this hour, noble one...""]",[],bp_0_110_4,"[[9.0, 3.0, 187.0, 43.0], [13.0, 59.0, 189.0, 151.0], [243.0, 5.0, 363.0, 85.0]]",[],"[[260.0, 163.0, 321.0, 225.0], [259.0, 162.0, 319.0, 218.0], [348.0, 83.0, 386.0, 139.0]]"
"[""wrong, n'gassi! your unlikely candidates for t'challa's job have done his work!"", ""we are proud to say that the task was accomplished with high risk and minimal injury."", ""joshus itobo refers to my backside... it's really too well padded to suffer badly in a fall!"", ""in short, you old leopard.. we've brought in jakarra! and put an end to his rampage!""]",[],bp_0_111_0,"[[4.0, 2.0, 247.0, 114.0], [252.0, 61.0, 451.0, 179.0], [451.0, 5.0, 693.0, 119.0], [706.0, 7.0, 879.0, 141.0]]",[],"[[107.0, 77.0, 236.0, 234.0], [285.0, 219.0, 408.0, 339.0], [486.0, 105.0, 594.0, 220.0], [727.0, 130.0, 853.0, 261.0]]"
"[""behold, wise one! the riddle of jakarra is now ours to solve without danger to others!"", ""there's only one way to solve this! he must be destroyed at once--!""]",[],bp_0_111_3,"[[0.0, 2.0, 203.0, 104.0], [241.0, 11.0, 428.0, 89.0]]",[],"[[92.0, 167.0, 157.0, 240.0], [249.0, 133.0, 349.0, 222.0]]"
"[""it's the rulling family--!"", ""optimists! they greet the panther in triumph not yet achieved!""]",['suddenly upon entering...'],bp_0_111_4,"[[10.0, 61.0, 107.0, 123.0], [283.0, 4.0, 415.0, 110.0]]","[[3.0, 2.0, 164.0, 41.0]]","[[5.0, 144.0, 79.0, 361.0], [295.0, 238.0, 428.0, 430.0]]"
"[""you mean he isn't on of us? but, that costume?"", ""costume, shmostume! i found him crawlong in the desert -- almost dying of fatigue!"", ""that goes double for his friend--the guy's not only dehydrated but wounded as well."", ""poor man! drink some more of this cold milk--it's very refreshing..."", ""thank you, miss... you're very kind...""]","['meanwhile, in the area known as the sudan...']",bp_0_112_0,"[[6.0, 52.0, 196.0, 108.0], [243.0, 38.0, 480.0, 107.0], [635.0, 5.0, 864.0, 75.0], [716.0, 83.0, 878.0, 200.0], [755.0, 470.0, 887.0, 530.0]]","[[6.0, 6.0, 242.0, 47.0]]","[[73.0, 122.0, 200.0, 273.0], [227.0, 137.0, 348.0, 229.0], [514.0, 23.0, 605.0, 127.0], [645.0, 163.0, 742.0, 284.0], [522.0, 371.0, 625.0, 479.0]]"
"[""but, we've been instucted to keep you here!why not relax and watch us shoot this film."", ""by the sacred panther --you've created another world in this desert!it's fantactic!""]",[],bp_0_113_4,"[[2.0, 4.0, 310.0, 70.0], [197.0, 84.0, 392.0, 179.0]]",[],"[[-1.0, -1.0, -1.0, -1.0], [48.0, 86.0, 424.0, 418.0]]"
"[""as you can see, we lean heavily on costumes and specialized equipment!"", ""i like your fleet of trucks and jeeps. that's a fair-sized motor pool.""]",[],bp_0_114_1,"[[25.0, 2.0, 206.0, 92.0], [254.0, 6.0, 429.0, 86.0]]",[],"[[105.0, 101.0, 152.0, 142.0], [209.0, 90.0, 244.0, 130.0]]"
"[""jiru merely voices my own fears! this is not a common patient-- but an unknown force of mounting power!"", ""that's true... there are definite signs of a rising energy level!"", ""don't you see? jakarra is no longer human!""]",[],bp_0_116_0,"[[7.0, 5.0, 163.0, 159.0], [190.0, 4.0, 410.0, 73.0], [263.0, 62.0, 433.0, 139.0]]",[],"[[29.0, 179.0, 125.0, 315.0], [142.0, 129.0, 283.0, 282.0], [315.0, 130.0, 419.0, 256.0]]"
"[""i say destroy him before he regains his senses!"", ""you forget that i'm a doctor, n'gassi! i cannot take a life!"", ""let him live--and we all die!""]",['at that very moment...'],bp_0_116_4,"[[6.0, 35.0, 161.0, 105.0], [257.0, 19.0, 430.0, 107.0], [270.0, 110.0, 432.0, 154.0]]","[[5.0, 2.0, 245.0, 30.0]]","[[12.0, 112.0, 60.0, 161.0], [201.0, 108.0, 252.0, 159.0], [324.0, 133.0, 382.0, 190.0]]"
"[""mighty t'challa would never have staked the lives of his people on such a foolish hope!"", ""we must prepare for possible disaster!"", ""i believe you're overdramatizing the risks, n'gassi! i'll keep him under control until a cure is found.""]",[],bp_0_117_2,"[[3.0, 3.0, 206.0, 94.0], [98.0, 103.0, 210.0, 202.0], [217.0, 6.0, 428.0, 110.0]]",[],"[[216.0, 206.0, 252.0, 260.0], [218.0, 206.0, 253.0, 262.0], [280.0, 225.0, 319.0, 261.0]]"
"[""i didn't expect this kind of pursuit...but it may be more to my advantage than thiers.""]",[],bp_0_119_3,"[[15.0, 1.0, 318.0, 75.0]]",[],"[[263.0, 56.0, 351.0, 137.0]]"
"[""i am your prisoner! come and get me!""]",[],bp_0_119_5,"[[84.0, 8.0, 208.0, 80.0]]",[],"[[110.0, 108.0, 150.0, 154.0]]"
"[""sorry about this!""]","['risking swift disintegration, the black panther leaps outward and strikes hard with unmatched speed!']",bp_0_11_2,"[[6.0, 138.0, 77.0, 214.0]]","[[5.0, 5.0, 423.0, 114.0]]","[[80.0, 154.0, 164.0, 228.0]]"
"[""surrender to us! you're our prisoner!"", ""that remains to be seen, gentlemen--"", ""if the sudanese authorities want me for questioning, they'll have to wait for a more favorable time!"", ""don't be a fool! we can shoot you for resisting arrest!""]","['and, it is written in the sacred records of the wakandas, that there will come a day when a self-defiled creature of power shall enter the great vibranium mound and cause a never-ending sound of doom! on that day--']",bp_0_120_0,"[[76.0, 283.0, 286.0, 396.0], [350.0, 236.0, 517.0, 308.0], [532.0, 235.0, 680.0, 420.0], [758.0, 572.0, 875.0, 738.0]]","[[13.0, 11.0, 873.0, 69.0]]","[[13.0, 423.0, 100.0, 500.0], [331.0, 378.0, 422.0, 520.0], [329.0, 377.0, 419.0, 518.0], [551.0, 524.0, 701.0, 658.0]]"
"[""to shot the black panther is to strike at the wind!""]",[],bp_0_121_2,"[[5.0, 5.0, 177.0, 97.0]]",[],"[[104.0, 89.0, 183.0, 203.0]]"
"[""those two will blister the air with some choice phrases when they awaken!"", ""but i'll be well out of earshot when that moment comes!""]",[],bp_0_122_5,"[[4.0, 7.0, 181.0, 107.0], [266.0, 9.0, 420.0, 104.0]]",[],"[[222.0, 17.0, 289.0, 104.0], [222.0, 15.0, 287.0, 101.0]]"
"[""he's gone! jakarra's broken out of his fortified chamber!"", ""the cursed one has the power of fifty men!"", ""i tried to warn the rulling family! but, they wouldn't listen!"", ""their disdain for the old ways have opened the door to disaster! i pray that we have the force to stop this demon!"", ""the militia will do its best!""]","['meanwhile, in the hidden domain of the panther cult...']",bp_0_123_0,"[[7.0, 51.0, 226.0, 129.0], [8.0, 132.0, 154.0, 206.0], [367.0, 3.0, 581.0, 75.0], [618.0, 2.0, 866.0, 104.0], [790.0, 91.0, 868.0, 190.0]]","[[6.0, 6.0, 308.0, 47.0]]","[[262.0, 54.0, 321.0, 109.0], [99.0, 166.0, 247.0, 384.0], [380.0, 81.0, 438.0, 153.0], [541.0, 69.0, 603.0, 131.0], [690.0, 102.0, 787.0, 228.0]]"
"[""we should have disobeyed the ruling family and des-troyed that thing while it was in our hands! we should have destroyed it--!"", ""it's too late for hindsight,jiru!""]",[],bp_0_123_2,"[[0.0, 3.0, 316.0, 105.0], [317.0, 4.0, 426.0, 100.0]]",[],"[[5.0, 107.0, 177.0, 322.0], [184.0, 154.0, 428.0, 414.0]]"
"[""stand by me, lady luck! a man needs you most when the road ahead looks clear!""]",[],bp_0_123_4,"[[204.0, 7.0, 392.0, 106.0]]",[],"[[133.0, 85.0, 287.0, 254.0]]"
"[""no--not its slave--but its brother! he goes to become \""one\"" with the great mound!"", ""t'challa save us! that mustn't happen!"", ""if he reaches it, the ancient warnings will come to pass!""]",[],bp_0_124_3,"[[7.0, 1.0, 180.0, 153.0], [234.0, 2.0, 423.0, 65.0], [310.0, 65.0, 430.0, 185.0]]",[],"[[-1.0, -1.0, -1.0, -1.0], [249.0, 219.0, 298.0, 270.0], [381.0, 207.0, 432.0, 270.0]]"
"[""when i gave the order to isolate jakarra for study, i knew there were risks involved --"", ""-- but to kill him would've violated my oath as a doctor!"", ""did you also consider yout duty as a member of the ruling family?""]",[],bp_0_125_1,"[[4.0, 4.0, 210.0, 119.0], [4.0, 122.0, 260.0, 191.0], [214.0, 6.0, 423.0, 104.0]]",[],"[[136.0, 222.0, 189.0, 267.0], [134.0, 224.0, 189.0, 269.0], [267.0, 109.0, 421.0, 394.0]]"
"[""the vibranium change has given jakarra a new advantage! he's invulnerable to our weapons!"", ""and that's not the only change!watch his hands!"", ""his palms are glowing like white got coals!""]",[],bp_0_125_3,"[[10.0, 5.0, 294.0, 84.0], [134.0, 87.0, 284.0, 192.0], [300.0, 2.0, 427.0, 84.0]]",[],"[[-1.0, -1.0, -1.0, -1.0], [-1.0, -1.0, -1.0, -1.0], [-1.0, -1.0, -1.0, -1.0]]"
"[""from an intensive study of microscopic samples of jakarra's tissue, i was able to make a chemical breakdown of the vibranium infection!""]",[],bp_0_126_1,"[[157.0, 5.0, 429.0, 129.0]]",[],"[[6.0, 7.0, 151.0, 142.0]]"
"[""you're also ruling panthers! --and despite this fact, you must move while hope remains!"", ""that's the good news! we've got one slim chance to avert this catastrophe: my anti-sonic toxin!!""]",[],bp_0_126_3,"[[4.0, 6.0, 205.0, 124.0], [217.0, 3.0, 420.0, 151.0]]",[],"[[15.0, 138.0, 129.0, 293.0], [192.0, 143.0, 388.0, 364.0]]"
"[""open your granite jaws, great pather! -- and take a wandering cub to the safety of your heart!""]","[""t'challa transmits a radio signal on a frequency given only to wakandan pilots...""]",bp_0_128_3,"[[3.0, 96.0, 199.0, 240.0]]","[[2.0, 5.0, 246.0, 81.0]]","[[139.0, 279.0, 151.0, 287.0]]"
"[""keep moving!keep moving!the militia must have room to maneuver!"", ""they'll never stop jakarra!"", ""hurry, children!he's comming this way"", ""the black panther should be here!where is he when his people have need of his mighty arm!??""]","[""but t'challa is unaware of the desperate situation that lies before him...""]",bp_0_129_0,"[[4.0, 52.0, 186.0, 142.0], [202.0, 124.0, 343.0, 181.0], [384.0, 45.0, 500.0, 166.0], [610.0, 7.0, 848.0, 93.0]]","[[2.0, 3.0, 459.0, 45.0]]","[[43.0, 148.0, 104.0, 196.0], [226.0, 191.0, 256.0, 219.0], [384.0, 157.0, 442.0, 224.0], [519.0, 169.0, 563.0, 211.0]]"
"[""never mind those civilians! get the special squad up here on the double!"", ""they're ready! stand back-- let them do their job!""]",[],bp_0_129_1,"[[7.0, 5.0, 225.0, 104.0], [233.0, 3.0, 431.0, 104.0]]",[],"[[-1.0, -1.0, -1.0, -1.0], [312.0, 137.0, 432.0, 307.0]]"
"[""very well! you've taken the gun! now use it! use it on him before it's too late!!"", ""no!we've got to face this as civilized human beings!""]",[],bp_0_12_0,"[[12.0, 10.0, 292.0, 124.0], [365.0, 11.0, 565.0, 103.0]]",[],"[[92.0, 173.0, 275.0, 379.0], [329.0, 116.0, 550.0, 353.0]]"
"[""you must be joking! he looks upon us as we regard pet monkeys!"", ""it's a gap we'll have to narrow somehow! we've got to send him back to his own time!"", ""and there is only one way to do it!""]",[],bp_0_12_2,"[[10.0, 10.0, 240.0, 131.0], [305.0, 6.0, 568.0, 161.0], [292.0, 152.0, 530.0, 244.0]]",[],"[[-1.0, -1.0, -1.0, -1.0], [3.0, 168.0, 575.0, 578.0], [3.0, 172.0, 575.0, 578.0]]"
"[""it's a man, all right!--a man from the \""sixth era\""-- wherever that may be in time!"", ""he's man as he will be in the far distant future -- all brain!"", ""then, that's the spot to shoot at!""]",[],bp_0_12_3,"[[20.0, 2.0, 492.0, 82.0], [226.0, 96.0, 412.0, 266.0], [437.0, 62.0, 575.0, 163.0]]",[],"[[80.0, 101.0, 229.0, 319.0], [85.0, 105.0, 230.0, 319.0], [415.0, 202.0, 482.0, 276.0]]"
"[""t'challa--! it's t'challa!"", ""i'll take over now!"", ""but what are you going to do?"", ""we want to help!""]",['suddenly...'],bp_0_131_0,"[[31.0, 36.0, 181.0, 118.0], [491.0, 9.0, 602.0, 44.0], [669.0, 10.0, 797.0, 58.0], [812.0, 11.0, 871.0, 78.0]]","[[5.0, 6.0, 133.0, 34.0]]","[[216.0, 41.0, 268.0, 96.0], [387.0, 23.0, 455.0, 112.0], [652.0, 33.0, 694.0, 86.0], [787.0, 61.0, 830.0, 121.0]]"
"[""you know what will happen if he reaches the mound!"", ""i know what will happen if we reach him!"", ""well, we can't stay here and do nothing!""]",[],bp_0_131_1,"[[10.0, 10.0, 128.0, 92.0], [138.0, 10.0, 270.0, 75.0], [295.0, 6.0, 440.0, 79.0]]",[],"[[13.0, 217.0, 103.0, 307.0], [101.0, 134.0, 175.0, 201.0], [302.0, 53.0, 346.0, 88.0]]"
"[""you took the injector! return it to me, t'challa!only i can use it properly--!"", ""wrong, cousin! n'gassi briefed me on what you were up to!""]",[],bp_0_131_2,"[[2.0, 3.0, 167.0, 134.0], [173.0, 3.0, 387.0, 87.0]]",[],"[[-1.0, -1.0, -1.0, -1.0], [232.0, 65.0, 291.0, 142.0]]"
"[""now he's no longer human! a deadly thing to be dealt with at great risk!""]",[],bp_0_132_4,"[[2.0, 5.0, 181.0, 126.0]]",[],"[[178.0, 124.0, 248.0, 206.0]]"
"[""a giant shock wave will come next!""]",[],bp_0_133_1,"[[299.0, 96.0, 422.0, 213.0]]",[],"[[-1.0, -1.0, -1.0, -1.0]]"
"[""i've got to--ugh!""]",[],bp_0_133_4,"[[50.0, 16.0, 180.0, 70.0]]",[],"[[62.0, 103.0, 155.0, 200.0]]"
"[""spirits of the ancestors-- one would almost think he wanted to be assaulted!""]",[],bp_0_136_0,"[[0.0, 2.0, 203.0, 37.0]]",[],"[[71.0, 59.0, 135.0, 158.0]]"
"[""all right, mister--turn around, slow. we don't wanna hurt ya, we only want your money."", ""c'mon, man-- hand it over!"", ""hey, levon-- the dude look like he want to put up a fight!"", ""young jackals, i have something to give you-- but it isn't money!""]",[],bp_0_137_0,"[[3.0, 2.0, 194.0, 81.0], [552.0, 4.0, 677.0, 43.0], [699.0, 7.0, 867.0, 74.0], [166.0, 357.0, 388.0, 430.0]]",[],"[[-1.0, -1.0, -1.0, -1.0], [-1.0, -1.0, -1.0, -1.0], [594.0, 131.0, 646.0, 187.0], [159.0, 111.0, 204.0, 163.0]]"
"[""-- yes! klaw, the master of sound..my oldest and most deadly foe!"", ""there's not a mark on him-- but he seems to be in a coma!"", ""that's not logical though.klaw can't be harmed by a mere gunshot!""]",[],bp_0_138_2,"[[4.0, 3.0, 155.0, 119.0], [6.0, 108.0, 148.0, 246.0], [233.0, 313.0, 432.0, 423.0]]",[],"[[-1.0, -1.0, -1.0, -1.0], [-1.0, -1.0, -1.0, -1.0], [-1.0, -1.0, -1.0, -1.0]]"
"[""listen, jackie--you got the electronic know-how to build me the weapon i need! you gonna build it, dig?"", ""y-yes.""]",[],bp_0_141_5,"[[4.0, 6.0, 196.0, 107.0], [125.0, 417.0, 191.0, 461.0]]",[],"[[5.0, 119.0, 82.0, 359.0], [96.0, 188.0, 197.0, 403.0]]"
"[""my country is not in the market for advisors -- either cuban or american! we merely wish to know -- the world outside!""]",[],bp_0_143_2,"[[5.0, 6.0, 309.0, 85.0]]",[],"[[6.0, 93.0, 324.0, 433.0]]"
"[""what should we tell the secretary?""]",[],bp_0_143_4,"[[47.0, 2.0, 197.0, 62.0]]",[],"[[70.0, 115.0, 200.0, 283.0]]"
"[""well, t'challa... only in business a week, and i see you've already gotten some pretty high-powered visitors."", ""right. old aubrey pearson's one of cyrus vance's toughest negotiators."", ""oh he went pretty easy on me, cap.""]",[],bp_0_144_2,"[[7.0, 5.0, 157.0, 127.0], [172.0, 5.0, 476.0, 58.0], [478.0, 6.0, 589.0, 53.0]]",[],"[[133.0, 100.0, 215.0, 211.0], [403.0, 84.0, 478.0, 182.0], [483.0, 79.0, 579.0, 174.0]]"
"[""this way, ladies and gentlemen.""]",[],bp_0_144_3,"[[6.0, 6.0, 119.0, 61.0]]",[],"[[94.0, 90.0, 159.0, 169.0]]"
"[""fortunately, i can escape the pressures in my own way -- up here..."", ""... as far beyond telephones and meetings as i would be in africa's most remote jungle wilderness"", ""it's a shame that new york's inhabitants can't see their city from this perspective!it's so beautiful -- almost fragile looking!""]",[],bp_0_145_0,"[[495.0, 5.0, 861.0, 39.0], [701.0, 255.0, 868.0, 358.0], [368.0, 328.0, 709.0, 401.0]]",[],"[[665.0, 84.0, 680.0, 101.0], [667.0, 84.0, 679.0, 102.0], [669.0, 88.0, 682.0, 100.0]]"
"[""i can understand cap's misgivings. the danger posed by visionary leaders of great power is one of history's recurring lessons."", ""for every mohammed or simon bolivar, there's been a hitler or attila.""]","[""the avengers leave, and shortly, a sleek form takes to the city's rooftops.""]",bp_0_145_1,"[[5.0, 361.0, 285.0, 446.0], [336.0, 7.0, 498.0, 106.0]]","[[4.0, 4.0, 265.0, 54.0]]","[[93.0, 158.0, 121.0, 177.0], [314.0, 193.0, 357.0, 224.0]]"
"[""wait!one of those people...""]",[],bp_0_145_5,"[[66.0, 4.0, 158.0, 70.0]]",[],"[[2.0, 119.0, 143.0, 450.0]]"
"[""and the shockwave from the bullet put him into this statis, eh?"", ""it's a theory. the experts in wakanda will make the final analysis!"", ""in wakanda? after all these years you want to take him back there?"", ""yes! it's about time! wakandan scientists will find a way to revive klaw, and he can stand trial...""]",[],bp_0_149_0,"[[156.0, 1.0, 310.0, 114.0], [5.0, 311.0, 176.0, 423.0], [403.0, 2.0, 601.0, 79.0], [613.0, 4.0, 874.0, 74.0]]",[],"[[291.0, 26.0, 385.0, 143.0], [24.0, 1.0, 165.0, 141.0], [300.0, 26.0, 380.0, 144.0], [538.0, 74.0, 860.0, 390.0]]"
"[""Here it is, you insufferable little pipsqueak! my men should have aimed at this, insted of your chest!"", ""princess zanda! so--you and your scurrilous knaves were waiting in ambush for us!""]",[],bp_0_14_3,"[[5.0, 7.0, 232.0, 175.0], [337.0, 4.0, 557.0, 137.0]]",[],"[[-1.0, -1.0, -1.0, -1.0], [342.0, 192.0, 476.0, 359.0]]"
"[""my shield seems to have no effect on it! what's this creature made of?!"", ""get away, t'challa-- warn the avengers!"", ""you're wrong about your shield, cap-- it made the monster release me!*""]","['if the panther were to reply, the answer would seem unbelievable!', 'as it is, the jungle king is too busy trying to think of a way to defeat a beast made of pure solidified sound!', '* b. p. # 14 -- r.']",bp_0_154_0,"[[11.0, 4.0, 198.0, 88.0], [771.0, 7.0, 881.0, 79.0], [767.0, 483.0, 877.0, 625.0]]","[[5.0, 277.0, 168.0, 365.0], [461.0, 4.0, 756.0, 88.0], [753.0, 628.0, 874.0, 650.0]]","[[321.0, 109.0, 383.0, 168.0], [669.0, 104.0, 745.0, 170.0], [649.0, 549.0, 683.0, 589.0]]"
"[""fool! i don't need my soni-claw to defeat the likes of you!""]",[],bp_0_155_2,"[[233.0, 3.0, 405.0, 93.0]]",[],"[[314.0, 216.0, 351.0, 257.0]]"
"[""face it, avenger-- you're wearing down! not even your android body can withstand constant pounding sound assaults!"", ""perhabs --but how long can you sustain such and energy output?""]",['holding action...'],bp_0_156_3,"[[3.0, 312.0, 251.0, 392.0], [260.0, 300.0, 379.0, 392.0]]","[[2.0, 0.0, 180.0, 17.0]]","[[101.0, 47.0, 158.0, 100.0], [182.0, 40.0, 236.0, 79.0]]"
"[""as you can see, i am qeuipped to return force for force!"", ""so-- you would use my own power against me! i am well acquainted with the uses of sonic feedback as a defensive weapon"", ""... but let us see if you can defend yourself against this!"", ""spirits of the ancestors! klaw's strength is more than i'd expected""]",[],bp_0_157_0,"[[7.0, 5.0, 130.0, 110.0], [4.0, 244.0, 150.0, 433.0], [325.0, 599.0, 451.0, 751.0], [279.0, 789.0, 461.0, 878.0]]",[],"[[-1.0, -1.0, -1.0, -1.0], [209.0, 492.0, 253.0, 536.0], [207.0, 488.0, 254.0, 537.0], [81.0, 614.0, 220.0, 782.0]]"
"[""it's vanishing into the source from which it came! his brain!!"", ""he was dreaming!"", ""and we were witness to it!""]",[],bp_0_18_0,"[[5.0, 6.0, 383.0, 82.0], [416.0, 7.0, 580.0, 65.0], [439.0, 86.0, 654.0, 168.0]]",[],"[[89.0, 92.0, 162.0, 177.0], [215.0, 95.0, 313.0, 194.0], [563.0, 173.0, 645.0, 261.0]]"
"[""finish the count ya bum!"", ""how did you wall-crawler?"", ""never mind the count! i'll finish the referee, alias the foe."", ""you're the only ref i know know who can only count to two."", ""so enjoy the fudgy icing while you can ref... because you're going from a ring to a square. a square witch bars on it."", ""thanks, web-puncher these hostess cup cakes are a knockout too.""]",[],bp_0_19_0,"[[252.0, 7.0, 399.0, 87.0], [188.0, 204.0, 332.0, 301.0], [434.0, 6.0, 654.0, 120.0], [436.0, 128.0, 620.0, 244.0], [690.0, 7.0, 1020.0, 141.0], [997.0, 9.0, 1181.0, 136.0]]",[],"[[364.0, 147.0, 418.0, 215.0], [319.0, 237.0, 465.0, 384.0], [537.0, 215.0, 655.0, 371.0], [538.0, 216.0, 655.0, 367.0], [841.0, 127.0, 974.0, 302.0], [1030.0, 117.0, 1185.0, 306.0]]"
"[""the chief mentioned that the place was deserted, but that doesnt seem to be the case!"", ""maybe she thinks its a hotel or something!""]",[],0_19_3,"[[2.0, 19.0, 278.0, 144.0], [256.0, 19.0, 519.0, 110.0]]",[],"[[119.0, 237.0, 208.0, 355.0], [194.0, 406.0, 279.0, 505.0]]"
"[""oh, well .. I suppose I demonstrated that courage is not lacking in the twentieth century man!"", ""huh! I wonder what your chances would have been had that thing regained its senses!"", ""enough, you to! we've got to make the most of each. minute! there are dicisions to be made! there's work to be done!!""]",['when mister little overcomes his shock...'],bp_0_20_0,"[[9.0, 66.0, 308.0, 181.0], [324.0, 6.0, 539.0, 185.0], [694.0, 2.0, 968.0, 195.0]]","[[6.0, 4.0, 321.0, 53.0]]","[[215.0, 187.0, 420.0, 429.0], [544.0, 62.0, 632.0, 201.0], [975.0, 3.0, 1176.0, 326.0]]"
"[""that creature wouldn't be on our hands if it weren't for zanda's meddling -- and her insatiable greed!!"", ""you horrible little ant! when this is over -- i'll -- i'll --!!"", ""save it! we're gliding into africa!!""]",[],bp_0_21_0,"[[9.0, 8.0, 226.0, 139.0], [231.0, 9.0, 460.0, 71.0], [268.0, 86.0, 375.0, 183.0]]",[],"[[-1.0, -1.0, -1.0, -1.0], [117.0, 149.0, 215.0, 247.0], [-1.0, -1.0, -1.0, -1.0]]"
"[""you must have read your map wrong! we'll crash into that mountain wall if i don't pull up the nose of this plane"", ""no! i'm never wrong!"", ""it is imperative that we maintain this precise altitude!""]","['suddenly, the sky is blotted out by a great wall of granite which looms in the path of the onrushing multi-plane...']",bp_0_21_2,"[[10.0, 275.0, 201.0, 462.0], [336.0, 318.0, 455.0, 384.0], [303.0, 385.0, 455.0, 513.0]]","[[29.0, 23.0, 406.0, 102.0]]","[[-1.0, -1.0, -1.0, -1.0], [-1.0, -1.0, -1.0, -1.0], [-1.0, -1.0, -1.0, -1.0]]"
"[""disappoint you! but id probably give you\tindigestion!""]",[],0_21_4,"[[7.0, 0.0, 201.0, 127.0]]",[],"[[124.0, 284.0, 175.0, 320.0]]"
"[""we did it, by george! we're alive!"", ""you're infallible, mister little!""]","['mister little, as always, proves himself right! At the moment of impact, the mountain wall slides open to receive the speeding craft within a huge stone corridor...']",bp_0_22_3,"[[127.0, 106.0, 211.0, 196.0], [291.0, 124.0, 417.0, 203.0]]","[[4.0, 4.0, 444.0, 98.0]]","[[-1.0, -1.0, -1.0, -1.0], [-1.0, -1.0, -1.0, -1.0]]"
"[""as a collecting enthusiast, i bow to a clever but unscrupulous colleague!"", ""i lost five good mechanics before i learned the secret!"", ""postpone the small talk! we've got to get on with the search!""]",[],bp_0_26_0,"[[7.0, 7.0, 191.0, 97.0], [59.0, 121.0, 207.0, 219.0], [338.0, 7.0, 455.0, 156.0]]",[],"[[103.0, 237.0, 170.0, 314.0], [223.0, 27.0, 291.0, 96.0], [302.0, 238.0, 464.0, 458.0]]"
"[""foolish fellow! you acted before i could warn you! king solomon's tomb is secured by complex forces"", ""high voltage forces i'd say! if not for my protective gloves, i'd be dead at this moment!""]",[],bp_0_26_1,"[[9.0, 7.0, 205.0, 132.0], [240.0, 6.0, 448.0, 118.0]]",[],"[[12.0, 239.0, 118.0, 399.0], [184.0, 102.0, 319.0, 269.0]]"
"[""i-it's certainly dark in there-!"", ""i can't see a thing!""]","['realizing the necessity for caution, the black panther slowly enters the adjoining chamber...']",bp_0_26_2,"[[290.0, 77.0, 458.0, 119.0], [363.0, 118.0, 436.0, 220.0]]","[[4.0, 5.0, 456.0, 65.0]]","[[105.0, 130.0, 344.0, 462.0], [103.0, 129.0, 342.0, 460.0]]"
"[""you fools are wasting precious time! that's and ancient wizards lock! i have one in my collection of rare artifacts!"", ""that's fine, princess... but, can you open it!?"", ""a fair question... wouldn't you say so, my dear zanda?""]",[],bp_0_26_3,"[[17.0, 12.0, 206.0, 160.0], [302.0, 10.0, 429.0, 82.0], [344.0, 107.0, 444.0, 233.0]]",[],"[[21.0, 104.0, 101.0, 453.0], [227.0, 105.0, 302.0, 194.0], [301.0, 276.0, 397.0, 387.0]]"
"[""she did it!the door is opening!we've got it made!"", ""well bless my stars!!the lady is not without talent, after all!""]",[],bp_0_26_5,"[[6.0, 6.0, 184.0, 85.0], [304.0, 1.0, 452.0, 128.0]]",[],"[[-1.0, -1.0, -1.0, -1.0], [-1.0, -1.0, -1.0, -1.0]]"
"[""it must be done! i've got to put this behemoth down!""]",[],bp_0_27_4,"[[293.0, 20.0, 448.0, 117.0]]",[],"[[182.0, 52.0, 299.0, 222.0]]"
"[""thats just what i was going to ask you! wh where did you get this ? wh who are you ?"", ""billions is the name!joshua t. billions! this is just part of a treasure i buried on amos island back in my seafaring days!""]",[],0_27_5,"[[16.0, 1.0, 291.0, 133.0], [268.0, 2.0, 591.0, 164.0]]",[],"[[256.0, 284.0, 364.0, 408.0], [480.0, 225.0, 563.0, 346.0]]"
"[""i'll--eradicate--you!--like--vermin--!"", ""yeoow!!""]",['mister little backtracks slowly. then ne breaks into a run...'],bp_0_28_0,"[[181.0, 41.0, 355.0, 99.0], [287.0, 102.0, 415.0, 135.0]]","[[7.0, 6.0, 455.0, 64.0]]","[[-1.0, -1.0, -1.0, -1.0], [-1.0, -1.0, -1.0, -1.0]]"
"[""you-! you did -- this -- to -- me--! little animal--!"", ""i-it was only meant to calm you, sir-- so we could-- heh heh --communicate-!"", ""i'm afreaid he wasn't too thrilled by that reply!""]",[],bp_0_28_2,"[[5.0, 2.0, 170.0, 113.0], [220.0, 5.0, 456.0, 86.0], [275.0, 93.0, 438.0, 192.0]]",[],"[[-1.0, -1.0, -1.0, -1.0], [136.0, 67.0, 201.0, 129.0], [136.0, 66.0, 200.0, 129.0]]"
"[""the odds against the black panther are formidable! if he's defeated, we'll be trapped here--"", ""it's time to take a risk!-- an extremely chancy risk!-- but, it could work in our favor!""]",[],bp_0_28_3,"[[55.0, 6.0, 359.0, 79.0], [199.0, 84.0, 422.0, 202.0]]",[],"[[138.0, 165.0, 277.0, 295.0], [137.0, 164.0, 274.0, 294.0]]"
"[""what's this all about, mister little? i didn't pursue that man because i sense that his capture is certain -- because he's a frightened stranger among us."", ""because he's the real mccoy my boy! a living warrior plucked from antiquity and transplanted this century!""]",[],bp_0_2_1,"[[5.0, 2.0, 455.0, 83.0], [229.0, 113.0, 442.0, 245.0]]",[],"[[62.0, 109.0, 199.0, 258.0], [321.0, 289.0, 427.0, 361.0]]"
"[""get down. i said!""]",[],bp_0_30_0,"[[18.0, 53.0, 185.0, 113.0]]",[],"[[411.0, 199.0, 480.0, 272.0]]"
"[""fools! they've only exchanged one form of danger for another..."", ""bothersome--fleas--! you--won't--escape--this--time!"", ""got any new ideas, mister little? we may only have time for one more!"", ""w-we can't die, now!--not when we're so close to our goal-!""]",['but there is still another danger to be reckoned with! -- perhaps a greater menace anything the ancient past could unleash...'],bp_0_31_0,"[[62.0, 138.0, 228.0, 246.0], [428.0, 1.0, 619.0, 86.0], [684.0, 4.0, 881.0, 81.0], [760.0, 103.0, 881.0, 181.0]]","[[2.0, 4.0, 326.0, 99.0]]","[[3.0, 267.0, 74.0, 346.0], [268.0, 43.0, 466.0, 297.0], [684.0, 130.0, 764.0, 205.0], [857.0, 204.0, 881.0, 265.0]]"
"[""i'll stop him!"", ""zanda!!"", ""drop it and run!"", ""he's got a disintegrator eye in the back of his head!""]",['princess zanda suddenly datrs from hiding. she holds a large stone high above her head...'],bp_0_31_1,"[[3.0, 74.0, 74.0, 138.0], [86.0, 85.0, 177.0, 118.0], [181.0, 75.0, 238.0, 152.0], [240.0, 73.0, 418.0, 148.0]]","[[5.0, 5.0, 410.0, 66.0]]","[[23.0, 243.0, 111.0, 324.0], [-1.0, -1.0, -1.0, -1.0], [-1.0, -1.0, -1.0, -1.0], [-1.0, -1.0, -1.0, -1.0]]"
"[""the treasure!nothing can keep me from it!"", ""i-it's all there!"", ""--for the taking!"", ""forget your greed!"", ""if our friend here regains his full faculties, we're doomed!""]","['it is a sight seen by few others in the course of passing centuries. although the survivors boasted of their claims to the marvels within the crypt, they soon joined their predecessors in death-- a fate destined for all defilers of the crypt! the black panther and his companions risk another blast to answer the irresistible attraction of the treasure...']",bp_0_32_0,"[[92.0, 814.0, 231.0, 920.0], [286.0, 637.0, 370.0, 711.0], [416.0, 664.0, 500.0, 739.0], [598.0, 785.0, 698.0, 861.0], [645.0, 828.0, 820.0, 923.0]]","[[4.0, 7.0, 759.0, 121.0]]","[[289.0, 827.0, 325.0, 861.0], [375.0, 706.0, 403.0, 732.0], [375.0, 706.0, 405.0, 734.0], [535.0, 786.0, 569.0, 827.0], [536.0, 789.0, 568.0, 823.0]]"
"[""Curse this thing from the ages to come!""]","['even as it destroys the stone, the deadly disintegrating ray strikes a far wall and continues its terrifying work ...']",bp_0_32_1,"[[74.0, 357.0, 224.0, 443.0]]","[[5.0, 5.0, 461.0, 63.0]]","[[277.0, 399.0, 319.0, 438.0]]"
"[""diamonds, pearls, jeweled crowns and cups of gold! there is enough treasure here to random a hundred kingdoms!"", ""by the stars! each ertifact in this crypt is of priceless value!"", ""have you two gone mad!? don't you realize that death is at our very heels!?"", ""we've got work to do-!""]",[],bp_0_33_0,"[[3.0, 3.0, 317.0, 102.0], [425.0, 5.0, 597.0, 129.0], [623.0, 4.0, 936.0, 76.0], [832.0, 68.0, 937.0, 128.0]]",[],"[[94.0, 91.0, 154.0, 149.0], [424.0, 122.0, 515.0, 275.0], [767.0, 53.0, 818.0, 124.0], [767.0, 52.0, 816.0, 123.0]]"
"[""ugh--!"", ""let's make tracks!""]",['a grim reminder comes a split second later! the chamber is rocked by a sharp explosion'],bp_0_33_3,"[[142.0, 75.0, 216.0, 102.0], [293.0, 147.0, 380.0, 212.0]]","[[6.0, 4.0, 423.0, 63.0]]","[[79.0, 203.0, 136.0, 245.0], [372.0, 250.0, 463.0, 397.0]]"
"[""i-it ins't fair! that thing will destroy everything!"", ""not if we can find the twin to the brass frog mister little carries on his person!""]","['assisting hiw two stunned companions, the black panther retreats inte the inner recesses of the treasure chamber...']",bp_0_33_4,"[[45.0, 78.0, 202.0, 142.0], [244.0, 75.0, 446.0, 161.0]]","[[10.0, 6.0, 458.0, 65.0]]","[[-1.0, -1.0, -1.0, -1.0], [-1.0, -1.0, -1.0, -1.0]]"
"[""we did it none too soon! there were only seconds to spare!"", ""flashing comets!! this was too close for comfort!!"", ""our lives meant nothing to him! we would have died like insects!"", ""let's face it. the man belonged to another time-- another place--! let's hope that he stays there!""]",[],bp_0_34_0,"[[6.0, 8.0, 176.0, 102.0], [4.0, 126.0, 109.0, 250.0], [186.0, 2.0, 349.0, 124.0], [392.0, 4.0, 620.0, 143.0]]",[],"[[47.0, 323.0, 201.0, 477.0], [47.0, 323.0, 201.0, 471.0], [134.0, 140.0, 218.0, 238.0], [359.0, 69.0, 490.0, 236.0]]"
"[""he's not going to make it! our only chance may be to run!"", ""what are you up to now!?"", ""i'm testing another of these objects! don't interfere, princess zanda!""]",[],bp_0_35_2,"[[1.0, 1.0, 183.0, 79.0], [100.0, 80.0, 209.0, 181.0], [197.0, 2.0, 439.0, 95.0]]",[],"[[12.0, 103.0, 118.0, 225.0], [9.0, 102.0, 118.0, 223.0], [158.0, 94.0, 353.0, 318.0]]"
"[""poor girl! no wonder shes shy and retiring!""]",[],bp_0_35_3,"[[37.0, 26.0, 318.0, 129.0]]",[],"[[114.0, 296.0, 304.0, 554.0]]"
"[""i'm afraid they're gone for good!"", ""don't give up so easily, sir! you've got woozy winks, one-man bureau of missing persons at your service!""]",[],0_35_4,"[[66.0, 14.0, 274.0, 107.0], [207.0, 14.0, 483.0, 181.0]]",[],"[[134.0, 159.0, 229.0, 286.0], [270.0, 205.0, 386.0, 351.0]]"
"[""hasn't it sunk into your clouded minds that this plice is one big mine field?!! each ornament here may strike us with lethal force at any given moment!"", ""each of us must help the others keep their head!""]",[],bp_0_36_0,"[[9.0, 6.0, 366.0, 217.0], [289.0, 62.0, 387.0, 202.0]]",[],"[[85.0, 79.0, 314.0, 311.0], [85.0, 79.0, 314.0, 308.0]]"
"[""see here, young fellow! you've no right to snatch that artifact! it's mine -- by right of possession!"", ""you two collectors have meddled enough with the objects in this tomb!""]",[],bp_0_36_4,"[[5.0, 4.0, 171.0, 154.0], [284.0, 3.0, 425.0, 130.0]]",[],"[[12.0, 203.0, 195.0, 376.0], [203.0, 24.0, 304.0, 166.0]]"
"[""yes, that's so! abner little is prone to the collector's syndrone but he does keep his word!"", ""well, i made no such promise! i claim them as mine!""]",[],bp_0_37_2,"[[4.0, 5.0, 191.0, 123.0], [200.0, 8.0, 403.0, 82.0]]",[],"[[14.0, 131.0, 148.0, 283.0], [290.0, 61.0, 403.0, 171.0]]"
"[""there! it can be nothing more than the chariot itself! if we can make it work...!"", ""why not! everything works only too well in this tomb!""]","['with no choice but to blindly seek escape, the black panther obeys mister little and finds the chamber...']",bp_0_38_0,"[[4.0, 71.0, 176.0, 192.0], [229.0, 63.0, 444.0, 124.0]]","[[3.0, 3.0, 512.0, 58.0]]","[[50.0, 245.0, 95.0, 291.0], [168.0, 119.0, 215.0, 149.0]]"
"[""don't crowd me, mister little! i don't know what this thing can do!"", ""if i push the wrong button, i could possibly blow us and this wagon to kingdom come!"", ""however, time is short! here we go!!""]",[],bp_0_38_1,"[[5.0, 5.0, 148.0, 139.0], [183.0, 7.0, 424.0, 101.0], [311.0, 116.0, 431.0, 257.0]]",[],"[[34.0, 107.0, 309.0, 432.0], [37.0, 111.0, 308.0, 431.0], [37.0, 111.0, 308.0, 431.0]]"
"[""the ancient builders were too proud to leave an inoperable object behind them! this thing is ready to run! i can sense it!"", ""there are just two hand bars with a button on each..."", ""push one of the buttons!""]",[],bp_0_38_3,"[[11.0, 3.0, 222.0, 131.0], [259.0, 5.0, 424.0, 95.0], [313.0, 101.0, 424.0, 162.0]]",[],"[[24.0, 168.0, 108.0, 274.0], [212.0, 133.0, 293.0, 244.0], [348.0, 170.0, 421.0, 269.0]]"
"[""i pay my army of servitors well! they are always on hand when they're needed!"", ""you-you scheming female! you intended to hijack whatever we found in the burial chamber!""]",[],bp_0_39_0,"[[10.0, 0.0, 296.0, 81.0], [200.0, 90.0, 415.0, 207.0]]",[],"[[19.0, 55.0, 111.0, 156.0], [193.0, 267.0, 387.0, 430.0]]"
"[""but you must see this through, my friend! i don't intend to keep the brass frog. it must be returned to its original resting place--king solomon's burial chamber!!"", ""w-what!? you've gone crazy, mister little! an army of fools has died following that fairy tale!!""]",[],bp_0_3_3,"[[12.0, 9.0, 311.0, 131.0], [275.0, 246.0, 457.0, 366.0]]",[],"[[-1.0, -1.0, -1.0, -1.0], [-1.0, -1.0, -1.0, -1.0]]"
"[""ah i feel better already! now for a brisk walk to calm my jangled nerves!""]",[],bp_0_3_4,"[[16.0, 35.0, 328.0, 160.0]]",[],"[[187.0, 233.0, 254.0, 295.0]]"
"[""is something wrong with the chariot?"", ""yes...what's all this pushing and shoving about? have you gone mad!?"", ""this old tub is making engine noises i don't like! now follow the princess! there's not much time!""]",[],bp_0_40_0,"[[283.0, 12.0, 465.0, 94.0], [520.0, 30.0, 703.0, 152.0], [716.0, 10.0, 881.0, 179.0]]",[],"[[-1.0, -1.0, -1.0, -1.0], [425.0, 104.0, 517.0, 205.0], [673.0, 265.0, 780.0, 353.0]]"
"[""this is some kinda trick!"", ""if what i suspect is true... this may be my last one!""]",[],bp_0_40_3,"[[4.0, 19.0, 90.0, 125.0], [140.0, 4.0, 328.0, 81.0]]",[],"[[-1.0, -1.0, -1.0, -1.0], [186.0, 96.0, 245.0, 174.0]]"
"[""i've had a fantastic time in your company, mister little, but i think it's time that i moved on to other pursuits."", ""does princess zanda know that you're checking out of these plush diggings?""]","['days later, at the royal palace in the exotic capital of narobia...']",bp_0_41_0,"[[397.0, 7.0, 642.0, 100.0], [684.0, 7.0, 864.0, 93.0]]","[[8.0, 4.0, 215.0, 79.0]]","[[229.0, 0.0, 359.0, 51.0], [581.0, 134.0, 640.0, 199.0]]"
"[""hundreds of years ago, his clan was driven into exile to an area so remote it was not discovered until this day! the capture of the samurai by one of my raiding parties revealed what the collectors have always suspected!"", ""the collectors, eh? stop right there! i'll have no part in your schemes!"", ""silence!""]",[],bp_0_42_0,"[[12.0, 7.0, 277.0, 176.0], [303.0, 11.0, 431.0, 145.0], [319.0, 183.0, 429.0, 212.0]]",[],"[[-1.0, -1.0, -1.0, -1.0], [116.0, 177.0, 217.0, 311.0], [-1.0, -1.0, -1.0, -1.0]]"
"[""i'm not in the mood to listen to anything... except the word goodbye!"", ""i've had all i can take of this place!"", ""not yet, panther! we didn't test you without reason! you will stay and listen to us!"", ""that was a real samurai you fought! his kind still exists!""]",[],bp_0_42_3,"[[1.0, 3.0, 186.0, 104.0], [17.0, 111.0, 182.0, 187.0], [199.0, 4.0, 423.0, 86.0], [255.0, 87.0, 421.0, 177.0]]",[],"[[3.0, 192.0, 103.0, 400.0], [3.0, 193.0, 100.0, 398.0], [194.0, 183.0, 273.0, 291.0], [335.0, 210.0, 421.0, 303.0]]"
"[""very well... i shall leave you to your silly old map! goodbye, mister little!"", ""wait, black panther! this map is authentic! the samurai city is not a myth!""]",[],bp_0_43_1,"[[7.0, 8.0, 233.0, 81.0], [283.0, 25.0, 429.0, 180.0]]",[],"[[109.0, 72.0, 194.0, 210.0], [342.0, 170.0, 407.0, 234.0]]"
"[""and if you intend to include me in your plans, i'd advise you to forget it!"", ""as a leader of your people you should learn more about the uses of power, t'challa!""]",[],bp_0_45_1,"[[4.0, 6.0, 263.0, 113.0], [281.0, 7.0, 460.0, 150.0]]",[],"[[106.0, 52.0, 174.0, 127.0], [269.0, 67.0, 339.0, 140.0]]"
"[""it's real enough! this samurai's body will soon join the other oddities that grace my collection!"", ""cold blooped female!!""]",[],bp_0_45_3,"[[20.0, 8.0, 261.0, 101.0], [311.0, 8.0, 425.0, 71.0]]",[],"[[-1.0, -1.0, -1.0, -1.0], [-1.0, -1.0, -1.0, -1.0]]"
"[""it's your weird band of collectors who should be kept as curiousities in these tanks! you're no longer human!"", ""oh, we're human, all right! none of us look forward to eventual death!""]",[],bp_0_45_4,"[[16.0, 6.0, 269.0, 115.0], [293.0, 6.0, 451.0, 137.0]]",[],"[[106.0, 169.0, 233.0, 312.0], [249.0, 119.0, 371.0, 220.0]]"
"[""i can do that --with one such as you!"", ""can you??can you really give, instead of take!?""]",[],bp_0_46_2,"[[4.0, 3.0, 173.0, 74.0], [222.0, 6.0, 421.0, 83.0]]",[],"[[46.0, 87.0, 220.0, 456.0], [189.0, 86.0, 453.0, 452.0]]"
"[""i speak of a first strike, panther! i speak of a nuclear attack which will your peace lovers off the world map!"", ""y-you would dare resort to this!?"", ""take it from abner little, young fellow-- zanda will stop at nothing to get what she wants""]","[""to t'challa's astonishment, a great missile rises from its silo...""]",bp_0_48_0,"[[27.0, 38.0, 267.0, 171.0], [333.0, 47.0, 505.0, 135.0], [552.0, 34.0, 811.0, 141.0]]","[[2.0, 3.0, 753.0, 34.0]]","[[-1.0, -1.0, -1.0, -1.0], [-1.0, -1.0, -1.0, -1.0], [-1.0, -1.0, -1.0, -1.0]]"
"[""this is the true meaning of power! as ruler of an oil-rich emirate, i have the means to enforce my every wish!"", ""do my bidding--"", ""--or the wakandas cease to exist!!"", ""my people ... held hostage -- by a group of mad collectors! a strange destiny indeed!""]",[],bp_0_48_1,"[[20.0, 11.0, 299.0, 101.0], [182.0, 110.0, 289.0, 155.0], [169.0, 161.0, 294.0, 239.0], [324.0, 165.0, 465.0, 322.0]]",[],"[[67.0, 187.0, 130.0, 257.0], [67.0, 186.0, 130.0, 256.0], [68.0, 184.0, 129.0, 253.0], [271.0, 392.0, 367.0, 484.0]]"
"[""and you, mister little?! most noble friend and companion... you knew about this!!?"", ""do it, panther! not because you have no choice.. do it because men say it can't be done!"", ""you and i shall seek and find the water of immortality!!""]",[],bp_0_48_2,"[[2.0, 2.0, 310.0, 101.0], [232.0, 84.0, 459.0, 223.0], [186.0, 219.0, 305.0, 404.0]]",[],"[[0.0, 89.0, 162.0, 478.0], [285.0, 231.0, 467.0, 513.0], [287.0, 234.0, 461.0, 514.0]]"
"[""but as long as we're commited, let us make the most of this bold venture!"", ""huh! a flight to nowhere -- a land of old stones and bones!""]",[],bp_0_49_4,"[[7.0, 8.0, 221.0, 106.0], [264.0, 6.0, 444.0, 100.0]]",[],"[[-1.0, -1.0, -1.0, -1.0], [-1.0, -1.0, -1.0, -1.0]]"
"[""i -- i think he intends to snatch this copter out of the air!!""]",['the pursuer closes rapidly with his prey! huge doors open in the mouth of the mystery plane...'],bp_0_4_0,"[[243.0, 516.0, 471.0, 640.0]]","[[3.0, 5.0, 266.0, 108.0]]","[[547.0, 498.0, 694.0, 631.0]]"
"[""wh-what's happening!? this craft has suddenly become as hot as a furnace!"", ""look trough the window!!"", ""we're on fire!!""]",[],bp_0_50_3,"[[4.0, 6.0, 197.0, 148.0], [222.0, 3.0, 331.0, 102.0], [371.0, 18.0, 449.0, 85.0]]",[],"[[-1.0, -1.0, -1.0, -1.0], [-1.0, -1.0, -1.0, -1.0], [-1.0, -1.0, -1.0, -1.0]]"
"[""see here, collector! i'm cold and wet and miserable--and scarcely in the mood for further conversation!"", ""ulp!! y-you dont't--understand--!""]",[],bp_0_51_0,"[[14.0, 8.0, 185.0, 168.0], [264.0, 9.0, 452.0, 66.0]]",[],"[[-1.0, -1.0, -1.0, -1.0], [207.0, 101.0, 379.0, 267.0]]"
"[""don't you see?!"", ""we're not alone!"", ""there are others here!!"", ""by the great panther totem!!""]",[],bp_0_52_2,"[[4.0, 3.0, 92.0, 77.0], [100.0, 19.0, 215.0, 91.0], [104.0, 94.0, 211.0, 194.0], [255.0, 6.0, 448.0, 81.0]]",[],"[[3.0, 94.0, 97.0, 270.0], [3.0, 95.0, 95.0, 268.0], [3.0, 93.0, 95.0, 268.0], [303.0, 87.0, 454.0, 253.0]]"
"[""uughh!i-i'm free -!"", ""that took every ounce of my strength!but, it worked!""]",[],bp_0_54_0,"[[747.0, 7.0, 858.0, 77.0], [764.0, 335.0, 938.0, 426.0]]",[],"[[862.0, 213.0, 936.0, 287.0], [862.0, 213.0, 935.0, 283.0]]"
"[""my head!! he'll twist it completely off my shoulders----if i don't use it-- now!!""]",[],bp_0_54_3,"[[37.0, 9.0, 451.0, 92.0]]",[],"[[163.0, 105.0, 407.0, 252.0]]"
"[""he's stopped in his tracks -- but he won't go down!"", ""a few more shots will tell the tale! he must have a vital spot!""]",[],bp_0_55_3,"[[127.0, 6.0, 319.0, 82.0], [327.0, 8.0, 458.0, 153.0]]",[],"[[102.0, 65.0, 172.0, 142.0], [302.0, 195.0, 409.0, 329.0]]"
"[""you've only aroused him to full fury! he'll crush us like mice!"", ""he'll finish us at any rate-- if we don't find a way to get him first!""]",[],bp_0_55_5,"[[123.0, 5.0, 284.0, 109.0], [307.0, 5.0, 452.0, 123.0]]",[],"[[-1.0, -1.0, -1.0, -1.0], [210.0, 146.0, 267.0, 213.0]]"
"[""you've got it, mister little, the ball is yours!"", ""i-it's mad,but i'll do it!""]",[],bp_0_56_4,"[[303.0, 73.0, 457.0, 158.0], [367.0, 162.0, 463.0, 242.0]]",[],"[[228.0, 97.0, 265.0, 155.0], [395.0, 241.0, 425.0, 259.0]]"
"[""we've done it, mister little! you can come out now!""]",[],bp_0_57_1,"[[4.0, 2.0, 180.0, 97.0]]",[],"[[-1.0, -1.0, -1.0, -1.0]]"
"[""the gateway to the hidden samurai city can't be far!our lives depend on finding it!"", ""if only the map hadn't been lost that--"", ""hold it--! we may have a guide!""]",[],bp_0_57_3,"[[5.0, 8.0, 178.0, 133.0], [21.0, 165.0, 157.0, 239.0], [263.0, 5.0, 420.0, 71.0]]",[],"[[3.0, 335.0, 139.0, 466.0], [3.0, 337.0, 138.0, 452.0], [195.0, 111.0, 462.0, 421.0]]"
"[""yes! we know! we also know that the samurai code forbids the slaying of unarmed opponents!"", ""that is so, fat little fly! but destiny has changed its meaning!""]",[],bp_0_59_1,"[[3.0, 3.0, 198.0, 181.0], [216.0, 62.0, 321.0, 245.0]]",[],"[[86.0, 229.0, 141.0, 305.0], [334.0, 137.0, 464.0, 348.0]]"
"[""that is--if you're truly what you claim to be! the ronin samurai are known to have died centuries ago!"", ""your tongue is as oily as your purpose here! you know that we have survived the centuries!""]",[],bp_0_59_4,"[[8.0, 9.0, 314.0, 137.0], [314.0, 9.0, 452.0, 237.0]]",[],"[[96.0, 63.0, 155.0, 132.0], [-1.0, -1.0, -1.0, -1.0]]"
"[""he's been blown to bits!! the blast almost took us with him! I'm surprised that your copter still has all its rivets!!"", ""it's a sturdy craft, i assure you! abner little's equipment is unequalled for quality!""]",[],bp_0_5_2,"[[58.0, 4.0, 418.0, 86.0], [252.0, 99.0, 458.0, 215.0]]",[],"[[4.0, 95.0, 244.0, 418.0], [191.0, 358.0, 307.0, 456.0]]"
"[""i admit that your strategy of distracting him with conversation was well planned!"", ""who would criticize such flawless timing?"", ""--but clumsily carried out! i trust that you realise the value of my sterling assistance!""]",[],bp_0_60_3,"[[0.0, 2.0, 240.0, 119.0], [240.0, 1.0, 420.0, 100.0], [1.0, 120.0, 215.0, 253.0]]",[],"[[81.0, 245.0, 152.0, 316.0], [237.0, 123.0, 361.0, 327.0], [82.0, 245.0, 150.0, 314.0]]"
"[""i am t'challa, ruler of the wakandas!"", ""it is no disgrace to lose a fight at my hands!"", ""besides... you were merely deceived by a desperate ruse!"", ""no matter! i've failed in my duty!"", ""i must die--!""]",[],bp_0_61_1,"[[8.0, 0.0, 293.0, 47.0], [116.0, 49.0, 267.0, 156.0], [110.0, 161.0, 267.0, 295.0], [297.0, 3.0, 447.0, 78.0], [320.0, 73.0, 427.0, 132.0]]",[],"[[2.0, 49.0, 105.0, 277.0], [3.0, 49.0, 104.0, 273.0], [3.0, 49.0, 102.0, 273.0], [273.0, 139.0, 446.0, 316.0], [274.0, 137.0, 444.0, 314.0]]"
"[""you don't understand, stranger...to lose one's sword so shamefully is a total disgrace!"", ""sorry -- but it must stay in my keeping!"", ""poor fellow.i know what he means by shabby treatment!""]",[],bp_0_61_2,"[[4.0, 3.0, 184.0, 159.0], [185.0, 2.0, 345.0, 90.0], [374.0, 9.0, 455.0, 193.0]]",[],"[[99.0, 100.0, 160.0, 163.0], [206.0, 85.0, 270.0, 143.0], [348.0, 226.0, 425.0, 299.0]]"
"[""we samurais have not centuries without keeping abreast of your technical achievements!"", ""incredible!an ancient culture has kept it's traditions intact in a world of modern wonders!"", ""the laser ray is making contact with that exposed device!""]","['to the astonishment of his onlookers, the warrior unleashes a laser beam...']",bp_0_62_0,"[[5.0, 81.0, 347.0, 167.0], [717.0, 28.0, 934.0, 169.0], [765.0, 178.0, 936.0, 287.0]]","[[2.0, 2.0, 459.0, 48.0]]","[[121.0, 179.0, 276.0, 328.0], [654.0, 160.0, 699.0, 224.0], [812.0, 299.0, 852.0, 346.0]]"
"[""that's the largest gong i've ever seen."", ""stay back, outsiders! this must be done!""]",['then...'],bp_0_63_4,"[[4.0, 287.0, 128.0, 368.0], [320.0, 291.0, 454.0, 372.0]]","[[2.0, 3.0, 96.0, 31.0]]","[[109.0, 379.0, 137.0, 406.0], [238.0, 354.0, 289.0, 385.0]]"
"[""the echoes from tha gong are bursting my skull! i must find surcease from these devilish customs!"", ""personally, i look forward to a six month headache!""]",[],bp_0_64_2,"[[5.0, 2.0, 274.0, 120.0], [313.0, 4.0, 468.0, 111.0]]",[],"[[113.0, 95.0, 323.0, 368.0], [-1.0, -1.0, -1.0, -1.0]]"
"[""we've got to move quickly, t'challa! we must locate the prize we came for -- and depart before these rituals kill us!"", ""the rituals don't concern me anymore... turn around, mister little.""]",[],bp_0_64_4,"[[7.0, 7.0, 234.0, 208.0], [326.0, 7.0, 451.0, 151.0]]",[],"[[54.0, 220.0, 212.0, 368.0], [222.0, 15.0, 333.0, 147.0]]"
"[""death to those who serve the ruler!"", ""no! don't! this is treason!"", ""warn the regent!ugh--!""]","[""meanwhile, in the tribal kingdom of wakandas, tragedy strikes the people of t'challa!""]",bp_0_65_0,"[[2.0, 82.0, 137.0, 179.0], [311.0, 67.0, 455.0, 136.0], [633.0, 10.0, 749.0, 75.0]]","[[7.0, 3.0, 418.0, 66.0]]","[[-1.0, -1.0, -1.0, -1.0], [183.0, 91.0, 289.0, 171.0], [821.0, 23.0, 881.0, 92.0]]"
"[""stand where you are, n'gassi! we're taking charge --and stripping you of your duties!"", ""only t'challa can do that! until he returns, i alone am entrusted with the affairs of this domain!""]",[],bp_0_65_4,"[[13.0, 5.0, 228.0, 115.0], [243.0, 7.0, 457.0, 138.0]]",[],"[[-1.0, -1.0, -1.0, -1.0], [343.0, 94.0, 386.0, 150.0]]"
"[""long live general jakarra -- ruler of the wakandas and first guardian of the panther cult!"", ""a rather impressive title, eh n'gassi?""]",[],bp_0_66_1,"[[27.0, 5.0, 416.0, 76.0], [171.0, 69.0, 339.0, 177.0]]",[],"[[10.0, 77.0, 123.0, 182.0], [160.0, 194.0, 271.0, 343.0]]"
"[""it was wasted on one such as t'challa! it's time for the wakanda name to achieve new and greated prominence!"", ""your cursed envy of t'challa will lead us all to destruction! i warn you -- be content with the rank you've earned!""]",[],bp_0_66_3,"[[3.0, 9.0, 180.0, 237.0], [260.0, 3.0, 457.0, 163.0]]",[],"[[58.0, 333.0, 150.0, 452.0], [229.0, 196.0, 331.0, 321.0]]"
"[""however, if t'challa does win this match, it would be sporting of you to give us a sample of your water of immortality!!"", ""it is the vain dream of all outsiders who seek out this domain!""]",[],bp_0_67_1,"[[9.0, 11.0, 188.0, 169.0], [199.0, 9.0, 310.0, 181.0]]",[],"[[61.0, 239.0, 220.0, 398.0], [293.0, 77.0, 419.0, 392.0]]"
"[""what does he mean, mister little? i detect a grudge fight in the offing!"", ""it's nothing you can't handle, t'challa!"", ""in the land of the ronin we live by shinzu's word!""]",[],bp_0_67_4,"[[3.0, 4.0, 285.0, 130.0], [300.0, 1.0, 454.0, 83.0], [299.0, 82.0, 456.0, 188.0]]",[],"[[45.0, 47.0, 147.0, 173.0], [191.0, 179.0, 424.0, 404.0], [190.0, 180.0, 421.0, 403.0]]"
"[""you shall fight again with the fist against one schooled in the art."", ""win or lose--it will be your worthiness as a foe which will prove akiro's right to remain as a ronin!""]",[],bp_0_68_1,"[[6.0, 9.0, 193.0, 105.0], [5.0, 130.0, 216.0, 270.0]]",[],"[[-1.0, -1.0, -1.0, -1.0], [-1.0, -1.0, -1.0, -1.0]]"
"[""the panther has all the lowly virtues of the rat and the eel!"", ""i'll clear up your confusion, once i adjust this ritual hood!""]",[],bp_0_69_0,"[[5.0, 4.0, 160.0, 125.0], [346.0, 244.0, 454.0, 417.0]]",[],"[[149.0, 70.0, 213.0, 121.0], [257.0, 131.0, 358.0, 230.0]]"
"[""t'challa seems to have seized controll of the battle!""]",['the cruelling battle continues in a wearing test of strength and stamina!'],bp_0_69_5,"[[9.0, 221.0, 140.0, 319.0]]","[[4.0, 1.0, 265.0, 90.0]]","[[34.0, 332.0, 102.0, 406.0]]"
"[""they want us to land, mister little. they mean business!""]",['the jet-packers keep pace with the copter like an aerial escort. they point their weapons and signal for surrender!'],bp_0_6_2,"[[208.0, 74.0, 462.0, 167.0]]","[[3.0, 2.0, 463.0, 61.0]]","[[204.0, 121.0, 330.0, 237.0]]"
"[""hey let go of me!who do you think you are ? a helicopter or something ?"", ""all of a sudden i ' m getting a very terrific idea!""]",[],0_6_5,"[[1.0, 0.0, 279.0, 103.0], [302.0, 3.0, 568.0, 82.0]]",[],"[[315.0, 185.0, 365.0, 242.0], [331.0, 110.0, 379.0, 170.0]]"
"[""they're leaving! this is the opportunity i've been waiting for!"", ""let us see to our duties, senji."", ""it is a trust we can now carry out with renewed vigor!""]",['then ...'],bp_0_70_1,"[[7.0, 40.0, 194.0, 136.0], [208.0, 5.0, 349.0, 89.0], [258.0, 271.0, 425.0, 387.0]]","[[4.0, 4.0, 98.0, 36.0]]","[[45.0, 153.0, 137.0, 202.0], [191.0, 95.0, 251.0, 137.0], [269.0, 80.0, 322.0, 115.0]]"
"[""and this is a task which requires the immediate appliance of the mental agility i'm so famous for."", ""i've still got my pistol and time enough to get what i came for!""]",[],bp_0_70_2,"[[8.0, 11.0, 256.0, 105.0], [290.0, 10.0, 454.0, 126.0]]",[],"[[129.0, 119.0, 290.0, 282.0], [130.0, 119.0, 290.0, 282.0]]"
"[""by jupiter's myriad moons!"", ""it is time, senji!fill your cup and live as a ronin for the next hundred years!""]","['after wandering undiscovered, the collector is drawn to the sound of voices...']",bp_0_70_4,"[[173.0, 58.0, 389.0, 119.0], [259.0, 132.0, 455.0, 256.0]]","[[4.0, 3.0, 387.0, 69.0]]","[[5.0, 99.0, 243.0, 443.0], [-1.0, -1.0, -1.0, -1.0]]"
"[""time is on my side, puny one!"", ""crow if you like, but this isn't over yet!""]","[""t'challa barely manages to block a bone-crushing blow...""]",bp_0_71_3,"[[364.0, 2.0, 457.0, 115.0], [293.0, 306.0, 449.0, 393.0]]","[[5.0, 7.0, 226.0, 84.0]]","[[-1.0, -1.0, -1.0, -1.0], [150.0, 259.0, 257.0, 430.0]]"
"[""forget that silly brawl, t'challa! let's get out of here!"", ""stop him--!"", ""this is sacrilege!"", ""he's seized a vase of the sacred water! it means his death!"", ""that greedy little collector has done it again! anything can happen now--!""]","['suddenly, mister little dashes into view -- pursued by a squad of angered samurai...']",bp_0_72_0,"[[9.0, 77.0, 189.0, 174.0], [178.0, 155.0, 264.0, 209.0], [576.0, 9.0, 697.0, 47.0], [139.0, 475.0, 305.0, 585.0], [786.0, 363.0, 942.0, 491.0]]","[[6.0, 5.0, 373.0, 68.0]]","[[27.0, 257.0, 121.0, 336.0], [297.0, 68.0, 397.0, 177.0], [596.0, 74.0, 692.0, 173.0], [555.0, 493.0, 740.0, 681.0], [508.0, 252.0, 630.0, 347.0]]"
"[""instead of rushing to mister littles's aid i should join these samurai in hunting him down!"", ""close in on the stranger!!"", ""never fear we've got him trapped!""]",[],bp_0_73_1,"[[5.0, 6.0, 170.0, 149.0], [105.0, 194.0, 222.0, 252.0], [355.0, 259.0, 455.0, 351.0]]",[],"[[184.0, 49.0, 254.0, 104.0], [4.0, 184.0, 118.0, 459.0], [270.0, 272.0, 366.0, 421.0]]"
"[""you're mad as a hatter! you won't live another five minutes in this sea of swords!"", ""whatever chance we had of staying alive is gone!"", ""that remains to be seen!""]",[],bp_0_73_3,"[[1.0, 3.0, 246.0, 109.0], [5.0, 124.0, 128.0, 244.0], [356.0, 1.0, 458.0, 83.0]]",[],"[[133.0, 89.0, 236.0, 224.0], [134.0, 88.0, 233.0, 221.0], [351.0, 153.0, 457.0, 280.0]]"
"[""that tiny maggot is a thief without honor! yet you would defend him with you life!"", ""he is a warmless victim of his own greed! must he die for this?"", ""even now he clings to a flask of our sacred water! the gnat stole it--! the grat shall die for it!""]",[],bp_0_74_0,"[[7.0, 7.0, 227.0, 102.0], [261.0, 3.0, 464.0, 84.0], [583.0, 5.0, 839.0, 96.0]]",[],"[[26.0, 111.0, 130.0, 241.0], [365.0, 157.0, 545.0, 339.0], [497.0, 2.0, 580.0, 77.0]]"
"[""explain yourself! if you mock the code in hope of deceiving us, your heart shall be swiftly pierced!"", ""then, look upon t'challa, ruler of the wakandas, a people of honor equal to your samurai!""]",[],bp_0_74_1,"[[5.0, 3.0, 224.0, 141.0], [228.0, 2.0, 466.0, 126.0]]",[],"[[-1.0, -1.0, -1.0, -1.0], [107.0, 131.0, 393.0, 464.0]]"
"[""that is a well conceived jest, but totally unworthy of your mettle. it cannot save you!"", ""if that is so, i wait for the strike of the sword!"", ""but, i see doubt in the eyes of mighty shinzu. he knows that i speak the truth! a king rules wherever he stands!""]",[],bp_0_74_2,"[[4.0, 3.0, 197.0, 140.0], [243.0, 3.0, 459.0, 64.0], [282.0, 92.0, 460.0, 261.0]]",[],"[[2.0, 238.0, 114.0, 464.0], [205.0, 50.0, 262.0, 136.0], [204.0, 49.0, 262.0, 135.0]]"
"[""behold, shinzu -- i return this priceless water to its rightful guardians."", ""you are wise to give freely what we could easily take!""]",[],bp_0_75_0,"[[6.0, 10.0, 142.0, 144.0], [363.0, 69.0, 453.0, 223.0]]",[],"[[-1.0, -1.0, -1.0, -1.0], [308.0, 309.0, 385.0, 381.0]]"
"[""and who but a true king can dispense justice that settles an issue?"", ""what are you up to, t'challa? what are you going to do!?""]",[],bp_0_75_1,"[[5.0, 7.0, 261.0, 90.0], [269.0, 4.0, 464.0, 88.0]]",[],"[[43.0, 113.0, 176.0, 291.0], [256.0, 117.0, 462.0, 364.0]]"
"[""i'm claiming diplomatic immunity to save your miserable hide, abner little!"", ""now, give me that water jug!"", ""no--! no!!""]",[],bp_0_75_3,"[[7.0, 6.0, 225.0, 139.0], [226.0, 6.0, 429.0, 52.0], [271.0, 72.0, 384.0, 127.0]]",[],"[[109.0, 80.0, 240.0, 218.0], [109.0, 78.0, 242.0, 217.0], [-1.0, -1.0, -1.0, -1.0]]"
"[""let me go, you mound of muscle!i've dropped the jug!!"", ""the thing is made of metal --it won't spill a drop!""]",[],bp_0_75_4,"[[2.0, 3.0, 198.0, 76.0], [291.0, 0.0, 455.0, 89.0]]",[],"[[60.0, 187.0, 180.0, 269.0], [210.0, 38.0, 316.0, 140.0]]"
"[""i've neglected family and duty for lengthy involvements with the world..."", ""this time i shall return to the land of the panther cult--where no man calls me--outsider!"", ""homesickness will not change the facts. your domain is rather small and remote!"", ""you're really an african provincial, my lad!""]",[],bp_0_77_1,"[[5.0, 4.0, 262.0, 83.0], [7.0, 83.0, 248.0, 209.0], [274.0, 27.0, 451.0, 176.0], [275.0, 185.0, 449.0, 320.0]]",[],"[[146.0, 172.0, 244.0, 295.0], [147.0, 171.0, 244.0, 291.0], [240.0, 351.0, 343.0, 457.0], [240.0, 349.0, 342.0, 453.0]]"
"[""when this is over, i'm going home, mister little--home to the wakandas!""]",['the journey continues through deep sea tunnels that wind endlessly onward...'],bp_0_77_5,"[[255.0, 124.0, 412.0, 231.0]]","[[3.0, 3.0, 425.0, 71.0]]","[[-1.0, -1.0, -1.0, -1.0]]"
"[""a flashing star has fallen upon our land! it is a thing of great wonder!"", ""though it shakes the ground and fills the air with sounds of thunder, we fear it not--!""]","['""my ancestors were people of truth! they saw it happen and recorded the event for all time...']",bp_0_78_3,"[[5.0, 71.0, 259.0, 151.0], [231.0, 119.0, 443.0, 235.0]]","[[3.0, 2.0, 457.0, 68.0]]","[[56.0, 170.0, 201.0, 351.0], [233.0, 250.0, 308.0, 362.0]]"
"[""home-grown propaganda, dear fellow!every nation breeds it to keep its people united as well as interested!"", ""then, tell me why that mound produces a metal found nowhere else on earth!""]",[],bp_0_79_1,"[[7.0, 31.0, 177.0, 185.0], [233.0, 9.0, 449.0, 107.0]]",[],"[[1.0, 211.0, 110.0, 315.0], [333.0, 74.0, 458.0, 198.0]]"
"[""--and where can you find a people who would dedicate their future to keep all men from the harmful effects of an alien infection!"", ""ah, yes... we come to the profitable venture which your family created: the panther cult!""]",[],bp_0_79_2,"[[6.0, 6.0, 280.0, 146.0], [313.0, 7.0, 445.0, 196.0]]",[],"[[106.0, 120.0, 305.0, 388.0], [356.0, 184.0, 459.0, 299.0]]"
"[""mister little! look out!!"", ""ugh--!""]",['the flash of gunfire suddenly decides the issue...'],bp_0_7_2,"[[9.0, 57.0, 140.0, 116.0], [249.0, 340.0, 338.0, 378.0]]","[[4.0, 5.0, 350.0, 51.0]]","[[29.0, 136.0, 84.0, 187.0], [120.0, 190.0, 180.0, 237.0]]"
"[""you can slow it down now, mister little!! we've definitely lost them!!"", ""very well. my landing pad is not far from this area!""]","['meanwhile, miles ahead, the copter streaks on at blurring speeds...']",bp_0_7_3,"[[104.0, 73.0, 286.0, 193.0], [298.0, 72.0, 456.0, 180.0]]","[[102.0, 6.0, 455.0, 66.0]]","[[-1.0, -1.0, -1.0, -1.0], [-1.0, -1.0, -1.0, -1.0]]"
"[""forgive us, n'gassi -- we follow your orders, now!"", ""the people must be warned to avoid all contact with jakarra!he's the carrier of a grave infection!""]",[],bp_0_83_2,"[[37.0, 5.0, 217.0, 98.0], [241.0, 3.0, 452.0, 144.0]]",[],"[[0.0, 6.0, 131.0, 306.0], [273.0, 181.0, 358.0, 294.0]]"
"[""you collectors are so devious that you wouldn't know the truth if you heard it!"", ""don't test my patience panther!"", ""make him talk, zanda!""]",[],bp_0_85_1,"[[187.0, 2.0, 368.0, 141.0], [6.0, 297.0, 112.0, 413.0], [375.0, 327.0, 468.0, 421.0]]",[],"[[222.0, 146.0, 281.0, 207.0], [103.0, 315.0, 200.0, 430.0], [-1.0, -1.0, -1.0, -1.0]]"
"[""i gave you full warning of what would befall your precious wakandas if you failed me!"", ""look"", ""yes, i see it--the missile still waits on its launching pad--ready to be fired!""]",[],bp_0_85_2,"[[6.0, 5.0, 210.0, 96.0], [11.0, 119.0, 109.0, 146.0], [261.0, 9.0, 451.0, 108.0]]",[],"[[82.0, 186.0, 164.0, 271.0], [83.0, 187.0, 164.0, 270.0], [225.0, 134.0, 362.0, 290.0]]"
"[""although i lost the larger flask to the samurai, i managed to retain a small amount of the miracle water in this vial--!"", ""you sawed-off schemer! i knew you were holding out on us!"", ""i'll take that!""]",[],bp_0_85_3,"[[4.0, 3.0, 243.0, 154.0], [274.0, 2.0, 459.0, 106.0], [336.0, 128.0, 442.0, 206.0]]",[],"[[-1.0, -1.0, -1.0, -1.0], [-1.0, -1.0, -1.0, -1.0], [-1.0, -1.0, -1.0, -1.0]]"
"[""you can handle this one, too!the the vial!"", ""what in blazes!?""]",[],bp_0_86_1,"[[7.0, 286.0, 176.0, 402.0], [232.0, 2.0, 350.0, 60.0]]",[],"[[106.0, 192.0, 166.0, 264.0], [322.0, 22.0, 451.0, 155.0]]"
"[""start running, panther! it's you they'll be after, now!"", ""send me a post card when you reach home!""]",[],bp_0_86_2,"[[230.0, 4.0, 452.0, 85.0], [257.0, 95.0, 452.0, 184.0]]",[],"[[164.0, 177.0, 327.0, 419.0], [165.0, 175.0, 321.0, 410.0]]"
"[""begone!""]",[],bp_0_87_1,"[[390.0, 60.0, 544.0, 103.0]]",[],"[[302.0, 55.0, 380.0, 154.0]]"
"[""look out for exploding fuel drums, soldiers!"", ""he's wrecking the air-field!""]",['the black panther lunges ahead--creating chaos in his path!'],bp_0_88_0,"[[7.0, 96.0, 167.0, 213.0], [817.0, 63.0, 948.0, 159.0]]","[[4.0, 5.0, 329.0, 75.0]]","[[88.0, 196.0, 153.0, 262.0], [823.0, 154.0, 887.0, 198.0]]"
"[""two men in a raft! i've got no choice but to pick them up--!"", ""count on the unexpected to erect a roadblock when you're hurrying home!""]",[],bp_0_92_5,"[[3.0, 3.0, 268.0, 71.0], [5.0, 74.0, 226.0, 183.0]]",[],"[[318.0, 7.0, 434.0, 358.0], [317.0, 4.0, 434.0, 358.0]]"
"[""i won't be handsome, that's for certain!"", ""be cautious, men! this won't be an ordinary capture!""]",[],bp_0_94_1,"[[11.0, 4.0, 253.0, 47.0], [211.0, 306.0, 331.0, 417.0]]",[],"[[-1.0, -1.0, -1.0, -1.0], [199.0, 162.0, 239.0, 211.0]]"
"[""he's chosen to attack! cut him down!"", ""save your ammunition! the new jakarra is made of sterner substance than the man you knew!""]",[],bp_0_94_4,"[[11.0, 5.0, 190.0, 74.0], [248.0, 1.0, 463.0, 189.0]]",[],"[[-1.0, -1.0, -1.0, -1.0], [206.0, 19.0, 287.0, 108.0]]"
"[""he sought power--and found it-- in the strangest of ways!"", ""look out, men! he's got the strength of a tank!"", ""that power has driven you mad! you're a menace to all of humanity!""]",[],bp_0_94_5,"[[7.0, 2.0, 129.0, 116.0], [3.0, 242.0, 111.0, 358.0], [261.0, 4.0, 413.0, 100.0]]",[],"[[-1.0, -1.0, -1.0, -1.0], [77.0, 170.0, 141.0, 236.0], [358.0, 48.0, 420.0, 113.0]]"
"[""forget your home-- wherever that is! just do as you're told and stay alive!"", ""we've reached the african coast! i won't turn back for death himself!"", ""that's sound advice, fly-boy! your next mistake will be fatal!""]",[],bp_0_96_0,"[[6.0, 8.0, 234.0, 77.0], [155.0, 112.0, 369.0, 185.0], [261.0, 2.0, 429.0, 94.0]]",[],"[[3.0, 99.0, 137.0, 333.0], [94.0, 185.0, 280.0, 431.0], [-1.0, -1.0, -1.0, -1.0]]"
"[""so! you had the smarts all this time!"", ""i recognized your face the moment it appeared in the open hatch--scarpa!""]",[],bp_0_96_1,"[[2.0, 5.0, 204.0, 74.0], [4.0, 73.0, 199.0, 184.0]]",[],"[[-1.0, -1.0, -1.0, -1.0], [-1.0, -1.0, -1.0, -1.0]]"
"[""it's got everything we need -- lots of fuel -- a good pilot -- and this heater for insurance!"", ""didn't know i was packing one, did you!?"", ""i was thinking of home too. it was a mistake!""]",[],bp_0_96_5,"[[7.0, 5.0, 258.0, 105.0], [6.0, 106.0, 224.0, 183.0], [282.0, 6.0, 429.0, 106.0]]",[],"[[-1.0, -1.0, -1.0, -1.0], [-1.0, -1.0, -1.0, -1.0], [284.0, 139.0, 430.0, 383.0]]"
"[""i can't zero in on him, boss!"", ""not while he's shaking this tub to pieces!"", ""don't shoot to kill! just make him bleed a little! we need him alive!""]",[],bp_0_97_3,"[[345.0, 40.0, 431.0, 154.0], [205.0, 148.0, 337.0, 271.0], [42.0, 411.0, 184.0, 556.0]]",[],"[[206.0, 278.0, 308.0, 413.0], [206.0, 278.0, 309.0, 411.0], [191.0, 450.0, 436.0, 651.0]]"
"[""i should have left you in that flaming wreckage, scarpa!"", ""let us hope i can get to your partner before the tanks blow!""]",['soon after...'],bp_0_98_3,"[[89.0, 31.0, 317.0, 96.0], [289.0, 88.0, 428.0, 194.0]]","[[4.0, 3.0, 161.0, 34.0]]","[[193.0, 143.0, 249.0, 206.0], [189.0, 141.0, 249.0, 203.0]]"
"[""well, well... the old man has come at last!"", ""he dresses rather simply for an administrator of high office!"", ""a wise man needn't be a fashion plate."", ""hunh! i knew the old leopard when he had less wisdom and more spirit!"", ""i present n'gassi, first regent and aid to the mighty t'challa!""]",['then...'],bp_0_99_0,"[[12.0, 39.0, 153.0, 108.0], [180.0, 9.0, 377.0, 75.0], [298.0, 86.0, 447.0, 153.0], [440.0, 4.0, 619.0, 108.0], [638.0, 6.0, 867.0, 75.0]]","[[6.0, 8.0, 96.0, 29.0]]","[[62.0, 159.0, 124.0, 243.0], [175.0, 111.0, 243.0, 171.0], [355.0, 198.0, 415.0, 266.0], [461.0, 124.0, 519.0, 190.0], [-1.0, -1.0, -1.0, -1.0]]"
"[""this era of mobility has played havoc with our heritage! even mighty t'challa is out of reach in this grave hour..."", ""he is sorely needed, noble one!""]",[],bp_0_99_2,"[[11.0, 11.0, 250.0, 105.0], [275.0, 9.0, 412.0, 75.0]]",[],"[[69.0, 214.0, 197.0, 397.0], [297.0, 97.0, 426.0, 281.0]]"
"[""i've seen the others.they seem unlikely candidates for the task we face.it demands a warrior's hand, sire!perhaps mine.."", ""yours would do fine, jiru...if it coursed with the blood of royalty!""]",[],bp_0_99_3,"[[6.0, 4.0, 340.0, 93.0], [186.0, 108.0, 405.0, 223.0]]",[],"[[18.0, 72.0, 175.0, 275.0], [269.0, 162.0, 400.0, 335.0]]"
"[""at last it's mine! the doorway to time itself--! compact and secure within this humble object!"", ""but it cannot be controlled highness! it!s dangerous to use!!""]",[],bp_0_9_0,"[[3.0, 3.0, 393.0, 73.0], [279.0, 74.0, 455.0, 178.0]]",[],"[[73.0, 143.0, 230.0, 290.0], [378.0, 209.0, 461.0, 310.0]]"
"[""gosh! guess i tried to civilize these peo a little too fast!and now i have to act un-civilized in self defense!"", ""get the runt!"", ""let me at 'im\t!""]",[],1000_16_4,"[[21.0, 3.0, 359.0, 171.0], [438.0, 10.0, 564.0, 73.0], [570.0, 4.0, 700.0, 77.0]]",[],"[[215.0, 255.0, 323.0, 366.0], [410.0, 237.0, 443.0, 282.0], [546.0, 220.0, 591.0, 266.0]]"
"[""i won ' t waste another minute\t!""]",['women your city is in the grip of a crime wave! volunteer for police duty!'],1000_17_2,"[[0.0, 12.0, 209.0, 112.0]]","[[39.0, 166.0, 245.0, 349.0]]","[[-1.0, -1.0, -1.0, -1.0]]"
"[""ho - hum!darrel was right this is dull and stuffy .""]","['that night, at the concert']",1000_3_3,"[[130.0, 39.0, 388.0, 156.0]]","[[135.0, 0.0, 518.0, 47.0]]","[[90.0, 399.0, 130.0, 472.0]]"
"[""that ' s just the begin - ning! ive even bigger jobs planned!ha ha! well make the police dance to the minstrel ' s tunes!""]",[],1000_4_6,"[[33.0, 0.0, 310.0, 176.0]]",[],"[[71.0, 214.0, 245.0, 468.0]]"
"[""cant you imagine beethoven sitting alone in his study ? suddenly inspiration seizes him!he starts writing down these immortal notes and""]",['plink - a plunk! plunk - a - pling! an'],1000_5_1,"[[0.0, 9.0, 430.0, 153.0]]","[[279.0, 134.0, 503.0, 313.0]]","[[234.0, 364.0, 354.0, 516.0]]"
"[""a magnesium flare! ohhh!""]","[""as the string is plucked, the minstrel's banjo discharges a smal capsule that explodes into blinding brilliance...""]",1000_7_4,"[[287.0, 106.0, 504.0, 178.0]]","[[15.0, 3.0, 570.0, 108.0]]","[[277.0, 196.0, 363.0, 284.0]]"
"[""keep in line and sink your calks deep, men! any who fall out will be left behind!now .. excelsior!""]",[],1001_21_4,"[[115.0, 13.0, 737.0, 148.0]]",[],"[[514.0, 170.0, 566.0, 225.0]]"
"[""you said it would be suicide but he made it!"", ""that dog risked his own life to save him! gosh that was exciting to watch i almost forgot all about the race! whos leading ?""]",[],1003_12_2,"[[17.0, 6.0, 244.0, 89.0], [216.0, 1.0, 521.0, 160.0]]",[],"[[377.0, 276.0, 390.0, 290.0], [410.0, 262.0, 424.0, 277.0]]"
"[""it is your loveliness that jeb rivers remembered when he scorned me! ill avenge myself on both of you!"", ""later, rala! before we attack the boat, usher these guests into our dwelling!""]",[],1003_33_2,"[[0.0, 0.0, 265.0, 147.0], [239.0, 1.0, 542.0, 131.0]]",[],"[[91.0, 234.0, 127.0, 299.0], [153.0, 249.0, 212.0, 311.0]]"
"[""now the problem is to see and not be seen!"", "" swing low \"" still holds the lead! \"" carry me home \"" is coming up behind him! but the number one favorite \"" sweet chariot \"", seems t to be lagging!""]",[],1003_9_4,"[[2.0, 6.0, 137.0, 131.0], [109.0, 14.0, 361.0, 218.0]]",[],"[[222.0, 253.0, 254.0, 292.0], [-1.0, -1.0, -1.0, -1.0]]"
"[""some men are approaching! i ' ll alert the others in case there is trouble!""]",[],1004_29_6,"[[17.0, 11.0, 375.0, 83.0]]",[],"[[351.0, 143.0, 399.0, 339.0]]"
"[""coming to a stop now!and there ' s that gang just waiting to take over this train!we ve got to make it as tough for them as possible!""]",[],1004_31_3,"[[9.0, 0.0, 364.0, 93.0]]",[],"[[121.0, 248.0, 239.0, 379.0]]"
"[""there ' s the valise skull!ghh ha!"", ""and here ' s something goes with it, my fist!""]","['1nstants later, darrel dane becomes the doll manf']",1004_7_6,"[[16.0, 42.0, 191.0, 118.0], [178.0, 38.0, 316.0, 129.0]]","[[19.0, 3.0, 320.0, 49.0]]","[[135.0, 224.0, 179.0, 269.0], [165.0, 293.0, 183.0, 308.0]]"
"[""too late he ' s already gone!"", ""i - i almost hate to look doll man\t!""]",[],1005_19_2,"[[20.0, 1.0, 152.0, 34.0], [148.0, 0.0, 287.0, 42.0]]",[],"[[113.0, 104.0, 130.0, 120.0], [225.0, 128.0, 231.0, 140.0]]"
"[""eben slade is a peculiar old man, darrel! i have a feeling a he doesn ' t really like anybody!"", ""this whole set - up is peculiar martha\t!""]",[],1005_26_6,"[[11.0, 3.0, 135.0, 105.0], [133.0, 8.0, 230.0, 68.0]]",[],"[[80.0, 131.0, 101.0, 156.0], [134.0, 109.0, 159.0, 137.0]]"
"[""this better be good!""]",[],1006_36_4,"[[320.0, 382.0, 449.0, 532.0]]",[],"[[60.0, 250.0, 97.0, 280.0]]"
"[""wha ...???"", ""right into my trap, small fool!""]",[],1007_10_3,"[[32.0, 42.0, 189.0, 150.0], [959.0, 133.0, 1138.0, 310.0]]",[],"[[255.0, 149.0, 315.0, 182.0], [-1.0, -1.0, -1.0, -1.0]]"
"[""id hate to see ted in trouble!i ' ll go down and have a talk with him at the sport club!"", ""oh, if you would, i ' d be so grateful!he never used to go out at night!""]",[],1007_37_2,"[[14.0, 1.0, 292.0, 156.0], [308.0, 3.0, 499.0, 175.0]]",[],"[[183.0, 145.0, 211.0, 179.0], [257.0, 170.0, 284.0, 194.0]]"
"[""heh - heh!those magnesium flares are brighter than the noonday sun! wed be blinded, too, with out these dark glasses!"", ""ohhh!""]",[],1008_17_4,"[[14.0, 14.0, 537.0, 98.0], [2.0, 167.0, 158.0, 254.0]]",[],"[[333.0, 356.0, 363.0, 387.0], [18.0, 365.0, 42.0, 380.0]]"
"[""but you ' ll really need something like witchcraft to save you now\t!"", ""i came prepared for trouble! in olden days witches were served by evil spirits that took the form of bats""]",[],1008_21_1,"[[0.0, 24.0, 263.0, 169.0], [245.0, 23.0, 608.0, 192.0]]",[],"[[274.0, 372.0, 295.0, 388.0], [413.0, 310.0, 464.0, 395.0]]"
"[""you must be batty ... if you put your faith in that rubbish!and that whistle doesnt even make a noise\t!""]",[],1008_21_2,"[[216.0, 27.0, 589.0, 208.0]]",[],"[[393.0, 390.0, 416.0, 420.0]]"
"[""oooh!"", ""this'll teach you not to go snoopin' around, pal!""]",[],1008_4_3,"[[2.0, 21.0, 154.0, 104.0], [151.0, 22.0, 483.0, 97.0]]",[],"[[169.0, 294.0, 285.0, 432.0], [331.0, 87.0, 429.0, 218.0]]"
"[""a toy plane! it's trying to kill me!"", ""ha, ha, ha!""]",[],1009_14_1,"[[28.0, 0.0, 263.0, 92.0], [298.0, 1.0, 486.0, 59.0]]",[],"[[236.0, 189.0, 307.0, 251.0], [354.0, 80.0, 401.0, 136.0]]"
"[""you old fool! why didn ' t you teli me the whole truth ? id rather be dead than have a face like this\t!"", ""you ' re. choking me""]",[],1009_18_5,"[[8.0, 12.0, 246.0, 203.0], [437.0, 216.0, 537.0, 396.0]]",[],"[[408.0, 19.0, 500.0, 134.0], [-1.0, -1.0, -1.0, -1, 0]]"
"[""never mind the book! i need an idea fast!""]",['short wave broadcast'],1009_9_5,"[[3.0, 15.0, 220.0, 130.0]]","[[154.0, 356.0, 244.0, 422.0]]","[[171.0, 104.0, 259.0, 180.0]]"
"[""that way!"", ""thanks! mind if i borrow this ?""]",[],1010_33_4,"[[56.0, 0.0, 308.0, 55.0], [29.0, 54.0, 202.0, 179.0]]",[],"[[180.0, 245.0, 213.0, 293.0], [283.0, 252.0, 306.0, 285.0]]"
"[""he ' s comin ' down but its not cormac!""]",[],1010_45_4,"[[68.0, 27.0, 358.0, 129.0]]",[],"[[170.0, 183.0, 237.0, 246.0]]"
"[""hard krobb"", ""red! brown! get ready to jump. can ' t keep it on the road\t!""]",['with murderous intent the heavy limousin brushed against our light roaoster 7rie to swerve but the road was too narrow .'],1011_21_5,"[[7.0, 80.0, 189.0, 165.0], [225.0, 70.0, 526.0, 227.0]]","[[4.0, 0.0, 593.0, 80.0]]","[[69.0, 274.0, 89.0, 296.0], [395.0, 377.0, 413.0, 402.0]]"
"[""wow! the japs are sure scared. what are you up to don ?"", ""shh i ve got a little arson in my mind""]",[],1011_42_2,"[[27.0, 2.0, 438.0, 83.0], [426.0, 2.0, 749.0, 93.0]]",[],"[[586.0, 217.0, 624.0, 278.0], [682.0, 282.0, 713.0, 331.0]]"
"[""be careful with those packages men\t!""]",['a few minutes later'],1012_20_0,"[[0.0, 19.0, 205.0, 110.0]]","[[0.0, 0.0, 268.0, 27.0]]","[[82.0, 158.0, 100.0, 192.0]]"
"[""the champ! what a story!"", ""how about a picture of you standing over the champ?"", ""im not interested in publicity!""]",[],1012_41_3,"[[0.0, 1.0, 201.0, 99.0], [172.0, 11.0, 469.0, 112.0], [472.0, 51.0, 677.0, 159.0]]",[],"[[150.0, 240.0, 210.0, 318.0], [300.0, 190.0, 360.0, 250.0], [520.0, 240.0, 600.0, 320.0]]"
"[""thees drawing ees what we theenk he looks like!"", ""if he ' s there ill snap his picture\t!""]",[],1013_44_5,"[[5.0, 20.0, 222.0, 113.0], [209.0, 22.0, 458.0, 101.0]]",[],"[[169.0, 242.0, 202.0, 286.0], [283.0, 187.0, 311.0, 232.0]]"
"[""i feel better now that they put the navy ' s two aces on the case!if another few ships disappear ill be ruined!"", ""well do the best we can mr, jordan but don ' t build up your hopes we have very little to go on so far!""]",[],1014_6_4,"[[7.0, 10.0, 185.0, 160.0], [165.0, 9.0, 283.0, 190.0]]",[],"[[78.0, 186.0, 95.0, 209.0], [154.0, 175.0, 175.0, 199.0]]"
"[""but i was just counting ten so i wouldnt lose my temper\t!""]",[],1015_19_5,"[[252.0, 27.0, 515.0, 208.0]]",[],"[[316.0, 248.0, 385.0, 331.0]]"
"[""i understand he comes from a wealthy family"", ""so what .""]",[],1015_21_2,"[[87.0, 1.0, 272.0, 120.0], [269.0, 9.0, 369.0, 93.0]]",[],"[[163.0, 135.0, 199.0, 167.0], [235.0, 146.0, 263.0, 170.0]]"
"[""i don ' t think the snake could have reached here yet!""]",['eanwhile'],1015_7_0,"[[24.0, 25.0, 315.0, 177.0]]","[[2.0, 5.0, 238.0, 42.0]]","[[225.0, 266.0, 256.0, 309.0]]"
"[""this is a good idea, don. by the time the fire reaches the powder kegs we'll be able to get a safe distance from the ship.""]",[],1016_29_1,"[[1.0, 36.0, 290.0, 237.0]]",[],"[[316.0, 318.0, 348.0, 352.0]]"
"[""laugh, you infidels but when the great flood comes i will be the only survivor!""]",[],1017_24_3,"[[12.0, 2.0, 374.0, 149.0]]",[],"[[266.0, 249.0, 300.0, 320.0]]"
"[""there ' s no sense in continuing!he just wont talk rubberface!"", ""i know a way to make him talk\t!""]",['hortly after at the mountain hide out'],1017_9_0,"[[48.0, 71.0, 376.0, 192.0], [352.0, 63.0, 574.0, 157.0]]","[[0.0, 17.0, 606.0, 75.0]]","[[261.0, 200.0, 318.0, 253.0], [362.0, 277.0, 378.0, 313.0]]"
"[""if it the last thing i do i ' ll capture singapore sal!"", ""i know how you feel about tha female pirate, dc but im afraid i have to interrui your search for her!""]",[],1018_2_0,"[[493.0, 35.0, 787.0, 194.0], [803.0, 136.0, 1091.0, 367.0]]",[],"[[433.0, 349.0, 490.0, 447.0], [969.0, 500.0, 1018.0, 561.0]]"
"[""that must be winslow and pennington now\t!""]",[],1018_3_1,"[[85.0, 16.0, 361.0, 150.0]]",[],"[[290.0, 236.0, 316.0, 264.0]]"
"[""this my friend is a knockout\t!""]",[],1018_8_6,"[[332.0, 0.0, 571.0, 124.0]]",[],"[[316.0, 227.0, 357.0, 269.0]]"
"[""yes, i am! but i have an awful cold! would you mind taking my place for the day ?"", ""why, of course dear!""]",[],1019_2_3,"[[3.0, 21.0, 198.0, 232.0], [27.0, 245.0, 159.0, 351.0]]",[],"[[-1.0, -1.0, -1.0, -1.0], [176.0, 238.0, 328.0, 409.0]]"
"[""halp!""]",[],1019_37_4,"[[28.0, 187.0, 193.0, 257.0]]",[],"[[194.0, 280.0, 225.0, 320.0]]"
"[""we were saved from the gun - but what horrible thing is this ? how can trees come alive like clutching monsters ?"", ""great scott! it must be that curse! the the story is true!""]","['he uncanny phenomenon continues saving the lives of ttom and mayda, but striking terror to their hearts! great scott! it']",101_22_1,"[[0.0, 116.0, 490.0, 291.0], [454.0, 90.0, 804.0, 276.0]]","[[0.0, 2.0, 841.0, 131.0]]","[[233.0, 414.0, 331.0, 560.0], [344.0, 363.0, 468.0, 495.0]]"
"[""sure we are! if not then bing and i aren't going to get along good with each other either... if you know what i mean!"", ""why, there's bing with marla!""]",[],1020_31_4,"[[26.0, 1.0, 344.0, 144.0], [154.0, 113.0, 344.0, 209.0]]",[],"[[-1.0, -1.0, -1.0, -1.0], [-1.0, -1.0, -1.0, -1.0]]"
"[""this comes as a surprise to me, dotty, but i ' m having a good time!"", ""that make two of us jack . this is fun!""]",[],1021_19_6,"[[22.0, 0.0, 384.0, 80.0], [310.0, 9.0, 478.0, 100.0]]",[],"[[121.0, 105.0, 176.0, 172.0], [263.0, 173.0, 292.0, 221.0]]"
"[""why, you cheap sorehead, i ought to""]",[],1021_22_2,"[[58.0, 15.0, 320.0, 85.0]]",[],"[[95.0, 154.0, 144.0, 210.0]]"
"[""which one you betting on, mac ?"", ""none in this race!""]",['section seen'],1022_30_5,"[[49.0, 41.0, 271.0, 115.0], [47.0, 0.0, 564.0, 49.0]]","[[11.0, 103.0, 187.0, 183.0]]","[[112.0, 289.0, 166.0, 344.0], [222.0, 290.0, 264.0, 333.0]]"
"[""d-deliver his note to the address on it!here ' s a dollar!there ll be another for you when you do it!"", ""gee two bucks! thanks mister! ill sure do it in a jiffy and be back!""]",[],1022_9_6,"[[5.0, 0.0, 277.0, 177.0], [244.0, 0.0, 492.0, 142.0]]",[],"[[67.0, 247.0, 143.0, 306.0], [253.0, 287.0, 304.0, 366.0]]"
"[""them ' s ghosts ... if i know my self at all! but, brother, what ghastly looking creatures they are! they ' re almost like a nightmare ... hmmm ... maybe they are!ill soon see!""]",[],1023_21_1,"[[1.0, 0.0, 316.0, 122.0]]",[],"[[158.0, 208.0, 195.0, 242.0]]"
"[""durango bested me fair and square .but the next time our trails cross ...!""]","['rorced to flee from dead man dam, the red scorpion walksa mountain trail his headhang ing with shame ... durango']",1025_26_2,"[[45.0, 67.0, 325.0, 169.0]]","[[2.0, 0.0, 326.0, 82.0]]","[[129.0, 217.0, 151.0, 234.0]]"
"[""don ' t have to worry about the scorpion dry - gulching me! he has too, much vanity to wriggle out of a face - to - face duel with the durango kid""]",['durango grimly follow 5 the killers trail'],1025_29_5,"[[0.0, 39.0, 297.0, 164.0]]","[[12.0, 0.0, 297.0, 45.0]]","[[167.0, 207.0, 182.0, 223.0]]"
"[""lost! i must have traveled in a circle-- i know i've been at this spot before! i'm so exhausted but got to go on-- got to...""]","['but at last...', 'ut dan brand ished relent- ssly westward old hatred in hist heart. he crossed rivers, great shaggy mountains - he bored through mighty forests along nknown trails, only an iron will for vengeance kept him going - for his town - bred muscles and tea-party ways were puny weapons against the might of the leemnts and the trackless vastness of the wilderness...']",1026_1_5,"[[210.0, 3.0, 535.0, 150.0]]","[[200.0, 1.0, 370.0, 33.0], [8.0, 5.0, 225.0, 471.0]]","[[271.0, 144.0, 311.0, 184.0]]"
"[""gnnng! enough! enough!""]",[],1027_23_5,"[[0.0, 26.0, 292.0, 193.0]]",[],"[[177.0, 228.0, 280.0, 324.0]]"
"[""too bad we just caught y \"" fox \"" this commotion will surely scare dan brand away. but i guess get youre a big enough catch for one night ."", ""you wont get anything out of me!""]",['inside the well'],1027_28_4,"[[0.0, 66.0, 458.0, 315.0], [347.0, 136.0, 664.0, 288.0]]","[[5.0, 11.0, 367.0, 77.0]]","[[135.0, 474.0, 197.0, 529.0], [483.0, 425.0, 520.0, 462.0]]"
"[""hurry-load this cannon and fire! we'll blast them right out of the harbor!""]",[],1027_32_2,"[[96.0, 182.0, 519.0, 352.0]]",[],"[[422.0, 432.0, 498.0, 507.0]]"
"[""and now, boys well have some fun with durango""]",['a few minutes later d'],1027_6_0,"[[45.0, 121.0, 439.0, 267.0]]","[[38.0, 60.0, 511.0, 120.0]]","[[353.0, 410.0, 382.0, 449.0]]"
"[""so, you must have missed the last lesson student"", ""give you""]",['and so...'],1027_8_5,"[[164.0, 0.0, 772.0, 86.0], [987.0, 62.0, 1080.0, 182.0]]","[[840.0, 5.0, 1080.0, 72.0]]","[[343.0, 223.0, 477.0, 356.0], [-1.0, -1.0, -1.0, -1.0]]"
"[""you sure are making a mistake! drop that gun, mister - and get your hands up everybody!"", ""gulp!""]",[],1028_15_0,"[[0.0, 25.0, 423.0, 255.0], [335.0, 140.0, 552.0, 254.0]]",[],"[[-1.0, -1.0, -1.0, -1.0], [170.0, 399.0, 230.0, 511.0]]"
"[""dad!"", ""jim! oh, jim!""]",[],1028_18_4,"[[117.0, 35.0, 294.0, 158.0], [394.0, 11.0, 625.0, 159.0]]",[],"[[157.0, 484.0, 214.0, 605.0], [423.0, 389.0, 489.0, 568.0]]"
"[""but i ' m in no mood to answer right now!"", ""gnnng!"", ""YIYIYI!""]",[],1029_14_1,"[[3.0, 30.0, 288.0, 243.0], [337.0, 58.0, 566.0, 171.0], [608.0, 51.0, 810.0, 170.0]]",[],"[[298.0, 379.0, 369.0, 474.0], [468.0, 305.0, 547.0, 426.0], [650.0, 349.0, 745.0, 434.0]]"
"[""i said i'd go alone now! i don ' t need you any more, durango your mission is accomplished!"", ""sorry mister but my mission is not accomplished\t!""]",[],1029_30_2,"[[18.0, 46.0, 537.0, 270.0], [553.0, 32.0, 936.0, 233.0]]",[],"[[234.0, 424.0, 263.0, 447.0], [598.0, 275.0, 625.0, 311.0]]"
"[""choooo!""]",[],1029_4_4,"[[79.0, 23.0, 401.0, 218.0]]",[],"[[156.0, 709.0, 347.0, 897.0]]"
"[""no tracks! no bleedin' tracks!"", ""we'll find 'em, i tell you! shut up!""]",['four hours passed -- four hours in a world in which nothing moved but the mist! mist with the faint acrid touch of smoke -- the smoke of powdered ivory!'],102_15_6,"[[1.0, 97.0, 150.0, 175.0], [225.0, 96.0, 393.0, 178.0]]","[[1.0, 9.0, 465.0, 89.0]]","[[85.0, 176.0, 147.0, 240.0], [252.0, 182.0, 331.0, 259.0]]"
"[""it was the eel ... the eel!he has struck once again ... to save us ... to protect us from harm ... and to claim his treasure for his own!we give thanks to the eel!""]",[],102_37_4,"[[0.0, 0.0, 470.0, 120.0]]",[],"[[160.0, 179.0, 335.0, 370.0]]"
"[""dont be discouraged rise an ' shine theres another kind of square so don ' t recline!""]",[],102_38_1,"[[187.0, 3.0, 448.0, 109.0]]",[],"[[121.0, 48.0, 152.0, 90.0]]"
"[""it wuz a phony! marty took a dive gilmo-- didn't lay a glove on im""]",[],102_46_6,"[[164.0, 8.0, 395.0, 136.0]]",[],"[[106.0, 138.0, 167.0, 203.0]]"
"[""and here ' s one debt that i ' ve got to pay back""]",[],1030_25_2,"[[9.0, 71.0, 564.0, 222.0]]",[],"[[294.0, 290.0, 341.0, 363.0]]"
"[""sorry, gents- but nobody touches this mask!""]",[],1030_6_1,"[[110.0, 10.0, 475.0, 139.0]]",[],"[[523.0, 169.0, 631.0, 309.0]]"
"[""aargh""]","['six - shooter spits lead with deadly accuracy and the owlhoots break for their mounts, shooting as they go!']",1032_18_2,"[[861.0, 33.0, 1081.0, 160.0]]","[[44.0, 0.0, 269.0, 721.0]]","[[978.0, 381.0, 1039.0, 497.0]]"
"[""we must chance it, tipi""]",[],1032_30_6,"[[33.0, 11.0, 439.0, 108.0]]",[],"[[332.0, 227.0, 388.0, 290.0]]"
"[""sounded like a scream coming from that shack""]",[],1032_5_5,"[[242.0, 11.0, 637.0, 229.0]]",[],"[[280.0, 303.0, 331.0, 358.0]]"
"[""aaargh!"", ""dismount and form a skirmish line! it ' s a solitary sniper! we have nothing to fear!""]",[],1033_21_1,"[[30.0, 72.0, 283.0, 212.0], [284.0, 0.0, 651.0, 239.0]]",[],"[[280.0, 373.0, 311.0, 407.0], [569.0, 449.0, 629.0, 524.0]]"
"[""and now there ' s none!"", ""mppf! choke e""]",[],1033_21_5,"[[0.0, 7.0, 239.0, 145.0], [242.0, 8.0, 459.0, 129.0]]",[],"[[16.0, 322.0, 76.0, 480.0], [141.0, 400.0, 306.0, 573.0]]"
"[""that ' s not a goo enough reaso for endangerin men ' s lives!moun up muley! , wer going to have heart - to - heaf talk with bra horton right now!""]",[],1034_21_3,"[[10.0, 1.0, 327.0, 417.0]]",[],"[[164.0, 599.0, 177.0, 611.0]]"
"[""you hear somebody yell jist then, durango ?"", ""sounded like muley! let ' s ride  up and see what ' s wrong!""]",['earby two horsemen passin through the territory rein and listen intently'],1034_3_6,"[[25.0, 158.0, 308.0, 378.0], [228.0, 168.0, 589.0, 387.0]]","[[0.0, 12.0, 580.0, 185.0]]","[[100.0, 533.0, 142.0, 572.0], [279.0, 451.0, 314.0, 490.0]]"
"[""the deputy ' s in no shape to ride with us muley! we'll backtrain him to where the sheriff ' s plenty of time before the rodeq starts ,""]",['aleman with the depitybadg has barely finished his story'],1034_5_5,"[[0.0, 166.0, 560.0, 424.0]]","[[0.0, 22.0, 554.0, 168.0]]","[[306.0, 568.0, 377.0, 651.0]]"
"[""what you need as button hole maker like this ... it costs only $100 and fits on your sewing machine --- and its so simple to operate!""]",[],1035_1_1,"[[8.0, 0.0, 293.0, 74.0]]",[],"[[91.0, 93.0, 132.0, 139.0]]"
"[""it's only a rash powder i spread over the city. i scared them into selling real estate agent buy it for me. this entire town stands on a huge copper mine which wanted.""]",[],1037_8_4,"[[17.0, 12.0, 337.0, 243.0]]",[],"[[35.0, 252.0, 299.0, 562.0]]"
"[""thank you mr.coyne thank... ooh..."", ""the case has started, terry. come on!""]","[""at the very portals of the detective's office... long grasping hands reach out.""]",1038_37_8,"[[125.0, 80.0, 349.0, 179.0], [217.0, 163.0, 432.0, 275.0]]","[[11.0, 0.0, 458.0, 78.0]]","[[79.0, 182.0, 148.0, 257.0], [313.0, 334.0, 372.0, 383.0]]"
"[""ohh!""]",[],103_43_1,"[[42.0, 2.0, 202.0, 88.0]]",[],"[[32.0, 197.0, 119.0, 298.0]]"
"[""i know it ' s late, mustapha ahmed but ive got to have a look around your shop. .. tonight! ill explain when you get there ...but for the love of pete, dont waste any time!""]",['meanwhile .'],103_46_7,"[[0.0, 14.0, 394.0, 176.0]]","[[0.0, 1.0, 215.0, 29.0]]","[[255.0, 309.0, 321.0, 402.0]]"
"[""ach himmel.... it's dot mad man!""]",[],1041_44_5,"[[48.0, 48.0, 351.0, 122.0]]",[],"[[14.0, 126.0, 280.0, 510.0]]"
"[""hope you have better luck with this one than you had with the others."", ""yes-- but if she lives i'll have to kill her anyway.""]",[],1042_41_0,"[[4.0, 5.0, 347.0, 152.0], [316.0, 2.0, 508.0, 140.0]]",[],"[[179.0, 115.0, 265.0, 214.0], [314.0, 185.0, 409.0, 286.0]]"
"[""maybe your hunch is right!""]",['sleepy hollow'],1043_7_3,"[[167.0, 130.0, 377.0, 232.0]]","[[479.0, 437.0, 585.0, 531.0]]","[[381.0, 265.0, 399.0, 280.0]]"
"[""wow! he crashed through the building!"", ""i'll be back to explain some day, pal!""]",[],1045_8_6,"[[35.0, 0.0, 273.0, 74.0], [354.0, 34.0, 557.0, 108.0]]",[],"[[48.0, 75.0, 59.0, 86.0], [376.0, 151.0, 437.0, 214.0]]"
"[""wait'll i get my hands on you!"", ""dogs-- i hate them!""]",[],1054_61_4,"[[41.0, 2.0, 543.0, 61.0], [133.0, 56.0, 332.0, 112.0]]",[],"[[260.0, 117.0, 376.0, 243.0], [25.0, 156.0, 107.0, 225.0]]"
"[""monster or not-- nothing is going to stop me from having this treasure!""]",['ickly cent ask rried wn the eps and ened e door. e gold s still ere...'],1065_20_0,"[[179.0, 0.0, 399.0, 88.0]]","[[0.0, 0.0, 66.0, 264.0]]","[[164.0, 36.0, 218.0, 94.0]]"
"[""don't worry... i'm not going to touch you. i'm not even going anywhere near you! in fact, i'm going to leave you all alone!""]",[],1067_16_2,"[[7.0, 41.0, 382.0, 187.0]]",[],"[[80.0, 196.0, 353.0, 529.0]]"
"[""thank god she's leaving... if i heard her voice another minute, i would go mad!"", ""here another minute with a numbskull like you, youre crazier than i think you are! --and you know how crazy that is!""]",[],1069_43_5,"[[2.0, 19.0, 270.0, 174.0], [268.0, 0.0, 766.0, 114.0]]",[],"[[250.0, 221.0, 299.0, 292.0], [657.0, 257.0, 711.0, 316.0]]"
"[""the child's half-mad. she may harm janice, even elaw at her face so that she won't be alone in her ugli-ness! i've got to go in there!""]","[""wineed as hulda' s raucous croaking rose in shrill crescendo, and compassion give way to fear...""]",1070_43_1,"[[489.0, 111.0, 743.0, 350.0]]","[[0.0, 0.0, 815.0, 94.0]]","[[453.0, 380.0, 505.0, 435.0]]"
"[""hurry, kola, before ol' stringo hears you!""]",[],1080_6_5,"[[67.0, 1.0, 311.0, 91.0]]",[],"[[310.0, 130.0, 404.0, 213.0]]"
"[""sorry old boy! i can't wait!""]",['a thunderbolt attack hurls him to the wall!'],1093_52_4,"[[11.0, 20.0, 221.0, 88.0]]","[[353.0, 22.0, 560.0, 96.0]]","[[67.0, 92.0, 153.0, 188.0]]"
"[""the black terror! i wonder who he is? why can't you be like him, bob... instead of a--a scared mouse?"", ""don't be silly, jean... imagine me like the terror! forget it!""]",[],1095_16_3,"[[0.0, 3.0, 211.0, 114.0], [186.0, 4.0, 362.0, 89.0]]",[],"[[17.0, 148.0, 116.0, 269.0], [191.0, 121.0, 240.0, 187.0]]"
"[""yes, i'm making that hop to yemen--"", ""sorry to disagree!""]",[],1096_26_6,"[[84.0, 12.0, 225.0, 67.0], [232.0, 12.0, 345.0, 50.0]]",[],"[[83.0, 79.0, 103.0, 103.0], [238.0, 66.0, 271.0, 91.0]]"
"[""ideal for hiding prisoners .. for starving them humble. for preparing them to babble the secrets the red spies want to know""]",[],10_26_3,"[[129.0, 45.0, 454.0, 183.0]]",[],"[[100.0, 335.0, 162.0, 414.0]]"
"[""alley-oop!"", ""yank 'im down!""]",['ith a leap worthy of tarzan--'],1101_44_1,"[[11.0, 31.0, 165.0, 141.0], [61.0, 253.0, 250.0, 362.0]]","[[0.0, 0.0, 625.0, 27.0]]","[[284.0, 245.0, 355.0, 311.0], [135.0, 454.0, 182.0, 522.0]]"
"[""good evening, ladies and gentlemen! it's the big night for the milk fund bouts! we have a capacity crowd here to see the black terror himself, aided by his young partner, who will open the festivities by battling six rugged boxers!""]",['that night...'],1111_16_0,"[[29.0, 32.0, 506.0, 205.0]]","[[16.0, 0.0, 269.0, 34.0]]","[[97.0, 225.0, 267.0, 410.0]]"
"[""the jungle is no place for beasts like you!"", ""it's the jungle girl!""]",[],1111_7_1,"[[8.0, 11.0, 276.0, 109.0], [309.0, 21.0, 456.0, 103.0]]",[],"[[233.0, 95.0, 282.0, 155.0], [349.0, 120.0, 435.0, 208.0]]"
"[""yaaaagh!"", ""my warning has saved you! farewell!""]",[],1123_65_1,"[[11.0, 25.0, 150.0, 113.0], [203.0, 24.0, 339.0, 79.0]]",[],"[[173.0, 98.0, 195.0, 122.0], [173.0, 98.0, 195.0, 122.0]]"
"[""a direct hit! ah! this machine is working great!""]",['from the security of his mountain fort-ress the cowardly moloka watches with satisfaction the deadly work of his diabolical invention!'],1145_54_0,"[[82.0, 122.0, 381.0, 232.0]]","[[5.0, 3.0, 550.0, 127.0]]","[[-1.0, -1.0, -1.0, -1.0]]"
"[""oooooo-wah!""]","['but the neanderthal man sees in flip, a strange thing-there-fore an enemy---he charges!']",1146_18_4,"[[79.0, 167.0, 612.0, 281.0]]","[[71.0, 1.0, 796.0, 163.0]]","[[695.0, 182.0, 805.0, 315.0]]"
"[""i'm going to cut you into pieces, slowly- very slowly but no one else must see it. i must be alone just you two and i.""]",[],1146_42_2,"[[462.0, 21.0, 934.0, 457.0]]",[],"[[71.0, 130.0, 395.0, 524.0]]"
"[""i am draw fight""]","[""aniumah daris in, seizes jedba's spear, and wrenches it with all her sinous strength!"", 'though momentarily blinded, fan mah instinc-ely dodges bas deadly']",1152_109_1,"[[331.0, 0.0, 384.0, 53.0]]","[[0.0, 0.0, 272.0, 46.0], [2.0, 417.0, 127.0, 553.0]]","[[-1.0, -1.0, -1.0, -1.0]]"
"[""the tunnel grows wider..."", ""look! even fury can sense the evil about this place!""]",[],1152_190_2,"[[0.0, 20.0, 143.0, 94.0], [165.0, 20.0, 437.0, 94.0]]",[],"[[45.0, 212.0, 81.0, 271.0], [132.0, 229.0, 161.0, 265.0]]"
"[""you must be the mystery woman! we're explorers. you saved my life, thanks..."", ""it was nothing. i leave you now, come, fury!""]",[],1152_26_7,"[[0.0, 3.0, 113.0, 115.0], [81.0, 59.0, 164.0, 166.0]]",[],"[[26.0, 204.0, 75.0, 265.0], [85.0, 221.0, 144.0, 281.0]]"
"[""uhh- a sniper!""]",['suddenly...'],1155_3_4,"[[187.0, 13.0, 305.0, 85.0]]","[[4.0, 18.0, 152.0, 62.0]]","[[231.0, 123.0, 295.0, 207.0]]"
"[""captain marvel!""]",['by uttering magic ph captain m freddy fr a poor boy bec captain m jr.the wo mightier boy.'],1158_86_0,"[[283.0, 27.0, 406.0, 108.0]]","[[648.0, 25.0, 898.0, 256.0]]","[[320.0, 130.0, 386.0, 199.0]]"
"[""beloved, this world seems strange and terrible!"", ""it is still full of evils, such as we never dreamed of! but with the ibistick, we shall drive them away!""]","['such is the story of prince ibis, and now he comes to the modern world as the cahampion of right']",1163_14_5,"[[13.0, 19.0, 189.0, 108.0], [184.0, 4.0, 401.0, 160.0]]","[[15.0, 303.0, 392.0, 360.0]]","[[84.0, 163.0, 138.0, 227.0], [194.0, 127.0, 251.0, 199.0]]"
"[""you surprised everyone but me, fritz!""]","['as the nazi releases his cargo of death, the flying coffin drops out of the sky!']",116_46_5,"[[28.0, 115.0, 342.0, 253.0]]","[[18.0, 31.0, 600.0, 124.0]]","[[-1.0, -1.0, -1.0, -1.0]]"
"[""as a matter of fact we're not even sure grissac is a gentleman- no one has ever really seen him! who knows? he may even be a woman!""]",[],1172_2_7,"[[79.0, 0.0, 338.0, 141.0]]",[],"[[215.0, 126.0, 282.0, 212.0]]"
"[""oh, there's vincent! -see he's standing behind that girl-- isn't this thrilling?"", ""quite""]",[],1173_35_7,"[[4.0, 0.0, 245.0, 185.0], [260.0, 27.0, 361.0, 98.0]]",[],"[[28.0, 205.0, 160.0, 326.0], [221.0, 174.0, 314.0, 287.0]]"
"[""thanks for announcing me!""]",['a startled martian shouts a warning.'],1178_24_6,"[[16.0, 104.0, 199.0, 164.0]]","[[4.0, 46.0, 258.0, 110.0]]","[[88.0, 165.0, 139.0, 229.0]]"
"[""what a guy!!!- today's action was one or the cleverest bits of strategy pulled off in this war!"", ""and how!""]","[""you can again roar along with the iron ace... in next month's air fighters comics!""]",117_24_6,"[[99.0, 8.0, 274.0, 182.0], [204.0, 166.0, 274.0, 234.0]]","[[12.0, 337.0, 274.0, 413.0]]","[[44.0, 220.0, 139.0, 320.0], [199.0, 246.0, 274.0, 340.0]]"
"[""pardon my intrusion""]",[],1183_12_8,"[[79.0, 25.0, 319.0, 125.0]]",[],"[[125.0, 189.0, 174.0, 240.0]]"
"[""jeeves you've got to tell me... where is he?"", ""i don't know what you're talking about ma'am""]","['and so the ugly man vanishes again into obscurity! later that night mary blake, the actress calls at the home of the missing frank rollins...']",1186_9_0,"[[2.0, 128.0, 193.0, 249.0], [187.0, 129.0, 472.0, 229.0]]","[[0.0, 6.0, 499.0, 122.0]]","[[158.0, 197.0, 222.0, 281.0], [338.0, 192.0, 388.0, 261.0]]"
"[""pretty balloons! but they are not quite what they seem, my friends!""]",[],1189_25_0,"[[13.0, 313.0, 354.0, 457.0]]",[],"[[97.0, 66.0, 200.0, 195.0]]"
"[""first, you place one on a good spot where everybody can see it, turn the little key and...""]",[],1189_30_1,"[[0.0, 2.0, 307.0, 134.0]]",[],"[[-1.0, -1.0, -1.0, -1.0]]"
"[""this young man is due for a surprise!""]",['as he hurries to the field a sentry blocks his way...'],1192_40_5,"[[6.0, 65.0, 230.0, 166.0]]","[[0.0, 8.0, 306.0, 58.0]]","[[211.0, 169.0, 279.0, 248.0]]"
"[""it is ready senor.""]",['ahead...'],1206_44_0,"[[119.0, 9.0, 262.0, 87.0]]","[[1.0, 4.0, 109.0, 37.0]]","[[203.0, 117.0, 223.0, 143.0]]"
"[""island!! i tremble with fright!""]",[],1209_33_4,"[[88.0, 0.0, 274.0, 87.0]]",[],"[[122.0, 369.0, 165.0, 427.0]]"
"[""sorry to argue, chief, but you sent me over the wrong island.. nothing below but a lot of radio silence!""]",['but the next day...'],1219_19_1,"[[146.0, 40.0, 434.0, 132.0]]","[[9.0, 19.0, 94.0, 94.0]]","[[-1.0, -1.0, -1.0, -1.0]]"
"[""oh-oh! a horse's whinny... somebody's been watching from up there!"", ""i'll just take a look!""]",[],1238_22_0,"[[67.0, 1.0, 362.0, 84.0], [504.0, 5.0, 682.0, 55.0]]",[],"[[155.0, 181.0, 375.0, 398.0], [619.0, 270.0, 639.0, 290.0]]"
"[""very well, we shall besin the first lesson with the proper way to rattle chains!"", ""i've got some here, teacher""]",[],123_21_5,"[[15.0, 3.0, 298.0, 105.0], [313.0, 4.0, 484.0, 87.0]]",[],"[[37.0, 118.0, 174.0, 233.0], [313.0, 228.0, 396.0, 317.0]]"
"[""shaddop... you numbskull! i'll settle the yank's hash... after we give the rajah the works!""]",[],1240_32_0,"[[12.0, 0.0, 208.0, 117.0]]",[],"[[96.0, 164.0, 232.0, 336.0]]"
"[""you clumsy young fool! what kind of a glass-blower are you if you take no pride in your work?""]",[],1243_4_6,"[[0.0, 0.0, 351.0, 79.0]]",[],"[[128.0, 103.0, 266.0, 267.0]]"
"[""explode the dynamite charges!"", ""that is excellent!""]",[],1254_65_1,"[[8.0, 138.0, 178.0, 223.0], [145.0, 163.0, 300.0, 267.0]]",[],"[[52.0, 239.0, 166.0, 326.0], [50.0, 239.0, 167.0, 325.0]]"
"[""die -- vile beast! and take your curse with you to the depths of hades from which you came"", ""erryowww!""]",['the monster dies with a ghastly shriek...'],125_30_4,"[[14.0, 55.0, 343.0, 183.0], [316.0, 36.0, 468.0, 136.0]]","[[0.0, 5.0, 303.0, 68.0]]","[[229.0, 121.0, 351.0, 264.0], [-1.0, -1.0, -1.0, -1.0]]"
"[""amy! that's terrible! i -- i couldn't do that to any one!""]",['as she whispers her plan jim taunton feels himself go rigid with horror! he wants to get'],125_5_4,"[[170.0, 100.0, 471.0, 188.0]]","[[25.0, 39.0, 447.0, 113.0]]","[[247.0, 159.0, 354.0, 309.0]]"
"[""oof!""]","['they rushed me, but luckily i remembered the judo i had been taught in basic training...']",1261_28_6,"[[124.0, 59.0, 228.0, 123.0]]","[[0.0, 1.0, 590.0, 61.0]]","[[352.0, 169.0, 429.0, 236.0]]"
"[""that is a break for you! we had the car with the 250 g's! we could have lammed out and never bothered with moroni at all! fate was against us!!"", ""true, scull, true! your greed and revenge played against each other with death holding the stakes! it is too bad that death will not return them!!""]",[],1263_21_4,"[[1.0, 1.0, 208.0, 237.0], [176.0, 0.0, 440.0, 188.0]]",[],"[[38.0, 224.0, 79.0, 271.0], [219.0, 236.0, 252.0, 275.0]]"
"[""sorry, big boy, but you've gotta check a your weapons here... concealed or not""]",[],1265_21_3,"[[88.0, 23.0, 303.0, 155.0]]",[],"[[222.0, 112.0, 279.0, 209.0]]"
"[""brrr! even the air in this place has the chill of death!""]",[],1269_49_2,"[[4.0, 41.0, 306.0, 201.0]]",[],"[[418.0, 374.0, 441.0, 395.0]]"
"[""golly, atlas builds muscles fast! just watch my smoke now!""]",[],1278_35_3,"[[0.0, 20.0, 449.0, 167.0]]",[],"[[162.0, 139.0, 223.0, 208.0]]"
"[""easy does it!""]",[],1284_49_2,"[[328.0, 0.0, 484.0, 54.0]]",[],"[[277.0, 69.0, 371.0, 186.0]]"
"[""r! quit kicking at sand in faces!"", ""that man the worst uisance on the beach"", ""listen here, i'd smash your face... only you're so skinny you might dry up and blow away."", ""the big bully! i'll get even some day"", ""oh don't let it bother you little boy""]",[],1288_49_1,"[[0.0, 5.0, 113.0, 72.0], [0.0, 54.0, 83.0, 144.0], [143.0, 0.0, 403.0, 65.0], [416.0, 0.0, 534.0, 68.0], [583.0, 0.0, 677.0, 52.0]]",[],"[[-1.0, -1.0, -1.0, -1.0], [-1.0, -1.0, -1.0, -1.0], [318.0, 49.0, 348.0, 76.0], [518.0, 33.0, 544.0, 66.0], [568.0, 45.0, 594.0, 71.0]]"
"[""but.... what's that saying about bringing the mountain to sonebody??""]",[],1294_30_3,"[[13.0, 0.0, 221.0, 79.0]]",[],"[[31.0, 92.0, 192.0, 242.0]]"
"[""goodbye darling! have a nice day... be safe"", ""goodbye, dear! take care of yourself and little alice...""]",[],129_20_2,"[[24.0, 13.0, 204.0, 116.0], [201.0, 14.0, 360.0, 148.0]]",[],"[[55.0, 141.0, 127.0, 221.0], [248.0, 232.0, 326.0, 299.0]]"
"[""gnomies""]",[],1302_31_6,"[[101.0, 72.0, 337.0, 246.0]]",[],"[[273.0, 367.0, 397.0, 482.0]]"
"[""hear what miss screech says? we're gonna be great like caruso!"", ""aaah! i don't want to sing like caruso...""]",[],1304_38_1,"[[1.0, 0.0, 336.0, 132.0], [331.0, 0.0, 611.0, 127.0]]",[],"[[132.0, 297.0, 241.0, 392.0], [322.0, 277.0, 442.0, 381.0]]"
"[""gosh! if i could only sing like him! hmmm... hmmm... la - di daaaa""]",['frank sanata in person'],1304_39_4,"[[206.0, 8.0, 541.0, 130.0]]","[[310.0, 102.0, 528.0, 395.0]]","[[132.0, 203.0, 263.0, 307.0]]"
"[""say! i almost forgot i made another improvement on your flying suit! you should do about two hundred miles an hour now!""]",[],1318_44_2,"[[94.0, 1.0, 393.0, 180.0]]",[],"[[219.0, 213.0, 333.0, 346.0]]"
"[""you ordered it to stand up, and it --ulp!-- obeyed!!"", ""it's unbelievable!"", ""haw! haw! ya ain't seen nothin' yet!!"", ""cou up to je"", ""come a runnin',"", ""look out!"", ""you'll be run""]",[],1323_4_0,"[[0.0, 11.0, 222.0, 118.0], [194.0, 12.0, 438.0, 87.0], [235.0, 89.0, 467.0, 189.0], [462.0, 6.0, 544.0, 96.0], [1.0, 429.0, 179.0, 494.0], [186.0, 429.0, 326.0, 494.0], [327.0, 421.0, 464.0, 494.0]]",[],"[[74.0, 172.0, 152.0, 266.0], [189.0, 176.0, 250.0, 253.0], [310.0, 201.0, 406.0, 332.0], [-1.0, -1.0, -1.0, -1.0], [-1.0, -1.0, -1.0, -1.0], [-1.0, -1.0, -1.0, -1.0], [-1.0, -1.0, -1.0, -1.0]]"
"[""(1) the public will learn about the embarrassing episode of the handcuffs, and (2) your superiors will learn that someone other than yourself solved this case.""]",[],1325_26_1,"[[2.0, 3.0, 350.0, 183.0]]",[],"[[146.0, 195.0, 358.0, 422.0]]"
"[""now all i've got to do is make it back!"", ""you will! keep going- you lucky stiff!""]",[],132_10_2,"[[17.0, 36.0, 252.0, 129.0], [232.0, 41.0, 546.0, 116.0]]",[],"[[-1.0, -1.0, -1.0, -1.0], [-1.0, -1.0, -1.0, -1.0]]"
"[""laurel, i shouldn't have put you through this! you really do love brad very much don't you?""]",['to brad and wanda. they were still completely unaware of anything but each other. i knew now that my love for brad was dead!'],1349_8_3,"[[25.0, 62.0, 468.0, 126.0]]","[[0.0, 0.0, 470.0, 60.0]]","[[130.0, 160.0, 214.0, 279.0]]"
"[""wow! boy, there must be an irritated squirrel up there!""]",[],1359_23_3,"[[192.0, 6.0, 484.0, 149.0]]",[],"[[408.0, 102.0, 469.0, 152.0]]"
"[""here goes i'm wishing!""]",[],135_9_3,"[[4.0, 6.0, 270.0, 96.0]]",[],"[[152.0, 154.0, 203.0, 210.0]]"
"[""a face!""]",[],1364_30_3,"[[197.0, 10.0, 404.0, 157.0]]",[],"[[20.0, 23.0, 170.0, 278.0]]"
"[""we have the greatest boss in the world!!"", ""you bet!!! three cheers for robin\thood!!""]",[],1368_26_4,"[[6.0, 21.0, 143.0, 113.0], [123.0, 17.0, 254.0, 128.0]]",[],"[[72.0, 197.0, 95.0, 220.0], [129.0, 203.0, 154.0, 229.0]]"
"[""i spent my fortune trying to find archibald! i have become poor... a lost soul without him! and i thank you boys for finding him..."", ""hmm... that's very interesting windy, but what was your act on the stage?""]",[],1372_18_1,"[[1.0, 14.0, 277.0, 153.0], [347.0, 15.0, 571.0, 112.0]]",[],"[[169.0, 171.0, 287.0, 272.0], [514.0, 208.0, 564.0, 322.0]]"
"[""why that nervy cuss! if he moved my car.....!""]",[],1377_61_4,"[[0.0, 21.0, 295.0, 115.0]]",[],"[[188.0, 100.0, 261.0, 184.0]]"
"[""maybe i should have stayed home!""]",['first aid'],137_15_5,"[[44.0, 23.0, 227.0, 141.0]]","[[227.0, 92.0, 349.0, 142.0]]","[[188.0, 159.0, 296.0, 268.0]]"
"[""y-o-o-o-w-w! all thes complaints about crosse lines are driving me crazy! locate the trouble, somebody. or everybody is fired - including myself!""]",[],137_47_3,"[[43.0, 14.0, 400.0, 180.0]]",[],"[[172.0, 199.0, 240.0, 261.0]]"
"[""this!""]",[],1394_20_2,"[[96.0, 12.0, 244.0, 77.0]]",[],"[[64.0, 168.0, 227.0, 330.0]]"
"[""but there was somebody else in this cabin! out as i came in!""]",[],1395_7_9,"[[4.0, 7.0, 189.0, 137.0]]",[],"[[68.0, 241.0, 96.0, 267.0]]"
"[""let's beat it."", ""you said it. we're lucky to be alive""]",[],139_34_4,"[[40.0, 6.0, 200.0, 36.0], [186.0, 60.0, 311.0, 142.0]]",[],"[[19.0, 50.0, 84.0, 130.0], [178.0, 159.0, 239.0, 227.0]]"
"[""i'm slipping!"", ""oops!"", ""of all the luck!""]",[],1406_13_3,"[[21.0, 34.0, 233.0, 128.0], [162.0, 120.0, 289.0, 226.0], [385.0, 31.0, 522.0, 164.0]]",[],"[[78.0, 264.0, 110.0, 305.0], [220.0, 260.0, 255.0, 299.0], [492.0, 158.0, 592.0, 220.0]]"
"[""o-ooh! what hit me?"", ""now i remember- what a fool i was!""]",['fife begins to re-gain his senses.'],1410_55_7,"[[54.0, 107.0, 407.0, 219.0], [472.0, 34.0, 776.0, 209.0]]","[[32.0, 42.0, 470.0, 128.0]]","[[261.0, 289.0, 318.0, 351.0], [617.0, 259.0, 697.0, 351.0]]"
"[""oh-ho! that's what you think, my conceited friend!""]",['but as he lifts the glass to drink-'],1410_5_3,"[[69.0, 78.0, 530.0, 251.0]]","[[35.0, 0.0, 613.0, 89.0]]","[[303.0, 330.0, 379.0, 399.0]]"
"[""oh boy! a chipmunk!""]",[],1418_14_4,"[[48.0, 0.0, 529.0, 82.0]]",[],"[[170.0, 143.0, 520.0, 461.0]]"
"[""i wonder where the second clue is! nobody seems to have found it yet!""]",['meanwhile ----'],1419_68_4,"[[25.0, 48.0, 425.0, 127.0]]","[[0.0, 7.0, 453.0, 48.0]]","[[45.0, 237.0, 142.0, 324.0]]"
"[""father!""]",[],1421_25_2,"[[41.0, 48.0, 163.0, 92.0]]",[],"[[135.0, 120.0, 274.0, 318.0]]"
"[""the contents of the jar are sacred! upon their safe deliv-ery depends the success of our great cause in china! i know you will not fail us!""]",[],1423_44_5,"[[4.0, 11.0, 279.0, 213.0]]",[],"[[53.0, 245.0, 223.0, 433.0]]"
"[""hurry men, as soon as you get there, attack the mercurian ships. that's our only hope for saving blaze!""]",['the earthmen enter the sound-wave machine to be carried to venus...'],1433_45_6,"[[28.0, 58.0, 286.0, 176.0]]","[[10.0, 0.0, 358.0, 45.0]]","[[37.0, 154.0, 68.0, 188.0]]"
"[""woops! i guess our friend broke the news to his playmates!""]",[],1436_25_9,"[[34.0, 14.0, 369.0, 90.0]]",[],"[[207.0, 149.0, 264.0, 212.0]]"
"[""oh- my head!""]",[],1436_43_7,"[[157.0, 110.0, 253.0, 178.0]]",[],"[[88.0, 87.0, 145.0, 150.0]]"
"[""inspector, i'm so sorry! this happened all because of me!""]","[""rod is fished out and receives lydia van deer's warm sympathy.""]",1437_21_3,"[[83.0, 75.0, 326.0, 163.0]]","[[2.0, 13.0, 322.0, 81.0]]","[[144.0, 130.0, 187.0, 181.0]]"
"[""wow! that was a close call. but i made a bulls-ye on the depot!""]",['darrow pulls back his stick not a moment too soon'],1439_43_0,"[[181.0, 389.0, 478.0, 561.0]]","[[0.0, 7.0, 478.0, 91.0]]","[[-1.0, -1.0, -1.0, -1.0]]"
"[""uh.. whew! my head... rick, i'm going to the office."", ""check up the license number?? i'll stay here!""]",['a few minutes later..'],1440_34_6,"[[0.0, 58.0, 205.0, 211.0], [210.0, 57.0, 434.0, 192.0]]","[[0.0, 25.0, 347.0, 65.0]]","[[34.0, 352.0, 161.0, 514.0], [194.0, 238.0, 415.0, 563.0]]"
"[""careful tawny! he may be only playing dead!""]","['not far off, lion boy holds back tawny as they near the fallen man.']",1440_45_2,"[[201.0, 124.0, 411.0, 252.0]]","[[0.0, 36.0, 427.0, 122.0]]","[[135.0, 213.0, 190.0, 277.0]]"
"[""the great defender!! come inside, quickly!""]","[""curtis's door is opened cautiously by dr. gilbert falk.""]",1440_4_5,"[[130.0, 84.0, 442.0, 179.0]]","[[24.0, 18.0, 453.0, 88.0]]","[[197.0, 148.0, 271.0, 247.0]]"
"[""nice catch!""]",[],1441_7_5,"[[152.0, 21.0, 262.0, 89.0]]",[],"[[61.0, 71.0, 164.0, 201.0]]"
"[""i hope this boy will help a lady in distress! i must get to town!""]",[],1448_23_7,"[[25.0, 0.0, 402.0, 147.0]]",[],"[[32.0, 292.0, 167.0, 441.0]]"
"[""oh... there you are!""]",[],1449_54_1,"[[126.0, 44.0, 430.0, 202.0]]",[],"[[180.0, 261.0, 272.0, 363.0]]"
"[""follow me!""]",['hit comics'],1451_37_1,"[[0.0, 66.0, 101.0, 150.0]]","[[30.0, 3.0, 267.0, 33.0]]","[[38.0, 215.0, 143.0, 329.0]]"
"[""i'll protect the city with my in-visible ray, you counter-attack with the fleet!""]",[],1459_42_1,"[[80.0, 45.0, 453.0, 191.0]]",[],"[[157.0, 190.0, 278.0, 300.0]]"
"[""luck!.. ahem, now do you believe in my lucky charm?""]",[],1459_48_9,"[[40.0, 14.0, 359.0, 138.0]]",[],"[[35.0, 113.0, 215.0, 340.0]]"
"[""hah! i'll have some excitement to tell of""]",['nearby was camped a tribe of unfriendly red men..'],1460_55_5,"[[67.0, 144.0, 257.0, 241.0]]","[[16.0, 10.0, 383.0, 87.0]]","[[196.0, 237.0, 225.0, 264.0]]"
"[""ulp! h-h-he's gone!"", ""let's clear out, keep! these speeches always make me nervous! our job is done, anyhow!"", ""sometimes i can't understand you, kid eternity- but you do get results!""]",[],1464_17_6,"[[5.0, 23.0, 113.0, 58.0], [109.0, 20.0, 299.0, 77.0], [112.0, 73.0, 248.0, 147.0]]",[],"[[36.0, 98.0, 45.0, 105.0], [270.0, 99.0, 308.0, 138.0], [139.0, 172.0, 191.0, 230.0]]"
"[""i'm glad it turned out right! what are your plans?"", ""i've sunk every cent in this showbcat venture!... the best acts i could hire are waiting right now at skinner's landing!""]",[],1464_7_2,"[[14.0, 15.0, 102.0, 78.0], [90.0, 12.0, 203.0, 125.0]]",[],"[[45.0, 127.0, 61.0, 147.0], [88.0, 123.0, 108.0, 149.0]]"
"[""let's both do it to him, big!""]",[],1465_40_3,"[[83.0, 3.0, 198.0, 67.0]]",[],"[[25.0, 130.0, 162.0, 262.0]]"
"[""if you're not areful, i'm going to change my mind!"", ""good idea! it needs improvement! why not replace it with the mind of a ten-year-old?""]",[],146_20_0,"[[0.0, 33.0, 225.0, 148.0], [231.0, 9.0, 519.0, 164.0]]",[],"[[40.0, 185.0, 143.0, 283.0], [279.0, 162.0, 520.0, 495.0]]"
"[""i guess you were right after all, hoppy! this is fun!"", ""i'm beginning to change my mind!""]",[],1473_24_1,"[[10.0, 21.0, 162.0, 153.0], [148.0, 27.0, 310.0, 128.0]]",[],"[[154.0, 190.0, 166.0, 207.0], [141.0, 185.0, 151.0, 200.0]]"
"[""oh thank you ir knight! emme shake our hand"", ""huh? --er-- outch!!""]",[],1486_44_2,"[[0.0, 18.0, 129.0, 102.0], [135.0, 13.0, 274.0, 83.0]]",[],"[[0.0, 202.0, 61.0, 264.0], [143.0, 90.0, 194.0, 157.0]]"
"[""glad you came, rob! there's been a sudden epidemic of substituted valuable jewelry!"", ""there's only one way to stop it! get me a glass of water!""]",['she lea door opens- in walks hydroman'],1488_58_4,"[[258.0, 4.0, 640.0, 122.0], [218.0, 106.0, 517.0, 233.0]]","[[0.0, 1.0, 303.0, 87.0]]","[[410.0, 238.0, 590.0, 433.0], [127.0, 105.0, 205.0, 205.0]]"
"[""anytime you feel too bad to go fishing, you must be plenty sick!""]",[],148_11_4,"[[8.0, 8.0, 313.0, 104.0]]",[],"[[93.0, 247.0, 120.0, 274.0]]"
"[""i'm free!""]",['giant hands pull aside the imprisoning tentacles---'],1490_48_1,"[[48.0, 113.0, 224.0, 208.0]]","[[1.0, 29.0, 348.0, 99.0]]","[[221.0, 214.0, 237.0, 227.0]]"
"[""we have no time to lose, gentle-men! chief orookee will-attack us within 24 hours, and..."", ""sheriff, you must listen to me--""]","[""at the sheriff's office, mean-while, a meeting of influential ranchers was in progress...""]",1493_30_2,"[[0.0, 113.0, 263.0, 331.0], [263.0, 105.0, 522.0, 225.0]]","[[0.0, 11.0, 500.0, 122.0]]","[[80.0, 336.0, 207.0, 490.0], [274.0, 412.0, 326.0, 491.0]]"
"[""i will find out where this band of apaches hides out! i will disguise myself as an apache. sooner or later this traitor will show up..."", ""then you can see who he is and report back to me! an excellent idea!""]",[],1494_22_4,"[[2.0, 8.0, 245.0, 167.0], [225.0, 4.0, 462.0, 119.0]]",[],"[[11.0, 171.0, 199.0, 457.0], [230.0, 155.0, 376.0, 369.0]]"
"[""this is madness, my brothers... let me speak-""]",[],1497_11_1,"[[24.0, 8.0, 241.0, 85.0]]",[],"[[117.0, 103.0, 169.0, 159.0]]"
"[""this is the east pass! we've got to risk it!"", ""yellow cur at the fort had only guided us, we'd be- look!""]",[],1499_8_5,"[[8.0, 13.0, 156.0, 109.0], [169.0, 0.0, 309.0, 126.0]]",[],"[[58.0, 251.0, 69.0, 272.0], [214.0, 214.0, 235.0, 237.0]]"
"[""silence, woman- no harm will come to you! someone comes this way..."", ""your rifles, white men- and no harm comes to any of you!""]","['inside the circle of we wagons -- a stealthy figure creeps closer and a cry of fear is muffled, as...']",1500_13_4,"[[184.0, 83.0, 304.0, 280.0], [157.0, 483.0, 310.0, 622.0]]","[[0.0, 11.0, 307.0, 99.0]]","[[116.0, 98.0, 181.0, 149.0], [-1.0, -1.0, -1.0, -1.0]]"
"[""crows! run run for your lives!"", ""too late, cheyenne puppies, we have encircled you!""]",[],1502_32_1,"[[22.0, 7.0, 142.0, 115.0], [144.0, 5.0, 376.0, 78.0]]",[],"[[-1.0, -1.0, -1.0, -1.0], [139.0, 105.0, 220.0, 180.0]]"
"[""sob... sob sob""]",[],1509_22_2,"[[129.0, 2.0, 278.0, 63.0]]",[],"[[154.0, 79.0, 240.0, 203.0]]"
"[""some of my snaps are worth a lot of trouble!""]",[],150_35_1,"[[26.0, 0.0, 334.0, 131.0]]",[],"[[192.0, 200.0, 237.0, 248.0]]"
"[""this is going to be a wonderful adventure!""]",[],1514_39_7,"[[18.0, 29.0, 352.0, 89.0]]",[],"[[58.0, 125.0, 169.0, 219.0]]"
"[""now to return to earth and wind up this hideous nightmare!""]",[],1518_48_5,"[[131.0, 195.0, 282.0, 325.0]]",[],"[[48.0, 223.0, 90.0, 261.0]]"
"[""the ungrateful wretch - and to think that i paid her in full today! well, we simply must have a cook, \""chickie so pick one up in town tomorrow!"", ""yes, dear!""]",[],153_48_5,"[[0.0, 6.0, 399.0, 253.0], [164.0, 259.0, 383.0, 326.0]]",[],"[[46.0, 312.0, 130.0, 391.0], [235.0, 341.0, 307.0, 412.0]]"
"[""a big bad bandito! i told you boys meant to come along and i wasn't fooling."", ""you must've done some tall riding to catch us ma'm. sit down and grab some grub. we'll need our strength tomorrow.""]",[],1557_19_0,"[[4.0, 0.0, 250.0, 193.0], [286.0, 4.0, 585.0, 221.0]]",[],"[[212.0, 254.0, 301.0, 377.0], [419.0, 219.0, 575.0, 417.0]]"
"[""wow! i got one! look at that line!"", ""must be a whale! whew!""]",['then suddenly:'],1569_7_5,"[[127.0, 21.0, 333.0, 159.0], [1.0, 173.0, 132.0, 286.0]]","[[15.0, 3.0, 168.0, 54.0]]","[[177.0, 191.0, 188.0, 215.0], [85.0, 276.0, 107.0, 295.0]]"
"[""manhattan's famous skyline!- sure is a beaut, eh, laura?"", ""it certainly is, stu- but can you imagine how it must have looked befor all these skyscrapers were built?""]",[],1576_36_1,"[[5.0, 26.0, 202.0, 109.0], [166.0, 25.0, 330.0, 177.0]]",[],"[[6.0, 207.0, 99.0, 330.0], [110.0, 288.0, 230.0, 416.0]]"
"[""wow! this century's giving us a wet welcome!"", ""and this miss is"", ""that does it! where were""]","[""and suddenly it's 1855 somewhere on the mississippi river...""]",1577_23_1,"[[76.0, 78.0, 311.0, 151.0], [17.0, 500.0, 128.0, 553.0], [120.0, 504.0, 309.0, 550.0]]","[[50.0, 17.0, 311.0, 86.0]]","[[195.0, 171.0, 239.0, 233.0], [-1.0, -1.0, -1.0, -1.0], [-1.0, -1.0, -1.0, -1.0]]"
"[""now that we're successful, bergen- how about raising my salary to 75$ a week?"", ""no- i'm afraid you might run off and get married, charlie""]",['the air.........'],1595_45_9,"[[16.0, 29.0, 337.0, 210.0], [334.0, 30.0, 621.0, 229.0]]","[[1.0, 4.0, 624.0, 34.0]]","[[39.0, 275.0, 277.0, 523.0], [295.0, 298.0, 572.0, 594.0]]"
"[""not quite!""]",[],1612_38_4,"[[463.0, 14.0, 701.0, 123.0]]",[],"[[506.0, 275.0, 600.0, 345.0]]"
"[""their fear was too great! he's getting away now!"", ""but sheena-- she is going after it! wait- bantuli- where is he?""]",[],1622_28_4,"[[5.0, 17.0, 233.0, 164.0], [228.0, 15.0, 517.0, 184.0]]",[],"[[165.0, 177.0, 243.0, 252.0], [298.0, 269.0, 359.0, 353.0]]"
"[""the poor fellow dead, ogg, come must get to the bottom of this tawn.""]",[],1631_18_6,"[[81.0, 4.0, 305.0, 129.0]]",[],"[[164.0, 121.0, 207.0, 179.0]]"
"[""this gorge we're in- a perfect trap! you! wake up! listen to me! noise-- give your boys anything that will make a  noise!"", ""my word!"", ""noise! noise! make noise for your very lives!"", ""see! they do not like it! they falter they slink.. they grow afraid!""]",[],1632_32_0,"[[0.0, 0.0, 453.0, 95.0], [264.0, 71.0, 418.0, 117.0], [472.0, 18.0, 723.0, 116.0], [928.0, 155.0, 1120.0, 315.0]]",[],"[[80.0, 167.0, 137.0, 252.0], [201.0, 193.0, 290.0, 258.0], [677.0, 128.0, 754.0, 216.0], [634.0, 459.0, 663.0, 493.0]]"
"[""nay, one of evil! stand! behold now your weapon in the eyes of the wizard!"", ""it's turned to a snake! no! i must get away!""]",[],1635_38_4,"[[0.0, 3.0, 203.0, 186.0], [204.0, 61.0, 376.0, 191.0]]",[],"[[77.0, 231.0, 120.0, 289.0], [199.0, 386.0, 293.0, 486.0]]"
"[""aiee! the ledge collapses- i fall, salu- i fall!""]",['as above...'],1635_6_1,"[[0.0, 23.0, 175.0, 150.0]]","[[0.0, 0.0, 177.0, 26.0]]","[[285.0, 38.0, 309.0, 56.0]]"
"[""you say that my friend lari sits alone and weeps. take me to him, quickly!"", ""ah... by a""]",[],1638_35_0,"[[14.0, 1.0, 387.0, 94.0], [446.0, 2.0, 524.0, 68.0]]",[],"[[36.0, 389.0, 62.0, 420.0], [-1.0, -1.0, -1.0, -1.0]]"
"[""behold, it is the lair of tonta, the aged native called crazy-in-the-head.""]",[],1639_3_0,"[[213.0, 0.0, 508.0, 127.0]]",[],"[[353.0, 234.0, 383.0, 281.0]]"
"[""thats right ben ali.. we have things to talk about!""]",[],1646_48_2,"[[30.0, 4.0, 161.0, 87.0]]",[],"[[142.0, 56.0, 168.0, 79.0]]"
"[""oh, what a stupid error! this is my dad, jim brent. i'm alice we're hunting lions for the tinglin brother's circus we've heard of you""]",[],1656_44_4,"[[89.0, 28.0, 254.0, 133.0]]",[],"[[63.0, 70.0, 83.0, 92.0]]"
"[""look below! n'tomba's machine already seeks to crush another victim! only one chance...""]",[],1658_13_5,"[[35.0, 0.0, 191.0, 81.0]]",[],"[[137.0, 148.0, 142.0, 157.0]]"
"[""the longboka kraal, ann... maga is their chief- a great hunter more than a warrior, but if he has changed his stripes i will smell it soon.. wait here!""]","['ons loo! trains cked... who the raiders- where did hey hide? days ago a mons from his friend, the rict commissioner, started kaanga his mystery l...and now, m the jungle e of a sleeping age he scouted lair of his t suspecty.']",1665_3_1,"[[654.0, 1.0, 1125.0, 134.0]]","[[0.0, 45.0, 244.0, 531.0]]","[[619.0, 127.0, 677.0, 197.0]]"
"[""peace mighty one kalat comes in peace!"", ""an indian! here in africa!""]",[],1670_39_1,"[[164.0, 7.0, 304.0, 133.0], [48.0, 208.0, 162.0, 314.0]]",[],"[[239.0, 179.0, 261.0, 211.0], [174.0, 245.0, 219.0, 296.0]]"
"[""another sock for good measure!""]",[],1671_15_2,"[[41.0, 11.0, 236.0, 90.0]]",[],"[[194.0, 150.0, 252.0, 213.0]]"
"[""hey wait a minute, mom... this is my big day too!"", ""what now?""]",[],1676_11_2,"[[0.0, 16.0, 320.0, 135.0], [327.0, 15.0, 519.0, 101.0]]",[],"[[110.0, 168.0, 231.0, 286.0], [405.0, 140.0, 499.0, 252.0]]"
"[""hey! there goes the signal... three splasiies!""]",[],1688_45_0,"[[176.0, 30.0, 567.0, 108.0]]",[],"[[319.0, 162.0, 395.0, 233.0]]"
"[""i...i bought this ice to chill a case of brew, drake! ...in a tub.. cubes are no good for that... get the idea?"", ""yes jackpot! i think i'm beginning to get it!""]",[],1698_4_6,"[[15.0, 4.0, 250.0, 154.0], [223.0, 10.0, 379.0, 108.0]]",[],"[[189.0, 107.0, 231.0, 147.0], [256.0, 188.0, 315.0, 248.0]]"
"[""this hotspurs is quite a singer!""]",[],1699_4_2,"[[14.0, 10.0, 219.0, 71.0]]",[],"[[156.0, 146.0, 176.0, 163.0]]"
"[""pull a trick knife on me, you would!""]",[],1701_7_2,"[[0.0, 122.0, 254.0, 218.0]]",[],"[[294.0, 166.0, 409.0, 301.0]]"
"[""we can make the swiss border by daylight!"", ""this has been a sad day for france!"", ""dick, what became of phillipe?""]",[],1702_20_0,"[[6.0, 12.0, 114.0, 74.0], [103.0, 13.0, 220.0, 68.0], [134.0, 79.0, 220.0, 149.0]]",[],"[[39.0, 145.0, 74.0, 178.0], [107.0, 123.0, 137.0, 162.0], [155.0, 166.0, 186.0, 194.0]]"
"[""la de da de da/ now let's see, this looks like a good spot!""]",[],1706_23_2,"[[13.0, 1.0, 288.0, 87.0]]",[],"[[57.0, 257.0, 125.0, 339.0]]"
"[""it's hopeless! we can't fight quiquern!"", ""help! quiquern is attacking my mother and father"", ""why don't the u.s. authorities do some - thing -""]","['garu, the alaskan boy, rushes into town for help...']",170_14_7,"[[22.0, 44.0, 221.0, 138.0], [211.0, 58.0, 415.0, 143.0], [248.0, 124.0, 435.0, 244.0]]","[[8.0, 1.0, 460.0, 65.0]]","[[125.0, 257.0, 147.0, 278.0], [235.0, 185.0, 252.0, 209.0], [298.0, 278.0, 319.0, 298.0]]"
"[""yes, and if you want to keep this job you'll recover them!""]",[],170_54_0,"[[17.0, 6.0, 290.0, 152.0]]",[],"[[71.0, 200.0, 292.0, 423.0]]"
"[""whew! getting hot! we must be down very far!"", ""yes, major drake... but it's the only way we can catch him!""]",[],1711_10_4,"[[0.0, 20.0, 194.0, 110.0], [175.0, 23.0, 394.0, 112.0]]",[],"[[119.0, 278.0, 155.0, 316.0], [82.0, 230.0, 113.0, 262.0]]"
"[""there he goes... in to see his precious doctor! stay out here peecolo.. i'm going in, too!""]",[],1721_31_5,"[[10.0, 4.0, 194.0, 114.0]]",[],"[[7.0, 166.0, 73.0, 360.0]]"
"[""wow! a light!""]",[],1721_47_4,"[[8.0, 7.0, 127.0, 64.0]]",[],"[[19.0, 133.0, 89.0, 228.0]]"
"[""a night in the haunted castle will frighten you out of your wits!"", ""perhaps it's because i have no wits, but nothing has frightened me yet!""]",[],1735_24_1,"[[10.0, 14.0, 364.0, 120.0], [253.0, 63.0, 547.0, 158.0]]",[],"[[51.0, 278.0, 193.0, 411.0], [373.0, 161.0, 421.0, 223.0]]"
"[""help!""]",['the thing starts its chrm work of furious destruction!'],1742_37_0,"[[316.0, 54.0, 504.0, 158.0]]","[[0.0, 1.0, 583.0, 55.0]]","[[203.0, 87.0, 284.0, 207.0]]"
"[""good heavens! that hostess looks like nancy! that gives me an idea!""]",['e fireman e airport! m the east!'],1743_45_3,"[[183.0, 9.0, 578.0, 183.0]]","[[0.0, 6.0, 184.0, 102.0]]","[[218.0, 306.0, 275.0, 385.0]]"
"[""help! help!"", ""i was hit b lightn""]",[],1745_8_1,"[[242.0, 528.0, 378.0, 645.0], [400.0, 559.0, 497.0, 708.0]]",[],"[[172.0, 733.0, 208.0, 775.0], [-1.0, -1.0, -1.0, -1.0]]"
"[""ou have the honor of eing the first flying r eel!"", ""eeek!""]",[],1747_14_2,"[[0.0, 33.0, 374.0, 101.0], [108.0, 103.0, 220.0, 161.0]]",[],"[[308.0, 264.0, 359.0, 320.0], [0.0, 160.0, 29.0, 210.0]]"
"[""i'm so glad you're safe, lightning"", ""i guess this is the end of the river pirates, so i'll be getting along""]",[],1749_15_5,"[[13.0, 0.0, 153.0, 75.0], [139.0, 3.0, 455.0, 76.0]]",[],"[[95.0, 87.0, 126.0, 116.0], [179.0, 68.0, 215.0, 104.0]]"
"[""there's the missing passenger liner venusa!"", ""and there is the freighter m-16 that disappeared last month but not a sign of life""]","['the patrolmen find that many other craft, having landed out of curiosity or for repairs, are nailed to the planet by its tremendous magnetism...']",174_38_3,"[[485.0, 4.0, 852.0, 103.0], [908.0, 5.0, 1345.0, 136.0]]","[[36.0, 18.0, 474.0, 192.0]]","[[537.0, 481.0, 585.0, 535.0], [770.0, 495.0, 835.0, 545.0]]"
"[""g-gosh- a whole room full of air raid sirens!""]",[],1755_6_5,"[[355.0, 0.0, 776.0, 100.0]]",[],"[[520.0, 195.0, 616.0, 290.0]]"
"[""whoopeee. but i was scared i'm glad i was just dreaming."", ""there goes that boy again out of bed""]",[],1759_29_8,"[[99.0, 210.0, 219.0, 320.0], [252.0, 197.0, 331.0, 278.0]]",[],"[[61.0, 485.0, 96.0, 530.0], [-1.0, -1.0, -1.0, -1.0]]"
"[""good afternoon, gentlemen!""]","['have it, a pleasure bent cowboy enters at that moment...']",1763_30_4,"[[0.0, 75.0, 269.0, 139.0]]","[[0.0, 0.0, 285.0, 80.0]]","[[117.0, 143.0, 170.0, 190.0]]"
"[""hurry!i can see the dust being kicked up by the injun ponies just over the hill!"", ""what good will this do? we're trapped! listen to those war-whoops!""]",[],1764_25_4,"[[10.0, 12.0, 218.0, 130.0], [219.0, 12.0, 405.0, 121.0]]",[],"[[26.0, 177.0, 39.0, 194.0], [286.0, 264.0, 364.0, 355.0]]"
"[""he's marrying serena. she was his secretary. he feels responsible for the accident."", ""it's no good, is it, roa? you keep thinking about andy hunter.""]",['my date with dr. wentworth that night was an awful flop...'],1777_30_3,"[[5.0, 129.0, 310.0, 299.0], [194.0, 70.0, 562.0, 162.0]]","[[0.0, 5.0, 602.0, 65.0]]","[[114.0, 337.0, 210.0, 456.0], [348.0, 310.0, 475.0, 441.0]]"
"[""we think marvelc""]",[],1781_34_1,"[[531.0, 314.0, 667.0, 432.0]]",[],"[[-1.0, -1.0, -1.0, -1.0]]"
"[""my beloved, together at last."", ""charles darling, but you made such a great sacrifice""]","['hours later, marty and his wife are on their way to switzerland...']",1794_45_2,"[[9.0, 143.0, 239.0, 245.0], [218.0, 105.0, 412.0, 273.0]]","[[3.0, 13.0, 433.0, 99.0]]","[[217.0, 362.0, 281.0, 443.0], [309.0, 383.0, 370.0, 458.0]]"
"[""hey! look out!""]",[],1795_9_4,"[[32.0, 32.0, 185.0, 93.0]]",[],"[[114.0, 135.0, 132.0, 162.0]]"
"[""hey!""]",['and far away in the city as billy batson just finishes his news broadcast...'],1803_29_1,"[[49.0, 259.0, 221.0, 381.0]]","[[58.0, 1.0, 472.0, 70.0]]","[[115.0, 121.0, 162.0, 165.0]]"
"[""captain marvel jr! he needs help.... ohhhh!""]",[],1810_19_1,"[[298.0, 4.0, 478.0, 143.0]]",[],"[[286.0, 155.0, 330.0, 198.0]]"
"[""ptain marvel! the ptunians must have et with an overwhelming defeat! there may not be any left alive!"", ""it's hard to believe there aren't any sur-vivors! if there's any within earshot, a loud enough shout will bring them to us!""]",[],1810_6_3,"[[0.0, 5.0, 226.0, 150.0], [222.0, 1.0, 468.0, 128.0]]",[],"[[89.0, 213.0, 186.0, 318.0], [297.0, 138.0, 443.0, 325.0]]"
"[""golly... not even water will wake them up! the sleep sand must be powerful enough to put them in a dead sleep!""]",[],1811_29_0,"[[24.0, 1.0, 280.0, 136.0]]",[],"[[107.0, 175.0, 138.0, 209.0]]"
"[""yeah, found the crook but i lost three teeth doing it! (groan),""]",[],1811_38_6,"[[0.0, 40.0, 339.0, 163.0]]",[],"[[208.0, 206.0, 259.0, 261.0]]"
"[""eeaaaa!"", ""wow! those ladder rungs are stretching like rubber!""]",['captain marvel jr. also meets a startling scene!'],1813_17_4,"[[15.0, 141.0, 260.0, 282.0], [547.0, 172.0, 963.0, 480.0]]","[[0.0, 0.0, 1011.0, 81.0]]","[[329.0, 191.0, 399.0, 279.0], [524.0, 643.0, 562.0, 690.0]]"
"[""this is frightful! oh, if only the marvel family were here!""]","['soon, dexter is horrified to see helpless victims abducted and dragged back to be put through the time door into an unknown era!']",1816_8_5,"[[116.0, 89.0, 350.0, 188.0]]","[[0.0, 0.0, 350.0, 100.0]]","[[233.0, 254.0, 327.0, 366.0]]"
"[""me, a movie star! i can't believe it! after this i bet all the girls will look at me the way they did at teddy cracken!""]",[],1823_16_6,"[[13.0, 24.0, 329.0, 149.0]]",[],"[[207.0, 205.0, 228.0, 228.0]]"
"[""and look! these purple grapes are amethysts! and these white grapes are diamonds!""]",['the strange jewel trees from the magic seeds have produced a fabulous crop of precious treasure!'],1823_7_0,"[[6.0, 0.0, 329.0, 113.0]]","[[0.0, 348.0, 314.0, 425.0]]","[[126.0, 127.0, 184.0, 189.0]]"
"[""there's aimes- he'll be happy to see\tthis.""]",[],1830_62_1,"[[21.0, 30.0, 289.0, 107.0]]",[],"[[257.0, 174.0, 270.0, 194.0]]"
"[""aren't you located drowns yacht yet shipreck"", ""i just got it doodl, we must get there at once and prevent his destroying the durango.""]","['sapnereck, unaware of the durango disaster, finally locates the position of dr. bronws yacht.']",1835_15_6,"[[9.0, 34.0, 104.0, 139.0], [106.0, 31.0, 223.0, 161.0]]","[[10.0, 270.0, 220.0, 371.0]]","[[33.0, 133.0, 84.0, 180.0], [95.0, 172.0, 139.0, 210.0]]"
"[""unwary allied ship passes us! torpedoes ready, please?"", ""torpedoes ready!"", ""then""]",[],1842_23_2,"[[121.0, 23.0, 604.0, 169.0], [597.0, 10.0, 847.0, 160.0], [0.0, 438.0, 147.0, 517.0]]",[],"[[133.0, 191.0, 188.0, 250.0], [514.0, 276.0, 665.0, 457.0], [-1.0, -1.0, -1.0, -1.0]]"
"[""i thought minute man would stay and protect me! but he ran out and disappered.""]",[],1842_35_6,"[[34.0, 29.0, 357.0, 110.0]]",[],"[[290.0, 139.0, 373.0, 239.0]]"
"[""-you see, i'm a slaver! -but, with this difference, -i sell persons who are well known in the field of scientific research-""]",[],184_20_3,"[[53.0, 0.0, 475.0, 150.0]]",[],"[[315.0, 235.0, 350.0, 276.0]]"
"[""bombs away!""]",['minute man smashes the secret nazi airport with the germans own bombs!'],1850_47_2,"[[439.0, 35.0, 656.0, 113.0]]","[[0.0, 0.0, 670.0, 58.0]]","[[652.0, 162.0, 670.0, 179.0]]"
"[""the gun you will admit is a very clever device adapted from your ...ah ha.. ha civilization.""]",[],1853_14_3,"[[0.0, 7.0, 223.0, 76.0]]",[],"[[51.0, 101.0, 69.0, 120.0]]"
"[""poor kuli kai, i wonder if his broken leg is still bothering him?"", ""oh you mean kuli kai. his broken leg is giving him a lot of trouble""]",['as the jap concentrates on a non existent son radar again reaps his mind.'],1854_8_6,"[[0.0, 32.0, 185.0, 100.0], [129.0, 35.0, 322.0, 88.0]]","[[25.0, 0.0, 322.0, 36.0]]","[[80.0, 92.0, 133.0, 154.0], [205.0, 80.0, 239.0, 121.0]]"
"[""hurry! find it before bullet- man comes again!"", ""ulps! he's here already!""]",[],1859_22_2,"[[1.0, 7.0, 171.0, 123.0], [163.0, 15.0, 305.0, 137.0]]",[],"[[53.0, 209.0, 118.0, 295.0], [209.0, 222.0, 283.0, 290.0]]"
"[""sorry! no time for conversation!""]",[],1862_7_5,"[[23.0, 7.0, 293.0, 89.0]]",[],"[[165.0, 101.0, 224.0, 154.0]]"
"[""it's a great collection isn't it ,lumber jack?"", ""you call zat a great collection? bah! you should see lumber jack's collections!""]",[],1869_9_2,"[[0.0, 0.0, 172.0, 130.0], [150.0, 0.0, 468.0, 145.0]]",[],"[[136.0, 139.0, 173.0, 197.0], [190.0, 140.0, 243.0, 203.0]]"
"[""oo<BACKCHANNEL oh,>my head! now why should anyone oh the phonograph s explains everything.""]",['meanwhile---'],1877_22_5,"[[153.0, 1.0, 521.0, 110.0]]","[[6.0, 2.0, 195.0, 39.0]]","[[106.0, 122.0, 166.0, 190.0]]"
"[""i should hope so! after all the things your parents do for you, i think it's awful to talk about them like that behind their backs! i think parents are wonderful!""]",[],1894_15_2,"[[0.0, 0.0, 563.0, 194.0]]",[],"[[161.0, 203.0, 224.0, 283.0]]"
"[""listen, strong boy- you've been in here for six months now. would you like to get out?"", ""would i? i'm sick of stir!""]","['"" her screams summome aepand al strong boy tried escape ne was captured, after a speeoy tral he was to life inmprisonmentat the north car penitentiary, tais was in 1926...""']",1897_30_2,"[[0.0, 107.0, 230.0, 221.0], [246.0, 104.0, 381.0, 187.0]]","[[0.0, 2.0, 382.0, 103.0]]","[[198.0, 286.0, 240.0, 329.0], [324.0, 259.0, 365.0, 300.0]]"
"[""i.. i feel weak!""]",['millions of volts of energy are loosed over their heads!'],189_9_5,"[[30.0, 370.0, 115.0, 400.0]]","[[32.0, 10.0, 433.0, 50.0]]","[[209.0, 340.0, 250.0, 370.0]]"
"[""best defense is a good offense!""]",[],1902_64_4,"[[34.0, 15.0, 253.0, 134.0]]",[],"[[269.0, 131.0, 359.0, 224.0]]"
"[""full speed ahead- here comes the harbor patrol- we'll run for it get the guns ready!!""]",[],190_19_6,"[[0.0, 50.0, 300.0, 95.0]]",[],"[[122.0, 185.0, 135.0, 201.0]]"
"[""oops! missed!!""]",[],1915_0_1,"[[556.0, 33.0, 812.0, 228.0]]",[],"[[479.0, 435.0, 630.0, 592.0]]"
"[""quess i was mistaken!""]",[],1915_36_2,"[[12.0, 5.0, 193.0, 132.0]]",[],"[[92.0, 163.0, 189.0, 275.0]]"
"[""now, we'll see if this will work.""]",[],1916_54_0,"[[0.0, 14.0, 177.0, 90.0]]",[],"[[-1.0, -1.0, -1.0, -1.0]]"
"[""they know that love you!""]","[""a tribe of gorillas rushes to blanda's aid!""]",1918_57_3,"[[231.0, 108.0, 507.0, 207.0]]","[[166.0, 0.0, 586.0, 74.0]]","[[260.0, 266.0, 328.0, 340.0]]"
"[""boy, this air feels good!""]",['-- and into the murky water of the east river then a boat appears eney out of the darkness'],1919_30_4,"[[352.0, 167.0, 527.0, 294.0]]","[[32.0, 344.0, 558.0, 428.0]]","[[116.0, 44.0, 330.0, 259.0]]"
"[""thank the lord you came, karl! he nearly had us finished! but he is in bad shape... we must get him to a field hospital.""]",['but in his weakend condition he is over-whelmed when another guard enters....'],191_50_2,"[[23.0, 0.0, 200.0, 95.0]]","[[16.0, 200.0, 350.0, 232.0]]","[[90.0, 125.0, 115.0, 160.0]]"
"[""let's get out of here!"", ""we must get there in time!""]",[],1920_63_4,"[[18.0, 26.0, 159.0, 75.0], [333.0, 17.0, 567.0, 63.0]]",[],"[[174.0, 46.0, 238.0, 119.0], [511.0, 75.0, 590.0, 163.0]]"
"[""but we still have a chancer so don't look at that mirage or the thought of ships and water will unnerve you!"", ""ch-cherry, are mirages held up by wooden posts?""]",[],1927_45_2,"[[13.0, 9.0, 433.0, 153.0], [452.0, 6.0, 692.0, 169.0]]",[],"[[215.0, 239.0, 302.0, 344.0], [661.0, 275.0, 711.0, 326.0]]"
"[""no wonder joe's bike pedals easier coasts longer and stops\tquicker!""]",[],1928_49_2,"[[28.0, 0.0, 509.0, 202.0]]",[],"[[484.0, 139.0, 559.0, 231.0]]"
"[""er ... i'm just fascinated to see a brilliant detective like you work!"", ""uh- huh!""]",[],1932_30_3,"[[29.0, 27.0, 262.0, 261.0], [241.0, 80.0, 384.0, 205.0]]",[],"[[31.0, 387.0, 171.0, 660.0], [203.0, 392.0, 380.0, 651.0]]"
"[""i wonder if he'll be there... oops! my gracious this is tight fit!""]",[],1934_23_2,"[[1.0, 26.0, 279.0, 180.0]]",[],"[[294.0, 51.0, 364.0, 126.0]]"
"[""it's supposed to be bad luck to see one of those things! there's a martian belief that those who do rarely leave this desert!"", ""don't tell me you go in for those ancient superstitions, kodi!""]",[],193_10_7,"[[0.0, 0.0, 350.0, 200.0], [374.0, 0.0, 630.0, 115.0]]",[],"[[178.0, 356.0, 197.0, 370.0], [232.0, 348.0, 251.0, 365.0]]"
"[""of course you're the only one i love darling.""]",[],1945_0_0,"[[591.0, 508.0, 914.0, 804.0]]",[],"[[294.0, 508.0, 439.0, 741.0]]"
"[""thanks, mr. blake! now, tomorrow morning you boys have your wagons ready to deliver the grain to the county seat! i'll see that mr. johnson gets the money!""]",['blake argues convincingly and at last he persuades the ranchers to wait!'],1949_16_6,"[[16.0, 66.0, 806.0, 221.0]]","[[18.0, 0.0, 793.0, 73.0]]","[[98.0, 272.0, 200.0, 386.0]]"
"[""hit the nail on head lash. now about it?\ti can raise you fifty cent of a big reward!"", ""we might as well do it. it'll pay expenses for our trip north. we'll leave the first thing in the morning.""]",[],1950_9_0,"[[0.0, 37.0, 314.0, 242.0], [271.0, 29.0, 715.0, 217.0]]",[],"[[19.0, 253.0, 111.0, 336.0], [258.0, 220.0, 323.0, 296.0]]"
"[""oh, my love..."", ""all my centuries of solitude... when my despair was so great... it's as if it had never been.""]",[],1953_26_4,"[[0.0, 116.0, 245.0, 289.0], [31.0, 26.0, 871.0, 169.0]]",[],"[[262.0, 252.0, 505.0, 550.0], [454.0, 267.0, 704.0, 509.0]]"
"[""dio... did you hear... they might separate us, or -- or break up up into chunks!"", ""don't say that, darling. they... can't!"", ""gee, i'm scared, butch!"", ""me too!""]","['doors close, and away from the eyes of the world the occupants of the museum moan out their fears and anxiety .']",1968_16_0,"[[1.0, 85.0, 143.0, 233.0], [130.0, 84.0, 288.0, 165.0], [154.0, 156.0, 288.0, 234.0], [197.0, 230.0, 286.0, 290.0]]","[[0.0, 0.0, 286.0, 87.0]]","[[57.0, 305.0, 144.0, 388.0], [75.0, 221.0, 145.0, 297.0], [184.0, 302.0, 220.0, 363.0], [232.0, 305.0, 280.0, 376.0]]"
"[""a wonderful host!""]",[],1971_35_2,"[[96.0, 99.0, 459.0, 279.0]]",[],"[[118.0, 324.0, 206.0, 418.0]]"
"[""from"", ""from ing hine"", ""all set! the out-fit you're wearing is bullet proof and heat proof. and inside the time machine are various weapons, a small crated helicopter and food for twenty four hours! good luck!""]",['two weeks pass and'],1973_21_1,"[[0.0, 14.0, 72.0, 92.0], [0.0, 38.0, 63.0, 206.0], [58.0, 42.0, 337.0, 243.0]]","[[66.0, 17.0, 400.0, 51.0]]","[[-1.0, -1.0, -1.0, -1.0], [-1.0, -1.0, -1.0, -1.0], [163.0, 237.0, 204.0, 283.0]]"
"[""well, that guard's well taken care of now to find the princess""]",[],197_9_0,"[[190.0, 40.0, 770.0, 150.0]]",[],"[[520.0, 180.0, 600.0, 230.0]]"
"[""oooof!""]",[],1983_8_5,"[[252.0, 20.0, 374.0, 105.0]]",[],"[[155.0, 87.0, 245.0, 190.0]]"
"[""wow! holy cats! scram!""]",[],1985_18_10,"[[62.0, 7.0, 138.0, 85.0]]",[],"[[62.0, 120.0, 103.0, 183.0]]"
"[""s-so sorry! my hand musta slipped!""]",[],1985_35_4,"[[43.0, 8.0, 181.0, 75.0]]",[],"[[173.0, 47.0, 219.0, 173.0]]"
"[""you'll be safer here .. that track is getting too hot!""]",['grandstand...'],1988_35_4,"[[77.0, 16.0, 265.0, 127.0]]","[[62.0, 0.0, 292.0, 25.0]]","[[150.0, 121.0, 191.0, 174.0]]"
"[""hope jill doesn't think i'm shot ..she has enough worries now!""]",[],1989_42_0,"[[100.0, 54.0, 248.0, 139.0]]",[],"[[175.0, 190.0, 215.0, 238.0]]"
"[""i don't understand it .. those bats were exterminated long ago .. we are all in danger unless we can destroy them!""]",[],1990_59_3,"[[5.0, 0.0, 335.0, 236.0]]",[],"[[42.0, 242.0, 304.0, 573.0]]"
"[""for shame, herr kleister! do you not know dot der fuehrer iss a sincere believer in astrology?"", ""ya? -- ach, iss dot so? .. excuse me, ba von hindentr""]",[],1994_3_2,"[[20.0, 10.0, 469.0, 149.0], [505.0, 2.0, 695.0, 126.0]]",[],"[[108.0, 151.0, 284.0, 329.0], [414.0, 151.0, 546.0, 306.0]]"
"[""there's my toughest case, cyclone! -- the only thing he's interested in is trying to escape!"", ""say - isn't he mills the sculptor?""]",[],1994_49_1,"[[88.0, 19.0, 538.0, 130.0], [196.0, 126.0, 391.0, 258.0]]",[],"[[89.0, 187.0, 211.0, 351.0], [248.0, 280.0, 357.0, 390.0]]"
"[""thanks for the co-operation, whistler .."", ""huh ...??""]",[],1996_49_4,"[[18.0, 0.0, 322.0, 70.0], [25.0, 67.0, 191.0, 137.0]]",[],"[[-1.0, -1.0, -1.0, -1.0], [109.0, 155.0, 184.0, 242.0]]"
"[""oh, we'll stop all right--""]","['in the country known as azania, the justice of the government tends to have one form...']",bp_1_158_1,"[[465.0, 379.0, 639.0, 425.0]]","[[18.0, 306.0, 266.0, 384.0]]","[[541.0, 30.0, 585.0, 96.0]]"
"[""oh, great panther-spirit, hear my prayer and bring deliverance--""]",[],bp_1_158_3,"[[3.0, 4.0, 255.0, 75.0]]",[],"[[222.0, 5.0, 649.0, 230.0]]"
"[""how long o panther spirit? how long before you hear our cries?""]",['azania...'],bp_1_159_1,"[[44.0, 596.0, 271.0, 658.0]]","[[0.0, 7.0, 114.0, 21.0]]","[[79.0, 240.0, 199.0, 413.0]]"
"[""blasted holy men...they're half crazy to begin with!""]",[],bp_1_159_5,"[[5.0, 6.0, 145.0, 88.0]]",[],"[[-1.0, -1.0, -1.0, -1.0]]"
"[""my king -- are you all righ?""]",[],bp_1_161_3,"[[22.0, 5.0, 174.0, 48.0]]",[],"[[4.0, 63.0, 193.0, 355.0]]"
"[""and now, when i most need the strength and surety that comes from my god"", ""has he, in fact, deserted me? has he?""]",[],bp_1_163_0,"[[0.0, 0.0, 239.0, 82.0], [6.0, 893.0, 154.0, 966.0]]",[],"[[4.0, 110.0, 318.0, 859.0], [5.0, 109.0, 315.0, 859.0]]"
"[""our host certainly seems to be of mercurial temperament tonight!"", ""he may act abruptly, but not without reason, ambassador inouye!""]",[],bp_1_163_2,"[[0.0, 4.0, 115.0, 146.0], [0.0, 219.0, 369.0, 265.0]]",[],"[[138.0, 10.0, 296.0, 194.0], [392.0, 28.0, 580.0, 246.0]]"
"[""hurry, fools! you know the black panther must not be seen without an honor guard-- especially now!""]",[],bp_1_163_4,"[[1.0, 5.0, 117.0, 170.0]]",[],"[[140.0, 22.0, 155.0, 40.0]]"
"[""homelands! we uproot them from homes they thought they owned, give them scraps of veldt with no resources and then force them to work in our factories as aliens without rights!""]",[],bp_1_164_2,"[[4.0, 3.0, 164.0, 171.0]]",[],"[[-1.0, -1.0, -1.0, -1.0]]"
"[""what sort of system is that?"", ""alas, it is the one we have.""]",[],bp_1_164_9,"[[5.0, 3.0, 144.0, 46.0], [81.0, 271.0, 136.0, 351.0]]",[],"[[-1.0, -1.0, -1.0, -1.0], [1.0, 46.0, 141.0, 456.0]]"
"[""stand aside! this is our country!""]",[],bp_1_165_6,"[[0.0, 0.0, 118.0, 62.0]]",[],"[[36.0, 159.0, 54.0, 181.0]]"
"[""--you're more enslaved than the azanians!"", ""attention!t'challa kins of the wakanda's, the black panther, shall give a public address at the temple square in twenty minutes!all wakandans are welcome!""]","['minutes later, loudspeakers throughout the city make an announcement...']",bp_1_167_1,"[[339.0, 3.0, 563.0, 38.0], [306.0, 349.0, 613.0, 458.0]]","[[365.0, 209.0, 525.0, 289.0]]","[[308.0, 86.0, 338.0, 119.0], [-1.0, -1.0, -1.0, -1.0]]"
"[""young one--the panther spirit is our nation--!"", ""no! it's a club you hold over our heads!""]",[],bp_1_167_2,"[[141.0, 5.0, 289.0, 58.0], [141.0, 411.0, 289.0, 459.0]]",[],"[[44.0, 57.0, 134.0, 132.0], [52.0, 143.0, 221.0, 383.0]]"
"[""i am shocked to learn of brutal murder of governor fugard in his home two days ago. although a member of goverment all just men must condemn, he fought long and hard for equality and representative rule. i condemn his murderer.""]","['soon, as his speech is transmitted by video relay to every outlying village, the panther begins--']",bp_1_168_0,"[[34.0, 123.0, 298.0, 315.0]]","[[4.0, 3.0, 324.0, 57.0]]","[[-1.0, -1.0, -1.0, -1.0]]"
"[""i condemn the man who arrogates to himself the panther spirit's name and so gives the evil men who rule azania nothing less than an excuse to commit genocide--"", ""and, while i condemn apartheid as a blot on the face of all humanity that must be erased--""]",[],bp_1_168_1,"[[4.0, 5.0, 251.0, 125.0], [26.0, 130.0, 246.0, 222.0]]",[],"[[158.0, 572.0, 185.0, 603.0], [161.0, 575.0, 187.0, 605.0]]"
"[""-- i condemn this fruitless revolt, and plead that both sides lay down their arms in truce.""]",[],bp_1_168_3,"[[116.0, 3.0, 520.0, 50.0]]",[],"[[-1.0, -1.0, -1.0, -1.0]]"
"[""i condemn the masters of azania who, for generations have infucted pain and death on an innocent populace because of their race--""]",[],bp_1_168_4,"[[4.0, 4.0, 144.0, 177.0]]",[],"[[23.0, 266.0, 131.0, 398.0]]"
"[""traitor!!"", ""by this you have given public support to that cursed regime! no wonder the panther spirit deserted you-- it can't stomach traitors!""]",[],bp_1_169_3,"[[4.0, 2.0, 140.0, 50.0], [54.0, 382.0, 324.0, 486.0]]",[],"[[10.0, 138.0, 185.0, 337.0], [11.0, 136.0, 185.0, 338.0]]"
"[""it is you who are the traitor, ndebele!i thing the government itselt set this revolt up to consolidate their power!"", ""and i will not desert my king at the first bad omen!""]",[],bp_1_169_5,"[[5.0, 3.0, 223.0, 101.0], [153.0, 235.0, 320.0, 313.0]]",[],"[[52.0, 291.0, 97.0, 340.0], [52.0, 293.0, 98.0, 335.0]]"
"[""--in order to see with certainty whether the panther spirit yet dwells within you--""]",[],bp_1_169_6,"[[7.0, 4.0, 199.0, 90.0]]",[],"[[5.0, 102.0, 197.0, 527.0]]"
"[""it's tabby!!""]",[],bp_1_170_4,"[[225.0, 4.0, 338.0, 55.0]]",[],"[[45.0, 34.0, 219.0, 247.0]]"
"[""the citizens of azania put their faith in you--to protect our way of life... to live up to your pledge!"", ""for duty-- for honor-- for country!""]",[],bp_1_174_3,"[[4.0, 5.0, 223.0, 96.0], [804.0, 66.0, 964.0, 136.0]]",[],"[[267.0, 55.0, 289.0, 80.0], [649.0, 5.0, 684.0, 41.0]]"
"[""so now we take the fight to him. we're going into wakanda.""]",[],bp_1_174_5,"[[4.0, 3.0, 159.0, 67.0]]",[],"[[4.0, 142.0, 169.0, 483.0]]"
"[""the revolt in azania is a ghastly failure! it is precisely the excuse the government needs to exterminate the natives in that country!"", ""even so, our king should have demonstrated solidarity with the rebels their cause is a just one!""]",[],bp_1_176_3,"[[4.0, 1.0, 257.0, 105.0], [441.0, 136.0, 643.0, 243.0]]",[],"[[229.0, 157.0, 245.0, 169.0], [344.0, 107.0, 364.0, 125.0]]"
"[""-- has never survived on faith!"", ""arrrrgh! my ear-- the pain--!""]",[],bp_1_177_0,"[[29.0, 5.0, 216.0, 68.0], [23.0, 670.0, 183.0, 741.0]]",[],"[[-1.0, -1.0, -1.0, -1.0], [48.0, 161.0, 310.0, 577.0]]"
"[""seek not to sway me with words of king--"", ""--neither the cleverness of the warrior nor the cat is with words!""]",[],bp_1_177_2,"[[7.0, 319.0, 91.0, 414.0], [149.0, 655.0, 304.0, 743.0]]",[],"[[46.0, 442.0, 230.0, 661.0], [45.0, 441.0, 229.0, 661.0]]"
"[""we koff koff fight you, murderer! to the end!you never conquer our people!"", ""a kid.i almost killed a kid.""]",[],bp_1_179_3,"[[124.0, 4.0, 320.0, 108.0], [211.0, 393.0, 302.0, 465.0]]",[],"[[106.0, 76.0, 178.0, 166.0], [-1.0, -1.0, -1.0, -1.0]]"
"[""well, he can't have got far! show yourself panther!""]",[],bp_1_179_4,"[[164.0, 331.0, 300.0, 441.0]]",[],"[[8.0, 3.0, 188.0, 316.0]]"
"[""... is you!"", ""uh-oh...""]",[],bp_1_180_0,"[[37.0, 5.0, 161.0, 33.0], [165.0, 387.0, 240.0, 439.0]]",[],"[[-1.0, -1.0, -1.0, -1.0], [4.0, 26.0, 169.0, 465.0]]"
"[""what's all the ruckus over here?"", ""guys! have you got the panther yet?""]",[],bp_1_180_1,"[[313.0, 2.0, 425.0, 99.0], [357.0, 302.0, 492.0, 380.0]]",[],"[[294.0, 218.0, 315.0, 244.0], [297.0, 218.0, 315.0, 244.0]]"
"[""the panther has defeated them!"", ""there can be no more proof needed than this! he is our king!""]",[],bp_1_180_2,"[[4.0, 292.0, 119.0, 394.0], [158.0, 391.0, 330.0, 483.0]]",[],"[[65.0, 136.0, 158.0, 265.0], [247.0, 96.0, 285.0, 134.0]]"
"[""we have to get more information about it-- find out whatever else your source might know --"", ""and act, act before it's --""]",[],bp_1_183_2,"[[4.0, 4.0, 211.0, 83.0], [3.0, 440.0, 130.0, 479.0]]",[],"[[5.0, 85.0, 278.0, 418.0], [4.0, 85.0, 278.0, 418.0]]"
"[""as for the beeper.. i'm afraid there's no place to put it with this outfit.""]",[],bp_1_183_3,"[[325.0, 4.0, 478.0, 105.0]]",[],"[[-1.0, -1.0, -1.0, -1.0]]"
"[""so, does the one true black panther wish to go over trade reports.. or just have an early breakfast?""]",[],bp_1_183_4,"[[177.0, 4.0, 390.0, 86.0]]",[],"[[24.0, 22.0, 184.0, 200.0]]"
"[""you know i could have the gun empty ist chambers, and return it to you before you had a chance to pull the trigger"", ""that's not the point t'challa!you can't continue to run out on your country!"", ""malaika--there is a force leading a black revolt against the ruling whites in azania in my name.my right to wear the sacred panther garb is being disputed.and, a member of my shadow cabinet tells me some lunatic has a missile pointed at the heart of my kingdom!"", ""did you expect me to sit in council and debate ways and means?"", ""i knew you would come.you had to come.""]",[],bp_1_184_0,"[[6.0, 8.0, 326.0, 71.0], [116.0, 653.0, 333.0, 725.0], [358.0, 3.0, 653.0, 151.0], [546.0, 158.0, 657.0, 282.0], [417.0, 678.0, 655.0, 726.0]]",[],"[[94.0, 120.0, 209.0, 258.0], [-1.0, -1.0, -1.0, -1.0], [557.0, 370.0, 635.0, 470.0], [558.0, 372.0, 634.0, 471.0], [381.0, 213.0, 490.0, 397.0]]"
"[""but why me?why can't he continue to deal with you?"", ""his unstructions were explicit.you came along, or no deal.""]",[],bp_1_184_2,"[[7.0, 2.0, 229.0, 52.0], [9.0, 432.0, 243.0, 482.0]]",[],"[[74.0, 124.0, 89.0, 139.0], [56.0, 126.0, 67.0, 138.0]]"
"[""you are already under censure and arrest for interfering with sacret ritual -- don't make it harder on yourself!"", ""a message was transmitted to wakanda from europe -- and it has been traced to you!"", ""i know nothing about a message, ndebele.""]",[],bp_1_185_0,"[[163.0, 3.0, 460.0, 76.0], [333.0, 229.0, 459.0, 380.0], [46.0, 462.0, 458.0, 486.0]]",[],"[[100.0, 40.0, 158.0, 112.0], [331.0, 104.0, 395.0, 208.0], [181.0, 191.0, 251.0, 281.0]]"
"[""he is one of t'challa's order of the panther -- i know they're up to something!"", ""i know they hate our adherence to the old ways..and now that the omens fal against t'challa, they seek to--to do what?""]",[],bp_1_185_4,"[[7.0, 5.0, 224.0, 68.0], [4.0, 403.0, 227.0, 484.0]]",[],"[[116.0, 87.0, 169.0, 135.0], [104.0, 86.0, 170.0, 134.0]]"
"[""a baby-buggy like this won't get us from the center of africa to its southern tip in six months!"", ""ordinarily, yes --"", ""-- but slip a few bars of wakandan vibranium into the engine housing --""]",[],bp_1_186_0,"[[4.0, 7.0, 228.0, 81.0], [49.0, 409.0, 163.0, 450.0], [186.0, 418.0, 370.0, 481.0]]",[],"[[2.0, 180.0, 97.0, 316.0], [133.0, 149.0, 236.0, 380.0], [133.0, 148.0, 235.0, 380.0]]"
"[""what's this? a security lock? only the king could have done this--but why keep it secret, unless--"", ""well, as a council member, i know the overrides, so i'll soon--""]",[],bp_1_186_3,"[[5.0, 5.0, 322.0, 54.0], [204.0, 386.0, 326.0, 486.0]]",[],"[[128.0, 119.0, 169.0, 156.0], [127.0, 120.0, 168.0, 155.0]]"
"[""-- atomic attack imminent --"", ""oh, my g--""]",[],bp_1_186_4,"[[122.0, 2.0, 301.0, 43.0], [10.0, 426.0, 78.0, 482.0]]",[],"[[41.0, 57.0, 307.0, 486.0], [42.0, 56.0, 307.0, 486.0]]"
"[""--see. by the white ape--!"", ""red alert. all systems stand by--!""]",[],bp_1_186_6,"[[6.0, 2.0, 278.0, 29.0], [155.0, 430.0, 302.0, 480.0]]",[],"[[71.0, 45.0, 232.0, 311.0], [71.0, 45.0, 232.0, 311.0]]"
"[""according to little's information, a few more minutes should put us in striking distance of the missile base.""]",[],bp_1_187_2,"[[4.0, 5.0, 317.0, 88.0]]",[],"[[7.0, 75.0, 316.0, 480.0]]"
"[""this is as far as we dare go. from here i must go alone.""]",[],bp_1_187_4,"[[6.0, 272.0, 167.0, 379.0]]",[],"[[-1.0, -1.0, -1.0, -1.0]]"
"[""and the answer is-- not unless you stop that missile. give the order now.""]",[],bp_1_189_5,"[[4.0, 3.0, 204.0, 71.0]]",[],"[[5.0, 109.0, 193.0, 362.0]]"
"[""if you will pull that missile back into its silo, siphon off its fuel as a token of your good will, i will surrender myself to you and make any statement to the world press you want me to make.i will also, naturally, not tear out your living heart as i had intended."", ""you do not frighten me.i agree to your temrs.""]",[],bp_1_190_0,"[[360.0, 5.0, 956.0, 85.0], [735.0, 92.0, 877.0, 164.0]]",[],"[[226.0, 17.0, 368.0, 173.0], [549.0, 86.0, 667.0, 203.0]]"
"[""-- is seeing the black panther groveling before a white man for all the world to see!""]",[],bp_1_190_2,"[[4.0, 605.0, 171.0, 710.0]]",[],"[[4.0, 214.0, 175.0, 600.0]]"
"[""attention!delay the launch ten minutes!await further instructions!""]",[],bp_1_190_3,"[[141.0, 4.0, 489.0, 37.0]]",[],"[[324.0, 61.0, 381.0, 106.0]]"
"[""oh, look! the dancers are re-enacting your triumph over the supremacists!""]",[],bp_1_193_1,"[[9.0, 8.0, 155.0, 120.0]]",[],"[[-1.0, -1.0, -1.0, -1.0]]"
"[""you could be a little cheerier, t'challa.people might think you're not having a good time --!""]",[],bp_1_193_5,"[[134.0, 6.0, 304.0, 105.0]]",[],"[[5.0, 124.0, 136.0, 298.0]]"
"[""i only hope we can stop him before he does something stupid..!""]",[],bp_1_194_3,"[[11.0, 367.0, 157.0, 461.0]]",[],"[[120.0, 198.0, 139.0, 218.0]]"
"[""holy--!"", ""you shall be tried by fang and claw, and your sinew and blood shall be torn by my judgement, t'challa son of t'chaka""]",[],bp_1_195_1,"[[4.0, 1.0, 117.0, 47.0], [75.0, 155.0, 282.0, 342.0]]",[],"[[-1.0, -1.0, -1.0, -1.0], [-1.0, -1.0, -1.0, -1.0]]"
"[""so it shall, great one -- if unworthiness lies in me."", ""we shall see, mortal ..""]",[],bp_1_195_2,"[[29.0, 5.0, 207.0, 89.0], [26.0, 148.0, 161.0, 215.0]]",[],"[[-1.0, -1.0, -1.0, -1.0], [213.0, 72.0, 453.0, 243.0]]"
"[""now is the time when all i am is called into question."", ""but not your soul alone.""]",[],bp_1_195_4,"[[4.0, 8.0, 189.0, 75.0], [156.0, 408.0, 263.0, 468.0]]",[],"[[197.0, 117.0, 308.0, 304.0], [196.0, 118.0, 308.0, 304.0]]"
"[""he's broken free -- but that bite took out a fair chunk of his arm."", ""so that's what happened in azania -- the panther spirit took another person's form and led the revolt. it seems almost beyond belief."", ""mightn't be instead, bomwana --""]",[],bp_1_198_1,"[[5.0, 39.0, 158.0, 160.0], [194.0, 10.0, 328.0, 290.0], [133.0, 525.0, 279.0, 596.0]]",[],"[[-1.0, -1.0, -1.0, -1.0], [-1.0, -1.0, -1.0, -1.0], [-1.0, -1.0, -1.0, -1.0]]"
"[""whatever you say.""]",[],bp_1_198_5,"[[222.0, 0.0, 385.0, 53.0]]",[],"[[-1.0, -1.0, -1.0, -1.0]]"
"[""the session's already started: i can just hear that madman raving on again about--""]",[],bp_1_199_3,"[[11.0, 7.0, 262.0, 79.0]]",[],"[[199.0, 140.0, 218.0, 171.0]]"
"[""yes! run! the chase will be good! the chase will be quick!""]",['he iis faster-- tirelesss--'],bp_1_200_0,"[[9.0, 7.0, 356.0, 62.0]]","[[625.0, 212.0, 759.0, 284.0]]","[[216.0, 109.0, 261.0, 164.0]]"
"[""no."", ""you are mine.""]",[],bp_1_201_2,"[[30.0, 18.0, 95.0, 54.0], [11.0, 370.0, 85.0, 430.0]]",[],"[[18.0, 66.0, 274.0, 326.0], [19.0, 67.0, 274.0, 326.0]]"
"[""i still don't understand.. how could you lose to the panther - spirit and still win? don't tell me you argued him out of it!"", ""malaika --""]",['wakanda'],bp_1_203_1,"[[36.0, 55.0, 193.0, 212.0], [205.0, 190.0, 314.0, 223.0]]","[[4.0, 3.0, 128.0, 41.0]]","[[84.0, 246.0, 128.0, 290.0], [151.0, 291.0, 186.0, 325.0]]"
"[""-- we did not argue."", ""the blood of out brothers is a holy thing, and their bondage blasphemy.""]",[],bp_1_203_4,"[[6.0, 5.0, 157.0, 56.0], [5.0, 266.0, 169.0, 386.0]]",[],"[[38.0, 5.0, 170.0, 547.0], [45.0, 5.0, 170.0, 547.0]]"
"[""now what?""]",[],2000_7_3,"[[229.0, 1.0, 358.0, 75.0]]",[],"[[44.0, 92.0, 199.0, 355.0]]"
"[""good! now to contact stewart-""]","[""and the field. having received its instructions from the govt, informs the army of espada's de-parture---""]",200_44_3,"[[190.0, 69.0, 310.0, 108.0]]","[[190.0, 0.0, 316.0, 66.0]]","[[126.0, 9.0, 167.0, 58.0]]"
"[""hm-m-m- he seems too unconcerner and calm about this whole business! perhaps he knows--- but we shalle see later on!!""]",[],200_4_5,"[[53.0, 1.0, 265.0, 89.0]]",[],"[[64.0, 82.0, 101.0, 117.0]]"
"[""now as captain and leader of this expedition-- as the world's greatest explorer and discoverer-- i shall of course, be the first human to drink!""]",[],2014_28_2,"[[4.0, 0.0, 212.0, 111.0]]",[],"[[114.0, 150.0, 185.0, 225.0]]"
"[""cheer up capt. puff they'll get over it. i thought it was a very good joke""]",[],2014_5_6,"[[1.0, 19.0, 206.0, 90.0]]",[],"[[50.0, 111.0, 99.0, 175.0]]"
"[""but not for you!""]",[],2015_27_7,"[[15.0, 6.0, 155.0, 62.0]]",[],"[[64.0, 72.0, 124.0, 137.0]]"
"[""sniff - snifff i never smelled flower like this before! it has a most peculiar aroma!""]",['meanwhile...'],2036_24_1,"[[0.0, 27.0, 152.0, 99.0]]","[[1.0, 5.0, 114.0, 37.0]]","[[33.0, 155.0, 105.0, 228.0]]"
"[""( gulp! ) they've all broken loose!""]",['oes below\t---'],2039_18_0,"[[0.0, 26.0, 134.0, 77.0]]","[[0.0, 3.0, 143.0, 27.0]]","[[-1.0, -1.0, -1.0, -1.0]]"
"[""huh!what's this? there's a package in the mouth!""]",[],2045_14_4,"[[18.0, 9.0, 130.0, 84.0]]",[],"[[40.0, 100.0, 141.0, 232.0]]"
"[""a cowboy once taught me how to handle a lasso! only hope ...""]",['buhl tinut f weatt piace greenwich conn entered'],2053_3_3,"[[0.0, 11.0, 184.0, 87.0]]","[[23.0, 249.0, 302.0, 271.0]]","[[117.0, 53.0, 163.0, 99.0]]"
"[""( sigh ) i feel sorry poor maddern"", ""look! hyar he comes-- in a strait jacket! i reckon those hombres are taking him to the asylum!""]",['shortly after ...'],2055_33_4,"[[17.0, 26.0, 76.0, 103.0], [73.0, 20.0, 247.0, 96.0]]","[[10.0, 8.0, 145.0, 32.0]]","[[20.0, 125.0, 67.0, 179.0], [66.0, 134.0, 103.0, 181.0]]"
"[""huh--- oof!""]",[],2057_45_5,"[[228.0, 18.0, 327.0, 72.0]]",[],"[[221.0, 105.0, 262.0, 152.0]]"
"[""now who could that be?""]",[],2072_31_3,"[[48.0, 0.0, 180.0, 49.0]]",[],"[[75.0, 86.0, 126.0, 144.0]]"
"[""how dare you kidnap me the princess osha?"", ""yes you louse!"", ""because --- because, i love you, i think""]",[],2079_221_3,"[[96.0, 0.0, 291.0, 84.0], [280.0, 5.0, 399.0, 91.0], [396.0, 0.0, 546.0, 85.0]]",[],"[[236.0, 124.0, 281.0, 169.0], [313.0, 111.0, 352.0, 158.0], [389.0, 90.0, 431.0, 141.0]]"
"[""i think i'll sit up a while"", ""you feel better already no?""]",[],2079_27_2,"[[20.0, 10.0, 268.0, 82.0], [278.0, 52.0, 426.0, 202.0]]",[],"[[88.0, 131.0, 151.0, 197.0], [381.0, 204.0, 442.0, 283.0]]"
"[""i suspected that her story was true -- and that her evil would drive her to more ghastly acts! thank heavens i stood watch --- and prevented her from destroying you!""]",[],2097_31_6,"[[8.0, 1.0, 251.0, 156.0]]",[],"[[55.0, 157.0, 267.0, 443.0]]"
"[""oh, why did he have to show up just then?! now you can't play tomorrow! woe is me!"", ""i-i- let the whole team down!""]",[],209_30_6,"[[10.0, 1.0, 244.0, 113.0], [183.0, 43.0, 284.0, 162.0]]",[],"[[20.0, 165.0, 143.0, 308.0], [159.0, 168.0, 294.0, 432.0]]"
"[""i remember the first girl i ever fell for! a dog growled one night and i fainted from fright! i never saw her again! i'm too frightened to even live!""]",['rry always left a light burn-g in the house when he was go-g to be home after dark!'],2100_28_6,"[[4.0, 58.0, 418.0, 250.0]]","[[0.0, 0.0, 461.0, 77.0]]","[[234.0, 247.0, 280.0, 317.0]]"
"[""i became suspicious of hackley when you gave me these papers. there was a shipment of his in everyone of the previous crashes"", ""all i can say,mr. hunt, isthat you've done a great service and won my everlasting gratitude!""]",['last point to him ...'],2108_9_6,"[[0.0, 20.0, 440.0, 118.0], [115.0, 92.0, 451.0, 176.0]]","[[0.0, 0.0, 455.0, 29.0]]","[[88.0, 153.0, 147.0, 222.0], [275.0, 164.0, 329.0, 224.0]]"
"[""just a sample of what will happen to you if i catch you at this business again!""]","['taking the gangsters outside, the comet casts his disinterat-ing ray on the house.']",2109_15_3,"[[287.0, 88.0, 499.0, 187.0]]","[[22.0, 5.0, 291.0, 77.0]]","[[374.0, 317.0, 424.0, 355.0]]"
"[""how do you like this one pop - gun jim?""]",['for a moment it looks'],210_38_1,"[[277.0, 17.0, 701.0, 141.0]]","[[44.0, 549.0, 581.0, 601.0]]","[[327.0, 202.0, 392.0, 276.0]]"
"[""perry! look out! behind you! another thug!""]",[],2113_21_7,"[[4.0, 156.0, 183.0, 280.0]]",[],"[[15.0, 2.0, 168.0, 101.0]]"
"[""oink!""]",[],2117_39_5,"[[50.0, 5.0, 156.0, 58.0]]",[],"[[35.0, 236.0, 75.0, 290.0]]"
"[""i-i feel so queer-- so old...!""]","['without warning, a hideous change comes over the lovely face!!']",211_58_4,"[[28.0, 117.0, 320.0, 236.0]]","[[4.0, 18.0, 489.0, 135.0]]","[[48.0, 220.0, 414.0, 508.0]]"
"[""sacre is the dead-liest duelist in europe! of all people to get mixed up with! twerp you're good as dead right now! well ... good night!pleasant dreams!"", ""everything happens to me! i can't figure it out!he knocked my hand himself ... then slaps me with his gloves and he gets sore! ... of all ...""]",[],2122_35_0,"[[1.0, 2.0, 188.0, 160.0], [167.0, 0.0, 442.0, 102.0]]",[],"[[21.0, 173.0, 66.0, 215.0], [290.0, 104.0, 360.0, 193.0]]"
"[""hmm! that's an odd looking tower be on a crypt ... and it looks new, too!""]",[],2123_62_7,"[[44.0, 10.0, 302.0, 129.0]]",[],"[[179.0, 225.0, 285.0, 310.0]]"
"[""whew! you sure know how to turn on the heat!"", ""i'm taking lessons from the fireball ... and this is only the first!""]",[],2126_31_7,"[[13.0, 4.0, 203.0, 87.0], [154.0, 5.0, 330.0, 137.0]]",[],"[[33.0, 132.0, 151.0, 284.0], [162.0, 196.0, 289.0, 331.0]]"
"[""i must go in and see how he feels!""]",[],2126_46_2,"[[7.0, 80.0, 190.0, 171.0]]",[],"[[71.0, 176.0, 174.0, 312.0]]"
"[""oh, my-- are you a real bandit?"", ""ain'tcha scared?""]",[],212_55_3,"[[10.0, 11.0, 223.0, 138.0], [230.0, 8.0, 423.0, 93.0]]",[],"[[134.0, 214.0, 310.0, 389.0], [314.0, 10.0, 577.0, 269.0]]"
"[""swell idea to get start in business! ives us quite an assortment!"", ""yup and your idea to use paper furniture rugs and drapes was good too!""]","['cobweb lane pawn shop', 'money to loan!', 'open for business', 'stacks of fine used clothing rock bottom prices', 'genuine suit armour and 8 watches', 'walk in', '8 vacuum cleaners for sal cheap tri']",212_9_2,"[[8.0, 3.0, 459.0, 169.0], [512.0, 762.0, 943.0, 1051.0]]","[[509.0, 1.0, 1134.0, 173.0], [667.0, 128.0, 933.0, 327.0], [34.0, 418.0, 197.0, 546.0], [203.0, 352.0, 455.0, 645.0], [395.0, 528.0, 634.0, 757.0], [667.0, 617.0, 772.0, 713.0], [905.0, 548.0, 1149.0, 772.0]]","[[765.0, 380.0, 849.0, 486.0], [988.0, 662.0, 1077.0, 768.0]]"
"[""indy scared"", ""careful, kuppie, we're in the fier caverns now!"", ""hey, gus, look ... dessert!""]",[],2137_41_4,"[[0.0, 51.0, 70.0, 150.0], [119.0, 1.0, 299.0, 85.0], [191.0, 285.0, 296.0, 368.0]]",[],"[[-1.0, -1.0, -1.0, -1.0], [195.0, 87.0, 222.0, 121.0], [103.0, 326.0, 180.0, 448.0]]"
"[""goodness graciousi can't believe my eyes!!""]",['the next morning ..'],2141_55_7,"[[35.0, 48.0, 234.0, 138.0]]","[[3.0, 17.0, 98.0, 72.0]]","[[42.0, 146.0, 102.0, 233.0]]"
"[""poor horse - just when we had the race all sewed up too!""]",['evidence? you mean'],2144_29_3,"[[70.0, 6.0, 308.0, 92.0]]","[[204.0, 346.0, 452.0, 375.0]]","[[243.0, 87.0, 318.0, 188.0]]"
"[""whew - what a dream -!i thought i heard the good fairy calling for help! gosh i wonder if it really was a dream!""]",['nyeay how about you yes im talk'],2144_46_4,"[[26.0, 7.0, 287.0, 117.0]]","[[0.0, 302.0, 377.0, 333.0]]","[[173.0, 106.0, 226.0, 172.0]]"
"[""come here lil' fellow .. you look kind of lost and frightened!""]",[],2151_46_1,"[[9.0, 0.0, 232.0, 110.0]]",[],"[[230.0, 67.0, 353.0, 187.0]]"
"[""hey, pop! oscar's missing!"", ""hurray! at last we're rid of this beast!""]",[],2152_33_3,"[[20.0, 13.0, 150.0, 81.0], [143.0, 12.0, 311.0, 104.0]]",[],"[[72.0, 205.0, 129.0, 279.0], [182.0, 132.0, 303.0, 236.0]]"
"[""aw gee.cap. he won't be much trouble"", ""sorry. brooklyn. no pooch ... thats an order!""]",[],2157_28_0,"[[0.0, 0.0, 224.0, 65.0], [23.0, 72.0, 222.0, 155.0]]",[],"[[26.0, 228.0, 99.0, 310.0], [162.0, 156.0, 273.0, 314.0]]"
"[""poor chap! i almost feel sorry for him, but perhaps it's best this way!he dealt out justice to himself!""]",[],2161_20_6,"[[16.0, 0.0, 355.0, 115.0]]",[],"[[145.0, 107.0, 370.0, 451.0]]"
"[""poor butch!""]",[],2164_40_3,"[[49.0, 63.0, 170.0, 144.0]]",[],"[[140.0, 147.0, 216.0, 223.0]]"
"[""hurry up and load this truck!there are a couple of snoopers around!"", ""better save your energy, porter you'll need it!""]",[],2166_29_0,"[[13.0, 5.0, 259.0, 106.0], [238.0, 10.0, 411.0, 115.0]]",[],"[[210.0, 199.0, 241.0, 224.0], [284.0, 224.0, 312.0, 252.0]]"
"[""shame on you kiddies - keeping the poor pup tied up -""]",[],2170_14_0,"[[15.0, 0.0, 283.0, 78.0]]",[],"[[20.0, 81.0, 186.0, 231.0]]"
"[""ohh ... this chute is awfully slow making up its mind to open!""]",[],2173_6_4,"[[0.0, 0.0, 349.0, 139.0]]",[],"[[137.0, 321.0, 228.0, 435.0]]"
"[""what are you carrying on this trip!"", ""silver bars from a smelter up in the government mines .. glad to see you aboard red rocket. i feel better about this run now ...""]",[],2189_13_0,"[[18.0, 29.0, 185.0, 154.0], [219.0, 36.0, 425.0, 365.0]]",[],"[[127.0, 221.0, 233.0, 345.0], [299.0, 398.0, 373.0, 474.0]]"
"[""caramba! soldiers!"", ""quiet, pedro! they're after our friend, here!""]",[],218_55_1,"[[6.0, 22.0, 137.0, 78.0], [126.0, 32.0, 271.0, 106.0]]",[],"[[49.0, 191.0, 102.0, 266.0], [200.0, 208.0, 255.0, 278.0]]"
"[""this is it, all right!""]",[],2190_16_0,"[[446.0, 128.0, 597.0, 216.0]]",[],"[[420.0, 187.0, 474.0, 237.0]]"
"[""i feel sorry for women who have to scrub!""]",[],2195_30_2,"[[271.0, 7.0, 469.0, 129.0]]",[],"[[185.0, 52.0, 272.0, 152.0]]"
"[""welcome! a successful mission!""]",[],2200_30_2,"[[260.0, 236.0, 477.0, 331.0]]",[],"[[322.0, 442.0, 333.0, 454.0]]"
"[""yes sir, i will start at once!""]",[],2208_44_4,"[[318.0, 60.0, 480.0, 197.0]]",[],"[[97.0, 63.0, 295.0, 342.0]]"
"[""the answer is - i can't!! so-o-o...""]",[],220_62_4,"[[1056.0, 25.0, 1561.0, 157.0]]",[],"[[859.0, 0.0, 1026.0, 211.0]]"
"[""hey not so fast! you can't go in there!"", ""don't be too sure you old fool!!""]",[],220_72_5,"[[26.0, 50.0, 254.0, 246.0], [239.0, 31.0, 646.0, 140.0]]",[],"[[126.0, 258.0, 360.0, 486.0], [501.0, 105.0, 665.0, 314.0]]"
"[""this is the best haul yet!""]","['carrying the heavy ransom, the pirates leave the ship.']",2211_66_3,"[[169.0, 54.0, 302.0, 125.0]]","[[5.0, 12.0, 356.0, 58.0]]","[[89.0, 61.0, 148.0, 135.0]]"
"[""someday we swamp people shall rule the planet! this de-energizing solution is a mighty weapon!""]","[""with practiced fingers the stalker inserts an instrument into the victim's vein ...""]",2212_30_4,"[[10.0, 66.0, 172.0, 155.0]]","[[0.0, 14.0, 211.0, 68.0]]","[[-1.0, -1.0, -1.0, -1.0]]"
"[""that's fine! now i feel better!""]",[],2234_16_1,"[[5.0, 0.0, 183.0, 80.0]]",[],"[[166.0, 53.0, 252.0, 125.0]]"
"[""relax pal! she's got that fire under control now."", ""yep. a couple more minutes and it'll be out.""]",[],2236_1_7,"[[5.0, 114.0, 164.0, 265.0], [232.0, 162.0, 375.0, 310.0]]",[],"[[34.0, 300.0, 126.0, 372.0], [167.0, 212.0, 239.0, 290.0]]"
"[""ha -- i was hoping they'd come to this store for developing!""]","['24 hod service on developing film', 'special 69.80 zeiss contact']",223_6_4,"[[83.0, 3.0, 299.0, 98.0]]","[[267.0, 189.0, 350.0, 284.0], [370.0, 369.0, 435.0, 459.0]]","[[1.0, 77.0, 175.0, 397.0]]"
"[""i -- i feel weak! i ---"", ""good heavens!""]",[],2242_6_5,"[[1.0, 29.0, 141.0, 124.0], [154.0, 34.0, 371.0, 145.0]]",[],"[[63.0, 287.0, 150.0, 386.0], [216.0, 233.0, 305.0, 340.0]]"
"[""handkerchief away from his nose once in awhile, and mama was too eager to have us eat those doughnuts!"", ""we thought, by keeping woozy around to inform us we could steer clear of plastic man!"", ""-- you double crossing glutton!""]",[],2243_50_6,"[[7.0, 7.0, 347.0, 178.0], [146.0, 66.0, 367.0, 231.0], [62.0, 341.0, 199.0, 462.0]]",[],"[[0.0, 250.0, 70.0, 415, 0], [150.0, 209.0, 240.0, 308.0], [150.0, 209.0, 240.0, 308.0]]"
"[""oops! .. ... it slipped!""]",[],2249_48_2,"[[184.0, 11.0, 456.0, 235.0]]",[],"[[288.0, 321.0, 361.0, 379.0]]"
"[""i won't do it! --- nobody can make me!"", ""well, of all things""]",[],2255_21_4,"[[33.0, 1.0, 211.0, 123.0], [277.0, 5.0, 420.0, 92.0]]",[],"[[211.0, 162.0, 282.0, 207.0], [483.0, 219.0, 536.0, 299.0]]"
"[""why, it'd break her heart! you conscience will plague you the rest of your life!!""]",[],2257_10_2,"[[8.0, 27.0, 260.0, 216.0]]",[],"[[-1.0, -1.0, -1.0, -1.0]]"
"[""ulp! i spoke too soon!""]",[],2258_43_3,"[[164.0, 249.0, 286.0, 380.0]]",[],"[[-1.0, -1.0, -1.0, -1.0]]"
"[""this gives the tale a new twist!""]",[],2258_46_0,"[[127.0, 425.0, 330.0, 553.0]]",[],"[[134.0, 202.0, 227.0, 307.0]]"
"[""wonder what that was?""]",[],2262_37_8,"[[28.0, 33.0, 188.0, 166.0]]",[],"[[86.0, 286.0, 185.0, 373.0]]"
"[""sorry, kid, gotta take you in!""]",['the spirit is captured at last!'],2264_40_6,"[[227.0, 22.0, 387.0, 114.0]]","[[30.0, 3.0, 247.0, 84.0]]","[[299.0, 143.0, 393.0, 266.0]]"
"[""heh, heh!"", ""this may sound a""]",[],2267_37_3,"[[355.0, 109.0, 477.0, 219.0], [361.0, 547.0, 682.0, 611.0]]",[],"[[-1.0, -1.0, -1.0, -1.0], [-1.0, -1.0, -1.0, -1.0]]"
"[""i should have thought of this before!""]",[],2271_6_5,"[[42.0, 14.0, 316.0, 98.0]]",[],"[[74.0, 186.0, 118.0, 238.0]]"
"[""i've just got to watch the pleased expression on mother-in-law's face when she gallops by!""]",[],2279_22_2,"[[42.0, 19.0, 395.0, 147.0]]",[],"[[138.0, 268.0, 194.0, 330.0]]"
"[""halt, son of swineherder! you will show identification papers at once!"", ""so unfortunate! have left papers in my other pants!""]",[],2285_18_4,"[[19.0, 1.0, 276.0, 174.0], [292.0, 6.0, 567.0, 115.0]]",[],"[[305.0, 208.0, 346.0, 250.0], [472.0, 209.0, 538.0, 253.0]]"
"[""urghh!"", ""no you don't!""]",[],2286_27_5,"[[0.0, 11.0, 171.0, 93.0], [257.0, 16.0, 409.0, 90.0]]",[],"[[68.0, 165.0, 124.0, 249.0], [336.0, 109.0, 404.0, 159.0]]"
"[""good evening, mr. vallee."", ""huh? what? mary!"", ""the audience will have a fit! it'll wreck our show! mary, you've exactly 5 minutes to get back in your own clothes, and wash that paint off your face!""]","['then, not too comfortable in her wobbly high heels, mary arrived at the studio. she made a grand entrance!']",2291_33_1,"[[136.0, 73.0, 302.0, 127.0], [344.0, 79.0, 489.0, 135.0], [230.0, 249.0, 496.0, 440.0]]","[[17.0, 7.0, 498.0, 81.0]]","[[77.0, 108.0, 130.0, 161.0], [269.0, 135.0, 367.0, 234.0], [379.0, 149.0, 480.0, 257.0]]"
"[""if master is kind, the blessing of smoke spirit will be upon her in peace and in war-- the flame burns low! - the voice of the fire has spoken!""]",[],2299_21_9,"[[148.0, 0.0, 285.0, 154.0]]",[],"[[59.0, 77.0, 148.0, 157.0]]"
"[""and this little camera that ah slipped out of his pocket may take care of bloodsoe -- the murderer!""]",[],2305_14_9,"[[66.0, 2.0, 369.0, 110.0]]",[],"[[272.0, 76.0, 317.0, 136.0]]"
"[""i'm not easily caught!""]",[],2309_32_6,"[[79.0, 12.0, 315.0, 73.0]]",[],"[[133.0, 68.0, 226.0, 182.0]]"
"[""hey, cabbie!""]",['buck arrives at his destination.'],2315_54_6,"[[180.0, 68.0, 342.0, 126.0]]","[[13.0, 26.0, 446.0, 64.0]]","[[390.0, 93.0, 444.0, 155.0]]"
"[""sorry, goofy, i'm over here!""]",[],2323_46_5,"[[354.0, 107.0, 529.0, 240.0]]",[],"[[343.0, 236.0, 424.0, 304.0]]"
"[""sorry, ugly!""]",[],2324_13_4,"[[334.0, 32.0, 526.0, 135.0]]",[],"[[252.0, 112.0, 358.0, 215.0]]"
"[""now we'll land and grab him alive."", ""hit looks like you brain is workin' overtime ted.""]",[],2326_22_1,"[[561.0, 9.0, 900.0, 203.0], [358.0, 306.0, 883.0, 483.0]]",[],"[[296.0, 763.0, 515.0, 921.0], [94.0, 712.0, 264.0, 909.0]]"
"[""sorry i couldn't nab them sergeant."", ""that's okay, mackenzie, as long as you can recognize them - i'm combing the town from the river to the city limits!""]","[""later, in the police's station ...""]",2329_32_4,"[[7.0, 57.0, 154.0, 188.0], [125.0, 58.0, 405.0, 240.0]]","[[0.0, 13.0, 393.0, 71.0]]","[[40.0, 226.0, 112.0, 309.0], [224.0, 230.0, 328.0, 332.0]]"
"[""thank god you are all right! .."", ""i've got a little score to even with the brain!"", ""look! a coast guard""]",['in the room doctor frost recovers'],2332_65_0,"[[64.0, 31.0, 250.0, 113.0], [333.0, 37.0, 501.0, 162.0], [447.0, 213.0, 656.0, 300.0]]","[[85.0, 0.0, 691.0, 42.0]]","[[260.0, 52.0, 325.0, 125.0], [301.0, 216.0, 334.0, 264.0], [-1.0, -1.0, -1.0, -1.0]]"
"[""achtung! sound der alarm' hans has been killed' achtung""]","[""don't count your chicks too fast hinkv' for, at that moment""]",2337_18_7,"[[11.0, 76.0, 520.0, 232.0]]","[[0.0, 5.0, 589.0, 84.0]]","[[317.0, 234.0, 424.0, 340.0]]"
"[""my master does pay me miserably -- and the mistress does have so much jewelry! i shall do it!"", ""ha! ha!!""]",[],2341_5_3,"[[1.0, 14.0, 433.0, 177.0], [427.0, 98.0, 572.0, 227.0]]",[],"[[228.0, 185.0, 311.0, 300.0], [405.0, 271.0, 457.0, 349.0]]"
"[""sorry you didnt like it! try this!"", ""ugh""]",[],2342_47_5,"[[140.0, 0.0, 459.0, 91.0], [431.0, 11.0, 557.0, 144.0]]",[],"[[333.0, 156.0, 435.0, 306.0], [455.0, 338.0, 568.0, 460.0]]"
"[""there he is ... that's the mugg!"", ""rocks randall! this is a happy surprise, boys!"", ""grab the film, fingers, and take it over to the century film laboratory ... we'll check on this black owl!""]",[],2350_30_4,"[[8.0, 0.0, 252.0, 78.0], [236.0, 0.0, 521.0, 90.0], [275.0, 78.0, 486.0, 330.0]]",[],"[[91.0, 91.0, 137.0, 156.0], [417.0, 326.0, 519.0, 453.0], [182.0, 89.0, 237.0, 158.0]]"
"[""oomph!""]",[],2350_37_2,"[[34.0, 2.0, 322.0, 82.0]]",[],"[[179.0, 338.0, 255.0, 420.0]]"
"[""meanwhile, gumption, you an' i are goin' to keep our eyes peeled mighty sharp"", ""yep! i have a feelin in muh bones that somethin's goin' to happen jest like the time i was ridin' with custer, on the way to little big horn ... \""general,\"" i says to him \""mebbe we're makin' a mistake\"" ..""]",[],2373_21_2,"[[54.0, 27.0, 356.0, 185.0], [216.0, 16.0, 658.0, 205.0]]",[],"[[111.0, 260.0, 249.0, 446.0], [337.0, 240.0, 541.0, 440.0]]"
"[""is my lucky day! hah! no have any room for money!"", ""you said it! brother! we've had enough!"", ""your hy""]",['taxi'],2392_31_3,"[[41.0, 24.0, 361.0, 123.0], [360.0, 11.0, 625.0, 121.0], [0.0, 574.0, 94.0, 650.0]]","[[161.0, 466.0, 272.0, 535.0]]","[[284.0, 145.0, 366.0, 222.0], [491.0, 272.0, 544.0, 342.0], [-1.0, -1.0, -1.0, -1.0]]"
"[""as i said, if the pirates unite they can conquer the whole country! already we control the gulf and half the atlantic!"", ""right you are, chalfont! and with this package of misery to show 'em there'll be plenty to join us!""]",[],2395_20_1,"[[0.0, 8.0, 377.0, 153.0], [346.0, 4.0, 625.0, 170.0]]",[],"[[-1.0, -1.0, -1.0, -1.0], [-1.0, -1.0, -1.0, -1.0]]"
"[""that guy brant made such a monkey of me i feel like climbing a tree!"", ""he sure beat us with that whirlwind dash!""]",[],2400_12_1,"[[39.0, 41.0, 125.0, 142.0], [202.0, 143.0, 281.0, 224.0]]",[],"[[138.0, 51.0, 162.0, 80.0], [179.0, 61.0, 204.0, 92.0]]"
"[""handle him easy, men ... the poor fellow's badly hurt!""]",[],2403_35_5,"[[7.0, 0.0, 207.0, 52.0]]",[],"[[53.0, 65.0, 85.0, 94.0]]"
"[""uh - made it!""]",[],2405_19_6,"[[152.0, 28.0, 204.0, 92.0]]",[],"[[104.0, 50.0, 138.0, 75.0]]"
"[""whoops! - rain! - huh! well, we'll wait in mister gilhooley's 'til it stops!""]",[],2405_34_3,"[[6.0, 17.0, 202.0, 76.0]]",[],"[[76.0, 62.0, 129.0, 95.0]]"
"[""this is the best time i've ever seen made in a slalom!""]",[],240_56_5,"[[316.0, 97.0, 568.0, 245.0]]",[],"[[457.0, 301.0, 570.0, 446.0]]"
"[""... but i feel better than ever! now i shall find a policeman and show how easily he is overthrown!"", ""i'm one guy you'll have to show!""]",[],2413_21_4,"[[23.0, 8.0, 203.0, 181.0], [206.0, 13.0, 337.0, 105.0]]",[],"[[175.0, 200.0, 255.0, 291.0], [275.0, 227.0, 331.0, 288.0]]"
"[""i counted on their getting panicky when they saw the flames! but any one of them could have extinguished the fire like\tthis!""]",[],2415_24_1,"[[17.0, 32.0, 478.0, 131.0]]",[],"[[104.0, 149.0, 156.0, 218.0]]"
"[""herr schtuk, a dangerous man has made a fool of otto in the\tsquare"", ""one moment, kief, we are discussing plans ..""]",[],2420_4_2,"[[0.0, 2.0, 231.0, 90.0], [78.0, 51.0, 230.0, 170.0]]",[],"[[19.0, 161.0, 74.0, 228.0], [153.0, 234.0, 182.0, 262.0]]"
"[""yeeow!""]","['but black ace is ever alert, and the mans cry is not the']",2426_9_5,"[[51.0, 5.0, 175.0, 78.0]]","[[0.0, 300.0, 376.0, 363.0]]","[[194.0, 35.0, 219.0, 63.0]]"
"[""hmmm! fritz hoffman himself!! -- and she's with him! - i wonder ..""]",[],2427_52_9,"[[49.0, 21.0, 316.0, 143.0]]",[],"[[147.0, 163.0, 298.0, 318.0]]"
"[""an' so help me, warden, when i looked back of me, the dead chinaman had got up an' gone!"", ""are you crazy?""]",[],2431_56_2,"[[0.0, 1.0, 286.0, 179.0], [181.0, 80.0, 337.0, 188.0]]",[],"[[107.0, 197.0, 189.0, 285.0], [-1.0, -1.0, -1.0, -1.0]]"
"[""sorry that i must do this, officer!""]",[],2432_41_9,"[[12.0, 10.0, 154.0, 88.0]]",[],"[[127.0, 42.0, 155.0, 73.0]]"
"[""grrrawg!""]","['infuriated, the huge man crashes down with rock-like fists.']",2432_9_3,"[[116.0, 47.0, 227.0, 85.0]]","[[0.0, 4.0, 220.0, 61.0]]","[[72.0, 58.0, 117.0, 117.0]]"
"[""sorry.. i'm deter-mined to get aboard!""]",['and meets opposition with a furious offen-sive'],2436_9_6,"[[206.0, 80.0, 369.0, 201.0]]","[[4.0, 12.0, 375.0, 90.0]]","[[125.0, 201.0, 181.0, 294.0]]"
"[""confession to the murder of joy devine, director buzzbe, cameraman jones and thompson the agent... all of whom you hated for stealing the glory from you!"", ""yes, i did it!""]",[],2439_38_11,"[[1.0, 3.0, 226.0, 201.0], [0.0, 200.0, 80.0, 250.0]]",[],"[[95.0, 225.0, 179.0, 319.7], [20.0, 363.0, 101.0, 408.0]]"
"[""what's this?ben stokes!hmmm! lucky for family he has this $10,000 insurance policy!""]",[],2442_52_3,"[[18.0, 0.0, 413.0, 142.0]]",[],"[[195.0, 220.0, 280.0, 314.0]]"
"[""have you anything to say before sentence is passed upon you?"", ""only that i appreciate the grim aspect of this trial, your honor!""]","['the trial is soon held, and a verdict of guilty reached!...']",2444_65_4,"[[82.0, 53.0, 341.0, 160.0], [8.0, 257.0, 217.0, 450.0]]","[[7.0, 1.0, 356.0, 63.0]]","[[12.0, 88.0, 102.0, 207.0], [256.0, 265.0, 343.0, 372.0]]"
"[""they are!!"", ""aieeeee! run for cover! we are attacked!""]",[],2448_36_2,"[[7.0, 2.0, 174.0, 110.0], [215.0, 10.0, 472.0, 182.0]]",[],"[[176.0, 317.0, 207.0, 348.0], [301.0, 179.0, 467.0, 329.0]]"
"[""chuckle! this ought to give bunny plenty of thrills and chills! she'll admire my acting ability, too!""]",[],2449_33_1,"[[103.0, 0.0, 566.0, 144.0]]",[],"[[128.0, 181.0, 198.0, 271.0]]"
"[""e molded her from his wn atomic structure order to communicate ith us! he turned his ntire planetary surface to a garden of ede to keep us content!"", ""and we decided to take off he grew angry and showed us his true self!""]",[],2456_31_2,"[[0.0, 0.0, 345.0, 157.0], [343.0, 0.0, 500.0, 156.0]]",[],"[[-1.0, -1.0, -1.0, -1.0], [-1.0, -1.0, -1.0, -1.0]]"
"[""poor fellows... most of them didn't even know why they were fighting!""]","['making endless trips, zamoisky and the blue zombie carefully place the fallen soldiers into ne of the huge covered tractors and transport them to the laboratory...']",2463_70_5,"[[5.0, 126.0, 329.0, 260.0]]","[[4.0, 6.0, 592.0, 133.0]]","[[75.0, 293.0, 179.0, 412.0]]"
"[""oh no, sonny boy..not leaving so soon are you ?"", ""yiii!""]",[],2464_54_1,"[[38.0, 20.0, 321.0, 102.0], [211.0, 60.0, 345.0, 123.0]]",[],"[[204.0, 240.0, 264.0, 313.0], [161.0, 94.0, 227.0, 184.0]]"
"[""hello... say, you're crying!"", ""what is wrong, little white she?""]",[],2467_45_5,"[[6.0, 6.0, 174.0, 90.0], [190.0, 4.0, 398.0, 89.0]]",[],"[[143.0, 81.0, 174.0, 117.0], [236.0, 104.0, 276.0, 150.0]]"
"[""my thanks to honorable shark, for without your threat i would not have made safety.""]",[],2485_49_5,"[[212.0, 24.0, 360.0, 150.0]]",[],"[[194.0, 108.0, 218.0, 139.0]]"
"[""ugh!""]",[],2500_41_0,"[[150.0, 64.0, 345.0, 142.0]]",[],"[[288.0, 303.0, 427.0, 466.0]]"
"[""careful! there's sniper fire coming from the third building on this side!""]","[""yessir ... i was with truscott's ninth infantry when we captured fort lyautey! that's where he won the distinguished service medal!""]",2503_2_4,"[[6.0, 123.0, 295.0, 267.0]]","[[5.0, 7.0, 608.0, 127.0]]","[[272.0, 309.0, 332.0, 362.0]]"
"[""it worked! i got away before he could see me!"", ""excellent! and our preparations are complete on this end!"", ""den i guess we beat it now, huh, rusty? i don't wanna tangle wit' dat guy again!""]","['and at this time, at the mammoth warehouse..']",2508_7_0,"[[64.0, 59.0, 247.0, 173.0], [219.0, 65.0, 417.0, 178.0], [387.0, 70.0, 534.0, 273.0]]","[[49.0, 35.0, 528.0, 72.0]]","[[199.0, 287.0, 245.0, 332.0], [272.0, 273.0, 307.0, 310.0], [341.0, 248.0, 379.0, 282.0]]"
"[""i'm sorry! i have to report all gun-wounds to the police!!""]",[],2519_11_5,"[[6.0, 6.0, 269.0, 146.0]]",[],"[[142.0, 207.0, 271.0, 384.0]]"
"[""fools!""]",[],2521_52_3,"[[24.0, 29.0, 267.0, 145.0]]",[],"[[197.0, 100.0, 307.0, 224.0]]"
"[""i pity leffley! your friends will rally to you!"", ""first i will challenge leffley alone! bid the others be ready! word to the king's minister!""]",[],2534_30_3,"[[7.0, 1.0, 236.0, 123.0], [114.0, 52.0, 334.0, 247.0]]",[],"[[107.0, 242.0, 158.0, 303.0], [199.0, 238.0, 260.0, 289.0]]"
"[""from me to the two of you!"", ""owwww!""]",[],2540_15_7,"[[18.0, 43.0, 222.0, 148.0], [260.0, 69.0, 441.0, 132.0]]",[],"[[94.0, 197.0, 147.0, 274.0], [299.0, 208.0, 412.0, 304.0]]"
"[""yeow!she used to be good but this is murder!"", ""yeah! i can remember lilli tucker when she was good!""]",['at the exclusive jade clu'],2556_31_1,"[[8.0, 25.0, 88.0, 135.0], [86.0, 26.0, 216.0, 113.0]]","[[7.0, 6.0, 235.0, 38.0]]","[[21.0, 193.0, 84.0, 260.0], [122.0, 195.0, 204.0, 275.0]]"
"[""right -- check loca-tion and report back.""]",['capt. in another part of ship at phone.'],2557_39_0,"[[0.0, 54.0, 200.0, 108.0]]","[[0.0, 4.0, 200.0, 59.0]]","[[3.0, 176.0, 101.0, 359.0]]"
"[""i am safe- the scaly one shall be food for his brothers but why slade's treacherous blow - why? what evil is he intent on carrying out?""]",['and as the murky waters turn red...'],2560_6_4,"[[20.0, 42.0, 300.0, 182.0]]","[[34.0, 0.0, 251.0, 35.0]]","[[214.0, 219.0, 271.0, 266.0]]"
"[""sorry, baby! two killings are par for this course!""]",['that was all the time i needed.'],2562_7_5,"[[19.0, 22.0, 236.0, 118.0]]","[[25.0, 0.0, 520.0, 20.0]]","[[132.0, 126.0, 185.0, 209.0]]"
"[""incredible! then only your soul was captured?"", ""yes! i shall continue ... there is much evil in air!""]",[],2563_53_4,"[[32.0, 8.0, 258.0, 123.0], [274.0, 8.0, 500.0, 128.0]]",[],"[[71.0, 129.0, 106.0, 178.0], [247.0, 87.0, 300.0, 145.0]]"
"[""we'll see who gets mowed down!"", ""ouch! look out for those bullets!""]",[],2564_6_3,"[[24.0, 31.0, 240.0, 115.0], [350.0, 36.0, 523.0, 145.0]]",[],"[[45.0, 148.0, 80.0, 178.0], [427.0, 246.0, 452.0, 274.0]]"
"[""there must be something mighty strange going on down here.""]",[],2568_6_1,"[[17.0, 0.0, 375.0, 88.0]]",[],"[[140.0, 97.0, 279.0, 293.0]]"
"[""everything's so merry -- those santas with their bells, the gay windows , the lights -- this is a wonderful time of year.everybody is so friendly --""]","['one of the bright young men in teh publicity broadcasting network is marty gale. hav for rheir television star, teresa talley, he de her apartment, which is not far from the co', 'it is just before christmas and marty, as he walks along, absorbs the holiday atmosphere...']",2572_28_0,"[[0.0, 127.0, 538.0, 238.0]]","[[0.0, 0.0, 538.0, 92.0], [0.0, 86.0, 538.0, 155.0]]","[[299.0, 272.0, 408.0, 414.0]]"
"[""there, m'buwangi, you will have a beautiful diamond for an adornment and keep it safely for me.""]",[],2572_5_1,"[[21.0, 0.0, 311.0, 90.0]]",[],"[[62.0, 117.0, 150.0, 222.0]]"
"[""that will silence your babbling tongue - wait ... what is that?""]",[],2579_32_6,"[[9.0, 7.0, 146.0, 78.0]]",[],"[[154.0, 52.0, 187.0, 83.0]]"
"[""i know how to finish off this imp so as to make it look accidental,then i'll attend to the drunk there's a deserted ski courde which will just suit my purpose!"", ""i'll have ese on r yoi in second""]",[],2587_62_6,"[[62.0, 2.0, 384.0, 139.0], [3.0, 116.0, 94.0, 201.0]]",[],"[[189.0, 118.0, 223.0, 161.0], [2.0, 182.0, 25.0, 267.0]]"
"[""hurry, chapman.. i feel uneasy!"", ""a few minutes more""]","['hens he was next heard of oct. accomplice named shean, he']",259_7_4,"[[149.0, 43.0, 391.0, 116.0], [253.0, 102.0, 468.0, 184.0]]","[[36.0, 0.0, 486.0, 50.0]]","[[99.0, 62.0, 157.0, 139.0], [191.0, 245.0, 258.0, 310.0]]"
"[""sorry i can't stay and watch you roast cor. per. so long!""]","['but before devron leaves, he sets the oil buner thermostat on top heat.']",2607_33_5,"[[47.0, 20.0, 234.0, 135.0]]","[[44.0, 309.0, 554.0, 369.0]]","[[282.0, 9.0, 424.0, 158.0]]"
"[""wow!!! it must be a time bomb!!! no time to look for it""]",[],2609_54_0,"[[25.0, 1.0, 266.0, 105.0]]",[],"[[150.0, 140.0, 241.0, 268.0]]"
"[""there it goes""]",[],2616_30_4,"[[283.0, 17.0, 526.0, 181.0]]",[],"[[296.0, 235.0, 479.0, 460.0]]"
"[""now!!""]","[""ck at 's lab yer reak ds his emy covered nd pared r his turn.- ree adly nger gs let their son arts""]",2618_8_4,"[[349.0, 20.0, 482.0, 77.0]]","[[0.0, 0.0, 115.0, 421.0]]","[[279.0, 184.0, 363.0, 260.0]]"
"[""the thought of how i almost betrayed my country drives me crazy!"", ""dont't brood about the past!""]",[],2621_6_2,"[[4.0, 0.0, 239.0, 54.0], [245.0, 3.0, 359.0, 55.0]]",[],"[[99.0, 55.0, 144.0, 113.0], [248.0, 50.0, 294.0, 99.0]]"
"[""byron must be in the chair now. hope it's not too late!""]",[],2624_40_6,"[[118.0, 7.0, 392.0, 106.0]]",[],"[[110.0, 141.0, 190.0, 243.0]]"
"[""who are you?"", ""oof! my - wind -- it's knocked out of me!""]",[],2628_23_4,"[[170.0, 4.0, 301.0, 61.0], [257.0, 13.0, 440.0, 113.0]]",[],"[[84.0, 8.0, 163.0, 78.0], [296.0, 111.0, 355.0, 184.0]]"
"[""it's unbelievable! these plans show a gigantic flying wing.. capable of carrying troops, tanks, artillery... what's that!?""]",[],2634_44_6,"[[50.0, 11.0, 435.0, 219.0]]",[],"[[164.0, 231.0, 265.0, 380.0]]"
"[""good gosh! these men are other victims of the scarlet death!""]",[],2635_40_8,"[[12.0, 0.0, 197.0, 71.0]]",[],"[[33.0, 83.0, 76.0, 139.0]]"
"[""whew! he's either very brave or plain nuts!"", ""that's a heck of a way to find out if a lion has halitosis!!""]",[],2637_13_2,"[[7.0, 40.0, 162.0, 132.0], [124.0, 39.0, 284.0, 167.0]]",[],"[[66.0, 250.0, 75.0, 260.0], [88.0, 252.0, 94.0, 257.0]]"
"[""aaahh!""]",['with deadly aim. the marksman gits his difficult target...'],2640_64_3,"[[134.0, 66.0, 216.0, 108.0]]","[[0.0, 8.0, 216.0, 61.0]]","[[154.0, 122.0, 212.0, 177.0]]"
"[""wow! i just got away in time!""]",['zooming skyward he sees the battleship belching death at the little freighter..'],2646_28_1,"[[108.0, 104.0, 352.0, 230.0]]","[[0.0, 16.0, 380.0, 112.0]]","[[199.0, 258.0, 322.0, 378.0]]"
"[""mission accomplished, sir! boris ivanov is dead --- the only scientist in all the soviets who could have deciphered that cosmic ray formula!"", ""great work, lance!""]",['larson the man of a thousand faces becomes another one - man army in  the next slugging issue of soldiers of fortune!'],2651_49_6,"[[11.0, 0.0, 278.0, 118.0], [190.0, 84.0, 307.0, 171.0]]","[[12.0, 320.0, 340.0, 436.0]]","[[74.0, 193.0, 151.0, 291.0], [210.0, 204.0, 295.0, 298.0]]"
"[""congratulations my boy. that was a sensational job!is there anything i can do for you?""]",[],2676_46_5,"[[92.0, 0.0, 462.0, 73.0]]",[],"[[274.0, 190.0, 413.0, 339.0]]"
"[""help!! men .. and intruder! help!!"", ""think the bla cat wi""]",[],2685_34_4,"[[0.0, 9.0, 260.0, 110.0], [177.0, 390.0, 301.0, 461.0]]",[],"[[93.0, 88.0, 230.0, 266.0], [82.0, 345.0, 152.0, 438.0]]"
"[""for the present we're absolutely helpless.""]","['picking up speed, the ships start their journey .....']",2691_47_5,"[[142.0, 139.0, 328.0, 225.0]]","[[9.0, 14.0, 303.0, 67.0]]","[[128.0, 239.0, 138.0, 246.0]]"
"[""i've all the evidence i need right here!""]","['bing powers, kung-fu-tse leaves']",2692_51_2,"[[193.0, 48.0, 463.0, 133.0]]","[[66.0, 3.0, 463.0, 43.0]]","[[170.0, 103.0, 238.0, 199.0]]"
"[""hmm that's an excellant idea!"", ""here is the history on all the cases!""]",['crash describes the plan for baiting the criminals.'],2693_23_3,"[[76.0, 62.0, 246.0, 130.0], [235.0, 59.0, 411.0, 140.0]]","[[8.0, 10.0, 411.0, 65.0]]","[[58.0, 117.0, 137.0, 224.0], [331.0, 160.0, 342.0, 175.0]]"
"[""i learned this in varsity football!!""]",[],2696_40_0,"[[15.0, 74.0, 321.0, 187.0]]",[],"[[55.0, 453.0, 170.0, 558.0]]"
"[""creepy's gotta ironclad alibi! he's a patient at city hospital room 812 -- but i seen him at the stick-up!"", ""we've got to work fast, gypo.""]",[],26_9_5,"[[1.0, 0.0, 514.0, 150.0], [501.0, 0.0, 773.0, 99.0]]",[],"[[145.0, 325.0, 195.0, 377.0], [245.0, 397.0, 303.0, 448.0]]"
"[""yeow!!"", ""for all your dirty work, ratzi!! part payment--!!""]",[],2703_32_7,"[[439.0, 122.0, 613.0, 187.0], [50.0, 368.0, 338.0, 491.0]]",[],"[[38.0, 56.0, 105.0, 97.0], [465.0, 342.0, 525.0, 392.0]]"
"[""hello, kids! joanie's plane just landed without her! i'm afraid she's in trouble driver, follow route 8 out of the city, and step on it!""]",[],2705_6_1,"[[15.0, 11.0, 403.0, 182.0]]",[],"[[114.0, 169.0, 281.0, 359.0]]"
"[""and worst of all, poor, poor julia sits all day staring out the window, pining for the male buzzard who stole hrr heart! that is why i hate the spirit!"", ""sniff sniff!""]",[],2709_21_2,"[[16.0, 8.0, 397.0, 214.0], [223.0, 189.0, 368.0, 245.0]]",[],"[[76.0, 191.0, 202.0, 360.0], [315.0, 264.0, 370.0, 322.0]]"
"[""there she is! --alone! helpless!""]","[""minutes later, at elva grammant's ...""]",2711_30_3,"[[64.0, 66.0, 311.0, 171.0]]","[[0.0, 0.0, 325.0, 65.0]]","[[175.0, 224.0, 237.0, 295.0]]"
"[""why, it's a --a paper airplane!""]",[],2726_11_4,"[[104.0, 50.0, 301.0, 137.0]]",[],"[[179.0, 237.0, 331.0, 380.0]]"
"[""oh!!""]",['page 45'],2732_46_2,"[[102.0, 54.0, 346.0, 161.0]]","[[203.0, 1.0, 459.0, 75.0]]","[[85.0, 213.0, 191.0, 426.0]]"
"[""nice work ... i'm almost there!""]",[],2734_33_1,"[[16.0, 51.0, 267.0, 154.0]]",[],"[[132.0, 220.0, 196.0, 320.0]]"
"[""i'll stamp you into the dust, like a worm!"", ""oops that wa was close!""]",[],2739_29_4,"[[15.0, 0.0, 214.0, 56.0], [142.0, 14.0, 231.0, 93.0]]",[],"[[-1.0, -1.0, -1.0, -1.0], [176.0, 141.0, 202.0, 172.0]]"
"[""now what?""]",[],2760_28_4,"[[54.0, 12.0, 479.0, 162.0]]",[],"[[-1.0, -1.0, -1.0, -1.0]]"
"[""yow-w-w!"", ""good boy, pinto""]","['in a flash, pinto wheels -- and seizes the rope!']",2764_50_0,"[[167.0, 92.0, 277.0, 130.0], [164.0, 136.0, 292.0, 198.0]]","[[0.0, 0.0, 489.0, 31.0]]","[[110.0, 107.0, 147.0, 139.0], [215.0, 190.0, 274.0, 278.0]]"
"[""now to make sure this isn't used again! -- whoa! not so fast!""]",['one of the gang escapes!'],2776_4_3,"[[41.0, 19.0, 350.0, 89.0]]","[[0.0, 0.0, 367.0, 25.0]]","[[156.0, 92.0, 227.0, 183.0]]"
"[""i'm just mad enough to rule the world ... with this!""]",[],2777_31_1,"[[5.0, 18.0, 220.0, 104.0]]",[],"[[213.0, 31.0, 294.0, 120.0]]"
"[""don't worry, maisie. i ain't gonna kill you, but you ain't goin' nowhere till the landlady finds you tomorrow mornin'!""]",[],277_15_3,"[[61.0, 8.0, 391.0, 138.0]]",[],"[[220.0, 164.0, 380.0, 383.0]]"
"[""yippee! a balloon!"", ""hey, they're gonna land right on the deck!help them!""]",['an hour later...'],2786_5_1,"[[10.0, 63.0, 153.0, 164.0], [152.0, 70.0, 294.0, 214.0]]","[[8.0, 24.0, 226.0, 78.0]]","[[-1.0, -1.0, -1.0, -1.0], [-1.0, -1.0, -1.0, -1.0]]"
"[""sure he's the jonah! three accidents .. and he doesn't even get a scratch!"", "".. and remember all this bad luck started since we left singa-pore .. where the beggar put the voodoo on him!"", ""bah, you're just bunch of super-stitious old women!i'm no jonah .. there isn't any such thing!""]",[],2793_25_0,"[[0.0, 4.0, 208.0, 101.0], [145.0, 0.0, 362.0, 136.0], [313.0, 18.0, 424.0, 208.0]]",[],"[[85.0, 96.0, 131.0, 153.0], [144.0, 218.0, 231.0, 334.0], [272.0, 200.0, 366.0, 294.0]]"
"[""bats!""]",[],2805_13_3,"[[153.0, 243.0, 234.0, 301.0]]",[],"[[49.0, 341.0, 229.0, 558.0]]"
"[""it is more a prize than you imagine!""]",[],2808_13_3,"[[12.0, 65.0, 346.0, 227.0]]",[],"[[350.0, 53.0, 923.0, 759.0]]"
"[""help!"", ""i cannot swim!""]",['but the storm rose with even greater fury until...'],2809_83_0,"[[39.0, 146.0, 156.0, 226.0], [234.0, 153.0, 413.0, 239.0]]","[[7.0, 0.0, 475.0, 81.0]]","[[75.0, 296.0, 98.0, 329.0], [238.0, 389.0, 261.0, 429.0]]"
"[""the world would have been in a frightful war by now ... if it hadn't had to stop to hunt down halran!"", ""well ... maybe! she's meeting him secretly!""]",[],2815_24_4,"[[0.0, 0.0, 536.0, 113.0], [241.0, 71.0, 570.0, 193.0]]",[],"[[39.0, 190.0, 124.0, 295.0], [243.0, 189.0, 575.0, 579.0]]"
"[""i can hardly breathe!""]",[],2816_13_1,"[[92.0, 148.0, 288.0, 271.0]]",[],"[[105.0, 267.0, 169.0, 347.0]]"
"[""behold! our strange friend of the sky land is turning the tide!"", ""forsooth! t infidels are calling a retreat!""]",[],2827_40_3,"[[0.0, 15.0, 197.0, 108.0], [171.0, 15.0, 290.0, 99.0]]",[],"[[86.0, 206.0, 107.0, 237.0], [213.0, 221.0, 227.0, 235.0]]"
"[""rika seems rather fond of the new-comer. but we have a little suprise for them both, eh?"", ""ha ha! you mean what the boys are working on in the lab? you're a card, boss!""]",['while back at the superior council room of the group'],2828_43_5,"[[27.0, 72.0, 348.0, 218.0], [318.0, 73.0, 530.0, 287.0]]","[[34.0, 2.0, 530.0, 87.0]]","[[36.0, 224.0, 119.0, 347.0], [202.0, 220.0, 317.0, 341.0]]"
"[""tough egg, eh?""]",[],2828_65_0,"[[356.0, 11.0, 538.0, 128.0]]",[],"[[223.0, 124.0, 285.0, 191.0]]"
"[""have a smoke?"", ""no thanks. and you'd better not either. it's against the school rules - and it's bad for you""]",[],2830_28_2,"[[11.0, 5.0, 110.0, 74.0], [109.0, 0.0, 310.0, 125.0]]",[],"[[40.0, 150.0, 105.0, 225.0], [186.0, 151.0, 262.0, 218.0]]"
"[""you'll get no meal on this boat!"", ""nice work, cap'n!""]",[],2831_49_4,"[[0.0, 20.0, 247.0, 85.0], [204.0, 52.0, 351.0, 114.0]]",[],"[[146.0, 100.0, 215.0, 208.0], [300.0, 151.0, 349.0, 230.0]]"
"[""here comes old peg-leg, and he did get one of the tribes men to come along!""]",['and while elaine continues to tantalize the conscience-stricken thugs gallant returns outside ....'],2832_45_2,"[[3.0, 100.0, 330.0, 178.0]]","[[16.0, 21.0, 341.0, 112.0]]","[[158.0, 198.0, 273.0, 361.0]]"
"[""put them in seperate cells! later we fix them good""]",[],2839_14_1,"[[13.0, 0.0, 281.0, 63.0]]",[],"[[100.0, 85.0, 132.0, 120.0]]"
"[""hurry davey!they have a head start on us"", ""we'd better tie this rat up""]",[],2839_16_4,"[[6.0, 0.0, 251.0, 56.0], [89.0, 59.0, 294.0, 114.0]]",[],"[[71.0, 273.0, 83.0, 286.0], [134.0, 217.0, 150.0, 228.0]]"
"[""p! we'll re of\tnt!""]",[],2839_52_7,"[[0.0, 22.0, 101.0, 83.0]]",[],"[[-1.0, -1.0, -1.0, -1.0]]"
"[""and there it is -- a piece of supercheese!""]",[],2851_19_4,"[[18.0, 9.0, 247.0, 112.0]]",[],"[[35.0, 179.0, 237.0, 325.0]]"
"[""gone! well maybe someone around the lucky chance might know about this!""]",[],2854_62_6,"[[71.0, 16.0, 357.0, 193.0]]",[],"[[351.0, 114.0, 393.0, 159.0]]"
"[""now push, you useless dog! -- push!-- or i'll cut you to ribbons like this --""]",['ack consciousness with a dousing of cold ess tracker is immediately chained to a h'],2860_47_5,"[[398.0, 110.0, 997.0, 208.0]]","[[177.0, 10.0, 992.0, 108.0]]","[[829.0, 235.0, 900.0, 299.0]]"
"[""jeff, for heaven's sake, i want you to do something for me! you read arabic like a native! please tell me what this note says!""]",[],2864_46_0,"[[50.0, 47.0, 803.0, 273.0]]",[],"[[128.0, 286.0, 337.0, 580.0]]"
"[""ruth! ruth darling --"", ""walt? what happened?it's nearly daylight!i -- you're drunk!""]","[""sometime later, in walt's tenement flat ...""]",2867_15_3,"[[10.0, 69.0, 158.0, 145.0], [125.0, 54.0, 454.0, 151.0]]","[[25.0, 22.0, 439.0, 71.0]]","[[89.0, 172.0, 191.0, 299.0], [285.0, 219.0, 400.0, 329.0]]"
"[""sorry, mopsy, but fran's on a cruise\"" ... \""no, peggy's away, in the south\"" .... \""beth's out of town for a month\"" .... \""edith's away on a mediterranean cruise\"" ...""]",[],2878_2_1,"[[2.0, 4.0, 407.0, 239.0]]",[],"[[-1.0, -1.0, -1.0, -1.0]]"
"[""panama!"", ""oh -- garee! i feel so terreeble!""]",[],2888_12_0,"[[70.0, 3.0, 213.0, 80.0], [314.0, 24.0, 517.0, 127.0]]",[],"[[145.0, 130.0, 241.0, 259.0], [363.0, 199.0, 424.0, 266.0]]"
"[""care for some punch?"", ""good idea! these old coaches are hot as a blazes!""]","['soon, the old train creaks across the desert .....']",2889_34_3,"[[205.0, 74.0, 356.0, 152.0], [424.0, 25.0, 596.0, 159.0]]","[[41.0, 9.0, 418.0, 83.0]]","[[87.0, 83.0, 201.0, 232.0], [486.0, 193.0, 583.0, 314.0]]"
"[""son, the sheriff would like to see you... only for a moment. i know it's painful, but we must do everything we can to help.""]","[""upstairs... the room of stanton's son, clark .""]",28_10_2,"[[62.0, 99.0, 490.0, 391.0]]","[[0.0, 11.0, 502.0, 105.0]]","[[389.0, 526.0, 429.0, 571.0]]"
"[""listen ... \""oh woe! is huge tlouble! connie an' big stooper in hoosygow 'cause bump-bang feller in gassy-wagon! please come help! velly humble me, connie""]",[],2910_1_1,"[[31.0, 0.0, 331.0, 236.0]]",[],"[[81.0, 207.0, 195.0, 354.0]]"
"[""now for marvelo ... one swift stroke and ...""]",[],2917_27_3,"[[29.0, 7.0, 314.0, 65.0]]",[],"[[71.0, 143.0, 123.0, 207.0]]"
"[""what a tragedy! not a sign of sick-ness -- then they are all gone!"", ""it is shocking!such good people! such neigh-bors! they never hurt anybody!""]",['a week later ...'],2918_16_4,"[[32.0, 46.0, 199.0, 170.0], [190.0, 18.0, 406.0, 166.0]]","[[47.0, 0.0, 276.0, 54.0]]","[[33.0, 189.0, 69.0, 224.0], [149.0, 173.0, 175.0, 210.0]]"
"[""there it is!""]",[],2918_29_3,"[[3.0, 2.0, 104.0, 56.0]]",[],"[[36.0, 57.0, 157.0, 163.0]]"
"[""awful quiet in here!""]",[],2935_58_4,"[[194.0, 0.0, 299.0, 73.0]]",[],"[[106.0, 42.0, 163.0, 102.0]]"
"[""if he did it, can too!""]",[],2950_41_7,"[[6.0, 11.0, 150.0, 79.0]]",[],"[[174.0, 68.0, 221.0, 113.0]]"
"[""i i'm afraid to look at my hole card! I need an ace to win! what if i lose...? wh - what if fate was just teasing me...?""]",[],2951_12_3,"[[7.0, 10.0, 496.0, 101.0]]",[],"[[120.0, 100.0, 452.0, 422.0]]"
"[""good heavens! adams! he -- he's dead! how - how did it happen? this - is -- too much!"", ""the killer got to him a few minutes before I could get here!""]",[],2968_41_2,"[[10.0, 18.0, 295.0, 155.0], [272.0, 14.0, 556.0, 173.0]]",[],"[[102.0, 247.0, 196.0, 359.0], [356.0, 265.0, 517.0, 391.0]]"
"[""oof!""]",[],2972_51_5,"[[436.0, 0.0, 588.0, 82.0]]",[],"[[289.0, 21.0, 355.0, 110.0]]"
"[""Sorry you won't be with us major!""]",[],2974_34_5,"[[3.0, 26.0, 174.0, 82.0]]",[],"[[227.0, 20.0, 302.0, 86.0]]"
"[""the clarion is gonna continue to expose corruption in this town! it's corinne im worried"", ""don't fret none! I'm moseyin' down to the lido saloon to see lewis!""]",['In the clarion office'],2976_61_5,"[[3.0, 41.0, 313.0, 167.0], [351.0, 7.0, 565.0, 158.0]]","[[0.0, 4.0, 383.0, 46.0]]","[[169.0, 160.0, 258.0, 255.0], [302.0, 124.0, 365.0, 184.0]]"
"[""hope i'm clear when he opens up!""]",[],2981_49_0,"[[11.0, 16.0, 299.0, 127.0]]",[],"[[323.0, 365.0, 389.0, 436.0]]"
"[""wh wh what's happened to that\tyoung rascal where'd he go?""]",[],2983_65_3,"[[142.0, 12.0, 284.0, 97.0]]",[],"[[100.0, 23.0, 140.0, 72.0]]"
"[""great scott ... he's alive! or is he?""]",[],2984_12_3,"[[310.0, 31.0, 666.0, 174.0]]",[],"[[268.0, 226.0, 317.0, 286.0]]"
"[""nice going""]",[],2988_50_4,"[[208.0, 7.0, 294.0, 57.0]]",[],"[[311.0, 59.0, 328.0, 80.0]]"
"[""ee ii iii!""]","[""then hendrix's attention focused on something climbing the wall of the castle, an inhuman creature, the sight of which turned his blood to ice-water!""]",298_19_0,"[[262.0, 112.0, 384.0, 173.0]]","[[2.0, 22.0, 501.0, 93.0]]","[[376.0, 129.0, 433.0, 183.0]]"
"[""i guess if old push-button's impressed with the crane family life, papa gets that promotion!"", ""so the cake is burnt! so you bake another one. why all the fuss and feathers?""]",[],2999_14_0,"[[14.0, 51.0, 462.0, 215.0], [701.0, 30.0, 1020.0, 258.0]]",[],"[[538.0, 51.0, 673.0, 233.0], [1023.0, 40.0, 1162.0, 206.0]]"
"[""okay, ross, your report is starting to make a little sence now."", ""which could mean i'm just crazy."", ""hey,why should i be the only one?"", ""so the client caught the bad guy, droped him with that cop tork--"", ""--and was free to head home and deal with achebe -- the creep who'd stolen his country.Then what --?!""]",[],bp_2_205_1,"[[343.0, 155.0, 488.0, 282.0], [345.0, 269.0, 486.0, 340.0], [144.0, 349.0, 262.0, 426.0], [721.0, 346.0, 876.0, 448.0], [726.0, 448.0, 895.0, 581.0]]",[],"[[-1.0, -1.0, -1.0, -1.0], [-1.0, -1.0, -1.0, -1.0], [290.0, 350.0, 477.0, 533.0], [574.0, 450.0, 670.0, 563.0], [573.0, 449.0, 671.0, 561.0]]"
"[""keep moving!"", ""only one of them can climb through this vent at a time -- and they don't dare attack us alone!"", ""but -- what's ahead? where's this vent lead to?!"", ""irrelevant, agent 13 -- there is no turning back!"", ""whatever awaits us at the other end -- we will overcome!""]",[],bp_2_207_0,"[[41.0, 25.0, 142.0, 65.0], [292.0, 57.0, 446.0, 177.0], [561.0, 21.0, 719.0, 91.0], [644.0, 315.0, 817.0, 377.0], [694.0, 382.0, 873.0, 441.0]]",[],"[[196.0, 27.0, 283.0, 104.0], [201.0, 31.0, 282.0, 99.0], [462.0, 50.0, 540.0, 147.0], [807.0, 45.0, 898.0, 147.0], [805.0, 43.0, 896.0, 145.0]]"
"[""and this has exactly what to do with my question--?"", ""context, nikki""]",[],bp_2_207_1,"[[42.0, 51.0, 181.0, 119.0], [195.0, 105.0, 281.0, 143.0]]",[],"[[-1.0, -1.0, -1.0, -1.0], [-1.0, -1.0, -1.0, -1.0]]"
"[""since i am no longer on active duty with the avengers, the have a vacancy in their roster -- -- one which i hope will be filled by -- the panther!"", ""i wish to consider it, my friend --""]",[],bp_2_207_3,"[[14.0, 5.0, 226.0, 144.0], [133.0, 129.0, 283.0, 188.0]]",[],"[[8.0, 166.0, 81.0, 293.0], [85.0, 191.0, 201.0, 380.0]]"
"[""-- you asked me about that business with the avengers --"", ""yes, since the president of the united states called you on the carpet about it --"", ""-- and gave you 24 hours to get king t'challa on the leash --""]",[],bp_2_207_4,"[[88.0, 28.0, 243.0, 111.0], [18.0, 112.0, 151.0, 241.0], [32.0, 359.0, 192.0, 434.0]]",[],"[[212.0, 300.0, 247.0, 344.0], [140.0, 254.0, 182.0, 303.0], [142.0, 254.0, 181.0, 301.0]]"
"[""...biting every hand that feeds him. get dressed. i've taken the liberty of buying you some new clothes.""]",[],bp_2_208_5,"[[198.0, 47.0, 316.0, 248.0]]",[],"[[4.0, 14.0, 203.0, 450.0]]"
"[""-- that factions within the u.s. intelligece community have effected a coup d'etat in my homeland. my friends--"", ""this constitutes an act of war.""]",[],bp_2_209_3,"[[182.0, 10.0, 420.0, 93.0], [324.0, 71.0, 426.0, 143.0]]",[],"[[159.0, 123.0, 235.0, 223.0], [160.0, 122.0, 232.0, 221.0]]"
"[""get back to new york. you've got 24 hours to get king t'challa to retract his statement or you're shipping out to --""]",[],bp_2_210_3,"[[9.0, 5.0, 286.0, 100.0]]",[],"[[35.0, 114.0, 183.0, 356.0]]"
"[""t'challa -- what do you want from me?!"", ""nicole.. it is not our time."", ""first in my life is to defend and serve the wakandans.for me to truly lead, i must be more than king --"", ""-- i must be chieftain of the panther clan.my studies here are part of that pilgrimage.""]",[],bp_2_211_0,"[[186.0, 23.0, 306.0, 93.0], [327.0, 20.0, 433.0, 73.0], [420.0, 29.0, 583.0, 159.0], [434.0, 162.0, 597.0, 273.0]]",[],"[[296.0, 218.0, 330.0, 250.0], [375.0, 190.0, 411.0, 226.0], [379.0, 192.0, 411.0, 229.0], [376.0, 192.0, 406.0, 227.0]]"
"[""i mean, nick, there are practical limits to what i can tell a head of state to do or not to do --""]",[],bp_2_211_1,"[[207.0, 187.0, 368.0, 308.0]]",[],"[[-1.0, -1.0, -1.0, -1.0]]"
"[""and me? was i part of the journey?"", ""of course. but the journey continues. if i rest... if i stray... my people perish. you must understand that."", ""-- -- i do.""]",[],bp_2_211_2,"[[270.0, 5.0, 402.0, 57.0], [36.0, 310.0, 220.0, 452.0], [315.0, 349.0, 377.0, 433.0]]",[],"[[310.0, 104.0, 399.0, 210.0], [124.0, 81.0, 209.0, 194.0], [310.0, 105.0, 398.0, 209.0]]"
"[""and, so..."", ""... you've pled your case before the global council, declared war on the mightiest nation on the planet --"", ""-- and scarcely do the winds of change blow."", ""how the mighty have fallen.""]",['the hockey puck'],bp_2_213_0,"[[139.0, 84.0, 190.0, 121.0], [139.0, 120.0, 300.0, 240.0], [161.0, 240.0, 281.0, 311.0], [594.0, 75.0, 712.0, 137.0]]","[[262.0, 9.0, 658.0, 57.0]]","[[-1.0, -1.0, -1.0, -1.0], [-1.0, -1.0, -1.0, -1.0], [-1.0, -1.0, -1.0, -1.0], [677.0, 152.0, 729.0, 215.0]]"
"[""you will be assassinated before dawn, t'challa we both know it."", ""we both know you need me now. if it wasn't for me"", ""ah, finally -- my cue --""]",[],bp_2_213_2,"[[34.0, 6.0, 266.0, 58.0], [266.0, 6.0, 490.0, 58.0], [125.0, 338.0, 243.0, 397.0]]",[],"[[60.0, 63.0, 183.0, 203.0], [266.0, 85.0, 442.0, 217.0], [-1.0, -1.0, -1.0, -1.0]]"
"[""i thougnt we had a deal, t'challa. i thought after my royal dumping, i'd be through with this kind of thing."", ""i've been kidnapped, made into a human bomb, arrested, trailed by spy-guys, shot at, and \""detained\"" by that creepy white wolf.all in all, a pretty full day.""]",[],bp_2_215_2,"[[16.0, 2.0, 188.0, 134.0], [52.0, 472.0, 210.0, 667.0]]",[],"[[108.0, 197.0, 256.0, 371.0], [112.0, 198.0, 256.0, 371.0]]"
"[""yes!nail 'em your high --""]","['thank you, dr. achebe.']",bp_2_216_4,"[[150.0, 1.0, 323.0, 86.0]]","[[18.0, 15.0, 116.0, 70.0]]","[[176.0, 80.0, 287.0, 245.0]]"
"[""only here, in the techno jungle, can the prowlers be stopped."", ""hidden within this labyrinth are protocols and controls known only to me."", ""you've known all along, haven't you? you knew the trip to the u.s. was a lure -- you knew there'd be a coup --"", ""i suspected. had i not feigned ignorance, many more innocents would have been harmed --""]",[],bp_2_217_1,"[[4.0, 4.0, 168.0, 95.0], [28.0, 304.0, 196.0, 401.0], [446.0, 6.0, 680.0, 132.0], [576.0, 258.0, 773.0, 399.0]]",[],"[[-1.0, -1.0, -1.0, -1.0], [-1.0, -1.0, -1.0, -1.0], [353.0, 69.0, 484.0, 238.0], [704.0, 71.0, 811.0, 220.0]]"
"[""-- this trap, or the fact achebe must have been planning to put you in it for months."", ""i mean you don't exactly buy one of these things from k-mart...""]",[],bp_2_219_0,"[[695.0, 3.0, 902.0, 77.0], [791.0, 83.0, 903.0, 174.0]]",[],"[[459.0, 27.0, 601.0, 142.0], [459.0, 25.0, 601.0, 141.0]]"
"[""ah, yes. i know that..."", ""y'know, your highness, i don't know what's scarier --""]",[],bp_2_219_1,"[[600.0, 198.0, 656.0, 251.0], [655.0, 175.0, 813.0, 287.0]]",[],"[[224.0, 29.0, 375.0, 171.0], [225.0, 28.0, 373.0, 168.0]]"
"[""and, you're naked."", ""correct."", ""and if i don't, i'll probably die."", ""correct.""]",[],bp_2_219_4,"[[27.0, 8.0, 127.0, 74.0], [6.0, 73.0, 110.0, 108.0], [38.0, 112.0, 136.0, 180.0], [13.0, 173.0, 112.0, 213.0]]",[],"[[140.0, 58.0, 295.0, 244.0], [-1.0, -1.0, -1.0, -1.0], [139.0, 57.0, 295.0, 245.0], [-1.0, -1.0, -1.0, -1.0]]"
"[""...maybe he thinks i'm his friend...""]",[],bp_2_220_5,"[[101.0, 64.0, 218.0, 118.0]]",[],"[[163.0, 189.0, 301.0, 389.0]]"
"[""... go home."", ""i am home.i was home.""]",[],bp_2_221_1,"[[20.0, 30.0, 90.0, 73.0], [110.0, 19.0, 227.0, 96.0]]",[],"[[54.0, 140.0, 108.0, 217.0], [156.0, 120.0, 301.0, 272.0]]"
"[""i should have told you about school-- about t'challa and me."", ""ross-- it was a long time ago.""]",[],bp_2_221_3,"[[16.0, 15.0, 155.0, 82.0], [131.0, 75.0, 214.0, 129.0]]",[],"[[248.0, 66.0, 284.0, 104.0], [248.0, 67.0, 281.0, 104.0]]"
"[""... i'll kill you... you ...""]",[],bp_2_222_5,"[[130.0, 8.0, 250.0, 80.0]]",[],"[[27.0, 44.0, 152.0, 178.0]]"
"[""you-- son of a--!!""]",[],bp_2_222_8,"[[59.0, 36.0, 119.0, 79.0]]",[],"[[38.0, 273.0, 86.0, 305.0]]"
"[""-- take it like a man."", ""y'know, for a tall guy raised in harlem -- you play ball like a girl."", ""all that muscle makes your trip over your own feet."", ""makes me wonder how you managed to beat t'challa so many times."", ""every time."", ""whatever.""]",[],bp_2_223_0,"[[118.0, 20.0, 211.0, 80.0], [19.0, 71.0, 190.0, 148.0], [20.0, 147.0, 174.0, 228.0], [23.0, 223.0, 200.0, 305.0], [446.0, 280.0, 515.0, 324.0], [425.0, 346.0, 534.0, 385.0]]",[],"[[267.0, 97.0, 388.0, 234.0], [268.0, 95.0, 387.0, 230.0], [268.0, 98.0, 385.0, 230.0], [266.0, 98.0, 384.0, 231.0], [481.0, 7.0, 678.0, 251.0], [266.0, 94.0, 385.0, 233.0]]"
"[""y'know -- -- i don't think i like you."", ""c'mon, erik killmonger -- big chief n'jadaka -- the michael milken of the african continent -- toughest guy in town --""]",[],bp_2_223_1,"[[5.0, 8.0, 145.0, 104.0], [6.0, 392.0, 147.0, 537.0]]",[],"[[169.0, 8.0, 369.0, 231.0], [-1.0, -1.0, -1.0, -1.0]]"
"[""you got any tuna?"", ""pantry."", ""think i'll grab a sandwich. you want -- ?"", ""sure.""]",[],bp_2_227_0,"[[647.0, 63.0, 740.0, 117.0], [680.0, 148.0, 774.0, 178.0], [780.0, 153.0, 902.0, 247.0], [751.0, 254.0, 820.0, 292.0]]",[],"[[819.0, 331.0, 928.0, 605.0], [625.0, 346.0, 771.0, 621.0], [819.0, 324.0, 926.0, 604.0], [627.0, 347.0, 767.0, 619.0]]"
"[""not in the mood, queen."", ""look at me! at what they made me wear!"", ""does \""dora milaje\"" mean \""ready for cocktail party at all times\""?*""]","['*no, actually it means ""adored ones"". --tom']",bp_2_227_2,"[[77.0, 8.0, 181.0, 58.0], [29.0, 73.0, 149.0, 154.0], [261.0, 239.0, 396.0, 333.0]]","[[400.0, 284.0, 531.0, 323.0]]","[[357.0, 4.0, 530.0, 225.0], [178.0, 67.0, 282.0, 219.0], [179.0, 68.0, 283.0, 220.0]]"
"[""ghaaaaaahhh-- put me downnn--!!""]","['--tends to fold like a cheap suit the minute you take their toys away.', 'the client was just a tad obsessed, which, depending on which side of the good guy/dirtbag fence you were on--', '--made this the ultimate good news/bad news situation.']",bp_2_228_0,"[[117.0, 117.0, 267.0, 169.0]]","[[10.0, 24.0, 206.0, 78.0], [213.0, 806.0, 463.0, 878.0], [628.0, 903.0, 846.0, 946.0]]","[[231.0, 241.0, 315.0, 317.0]]"
"[""-- remember, here in america, you are not to kill.""]",[],bp_2_230_4,"[[263.0, 4.0, 443.0, 62.0]]",[],"[[-1.0, -1.0, -1.0, -1.0]]"
"[""grown\""?! i'm only 16, gramps."", ""in our culture, you would be married by now! we do not infantilize our young!"", ""... obviously ..."", ""and you shall address me as mama!""]",[],bp_2_231_2,"[[279.0, 9.0, 383.0, 56.0], [314.0, 56.0, 472.0, 137.0], [329.0, 153.0, 451.0, 188.0], [643.0, 36.0, 769.0, 83.0]]",[],"[[512.0, 58.0, 614.0, 170.0], [180.0, 74.0, 252.0, 148.0], [517.0, 62.0, 606.0, 161.0], [182.0, 76.0, 246.0, 143.0]]"
"[""let's see... do i feel like tribal or tribal--?"", ""whose closet am i digging through --?"", ""yours. you will find they are all in your size--"", ""realy--? well--i may have found somethink i like--""]",[],bp_2_232_1,"[[54.0, 4.0, 213.0, 52.0], [128.0, 58.0, 295.0, 111.0], [170.0, 124.0, 283.0, 210.0], [128.0, 391.0, 283.0, 457.0]]",[],"[[323.0, 86.0, 405.0, 193.0], [321.0, 86.0, 403.0, 193.0], [-1.0, -1.0, -1.0, -1.0], [322.0, 86.0, 402.0, 191.0]]"
"[""whatever."", ""hey here's an idea..."", ""y'know, with a little bit of work--we might actually be onto something here...""]",[],bp_2_232_2,"[[41.0, 5.0, 128.0, 25.0], [137.0, 4.0, 232.0, 47.0], [31.0, 50.0, 190.0, 130.0]]",[],"[[2.0, 128.0, 269.0, 479.0], [2.0, 127.0, 269.0, 478.0], [2.0, 127.0, 268.0, 478.0]]"
"[""that's the third phone today."", ""please tell me you've found something."", ""ross -- if you act as an agent of a foreign power -- it can be viewed as, well, treason ---- you can be denied u.s. citizenship. you need to see the king."", ""beloved...""]","['easier said than done.', 'having recently lost a tribal challenge to his worst enemy, the king had retreated to the implausible labyrinth beneath central wakanda --', '-- a place he called the techno-jungle.', 'no one knew for sure exactly where he was, or what he was doing.', ""so it was actually much later that i found out he'd run into an old friend...""]",bp_2_233_0,"[[234.0, 18.0, 376.0, 80.0], [559.0, 6.0, 713.0, 75.0], [722.0, 21.0, 915.0, 239.0], [534.0, 640.0, 649.0, 690.0]]","[[46.0, 275.0, 215.0, 306.0], [181.0, 316.0, 462.0, 390.0], [340.0, 385.0, 511.0, 432.0], [533.0, 288.0, 817.0, 329.0], [716.0, 327.0, 910.0, 386.0]]","[[413.0, 23.0, 547.0, 164.0], [-1.0, -1.0, -1.0, -1.0], [412.0, 20.0, 546.0, 162.0], [622.0, 472.0, 696.0, 550.0]]"
"[""yeah, well, get me the president-- after all, i was action on his orders!"", ""no, not that president, the old one--""]","[""i'd just been stripped of my american citizenship. Which, of course, was impossible...""]",bp_2_233_1,"[[31.0, 323.0, 169.0, 412.0], [111.0, 412.0, 197.0, 486.0]]","[[6.0, 7.0, 244.0, 71.0]]","[[285.0, 186.0, 353.0, 261.0], [283.0, 184.0, 355.0, 263.0]]"
"[""i have sinned gaginst you, my lord"", ""i intend to go on sinning"", ""until you are finally mine and mine alone""]",[],bp_2_234_2,"[[19.0, 1.0, 142.0, 50.0], [108.0, 53.0, 202.0, 95.0], [149.0, 100.0, 279.0, 161.0]]",[],"[[80.0, 220.0, 171.0, 345.0], [78.0, 217.0, 168.0, 340.0], [78.0, 219.0, 167.0, 337.0]]"
"[""your highness-- --you've got to help me with this--!"", ""to blazes with all of you--!! i want achebe-- now!!!"", ""c'mon, t'challa... let me kill him. please."", ""you've got to call the state department -- get this cleared up--!! nikki -- nobody said this job would be permanent!!"", ""ross--calm down--"", ""i least of all--"", ""--w'kabi, your true regent! my lord, this travesty with the american has gone on far too long!"", ""you--?! hunter? kill me?"", ""in a heart-beat. on my lunch break.""]",[],bp_2_235_0,"[[71.0, 18.0, 272.0, 125.0], [568.0, 14.0, 739.0, 131.0], [731.0, 91.0, 850.0, 206.0], [29.0, 345.0, 331.0, 430.0], [142.0, 401.0, 236.0, 458.0], [317.0, 363.0, 407.0, 425.0], [444.0, 349.0, 704.0, 440.0], [492.0, 417.0, 629.0, 486.0], [530.0, 484.0, 623.0, 601.0]]",[],"[[288.0, 64.0, 392.0, 188.0], [540.0, 134.0, 613.0, 211.0], [621.0, 181.0, 680.0, 249.0], [67.0, 476.0, 177.0, 597.0], [328.0, 414.0, 430.0, 528.0], [-1.0, -1.0, -1.0, -1.0], [615.0, 458.0, 701.0, 566.0], [724.0, 371.0, 824.0, 478.0], [451.0, 487.0, 545.0, 573.0]]"
"[""the challenge is the beginning of the journey, not the end"", ""pardon me, psychopaths t'challa -- i need a plane"", ""... your highness -- gotta help me out with snoop doggy gramma --""]",[],bp_2_235_1,"[[18.0, 44.0, 181.0, 136.0], [144.0, 6.0, 330.0, 130.0], [529.0, 20.0, 694.0, 107.0]]",[],"[[15.0, 175.0, 90.0, 252.0], [201.0, 152.0, 311.0, 256.0], [417.0, 70.0, 501.0, 176.0]]"
"[""i do not fear your treachery, hunter!"", ""no treachery, erik, i vow to not interfere."", ""would all please leave--!!"", ""hey--!! watch the delicate flower of afrosiatic youth--!"", ""look, w'kabi-- he's your king, but he's my client--"", ""this is exactly my point--!"", ""boys --- oh, boyyys --""]",[],bp_2_236_0,"[[19.0, 7.0, 108.0, 71.0], [148.0, 7.0, 301.0, 55.0], [280.0, 45.0, 402.0, 93.0], [384.0, 4.0, 532.0, 71.0], [533.0, 2.0, 698.0, 57.0], [704.0, 3.0, 805.0, 54.0], [808.0, 2.0, 908.0, 43.0]]",[],"[[120.0, 58.0, 179.0, 143.0], [268.0, 98.0, 338.0, 183.0], [375.0, 93.0, 449.0, 193.0], [473.0, 81.0, 544.0, 180.0], [672.0, 64.0, 749.0, 151.0], [572.0, 68.0, 636.0, 153.0], [800.0, 65.0, 857.0, 134.0]]"
"[""--i think the meeting's over.""]",[],bp_2_236_1,"[[80.0, 21.0, 202.0, 70.0]]",[],"[[222.0, 65.0, 252.0, 93.0]]"
"[""what on earth is all that racket in the hall --?! ross--?!"", ""forget it. it's probably drums."", ""i've been in wakanda long enough to know these folks love drums."", ""go on -- take a look.""]",[],bp_2_238_3,"[[0.0, 0.0, 154.0, 62.0], [138.0, 52.0, 257.0, 99.0], [81.0, 99.0, 185.0, 177.0], [179.0, 168.0, 250.0, 211.0]]",[],"[[60.0, 221.0, 157.0, 325.0], [204.0, 289.0, 265.0, 377.0], [207.0, 290.0, 264.0, 373.0], [205.0, 286.0, 264.0, 372.0]]"
"[""which means, you should get dressed."", ""--?!?why?i'm not leaving--"", ""beloved--station yourself on the southern perimeter to prevent the fuel from freezing."", ""understood my lord.""]",['*translated from hausa.'],bp_2_240_3,"[[13.0, 4.0, 116.0, 66.0], [19.0, 95.0, 139.0, 157.0], [18.0, 311.0, 211.0, 398.0], [136.0, 403.0, 253.0, 439.0]]","[[14.0, 440.0, 109.0, 472.0]]","[[-1.0, -1.0, -1.0, -1.0], [128.0, 3.0, 268.0, 174.0], [-1.0, -1.0, -1.0, -1.0], [-1.0, -1.0, -1.0, -1.0]]"
"[""-- this plane --!""]","['1217a-6 supplemental:', 'in an obvious attempt to disorient me, subject forcibly ejected me from the transport --']",bp_2_240_4,"[[16.0, 158.0, 110.0, 208.0]]","[[20.0, 354.0, 200.0, 381.0], [27.0, 389.0, 220.0, 464.0]]","[[54.0, 253.0, 65.0, 269.0]]"
"[""that... that creep!"", ""he's got to be stopped!!"", ""hey!!you wrinkled it, you bought it, pal!!""]","['makes you wonder exactly what all those ""super"" heroes do all day.']",bp_2_241_1,"[[372.0, 157.0, 443.0, 211.0], [401.0, 205.0, 508.0, 262.0], [445.0, 289.0, 576.0, 372.0]]","[[277.0, 29.0, 470.0, 90.0]]","[[69.0, 62.0, 260.0, 251.0], [79.0, 28.0, 237.0, 244.0], [521.0, 17.0, 576.0, 101.0]]"
"[""-- you install her as your tribal \""queen\"" -- a leader you know the panther could never take up arms against --"", ""-- and she, in turn legitimizes you as chieftain--"", ""enough!""]",[],bp_2_242_3,"[[236.0, 4.0, 470.0, 99.0], [321.0, 102.0, 472.0, 170.0], [343.0, 172.0, 486.0, 244.0]]",[],"[[657.0, 51.0, 721.0, 125.0], [655.0, 50.0, 720.0, 125.0], [-1.0, -1.0, -1.0, -1.0]]"
"[""--giving you family and communty and purpose!"", ""without her-- you're nothing!"", ""you're a bald guy in a gorilla suit with a cheap hustle! a chieftain wannabe--disgraced and lost!""]",[],bp_2_242_4,"[[171.0, 111.0, 308.0, 167.0], [243.0, 174.0, 346.0, 220.0], [699.0, 160.0, 871.0, 240.0]]",[],"[[530.0, 70.0, 634.0, 192.0], [531.0, 69.0, 634.0, 190.0], [531.0, 70.0, 634.0, 190.0]]"
"[""oh, yes, t'challa -- m'baku has ferreted out the truth --"", ""the true reason you have quarantined these lands!"", ""it has nothing to do with any white gorillas or handfuls of starry-eyes cultists!"", ""it is your secret -- long buried here in the crystal forest --""]",[],bp_2_243_2,"[[217.0, 22.0, 418.0, 95.0], [342.0, 91.0, 487.0, 168.0], [483.0, 18.0, 625.0, 132.0], [618.0, 84.0, 775.0, 172.0]]",[],"[[-1.0, -1.0, -1.0, -1.0], [-1.0, -1.0, -1.0, -1.0], [-1.0, -1.0, -1.0, -1.0], [-1.0, -1.0, -1.0, -1.0]]"
"[""priority transmission from the u.s., my lord! coded presonal."", ""put ms. lynne through to my chambers, taku."", ""immediately, my lord.""]",['and you know that i know that you know'],bp_2_244_0,"[[63.0, 76.0, 212.0, 146.0], [180.0, 160.0, 302.0, 231.0], [287.0, 257.0, 393.0, 295.0]]","[[84.0, 34.0, 481.0, 73.0]]","[[-1.0, -1.0, -1.0, -1.0], [-1.0, -1.0, -1.0, -1.0], [-1.0, -1.0, -1.0, -1.0]]"
"[""--regardless of the circumstances."", ""t'challa--let's cut the bull.ross is in danger because of you.and better him than me.""]",[],bp_2_244_1,"[[31.0, 5.0, 165.0, 49.0], [218.0, 274.0, 398.0, 428.0]]",[],"[[179.0, 39.0, 314.0, 189.0], [419.0, 106.0, 542.0, 297.0]]"
"[""so, i suppose i'm calling to tell you ross has been kidnapped by someone posing as you. and you will pretend that you don't already know."", ""it is a rare pleasure to hear from you monica--""]",[],bp_2_244_2,"[[7.0, 90.0, 160.0, 289.0], [180.0, 334.0, 275.0, 431.0]]",[],"[[-1.0, -1.0, -1.0, -1.0], [53.0, 325.0, 82.0, 354.0]]"
"[""well, that was productive."", ""as with a great many americans, director henry peter gyrich can be given to excesses of emotion."", ""and secretary ross--?""]",[],bp_2_245_0,"[[354.0, 12.0, 488.0, 61.0], [254.0, 50.0, 430.0, 147.0], [412.0, 124.0, 511.0, 184.0]]",[],"[[409.0, 286.0, 454.0, 342.0], [104.0, 241.0, 202.0, 330.0], [409.0, 283.0, 454.0, 340.0]]"
"[""...yes..."", ""...yes... your father loves you..."", ""oh, for god's sake, t'challa--""]",[],bp_2_247_0,"[[551.0, 21.0, 609.0, 43.0], [573.0, 55.0, 630.0, 120.0], [517.0, 132.0, 615.0, 171.0]]",[],"[[683.0, 104.0, 784.0, 252.0], [684.0, 104.0, 784.0, 250.0], [-1.0, -1.0, -1.0, -1.0]]"
"[""so, you've seen through my deception, shaman--""]","['i\'ll assume his ""zombie vision"" told him that corpse in the boat wasn\'t me--', ""--but was one of baron macabre's animated dead guys.""]",bp_2_248_1,"[[184.0, 344.0, 346.0, 411.0]]","[[25.0, 20.0, 186.0, 77.0], [143.0, 81.0, 293.0, 125.0]]","[[-1.0, -1.0, -1.0, -1.0]]"
"[""-- everything's negotiable.my mother's death, for instance. a woman you rarely gave any thought to."", ""and your legacy... which, now that faida's dead, dwells inside this mortal shell!name your price, you doddering old fool!""]",[],bp_2_249_1,"[[3.0, 6.0, 310.0, 92.0], [174.0, 380.0, 459.0, 542.0]]",[],"[[76.0, 100.0, 179.0, 235.0], [76.0, 99.0, 182.0, 234.0]]"
"[""when?!when, you pathetic fool?"", ""t'chaka handed you the rule when you were a child!"", ""my father was murdered--butchered before my eyes..something you obviously will never understand--"", ""--any more than you'd comprehend my love for you-- and your mother--!!""]",[],bp_2_249_2,"[[3.0, 6.0, 152.0, 58.0], [43.0, 54.0, 158.0, 131.0], [160.0, 5.0, 300.0, 123.0], [116.0, 390.0, 302.0, 471.0]]",[],"[[7.0, 176.0, 74.0, 269.0], [7.0, 175.0, 72.0, 268.0], [137.0, 143.0, 201.0, 242.0], [136.0, 140.0, 199.0, 239.0]]"
"[""--?!?""]",[],bp_2_249_3,"[[167.0, 97.0, 235.0, 131.0]]",[],"[[251.0, 144.0, 303.0, 239.0]]"
"[""th-thank the all-father you've come...""]",[],bp_2_250_0,"[[73.0, 20.0, 221.0, 79.0]]",[],"[[25.0, 251.0, 161.0, 433.0]]"
"[""low profile,\"" monica?"", ""low profile...?"", ""may i present exhibit \""a\""--?"", ""can't wait to hear this one, sundance.""]",[],bp_2_251_4,"[[55.0, 3.0, 171.0, 44.0], [109.0, 38.0, 209.0, 87.0], [193.0, 7.0, 324.0, 78.0], [5.0, 375.0, 114.0, 446.0]]",[],"[[287.0, 140.0, 324.0, 175.0], [285.0, 139.0, 325.0, 174.0], [287.0, 139.0, 324.0, 173.0], [-1.0, -1.0, -1.0, -1.0]]"
"[""and just who the hell do you think you are?!"", ""heyyy!"", ""i'm a-talkin' t'yew, sundance! or is ya deaf as well as stupid?!""]",[],bp_2_252_2,"[[22.0, 339.0, 148.0, 393.0], [5.0, 3.0, 100.0, 68.0], [289.0, 94.0, 431.0, 201.0]]",[],"[[80.0, 91.0, 174.0, 146.0], [79.0, 93.0, 148.0, 139.0], [-1.0, -1.0, -1.0, -1.0]]"
"[""i got enuff of your worthless markers to build a barn, sundance!"", ""and none of 'em cover what you did with my wife."", ""wife?!whoa-- what wife?!i don't know any wife!Officer--"", ""sheriff."", ""--there must be some mistake?!"", ""four hunnert dollars, sundance.and my pride.""]",[],bp_2_253_3,"[[7.0, 4.0, 158.0, 67.0], [118.0, 54.0, 234.0, 120.0], [198.0, 0.0, 351.0, 67.0], [263.0, 72.0, 332.0, 93.0], [326.0, 74.0, 435.0, 126.0], [218.0, 390.0, 359.0, 442.0]]",[],"[[63.0, 136.0, 213.0, 281.0], [62.0, 137.0, 212.0, 278.0], [292.0, 141.0, 441.0, 305.0], [63.0, 137.0, 211.0, 278.0], [291.0, 141.0, 440.0, 304.0], [63.0, 139.0, 212.0, 278.0]]"
"[""i toldya ta never coma back here, Sundance."", ""Toldya what would happen."", ""Ya done brought this on yerself."", ""no-- wait-- i'm not sundance-- i'm ross!! just ask--""]",[],bp_2_253_5,"[[28.0, 3.0, 158.0, 58.0], [160.0, 30.0, 249.0, 77.0], [89.0, 78.0, 193.0, 133.0], [175.0, 108.0, 303.0, 188.0]]",[],"[[30.0, 192.0, 272.0, 435.0], [27.0, 190.0, 269.0, 433.0], [29.0, 192.0, 269.0, 433.0], [-1.0, -1.0, -1.0, -1.0]]"
"[""shut the hell up, sundance."", ""i'm not sundance -- he's --"", ""i hafta tell ya a'gin, i start bouncin' ya off them walls. now, hush, varmint --""]",[],bp_2_255_2,"[[129.0, 8.0, 242.0, 38.0], [114.0, 47.0, 208.0, 97.0], [100.0, 202.0, 223.0, 320.0]]",[],"[[245.0, 46.0, 382.0, 220.0], [24.0, 38.0, 110.0, 135.0], [244.0, 47.0, 382.0, 221.0]]"
"[""c'mon, oxford -- ya run like a girl."", ""sorry.it's my first jail break!i suppose i should ask why you're doing this...?""]",[],bp_2_256_1,"[[215.0, 25.0, 305.0, 93.0], [109.0, 314.0, 259.0, 432.0]]",[],"[[361.0, 41.0, 418.0, 99.0], [200.0, 121.0, 235.0, 160.0]]"
"[""--but are illusory! human facades covering alien or perhaps eldritch reality!"", ""you have not answered my question. who are you?""]",[],bp_2_257_3,"[[7.0, 4.0, 157.0, 88.0], [33.0, 344.0, 174.0, 448.0]]",[],"[[-1.0, -1.0, -1.0, -1.0], [141.0, 71.0, 319.0, 347.0]]"
"[""say you that you are a telepath?"", ""I am!"", ""i pray thee therefore, o king-- listen to my thoughts..."", ""... that thou wouldst know mine heart is pure...""]",[],bp_2_258_1,"[[194.0, 16.0, 327.0, 82.0], [262.0, 75.0, 333.0, 115.0], [157.0, 98.0, 321.0, 167.0], [159.0, 165.0, 310.0, 267.0]]",[],"[[3.0, 3.0, 153.0, 442.0], [348.0, 134.0, 481.0, 380.0], [3.0, 1.0, 155.0, 441.0], [0.0, 0.0, 151.0, 440.0]]"
"[""what the sam elliot is taking him so long?!"", ""i figured somebody'd be flung through a window by now."", ""i mean it's not like they're gonna let a jamaican cleavon little join their little lynch party -- eh -- ?!""]",[],bp_2_258_4,"[[27.0, 6.0, 154.0, 52.0], [137.0, 36.0, 301.0, 107.0], [139.0, 99.0, 307.0, 210.0]]",[],"[[299.0, 218.0, 408.0, 315.0], [298.0, 218.0, 403.0, 322.0], [297.0, 217.0, 402.0, 322.0]]"
"[""we don't have any \""purpose\"" here, t'challa."", ""you are certain of this, yes?"", ""i'm certain that dope's gonna spit in my eggs."", ""t'challa...""]",[],bp_2_259_3,"[[81.0, 2.0, 253.0, 60.0], [94.0, 51.0, 193.0, 109.0], [114.0, 112.0, 225.0, 175.0], [138.0, 180.0, 224.0, 208.0]]",[],"[[68.0, 194.0, 102.0, 224.0], [17.0, 176.0, 43.0, 205.0], [68.0, 194.0, 101.0, 224.0], [67.0, 193.0, 100.0, 225.0]]"
"[""--thor!!"", ""thank god--thank the gode-- you're here!!"", ""the avengers send you to rescue us?""]",[],bp_2_261_0,"[[16.0, 1.0, 99.0, 23.0], [39.0, 31.0, 177.0, 88.0], [10.0, 79.0, 105.0, 168.0]]",[],"[[66.0, 190.0, 155.0, 282.0], [67.0, 189.0, 155.0, 281.0], [64.0, 190.0, 155.0, 281.0]]"
"[""i'm afraid i must ask you gentlemen to leave immediately."", ""oh. well, then. long as you asked."", ""like i done \""asked\"" for your money, boy."", ""and mebbe i'll take them fancy shoes and gold watch while i'm at it--""]",[],bp_2_261_1,"[[80.0, 3.0, 280.0, 54.0], [38.0, 41.0, 148.0, 93.0], [122.0, 94.0, 221.0, 158.0], [23.0, 136.0, 158.0, 224.0]]",[],"[[176.0, 294.0, 221.0, 355.0], [89.0, 241.0, 160.0, 341.0], [90.0, 240.0, 161.0, 338.0], [90.0, 240.0, 159.0, 339.0]]"
"[""train's more'n two hours late--""]","[""the town of buzzard gulch wasn't far away."", 'maybre an hour by car, six by slow-moving stinky pack animal.', 'we figured loki would go for the train-']",bp_2_264_2,"[[301.0, 219.0, 386.0, 295.0]]","[[196.0, 69.0, 339.0, 121.0], [250.0, 126.0, 421.0, 184.0], [301.0, 375.0, 424.0, 436.0]]","[[-1.0, -1.0, -1.0, -1.0]]"
"[""sundance--you were instructed to go to alberdene--"", ""-- to give that claim check to a man on a white horese."", ""why are you still here...?""]",[],bp_2_265_1,"[[219.0, 17.0, 390.0, 64.0], [315.0, 65.0, 437.0, 147.0], [315.0, 148.0, 412.0, 196.0]]",[],"[[107.0, 48.0, 181.0, 143.0], [107.0, 48.0, 180.0, 142.0], [107.0, 48.0, 179.0, 141.0]]"
"[""--as i demonstrate thusly--"", ""hey-- that's an open wound mister!!""]",[],bp_2_265_3,"[[30.0, 13.0, 131.0, 77.0], [114.0, 52.0, 213.0, 124.0]]",[],"[[-1.0, -1.0, -1.0, -1.0], [256.0, 22.0, 387.0, 244.0]]"
"[""and thus, with a heavy heart, i end the illusion of mortality -- to die as i have ever lived --""]",[],bp_2_266_0,"[[20.0, 6.0, 173.0, 126.0]]",[],"[[198.0, 133.0, 242.0, 163.0]]"
"[""--buzzard gulch-- noon. and here we be."", ""the story thus far\""? beg pardon--?"", ""still no sign of the blasted train... ...maybe the whole deal's a ruse!""]",[],bp_2_266_4,"[[33.0, 3.0, 241.0, 67.0], [141.0, 197.0, 272.0, 261.0], [287.0, 300.0, 434.0, 426.0]]",[],"[[2.0, 214.0, 91.0, 330.0], [97.0, 86.0, 171.0, 159.0], [274.0, 38.0, 380.0, 150.0]]"
"[""--the trickster god obviously intends to kill us all."", ""without idunn's apples, the gods fall into the death sleep."", ""i must return to asgard to face my end.""]",[],bp_2_266_5,"[[18.0, 5.0, 171.0, 56.0], [176.0, 5.0, 314.0, 73.0], [318.0, 5.0, 405.0, 82.0]]",[],"[[3.0, 77.0, 383.0, 431.0], [4.0, 77.0, 382.0, 430.0], [4.0, 77.0, 382.0, 429.0]]"
"[""hell, then, scruggs."", ""do ya job.""]",[],bp_2_272_1,"[[401.0, 23.0, 486.0, 64.0], [421.0, 71.0, 482.0, 115.0]]",[],"[[577.0, 57.0, 661.0, 162.0], [575.0, 55.0, 661.0, 160.0]]"
"[""... aw, geez ...""]",[],bp_2_273_1,"[[355.0, 194.0, 432.0, 256.0]]",[],"[[5.0, 6.0, 233.0, 186.0]]"
"[""they got dre, scruggs -- think his vest caught the slugs --!"", ""he's out -- now, before je reloads!!""]",[],bp_2_274_1,"[[262.0, 8.0, 447.0, 60.0], [450.0, 8.0, 580.0, 74.0]]",[],"[[136.0, 45.0, 283.0, 182.0], [357.0, 106.0, 467.0, 212.0]]"
"[""...dammit..."", ""...freaking maniac..."", ""i am new to your lands."", ""your ways are alien to me--""]",[],bp_2_275_0,"[[212.0, 43.0, 302.0, 66.0], [245.0, 73.0, 326.0, 109.0], [205.0, 191.0, 300.0, 239.0], [259.0, 246.0, 339.0, 293.0]]",[],"[[623.0, 111.0, 738.0, 230.0], [624.0, 111.0, 737.0, 230.0], [-1.0, -1.0, -1.0, -1.0], [-1.0, -1.0, -1.0, -1.0]]"
"[""anything-- any--""]","['--you look so small..', ""you all do.. when you're begging for your life."", ""lucky you're worth more to me alive than dead.""]",bp_2_276_0,"[[675.0, 135.0, 793.0, 197.0]]","[[35.0, 29.0, 128.0, 71.0], [53.0, 63.0, 176.0, 127.0], [737.0, 22.0, 876.0, 76.0]]","[[550.0, 4.0, 686.0, 139.0]]"
"[""...please..."", ""please, man...""]",[],bp_2_277_0,"[[561.0, 94.0, 669.0, 128.0], [626.0, 128.0, 721.0, 170.0]]",[],"[[531.0, 206.0, 572.0, 248.0], [533.0, 203.0, 570.0, 242.0]]"
"[""aw, no, man-- don't--!""]",[],bp_2_277_4,"[[365.0, 188.0, 445.0, 237.0]]",[],"[[-1.0, -1.0, -1.0, -1.0]]"
"[""we will have an understanding between us."", ""speak of it to no man...""]","['show. time.', 'remember the accent.']",bp_2_278_2,"[[369.0, 9.0, 494.0, 55.0], [410.0, 60.0, 501.0, 107.0]]","[[28.0, 23.0, 122.0, 53.0], [63.0, 76.0, 168.0, 118.0]]","[[226.0, 91.0, 347.0, 190.0], [226.0, 91.0, 346.0, 188.0]]"
"[""kevin, dear-- please do something about her...""]","['these people have no lives.', 'they never leave the house.', 'judge judy and springer are their entire world...']",bp_2_280_1,"[[422.0, 189.0, 602.0, 241.0]]","[[32.0, 17.0, 149.0, 65.0], [45.0, 81.0, 179.0, 130.0], [589.0, 24.0, 743.0, 84.0]]","[[251.0, 64.0, 280.0, 95.0]]"
"[""and..?"", ""and what?"", ""and so you'll pay the light bill, right? you won't leave your mother and your pregnant girlfriend stranded in the dark, right?""]","[""take the tv out of this relationship, and it's just murder...""]",bp_2_280_2,"[[129.0, 109.0, 212.0, 143.0], [403.0, 22.0, 477.0, 71.0], [392.0, 87.0, 549.0, 240.0]]","[[25.0, 37.0, 176.0, 89.0]]","[[227.0, 22.0, 312.0, 89.0], [-1.0, -1.0, -1.0, -1.0], [227.0, 21.0, 307.0, 83.0]]"
"[""it's not good, kevin."", ""yeah-- i know-- the lights--"", ""no. gwen. she's very upset. which means i catch all the hell, understand?""]",[],bp_2_280_3,"[[120.0, 8.0, 206.0, 69.0], [394.0, 4.0, 509.0, 61.0], [387.0, 104.0, 556.0, 213.0]]",[],"[[217.0, 16.0, 373.0, 153.0], [-1.0, -1.0, -1.0, -1.0], [222.0, 21.0, 367.0, 148.0]]"
"[""who are you?""]","['--ambushed on a routine drug bust.', 'somebody made the call. somebody inside the house.', 'somebody with a badge...']",bp_2_281_1,"[[294.0, 190.0, 378.0, 244.0]]","[[29.0, 26.0, 203.0, 71.0], [80.0, 76.0, 243.0, 126.0], [143.0, 160.0, 276.0, 206.0]]","[[395.0, 32.0, 422.0, 61.0]]"
"[""black jack took risks, kasper... ... your father."", ""look where it got him."", ""kevin -- i distinctly asked for penne --"", ""fine, ma, i'll go get it.""]",[],bp_2_281_3,"[[43.0, 4.0, 161.0, 107.0], [274.0, 25.0, 386.0, 88.0], [679.0, 21.0, 826.0, 82.0], [722.0, 86.0, 813.0, 140.0]]",[],"[[205.0, 61.0, 234.0, 101.0], [209.0, 65.0, 235.0, 101.0], [582.0, 46.0, 598.0, 74.0], [493.0, 33.0, 516.0, 59.0]]"
"[""santa claus, stranger. what of it?"", ""i know your name, officer kevin \""kasper\"" cole"", ""-- what i want to know is who you are --""]",[],bp_2_282_3,"[[314.0, 5.0, 446.0, 59.0], [329.0, 62.0, 461.0, 132.0], [717.0, 2.0, 846.0, 82.0]]",[],"[[3.0, 6.0, 311.0, 241.0], [468.0, 3.0, 680.0, 242.0], [469.0, 4.0, 678.0, 239.0]]"
"[""--and what maked you think yourself worthy of the habit of a king."", ""got a lot of habits.maybe be more specific..."", ""habit officer.as in raiment--clothing--"", ""a certain panther fetish?""]",[],bp_2_282_4,"[[223.0, 5.0, 376.0, 71.0], [183.0, 83.0, 291.0, 137.0], [288.0, 108.0, 400.0, 180.0], [377.0, 165.0, 463.0, 218.0]]",[],"[[520.0, 5.0, 911.0, 229.0], [-1.0, -1.0, -1.0, -1.0], [522.0, 6.0, 909.0, 228.0], [521.0, 6.0, 908.0, 226.0]]"
"[""bull.i was careful--"", ""you underestimate my powers, officer--""]",['all right... who is this guy? feds? internal affairs?'],bp_2_283_2,"[[540.0, 4.0, 637.0, 65.0], [588.0, 64.0, 724.0, 134.0]]","[[24.0, 17.0, 178.0, 75.0]]","[[270.0, 5.0, 452.0, 187.0], [-1.0, -1.0, -1.0, -1.0]]"
"[""hear there was some drama with dre and them."", ""some dude dressed like a kitty."", ""Tork--""]",[],bp_2_284_0,"[[135.0, 19.0, 248.0, 104.0], [178.0, 106.0, 302.0, 163.0], [362.0, 125.0, 429.0, 181.0]]",[],"[[156.0, 178.0, 177.0, 213.0], [154.0, 179.0, 179.0, 215.0], [319.0, 174.0, 347.0, 206.0]]"
"[""gimme the suit, kasper-- trust me-- you don't want none of this."", ""gimme the suit."", ""i need it, man-- just for a few days--"", ""man, you trippin.""]",[],bp_2_285_2,"[[90.0, 98.0, 232.0, 178.0], [169.0, 8.0, 247.0, 48.0], [171.0, 48.0, 247.0, 96.0], [174.0, 183.0, 258.0, 253.0]]",[],"[[547.0, 49.0, 654.0, 195.0], [548.0, 49.0, 655.0, 194.0], [366.0, 88.0, 438.0, 208.0], [366.0, 88.0, 439.0, 208.0]]"
"[""they're untouchable -- protected at the highest levels."", ""and here you go, rookie of the year, with his meow suit, kicking them in  the shin."", ""kasper -- if they find out you're the guy in ther panther suit, they'll kill your mother.they'll kill gwen.""]",[],bp_2_286_2,"[[460.0, 39.0, 600.0, 121.0], [582.0, 97.0, 700.0, 204.0], [697.0, 34.0, 851.0, 180.0]]",[],"[[-1.0, -1.0, -1.0, -1.0], [-1.0, -1.0, -1.0, -1.0], [-1.0, -1.0, -1.0, -1.0]]"
"[""...bad dog""]",[],bp_2_292_4,"[[21.0, 119.0, 124.0, 161.0]]",[],"[[-1.0, -1.0, -1.0, -1.0]]"
"[""god, what mutts these dirtbags are--""]","[""...so easy if you'd only left me alone last week...""]",bp_2_293_2,"[[755.0, 59.0, 882.0, 128.0]]","[[29.0, 29.0, 183.0, 78.0]]","[[-1.0, -1.0, -1.0, -1.0]]"
"[""why was he talking to me?"", ""why would he ever talk to me?"", ""you'll make a fine detective, kasper. a good cop."", ""hey-- you and tork are going over by pitkin, right? my wife's clock is ready at the watch store on euclid.""]",[],bp_2_293_3,"[[72.0, 18.0, 189.0, 53.0], [144.0, 62.0, 238.0, 112.0], [164.0, 231.0, 268.0, 305.0], [128.0, 312.0, 308.0, 387.0]]",[],"[[8.0, 4.0, 136.0, 387.0], [6.0, 3.0, 136.0, 385.0], [247.0, 3.0, 372.0, 145.0], [247.0, 3.0, 370.0, 144.0]]"
"[""--you, detective scruggs, are a police officer, sworn to protect the innocent--"", ""--but they prey upon the-- sacrifice your very soul--"", ""--for this."", ""for worthless paper.""]",[],bp_2_298_2,"[[104.0, 4.0, 263.0, 91.0], [101.0, 85.0, 245.0, 184.0], [665.0, 76.0, 741.0, 127.0], [665.0, 127.0, 761.0, 196.0]]",[],"[[276.0, 8.0, 517.0, 324.0], [275.0, 4.0, 540.0, 319.0], [278.0, 4.0, 522.0, 315.0], [279.0, 5.0, 529.0, 297.0]]"
"[""bernie scruggs."", ""your operative in the 74th precinct."", ""66 bridges pays him a license fee to operate in south brooklyn.you do remember...""]",[],bp_2_298_3,"[[259.0, 253.0, 351.0, 293.0], [249.0, 296.0, 354.0, 355.0], [254.0, 359.0, 418.0, 437.0]]",[],"[[378.0, 10.0, 424.0, 225.0], [378.0, 10.0, 425.0, 223.0], [379.0, 10.0, 425.0, 224.0]]"
"[""--how merciful of you, officer cole. riot-control ordinance is rather expensive, though--"", ""--for a man on a limited budget."", ""i'd ask how you got in here, hunter--""]",[],bp_2_299_2,"[[4.0, 4.0, 258.0, 100.0], [43.0, 437.0, 177.0, 524.0], [6.0, 526.0, 139.0, 609.0]]",[],"[[59.0, 67.0, 252.0, 274.0], [57.0, 63.0, 253.0, 275.0], [-1.0, -1.0, -1.0, -1.0]]"
"[""--of a dead king."", ""and i've already offered to give the black panther costume back to you--"", ""--in two days-- yes. when you'll no longer need it. when your suspension has ended. in the alley outside your bedroom--""]",[],bp_2_299_4,"[[32.0, 5.0, 132.0, 40.0], [111.0, 15.0, 250.0, 103.0], [5.0, 88.0, 172.0, 249.0]]",[],"[[166.0, 5.0, 317.0, 418.0], [-1.0, -1.0, -1.0, -1.0], [165.0, 7.0, 317.0, 418.0]]"
"[""i'm serious, hunter."", ""i know. it's why he chose you.""]",[],bp_2_300_2,"[[235.0, 11.0, 324.0, 69.0], [218.0, 89.0, 322.0, 170.0]]",[],"[[337.0, 100.0, 445.0, 191.0], [101.0, 56.0, 157.0, 126.0]]"
"[""yeah."", ""yeah, you mothers."", ""let's go.""]",[],bp_2_301_0,"[[274.0, 28.0, 316.0, 48.0], [281.0, 58.0, 360.0, 93.0], [597.0, 391.0, 669.0, 412.0]]",[],"[[431.0, 43.0, 501.0, 115.0], [430.0, 42.0, 501.0, 113.0], [682.0, 152.0, 904.0, 416.0]]"
"[""the closet --!""]","[""all i've got is a bulletproof costume i stole from my sergeant's apartment...""]",bp_2_301_4,"[[100.0, 15.0, 194.0, 64.0]]","[[187.0, 347.0, 406.0, 406.0]]","[[23.0, 94.0, 95.0, 174.0]]"
"[""--he keeps it in a kitchen drawer with hes keys."", ""this man who is causing you so much grief--"", ""--shall i kill him for you, officer cole--?""]",[],bp_2_305_0,"[[264.0, 5.0, 417.0, 51.0], [393.0, 46.0, 494.0, 110.0], [410.0, 117.0, 498.0, 181.0]]",[],"[[304.0, 160.0, 357.0, 231.0], [304.0, 160.0, 355.0, 230.0], [303.0, 162.0, 355.0, 230.0]]"
"[""--that's his dog, margie--"", ""-spell it backwards for his home security code.""]",[],bp_2_306_1,"[[77.0, 31.0, 171.0, 89.0], [121.0, 81.0, 274.0, 160.0]]",[],"[[-1.0, -1.0, -1.0, -1.0], [-1.0, -1.0, -1.0, -1.0]]"
"[""-- none can stand against him."", ""yeah, and none of this is legal, hunter-- it'll never stand up in court."", ""matters of law are ephemeral. justice is universal."", ""and murder--?""]",[],bp_2_307_2,"[[361.0, 2.0, 450.0, 69.0], [311.0, 64.0, 417.0, 176.0], [338.0, 181.0, 452.0, 261.0], [337.0, 262.0, 435.0, 301.0]]",[],"[[-1.0, -1.0, -1.0, -1.0], [4.0, 4.0, 312.0, 356.0], [-1.0, -1.0, -1.0, -1.0], [6.0, 6.0, 313.0, 356.0]]"
"[""then come to terms with who the black pather is."", ""the panther studies his prey. and waits.such that, when the panther strikes --""]",[],bp_2_307_3,"[[2.0, 11.0, 132.0, 92.0], [305.0, 11.0, 432.0, 154.0]]",[],"[[120.0, 10.0, 306.0, 265.0], [120.0, 11.0, 307.0, 262.0]]"
"[""--which only leaves about a hundred other details to this mess i gotta clean up. understood. i'll send the envelope through sandy. our friends appreciate your help on this. okay. g'nite, your honor.""]",[],bp_2_311_5,"[[3.0, 2.0, 205.0, 217.0]]",[],"[[91.0, 220.0, 128.0, 269.0]]"
"[""did he? or did his lieutenant try to work him a little-- setting him up to run some nonsense errand?"", ""kasper's been in narcotics long enough to recognize a hype when he sees one.""]",[],bp_2_312_3,"[[4.0, 4.0, 298.0, 60.0], [13.0, 57.0, 221.0, 139.0]]",[],"[[60.0, 143.0, 288.0, 367.0], [61.0, 143.0, 288.0, 367.0]]"
"[""kasper--?!"", ""do they want us?"", ""i dunno, grace... let me see what's goin'--""]",[],bp_2_314_0,"[[129.0, 27.0, 228.0, 49.0], [209.0, 46.0, 288.0, 91.0], [701.0, 28.0, 813.0, 90.0]]",[],"[[355.0, 94.0, 388.0, 143.0], [355.0, 94.0, 388.0, 142.0], [520.0, 32.0, 568.0, 84.0]]"
"[""actually, it is. my guess though, is that you're not after us so much as you're afther him-- sal anthony.""]",[],bp_2_317_0,"[[68.0, 279.0, 215.0, 463.0]]",[],"[[-1.0, -1.0, -1.0, -1.0]]"
"[""sal seems to think you've got some kinda case about alluva-sudden."", ""wants us to do this and that... then he shakes us down for 85 large when his boy skip asked for less than half that."", ""now i come in and find a panther at my desk.""]",[],bp_2_317_2,"[[4.0, 3.0, 108.0, 122.0], [188.0, 3.0, 394.0, 91.0], [402.0, 18.0, 528.0, 108.0]]",[],"[[134.0, 30.0, 162.0, 67.0], [134.0, 31.0, 168.0, 70.0], [135.0, 28.0, 167.0, 67.0]]"
"[""thought you might like some coffe.""]","['internal affairs. the rat squad.', 'never seen him before. but he wears it.']",bp_2_318_2,"[[300.0, 59.0, 375.0, 121.0]]","[[253.0, 338.0, 374.0, 376.0], [303.0, 366.0, 429.0, 417.0]]","[[393.0, 84.0, 487.0, 221.0]]"
"[""so long as it is the right choice. not like lew. never like lew.""]",[],bp_2_321_2,"[[158.0, 20.0, 247.0, 177.0]]",[],"[[44.0, 209.0, 210.0, 410.0]]"
"[""i am a child, now. you prtect an old man-- tell him lies and half-truths."", ""Pop--"", ""street cop for 20 years, boy.""]",[],bp_2_321_3,"[[26.0, 3.0, 257.0, 69.0], [33.0, 342.0, 96.0, 379.0], [76.0, 380.0, 168.0, 450.0]]",[],"[[8.0, 50.0, 195.0, 273.0], [-1.0, -1.0, -1.0, -1.0], [9.0, 49.0, 197.0, 270.0]]"
"[""gasp!"", ""mother! look at what is happening in dakenia!""]",[],bp_2_325_3,"[[299.0, 50.0, 378.0, 81.0], [278.0, 92.0, 392.0, 156.0]]",[],"[[-1.0, -1.0, -1.0, -1.0], [-1.0, -1.0, -1.0, -1.0]]"
"[""dump 'em in the river."", ""don't get in with this guy, kasper."", ""and hello-- you are not the black panther."", ""too ugly and too broke.""]",[],bp_2_328_2,"[[11.0, 23.0, 89.0, 72.0], [98.0, 31.0, 219.0, 78.0], [82.0, 86.0, 206.0, 135.0], [112.0, 143.0, 213.0, 195.0]]",[],"[[-1.0, -1.0, -1.0, -1.0], [-1.0, -1.0, -1.0, -1.0], [-1.0, -1.0, -1.0, -1.0], [-1.0, -1.0, -1.0, -1.0]]"
"[""i get a loyal worker bee here in the states while i rebuild my province in wakanda.""]",[],bp_2_331_2,"[[290.0, 51.0, 451.0, 135.0]]",[],"[[24.0, 63.0, 234.0, 240.0]]"
"[""kasper...seriously...... think you could stop hurling anytime soon...?"", ""who sent you?"", ""a friend.someone who knows you two are in way over your heads.""]",[],bp_2_333_0,"[[19.0, 5.0, 157.0, 110.0], [19.0, 114.0, 74.0, 168.0], [186.0, 517.0, 336.0, 628.0]]",[],"[[147.0, 95.0, 232.0, 208.0], [61.0, 214.0, 169.0, 361.0], [266.0, 178.0, 367.0, 330.0]]"
"[""so what better way to skip the kid out of town than to flush down the supply route between here and chi-town."", ""using panther's wakandan central net to hack into dea files, we got a list of safe houseslook for one that most recently had the utilities turned on.""]",[],bp_2_333_1,"[[6.0, 4.0, 157.0, 116.0], [13.0, 369.0, 225.0, 549.0]]",[],"[[24.0, 154.0, 218.0, 330.0], [24.0, 154.0, 218.0, 330.0]]"
"[""66 bridges originated in chicago, growing out of a gandowned record company."", ""new york supplies their friends in chicago--""]",[],bp_2_333_2,"[[26.0, 333.0, 220.0, 415.0], [122.0, 417.0, 239.0, 488.0]]",[],"[[19.0, 26.0, 216.0, 303.0], [20.0, 26.0, 213.0, 301.0]]"
"[""gosh, julie!grownups sure do get tired out pretty easily, don't they?""]",['the end'],3002_33_8,"[[58.0, 29.0, 552.0, 156.0]]","[[585.0, 451.0, 666.0, 520.0]]","[[92.0, 170.0, 210.0, 288.0]]"
"[""and then ...""]",[],3020_18_1,"[[26.0, 2.0, 245.0, 50.0]]",[],"[[-1.0, -1.0, -1.0, -1.0]]"
"[""cause the sun's awful strong today! but now that ya're down there, there ' s no chance of ya gettin' sunburned!""]",[],3020_29_4,"[[6.0, 0.0, 304.0, 125.0]]",[],"[[129.0, 142.0, 249.0, 258.0]]"
"[""it's a good thing i smuggled this trowel in with me! it sure chips away this cement!""]",[],3033_12_2,"[[4.0, 0.0, 226.0, 129.0]]",[],"[[216.0, 4.0, 412.0, 175.0]]"
"[""I love her! and before many days, she'll love me too...""]","[""even though the professor introduced me as though i were a piece of furniture, even though i didn't eat with them no one could keep the strong feeling from entering my heart""]",3036_13_0,"[[9.0, 106.0, 315.0, 255.0]]","[[14.0, 2.0, 666.0, 113.0]]","[[393.0, 144.0, 621.0, 377.0]]"
"[""gee this is good ice cream!"", ""yeah but it's so drinky don' even feel like i've had any!""]",[],3037_25_1,"[[158.0, 6.0, 514.0, 140.0], [482.0, 0.0, 921.0, 165.0]]",[],"[[215.0, 182.0, 486.0, 438.0], [643.0, 163.0, 838.0, 368.0]]"
"[""you don't know what it has meant to me to have your help - and what it means to think i know a girl like you. i'd really been dreading moving here - but not anymore. i'm looking forward to it now."", ""you're going to be living here?oh, i'm so glad!""]",['one day larry asked me to have dinner with him'],3038_14_6,"[[7.0, 49.0, 392.0, 199.0], [372.0, 44.0, 541.0, 170.0]]","[[75.0, 16.0, 554.0, 52.0]]","[[48.0, 197.0, 146.0, 319.0], [370.0, 217.0, 474.0, 326.0]]"
"[""blithering dolts! this is not galahad!lash that varlet to death!"", ""what...but we thought...""]",[],3040_17_0,"[[369.0, 2.0, 635.0, 113.0], [213.0, 116.0, 465.0, 207.0]]",[],"[[505.0, 111.0, 556.0, 168.0], [168.0, 231.0, 233.0, 328.0]]"
"[""ah air!""]","['using spoons, the trio dug out to freedom!']",3043_64_3,"[[18.0, 50.0, 82.0, 113.0]]","[[0.0, 2.0, 271.0, 58.0]]","[[144.0, 92.0, 187.0, 131.0]]"
"[""resist not fools! 'tis omnipotent <BACKCHANNEL scary dee!>"", ""wahoo!"", ""have merci-fulness ."", ""scary dee!""]",['a moment later...'],3045_20_3,"[[0.0, 96.0, 232.0, 181.0], [215.0, 158.0, 345.0, 218.0], [79.0, 573.0, 219.0, 661.0], [223.0, 645.0, 317.0, 718.0]]","[[217.0, 75.0, 356.0, 151.0]]","[[67.0, 305.0, 108.0, 349.0], [170.0, 268.0, 194.0, 293.0], [48.0, 424.0, 106.0, 483.0], [302.0, 539.0, 346.0, 601.0]]"
"[""they weren't expecting that from a battered crate!""]",['he out-maneuvers the nazis...'],3045_36_2,"[[225.0, 91.0, 390.0, 257.0]]","[[17.0, 9.0, 390.0, 41.0]]","[[162.0, 200.0, 195.0, 226.0]]"
"[""n, when i was in the ring, i used to be hic a holy terror an'..."", ""hey pop! c'mere a second!""]",[],3049_43_6,"[[50.0, 22.0, 303.0, 96.0], [310.0, 30.0, 444.0, 106.0]]",[],"[[181.0, 112.0, 210.0, 141.0], [360.0, 114.0, 440.0, 242.0]]"
"[""oops .... sorry mister ..""]",[],3050_30_1,"[[42.0, 22.0, 219.0, 95.0]]",[],"[[204.0, 72.0, 270.0, 154.0]]"
"[""let's try snoop mcgook he's the best detective in town, besides being the only one!""]",[],3060_27_2,"[[8.0, 0.0, 148.0, 118.0]]",[],"[[66.0, 138.0, 110.0, 212.0]]"
"[""haw haw! that pokeyoakey's a riot!"", ""tee hee! i like suzie the best!""]",[],3062_8_3,"[[81.0, 26.0, 252.0, 92.0], [191.0, 45.0, 294.0, 136.0]]",[],"[[84.0, 149.0, 136.0, 206.0], [233.0, 170.0, 289.0, 244.0]]"
"[""just the boys i'm looking for. if there is anything i hate it's to see little boys go hungry!""]",[],3063_58_8,"[[6.0, 21.0, 242.0, 127.0]]",[],"[[51.0, 139.0, 145.0, 251.0]]"
"[""and you too, little man!always glad to have children visit my laboratory! tch-tch! you resemble your father..."", ""hey elmo you better put on your glasses! that is the fire plug!""]",[],3079_4_2,"[[7.0, 42.0, 299.0, 202.0], [179.0, 112.0, 336.0, 262.0]]",[],"[[124.0, 404.0, 213.0, 498.0], [247.0, 269.0, 335.0, 355.0]]"
"[""say, old man! where is this valley of were-wolves that everyone fears so much?"", ""it is there beyond the forest. the evil creatures lurk in the trees ready to pounce upon anyone who travels in the shadows""]",[],307_19_6,"[[2.0, 1.0, 118.0, 86.0], [119.0, 3.0, 301.0, 77.0]]",[],"[[-1.0, -1.0, -1.0, -1.0], [-1.0, -1.0, -1.0, -1.0]]"
"[""i'm sorry you had to find out about it this way! we're going to arrest your brother!"", ""he's no good! he never was! all right! let him be punished! you'd better go to his house first! i'll wait here for your call!""]",[],3085_33_0,"[[1.0, 24.0, 123.0, 196.0], [85.0, 23.0, 271.0, 233.0]]",[],"[[2.0, 293.0, 98.0, 449.0], [143.0, 291.0, 244.0, 453.0]]"
"[""peter! what's the matter? you seem so nervous today!"", ""nothing's wrong!i just want to be alone with you\tfor a while!"", ""taxi!!""]","['Peter had ten days left and berore the next five days had passed i knew without a doubt he was the one for me, but i had no indication that peter felt the same way until ...""']",3093_35_0,"[[230.0, 11.0, 482.0, 133.0], [506.0, 12.0, 794.0, 141.0], [889.0, 0.0, 1033.0, 65.0]]","[[0.0, 22.0, 150.0, 520.0]]","[[444.0, 155.0, 590.0, 314.0], [786.0, 58.0, 870.0, 254.0], [797.0, 72.0, 931.0, 247.0]]"
"[""this calls for a celebration. let's all go out to dinner in honor of miss meriwether. i won't take no for an answer.""]",[],3093_70_1,"[[48.0, 0.0, 524.0, 152.0]]",[],"[[77.0, 159.0, 154.0, 266.0]]"
"[""ugh!""]",['bang bang'],3103_26_3,"[[376.0, 14.0, 542.0, 139.0]]","[[106.0, 129.0, 294.0, 268.0]]","[[478.0, 287.0, 543.0, 346.0]]"
"[""aaaieee! ohhh that face!""]",[],3110_4_5,"[[2.0, 28.0, 155.0, 136.0]]",[],"[[7.0, 66.0, 286.0, 440.0]]"
"[""ohh falling!a pit on the trail that was nev here before! knew i shou have been more careful! too late now...""]",['in her answer kolah does what tamk has hoped for grows momentarily careless ...'],3127_13_5,"[[99.0, 50.0, 351.0, 158.0]]","[[1.0, 0.0, 351.0, 59.0]]","[[206.0, 180.0, 267.0, 226.0]]"
"[""i finally beat ya, ya stupid dutchman! now you got to lemme go! ya promised!"", ""sure, joe! i promised, ya!""]",[],3128_8_2,"[[13.0, 5.0, 276.0, 122.0], [294.0, 4.0, 496.0, 74.0]]",[],"[[116.0, 155.0, 229.0, 262.0], [-1.0, -1.0, -1.0, -1.0]]"
"[""c-corpses! this is where rodger works! ohh-i'm afraid!""]",[],3133_20_3,"[[19.0, 50.0, 481.0, 194.0]]",[],"[[359.0, 451.0, 389.0, 488.0]]"
"[""tsk-tsk!harry monro was such a clever criminal! he kept his own identity carefully hidden!and he went to such pains to eliminate wagging tongues...""]",[],3141_36_2,"[[49.0, 4.0, 868.0, 199.0]]",[],"[[404.0, 256.0, 547.0, 371.0]]"
"[""work ... is!""]",[],3153_31_4,"[[0.0, 0.0, 77.0, 56.0]]",[],"[[-1.0, -1.0, -1.0, -1.0]]"
"[""when casey goes sailin' home again hooray hooray!we'll give 'im a hearty send-off then...hooray, hooray!""]","['two hours later, ""caseys grenadiers"" came marching home!']",3155_15_5,"[[18.0, 53.0, 364.0, 147.0]]","[[0.0, 1.0, 388.0, 53.0]]","[[227.0, 281.0, 243.0, 294.0]]"
"[""wha ...?the corpses that ecount used in the old dummies have vanished! how could they?where did they go?""]","['soon, back at the studio in the mausoleum...']",3162_14_6,"[[0.0, 36.0, 262.0, 144.0]]","[[0.0, 0.0, 249.0, 42.0]]","[[41.0, 152.0, 231.0, 372.0]]"
"[""a shadow! ...a horrible thing that looked like satan reaching for me--and then the sound of dreadful laughter coming from somewhere!"", ""i heard the laughter too... it was fiendish!""]",[],3169_11_5,"[[0.0, 0.0, 288.0, 107.0], [121.0, 95.0, 291.0, 187.0]]",[],"[[98.0, 259.0, 124.0, 285.0], [152.0, 203.0, 174.0, 225.0]]"
"[""poor beggar, am i? for this ricco must pay with his life!""]",[],3178_27_3,"[[6.0, 9.0, 292.0, 85.0]]",[],"[[15.0, 175.0, 275.0, 431.0]]"
"[""put that gun down mister ... it's no good now, anyway!""]",[],3183_4_2,"[[4.0, 22.0, 289.0, 114.0]]",[],"[[268.0, 104.0, 337.0, 154.0]]"
"[""what is it, miss tilbury? you look worried!"", ""it's from my cousin roland ... he's in desperate trouble and wants me to meet him at the roxy inn!""]",[],3184_2_2,"[[0.0, 9.0, 217.0, 129.0], [206.0, 14.0, 510.0, 157.0]]",[],"[[41.0, 167.0, 177.0, 309.0], [252.0, 219.0, 343.0, 315.0]]"
"[""here!"", ""i don't get the set-up, but thanks!""]",['dr. mortal pours his mysterious chemical..'],3185_36_6,"[[70.0, 85.0, 245.0, 162.0], [287.0, 101.0, 640.0, 235.0]]","[[23.0, 33.0, 747.0, 111.0]]","[[163.0, 172.0, 244.0, 250.0], [519.0, 234.0, 618.0, 341.0]]"
"[""you're gonna be okay now, thanks to this blood plasma!""]",[],318_30_4,"[[185.0, 16.0, 414.0, 109.0]]",[],"[[180.0, 93.0, 320.0, 265.0]]"
"[""why do i let her bully me like that? why don't i stand up to her like a man!""]",[],3191_4_2,"[[14.0, 13.0, 430.0, 76.0]]",[],"[[242.0, 194.0, 325.0, 298.0]]"
"[""ooowwww! hey, it's... it's bittin' me!help!""]",[],3198_16_2,"[[91.0, 15.0, 388.0, 78.0]]",[],"[[162.0, 115.0, 343.0, 380.0]]"
"[""shore is a convenience workin' with sam bass! everybody's so scared of him, they just throw away their guns when they see him comin! ho-ho!""]",[],3210_14_2,"[[3.0, 1.0, 369.0, 127.0]]",[],"[[291.0, 149.0, 391.0, 255.0]]"
"[""all right, you asked for this.""]",[],3229_43_2,"[[146.0, 40.0, 426.0, 120.0]]",[],"[[216.0, 198.0, 311.0, 268.0]]"
"[""huh!""]",[],3233_18_1,"[[12.0, 16.0, 154.0, 94.0]]",[],"[[91.0, 106.0, 177.0, 212.0]]"
"[""surprised, boy? they all are!this is my human deepfreeze! even after the paralysis wears away, the bitter cold keeps the bodies fresh--- for food!"", ""food?yipes!""]","['a slithering tentacle now seizes billy, and a shuddery voice pours into his ears']",3236_6_0,"[[4.0, 70.0, 316.0, 203.0], [163.0, 304.0, 277.0, 373.0]]","[[0.0, 0.0, 274.0, 72.0]]","[[-1.0, -1.0, -1.0, -1.0], [71.0, 290.0, 102.0, 316.0]]"
"[""nice going! now i have the gun hand.your gun!""]",['losing her balance. hilde lands neatly in the aisle...'],3267_54_1,"[[50.0, 78.0, 238.0, 185.0]]","[[41.0, 8.0, 386.0, 72.0]]","[[251.0, 144.0, 330.0, 247.0]]"
"[""whew! it worked! i'm not dead yet!! i must've been so sore at kane, i swiped her shoe instead of her head!""]",[],327_6_3,"[[0.0, 1.0, 788.0, 161.0]]",[],"[[-1.0, -1.0, -1.0, -1.0]]"
"[""i'm fed up bein' swindled in this burg! i'm clear-in' outta here...with the dough you stole from me just now!"", ""lets clean up this crum my joint!"", ""you ain't goin' no place pard... oof!""]",[],3289_3_6,"[[25.0, 10.0, 375.0, 131.0], [12.0, 122.0, 244.0, 228.0], [197.0, 124.0, 409.0, 224.0]]",[],"[[146.0, 296.0, 185.0, 350.0], [43.0, 239.0, 88.0, 288.0], [317.0, 327.0, 377.0, 385.0]]"
"[""mr. cutler certainly was suspicious! that letter phineas pound stole from us con-tained a complete accusation of pound!"", ""well that's that! now, lenore--may i call you lenore? couldn't we sort of get--you know--friendly?"", ""i don't mind..if my husband doesn't! im being married next month.. to a captain in the air corps!""]","['later...', 'do your share! buy war bonds and stamps!']",3293_28_6,"[[91.0, 9.0, 529.0, 102.0], [98.0, 78.0, 542.0, 175.0], [122.0, 171.0, 542.0, 266.0]]","[[7.0, 0.0, 155.0, 58.0], [345.0, 406.0, 542.0, 510.0]]","[[4.0, 272.0, 126.0, 424.0], [4.0, 271.0, 120.0, 422.0], [278.0, 272.0, 386.0, 389.0]]"
"[""perfect!""]",[],3296_15_4,"[[361.0, 1.0, 592.0, 55.0]]",[],"[[411.0, 237.0, 520.0, 354.0]]"
"[""he's dead! shot in the back!""]",['at the top wilton finds a body.'],32_48_4,"[[334.0, 101.0, 564.0, 268.0]]","[[32.0, 28.0, 635.0, 90.0]]","[[244.0, 218.0, 365.0, 316.0]]"
"[""you weel fire when i tell you!"", ""si!""]",[],3306_61_7,"[[20.0, 29.0, 181.0, 118.0], [190.0, 24.0, 272.0, 76.0]]",[],"[[77.0, 118.0, 133.0, 167.0], [198.0, 103.0, 250.0, 139.0]]"
"[""things are sure hot!""]",[],3308_43_7,"[[67.0, 24.0, 231.0, 58.0]]",[],"[[60.0, 44.0, 91.0, 69.0]]"
"[""we'll be handsomely rewarded for this capture."", ""there's the castle now.""]",['k-5i is whisked to a swiss hideaway of the gang in a speeding car.'],3308_60_1,"[[53.0, 43.0, 223.0, 102.0], [229.0, 41.0, 318.0, 101.0]]","[[20.0, 8.0, 334.0, 47.0]]","[[95.0, 109.0, 135.0, 155.0], [229.0, 109.0, 280.0, 155.0]]"
"[""hey spark! look at that mob comin' for us!"", ""wow""]",[],3311_55_6,"[[36.0, 46.0, 385.0, 179.0], [450.0, 43.0, 704.0, 133.0]]",[],"[[497.0, 180.0, 542.0, 228.0], [607.0, 160.0, 652.0, 207.0]]"
"[""hurry, deacon that place will rock the whole state when she blows!""]",['meanwhile the spies are hastening from the plant.'],3312_62_3,"[[5.0, 98.0, 366.0, 288.0]]","[[2.0, 11.0, 571.0, 105.0]]","[[340.0, 205.0, 408.0, 263.0]]"
"[""ah... there you are... back to your owner you go!""]",['the bomb suddenly rises from behind tons of high explosives...'],3313_24_5,"[[403.0, 38.0, 767.0, 182.0]]","[[6.0, 43.0, 356.0, 159.0]]","[[109.0, 222.0, 171.0, 294.0]]"
"[""excellent, vassiloff! listen to american dogs scream as they die!""]",[],3319_23_4,"[[1.0, 18.0, 261.0, 93.0]]",[],"[[11.0, 104.0, 150.0, 354.0]]"
"[""can't you give up your dangerous work, geoffrey? i worry so much when you're away."", ""don't be silly. war profiteering is the easiest way of making money in these times.. and i'm sure the new confeder-ate government will never discover what i'm doing.""]","['the necklace littered like a thing of evil, almost a premonition of horror yet to come, as the two wound the torturous path that led them safety through the swamp.']",3321_15_0,"[[9.0, 74.0, 281.0, 157.0], [243.0, 52.0, 475.0, 207.0]]","[[9.0, 0.0, 466.0, 74.0]]","[[36.0, 151.0, 219.0, 316.0], [232.0, 206.0, 348.0, 329.0]]"
"[""no! no! help! help!""]","['with that idea in mind, jim waited until he was out of sight of ricky, and then...']",3321_20_2,"[[15.0, 110.0, 192.0, 254.0]]","[[0.0, 41.0, 318.0, 110.0]]","[[101.0, 245.0, 305.0, 482.0]]"
"[""no longer will i live in dread! curse your bones! ha! and you thought you would live forever!""]",[],3323_24_1,"[[10.0, 11.0, 275.0, 162.0]]",[],"[[61.0, 166.0, 125.0, 256.0]]"
"[""oh, dear! that \""arrumph\"" again! jives is lying!he has no gun! i must save him--but if he sees me, he's sure to recognize me as mary batson bromfield!""]",['mary must decide! what can she do?'],3328_14_3,"[[0.0, 13.0, 200.0, 139.0]]","[[0.0, 251.0, 169.0, 300.0]]","[[165.0, 61.0, 255.0, 294.0]]"
"[""i'm a hero! i've saved\tthe day! look, brian!"", ""what is it?... oh, yes, i remember now... a five dollar bill! hurray! let's eat!""]",[],3332_53_4,"[[48.0, 0.0, 173.0, 65.0], [175.0, 0.0, 331.0, 106.0]]",[],"[[61.0, 100.0, 146.0, 189.0], [223.0, 108.0, 323.0, 276.0]]"
"[""hey-y-y!""]",[],3334_20_2,"[[33.0, 0.0, 178.0, 46.0]]",[],"[[77.0, 77.0, 139.0, 134.0]]"
"[""jap planes arriving from our advance base! will surprise americans!""]",[],3340_21_2,"[[38.0, 1.0, 373.0, 192.0]]",[],"[[272.0, 366.0, 374.0, 467.0]]"
"[""sorry, fellas!"", ""i'll run this thru hos his insi""]",[],3345_31_3,"[[12.0, 17.0, 201.0, 95.0], [306.0, 460.0, 498.0, 549.0]]",[],"[[155.0, 136.0, 252.0, 221.0], [219.0, 392.0, 321.0, 462.0]]"
"[""boy, i'd sure hate to tangle with that sentry guy!"", ""so would i. wonder who he is in real life!""]",['later....'],3346_34_5,"[[0.0, 14.0, 134.0, 62.0], [126.0, 9.0, 204.0, 84.0]]","[[4.0, 7.0, 79.0, 19.0]]","[[101.0, 87.0, 127.0, 110.0], [139.0, 100.0, 167.0, 130.0]]"
"[""pig, here's a reward for your bravery!take him inside with the other!""]",[],3347_38_5,"[[31.0, 69.0, 571.0, 255.0]]",[],"[[122.0, 398.0, 321.0, 556.0]]"
"[""sure, it's a real treasure map and an old sailor gave it to me... with the treasure we can buy the chinese kids plenty of food."", ""i believe you have something there. but how are se we going get out out to sea, to this unchartered island?""]",[],3350_12_4,"[[4.0, 0.0, 262.0, 160.0], [231.0, 5.0, 418.0, 218.0]]",[],"[[133.0, 155.0, 159.0, 190.0], [178.0, 152.0, 211.0, 192.0]]"
"[""that's the master switch there-- and buster, here, thinks i'm too frightened to make a move!""]","['and meanwhile, in the celler...']",3356_6_2,"[[2.0, 26.0, 358.0, 114.0]]","[[0.0, 0.0, 410.0, 18.0]]","[[198.0, 124.0, 277.0, 231.0]]"
"[""danny was merely a projected illusion! and very useful, too!""]",[],3366_24_6,"[[38.0, 3.0, 409.0, 102.0]]",[],"[[252.0, 182.0, 373.0, 353.0]]"
"[""fool! to think you could thwart satan!""]","['made powerless by the contact of human flesh, zambini is jeered!!']",3369_62_4,"[[12.0, 39.0, 166.0, 184.0]]","[[17.0, 1.0, 415.0, 50.0]]","[[47.0, 181.0, 123.0, 263.0]]"
"[""hey call -- i cannot help myself-- i must go-""]",['dully steadily he plods along country raads in the driving rain ...'],336_31_7,"[[0.0, 92.0, 262.0, 152.0]]","[[0.0, 24.0, 278.0, 94.0]]","[[155.0, 229.0, 196.0, 269.0]]"
"[""it.. it's kalthar seize him!""]","['abdul, the arab recognizes the figure which hurtles through the flames.']",3371_30_2,"[[39.0, 204.0, 217.0, 266.0]]","[[26.0, 1.0, 437.0, 49.0]]","[[53.0, 86.0, 103.0, 131.0]]"
"["".. then they shot down the cop and beat it!""]",['red reagan is summoned from headquarters'],3377_31_0,"[[157.0, 32.0, 383.0, 111.0]]","[[81.0, 4.0, 445.0, 43.0]]","[[264.0, 132.0, 301.0, 169.0]]"
"[""great heavens..my daughter!"", ""what am i offered for this girl?who will start the bid at a hundred zinas!""]","['once inside, their eyes beheld a sight of utmost horror! it was an auction- but the ob-jects for sale were']",3383_63_6,"[[125.0, 66.0, 281.0, 113.0], [741.0, 82.0, 873.0, 234.0]]","[[298.0, 0.0, 611.0, 76.0]]","[[215.0, 163.0, 301.0, 270.0], [668.0, 73.0, 693.0, 98.0]]"
"[""heil hitler! what's the password?"", ""password? you idiotic son of an englishman! what do i need with a password?""]",['minutes later at the camp...'],3385_17_5,"[[33.0, 28.0, 199.0, 106.0], [295.0, 14.0, 527.0, 116.0]]","[[21.0, 3.0, 307.0, 46.0]]","[[163.0, 101.0, 200.0, 146.0], [560.0, 83.0, 611.0, 138.0]]"
"[""astonishing... such genious..."", ""look where ya goin' bookworm! ya wanna get moidered walk in around like that!""]",[],3387_15_6,"[[62.0, 4.0, 253.0, 66.0], [259.0, 0.0, 442.0, 98.0]]",[],"[[205.0, 55.0, 260.0, 98.0], [321.0, 264.0, 365.0, 301.0]]"
"[""it's my hunch, that oom was a crook, and he had some kind of racket with lemke! remember that an anonymous phone call you got, captain, you off about lemke?""]",[],3388_8_7,"[[30.0, 36.0, 372.0, 187.0]]",[],"[[147.0, 188.0, 353.0, 408.0]]"
"[""safe! i can t believe it!""]",['soon...'],343_33_1,"[[252.0, 33.0, 510.0, 108.0]]","[[3.0, 25.0, 167.0, 88.0]]","[[256.0, 256.0, 304.0, 311.0]]"
"[""this comanche- riding- trick sure comes in handy!"", ""yippee!""]",[],3440_7_3,"[[63.0, 0.0, 288.0, 98.0], [306.0, 0.0, 440.0, 86.0]]",[],"[[398.0, 241.0, 451.0, 292.0], [375.0, 174.0, 407.0, 215.0]]"
"[""good evening! once again it's gossip time in hollywood! at ciro's last night..""]","[""hollywood's radio city, rick horne, famed gossip reporter, rehearses his program..""]",3447_5_2,"[[10.0, 83.0, 523.0, 193.0]]","[[16.0, 4.0, 590.0, 96.0]]","[[142.0, 195.0, 247.0, 324.0]]"
"[""ain't it boring corpse, the way this character begs fer his miserable life?"", ""yes, tiny. boring and monotonous... even deadly... especially for him."", ""please tiny! give me a little more time. i still can do some-thing with the old man...""]","['meanwhile, aboard the gambling ship. ""silver queen""..']",3450_3_4,"[[9.0, 43.0, 135.0, 152.0], [147.0, 41.0, 347.0, 100.0], [115.0, 96.0, 286.0, 176.0]]","[[6.0, 8.0, 335.0, 44.0]]","[[31.0, 192.0, 100.0, 273.0], [273.0, 123.0, 314.0, 178.0], [174.0, 177.0, 215.0, 227.0]]"
"[""here's a tip, waiter... never use gas on me...i find it annoying!""]",[],3456_16_3,"[[87.0, 2.0, 332.0, 160.0]]",[],"[[102.0, 250.0, 185.0, 311.0]]"
"[""dag- gon- nit- there goes that fat- runt over board!"", ""glub""]",[],3457_31_6,"[[244.0, 32.0, 471.0, 127.0], [356.0, 156.0, 417.0, 224.0]]",[],"[[288.0, 113.0, 334.0, 165.0], [-1.0, -1.0, -1.0, -1.0]]"
"[""selling?selling!haw- haw- haw!we ain't thinkin' o buyin' young feller... haw- haw - hee - hee - haw - haw..!""]",[],3459_27_6,"[[0.0, 4.0, 245.0, 60.0]]",[],"[[72.0, 84.0, 197.0, 238.0]]"
"[""help! ahhhh!""]","['just then, a crushing wave caught walter.']",346_28_1,"[[113.0, 99.0, 254.0, 192.0]]","[[0.0, 7.0, 255.0, 65.0]]","[[121.0, 280.0, 158.0, 329.0]]"
"[""i can't believe it! when he talks of sweetness and light, he's getting ready for darkness and mayhem!""]",[],3474_13_2,"[[49.0, 10.0, 374.0, 131.0]]",[],"[[111.0, 175.0, 276.0, 365.0]]"
"[""sorry! but i don't get the point!""]",['a slight rustling noise warns the deacon at the last moment'],3483_17_2,"[[209.0, 60.0, 504.0, 148.0]]","[[37.0, 50.0, 174.0, 285.0]]","[[457.0, 210.0, 517.0, 268.0]]"
"[""owooo! - arrhoooo!!""]",['twist himself into a more horrible shape and then sets up a howl to make even the vultures flee!'],3483_32_3,"[[10.0, 100.0, 332.0, 239.0]]","[[0.0, 5.0, 324.0, 108.0]]","[[7.0, 297.0, 283.0, 655.0]]"
"[""b - b -- the clock!!""]",[],3495_64_10,"[[155.0, 108.0, 328.0, 206.0]]",[],"[[249.0, 336.0, 348.0, 438.0]]"
"[""this is a stick-up cabby! get out and up with your mitts!"", ""my mitts? up with them?you mean ...""]",[],3499_26_0,"[[0.0, 19.0, 235.0, 101.0], [247.0, 21.0, 421.0, 109.0]]",[],"[[76.0, 155.0, 138.0, 235.0], [245.0, 142.0, 307.0, 223.0]]"
"[""that was a very good flight, dear!i'm sure that junior is ready now for his first solo!"", ""b.but, mama i'm s - scared!""]",[],3500_16_3,"[[5.0, 8.0, 246.0, 133.0], [224.0, 8.0, 429.0, 65.0]]",[],"[[198.0, 198.0, 271.0, 262.0], [267.0, 258.0, 326.0, 325.0]]"
"[""wolves! that fiend! he deliberately set a fire to attract them! they're comin' for me! i'm a goner!""]",[],3502_21_6,"[[29.0, 9.0, 521.0, 98.0]]",[],"[[341.0, 289.0, 363.0, 316.0]]"
"[""gosh! she's blown him clear out of sight!""]",[],3504_20_1,"[[13.0, 14.0, 307.0, 86.0]]",[],"[[147.0, 89.0, 238.0, 210.0]]"
"[""and they'll get just that! here's where that smoke comes from,now...""]",[],3524_2_6,"[[9.0, 2.0, 362.0, 109.0]]",[],"[[146.0, 150.0, 211.0, 217.0]]"
"[""no eagle - not for long.""]",['and with maniac strength'],3524_41_4,"[[159.0, 47.0, 323.0, 144.0]]","[[13.0, 8.0, 322.0, 50.0]]","[[288.0, 140.0, 331.0, 180.0]]"
"[""boy ... there must be tons of it! get that truck loaded!""]",[],3526_6_0,"[[8.0, 18.0, 338.0, 111.0]]",[],"[[76.0, 152.0, 188.0, 265.0]]"
"[""it must have been same sort of ghost... said my hands were really his... and now this blood... what does it mean?""]","['mist, the spirit of zander took flight. mark leaped up from his bed and turned on the lights...']",352_31_3,"[[0.0, 74.0, 262.0, 179.0]]","[[0.0, 1.0, 277.0, 80.0]]","[[73.0, 213.0, 120.0, 279.0]]"
"[""go into the visiting room.. we will send for him-"", ""thank you kindly sir!""]",[],3531_24_4,"[[115.0, 3.0, 389.0, 86.0], [86.0, 71.0, 236.0, 172.0]]",[],"[[206.0, 202.0, 259.0, 263.0], [73.0, 131.0, 122.0, 184.0]]"
"[""er - gulp! adult and one child!""]","['tonite olaf nelson lecture on ""perils at the pole""']",3534_38_7,"[[4.0, 7.0, 179.0, 111.0]]","[[199.0, 206.0, 287.0, 339.0]]","[[99.0, 112.0, 147.0, 160.0]]"
"[""ahh!""]",['suddenly.. an ominous creaking.. the ancient bridge snaps in two and samar hurtles toward the swirling waters below...'],3544_45_6,"[[200.0, 85.0, 295.0, 157.0]]","[[1.0, 4.0, 505.0, 85.0]]","[[210.0, 192.0, 242.0, 222.0]]"
"[""a huge eight. foot bear was seen down there today!!""]",[],3545_51_10,"[[1.0, 0.0, 182.0, 136.0]]",[],"[[-1.0, -1.0, -1.0, -1.0]]"
"[""hey, redskin""]",['suddenly flatfoot leaps at a nearby plane motor...'],3556_23_5,"[[24.0, 67.0, 198.0, 140.0]]","[[6.0, 0.0, 375.0, 64.0]]","[[28.0, 191.0, 88.0, 273.0]]"
"[""well i'm just in time!"", ""uncle zero! am i glad to see you! we've just been talking about your favorite subject.. ghosts!""]",[],3556_43_4,"[[4.0, 119.0, 123.0, 209.0], [32.0, 10.0, 375.0, 131.0]]",[],"[[107.0, 195.0, 152.0, 256.0], [204.0, 228.0, 252.0, 274.0]]"
"[""wow! nips! .. a whole batch of 'em! wait'll mulligan hears this!"", ""abou lan beac begi""]",[],3562_6_4,"[[187.0, 8.0, 522.0, 93.0], [542.0, 15.0, 613.0, 110.0]]",[],"[[83.0, 183.0, 184.0, 326.0], [-1.0, -1.0, -1.0, -1.0]]"
"[""oh, gary! im so glad you're here!"", ""so me and de flame sails into da bums an' wipes'em out!""]",[],3567_11_6,"[[0.0, 13.0, 102.0, 125.0], [101.0, 14.0, 282.0, 126.0]]",[],"[[3.0, 260.0, 64.0, 353.0], [94.0, 233.0, 149.0, 288.0]]"
"[""ha!! that's why i use that big oaf! he is so stupid it is safe for me to have him work for me.""]",[],3571_24_3,"[[3.0, 0.0, 533.0, 101.0]]",[],"[[227.0, 120.0, 316.0, 205.0]]"
"[""ooof!!""]",[],3590_11_2,"[[0.0, 43.0, 120.0, 104.0]]",[],"[[46.0, 118.0, 339.0, 509.0]]"
"[""op worrying, ep! you'd think was your wn son!"", ""i wish you were my own son.. for five minutes, so i could whale you!""]",[],3596_8_4,"[[0.0, 0.0, 164.0, 102.0], [187.0, 0.0, 497.0, 91.0]]",[],"[[30.0, 184.0, 62.0, 222.0], [185.0, 184.0, 222.0, 216.0]]"
"[""i just hope there'll be a couple of those dangerous beauties left by the time we land!""]",[],3597_21_4,"[[72.0, 7.0, 610.0, 130.0]]",[],"[[412.0, 239.0, 431.0, 258.0]]"
"[""oh - oh  goody - goody here comes santa claus.""]",[],359_34_2,"[[285.0, 70.0, 582.0, 274.0]]",[],"[[614.0, 116.0, 722.0, 237.0]]"
"[""that was good work!"", ""but not good enough! i haven't found the plans yet or who slipped them to the janitor!""]",[],360_18_6,"[[9.0, 3.0, 228.0, 149.0], [218.0, 2.0, 544.0, 230.0]]",[],"[[99.0, 264.0, 133.0, 301.0], [175.0, 249.0, 204.0, 287.0]]"
"[""no! no! no!""]",[],360_40_8,"[[73.0, 35.0, 229.0, 193.0]]",[],"[[144.0, 199.0, 324.0, 339.0]]"
"[""good morning my dear count -- im at your service!""]",['in the office of baron danglars...'],3624_63_7,"[[191.0, 56.0, 360.0, 160.0]]","[[0.0, 8.0, 379.0, 54.0]]","[[277.0, 173.0, 339.0, 240.0]]"
"[""kill them!"", ""rush them!""]","['seeing their dear president mercilessly shot, the people gasp in horror and rage...']",3628_24_3,"[[146.0, 55.0, 281.0, 82.0], [330.0, 55.0, 430.0, 107.0]]","[[25.0, 6.0, 635.0, 52.0]]","[[92.0, 100.0, 114.0, 121.0], [429.0, 99.0, 463.0, 123.0]]"
"[""i'll capture you, without using a gun on you!"", ""incredible! a bad dream!"", ""-nightmare you mean!""]","['even as did their cannons and machine guns, their hand guns explode ---']",362_10_3,"[[0.0, 72.0, 240.0, 222.0], [235.0, 80.0, 490.0, 187.0], [490.0, 80.0, 678.0, 210.0]]","[[118.0, 0.0, 684.0, 86.0]]","[[75.0, 219.0, 143.0, 280.0], [302.0, 228.0, 374.0, 277.0], [448.0, 242.0, 505.0, 288.0]]"
"[""whew! close squeeze now, if he thought i was the hawk's double, the whole fort will think so too! it'll be easy to trick all his men!""]",[],3630_60_7,"[[0.0, 0.0, 259.0, 146.0]]",[],"[[48.0, 212.0, 157.0, 368.0]]"
"[""mm.. this tea is delicious!""]","['the drugged tea cup meant for zx5 is picked up by the imposter.', 'the knockout quickly take']",3632_47_0,"[[127.0, 68.0, 286.0, 152.0]]","[[0.0, 5.0, 306.0, 69.0], [285.0, 11.0, 466.0, 58.0]]","[[302.0, 263.0, 459.0, 441.0]]"
"[""whew, made it!""]","['jumbo comics', 'a daring leap..']",3635_17_1,"[[522.0, 58.0, 690.0, 135.0]]","[[14.0, 0.0, 237.0, 21.0], [15.0, 42.0, 248.0, 78.0]]","[[448.0, 121.0, 547.0, 204.0]]"
"[""hullo ---"", ""brrfsk ahem"", ""hoky cats! what is it. what happened? speak up! will ya?""]",[],363_23_3,"[[51.0, 6.0, 252.0, 54.0], [192.0, 45.0, 402.0, 139.0], [360.0, 7.0, 634.0, 268.0]]",[],"[[77.0, 84.0, 138.0, 161.0], [65.0, 181.0, 155.0, 264.0], [363.0, 198.0, 451.0, 281.0]]"
"[""haste requires a speedy entrance!""]",[],363_4_3,"[[190.0, 16.0, 657.0, 93.0]]",[],"[[247.0, 167.0, 328.0, 248.0]]"
"[""ahoy! hawk!""]","[""the hawk's men come alongside the osprey...""]",3652_66_0,"[[21.0, 55.0, 134.0, 111.0]]","[[0.0, 12.0, 420.0, 54.0]]","[[248.0, 50.0, 287.0, 79.0]]"
"[""my plan worked!"", ""panthers! attack!""]",[],3660_32_2,"[[16.0, 29.0, 179.0, 93.0], [204.0, 32.0, 429.0, 141.0]]",[],"[[51.0, 89.0, 119.0, 139.0], [53.0, 89.0, 119.0, 137.0]]"
"[""get away from me, you ugly beast!""]",[],3663_34_2,"[[47.0, 9.0, 249.0, 111.0]]",[],"[[288.0, 61.0, 328.0, 103.0]]"
"[""good boy, rex!!""]",['but a lithe fury leaps from the darkness...'],366_41_0,"[[475.0, 54.0, 610.0, 114.0]]","[[0.0, 17.0, 646.0, 64.0]]","[[319.0, 55.0, 370.0, 106.0]]"
"[""that was close but we made!"", ""thanks to you.""]",[],366_52_4,"[[74.0, 17.0, 369.0, 129.0], [494.0, 11.0, 730.0, 93.0]]",[],"[[456.0, 137.0, 484.0, 159.0], [488.0, 140.0, 515.0, 160.0]]"
"[""ho, ali hassen, soon shall your horde be rich-rich with slaves, that even now the whites lead to me!"", ""allah be praised, tanga! if your promise be as strong as is your fear of the spotted cheetah cat, we will pay you well!""]",[],3672_41_4,"[[10.0, 49.0, 367.0, 163.0], [22.0, 141.0, 351.0, 252.0]]",[],"[[49.0, 244.0, 151.0, 358.0], [205.0, 317.0, 322.0, 445.0]]"
"[""fear not, zana, b'maki would not let you die! only the others who witnessed my deed must perish! now will i carry out the rest of my plan!""]",['...there did i see the canoe with your bride overturned in the croc-infested waters! i tried to save the princess and her'],3678_31_2,"[[180.0, 0.0, 506.0, 124.0]]","[[8.0, 499.0, 505.0, 545.0]]","[[175.0, 140.0, 254.0, 231.0]]"
"[""not on your life lutoa, i've been waiting for this chance!confess your guilt or""]",['then pandemonium! snarls and scre as confusion reigns...'],3679_15_1,"[[244.0, 469.0, 561.0, 580.0]]","[[4.0, 2.0, 511.0, 86.0]]","[[-1.0, -1.0, -1.0, -1.0]]"
"[""skyman!""]",[],368_23_6,"[[70.0, 15.0, 612.0, 153.0]]",[],"[[243.0, 403.0, 263.0, 422.0]]"
"[""i'm fed up on this whole circus idea of junior's---- hey--- what does that mutt want?""]",[],369_22_3,"[[179.0, 2.0, 660.0, 266.0]]",[],"[[532.0, 534.0, 620.0, 619.0]]"
"[""where the heck did i land? ah! a door!""]",[],3708_31_3,"[[51.0, 4.0, 359.0, 55.0]]",[],"[[231.0, 113.0, 295.0, 184.0]]"
"[""hold it_""]",[],370_28_0,"[[60.0, 44.0, 294.0, 119.0]]",[],"[[221.0, 209.0, 351.0, 357.0]]"
"[""aaaaaagh!""]","['like a rubber band, a hanging rope snaps swiftly--deadly--noosing itself around the thugs neck...']",3716_22_4,"[[3.0, 102.0, 183.0, 164.0]]","[[0.0, 0.0, 284.0, 102.0]]","[[78.0, 175.0, 240.0, 332.0]]"
"[""whoa!"", ""i'll have your gags off in a second!""]",[],3722_12_0,"[[93.0, 7.0, 237.0, 83.0], [221.0, 10.0, 427.0, 119.0]]",[],"[[121.0, 150.0, 180.0, 197.0], [120.0, 149.0, 179.0, 197.0]]"
"[""not so fast - we have an old score to settle. /"", ""fight hard master, they are many!""]","['rom the outside, granger and eric close in with the fury of a storm. the savages are trapped and bewildered.']",3730_54_6,"[[117.0, 66.0, 327.0, 124.0], [314.0, 80.0, 473.0, 140.0]]","[[0.0, 4.0, 490.0, 69.0]]","[[180.0, 166.0, 234.0, 215.0], [333.0, 193.0, 450.0, 317.0]]"
"[""something grim,a dose of your own medicine."", ""what ye going to do??""]",[],3732_50_2,"[[340.0, 18.0, 595.0, 97.0], [5.0, 138.0, 198.0, 194.0]]",[],"[[273.0, 6.0, 343.0, 91.0], [137.0, 296.0, 220.0, 360.0]]"
"[""something tells me that doctor fairchild and his unholy three are on the last trail!""]",[],3732_8_8,"[[170.0, 6.0, 416.0, 163.0]]",[],"[[202.0, 217.0, 222.0, 235.0]]"
"[""ugh!"", ""like punching a murderer on the jaw with both feet off the ground!""]",[],3741_9_1,"[[5.0, 35.0, 114.0, 142.0], [152.0, 308.0, 376.0, 464.0]]",[],"[[116.0, 70.0, 177.0, 130.0], [65.0, 188.0, 119.0, 244.0]]"
"[""yawp! he means it! owww ... my corset's...""]",[],3746_32_3,"[[44.0, 12.0, 335.0, 109.0]]",[],"[[25.0, 113.0, 183.0, 317.0]]"
"[""oops! ah5 sorry sir'ah didn't see yo!""]",[],3759_26_5,"[[0.0, 21.0, 188.0, 117.0]]",[],"[[71.0, 221.0, 112.0, 256.0]]"
"[""look, mamie! just like they do in the circus!"", ""mmm! these flowers are delicious! .""]",[],375_27_2,"[[25.0, 20.0, 386.0, 173.0], [394.0, 64.0, 657.0, 229.0]]",[],"[[63.0, 338.0, 334.0, 487.0], [394.0, 408.0, 583.0, 590.0]]"
"[""ah, good and soapy. too ... full of bubbles! that's the way i like a bath!""]",[],3760_40_3,"[[11.0, 7.0, 229.0, 127.0]]",[],"[[112.0, 167.0, 194.0, 267.0]]"
"[""... and that's what happened sergeant. she's a witch, i tell you. a curse on the whole territory!"", ""a most amazing story, rossbach, but i'm inclined to take your word for it! we'll send out a patrol at once!""]",[],3762_4_4,"[[14.0, 1.0, 216.0, 188.0], [188.0, 1.0, 388.0, 214.0]]",[],"[[116.0, 234.0, 204.0, 344.0], [260.0, 292.0, 333.0, 385.0]]"
"[""ho - hum!i feel so lonely!""]",[],3763_20_0,"[[64.0, 244.0, 254.0, 288.0]]",[],"[[-1.0, -1.0, -1.0, -1.0]]"
"[""oops! i tripped!""]",[],3763_20_3,"[[20.0, 5.0, 115.0, 59.0]]",[],"[[162.0, 97.0, 225.0, 152.0]]"
"[""hey, cranberry wait a minute!!!""]",[],376_31_8,"[[10.0, 51.0, 227.0, 172.0]]",[],"[[6.0, 197.0, 178.0, 429.0]]"
"[""oh boy! this is wonderful!"", ""i could soak up water faor a week!""]",['urricane kids'],3773_30_0,"[[19.0, 18.0, 194.0, 90.0], [213.0, 20.0, 380.0, 95.0]]","[[11.0, 3.0, 270.0, 28.0]]","[[209.0, 86.0, 267.0, 160.0], [269.0, 120.0, 354.0, 194.0]]"
"[""gosh. if i could only get in touch with jupiter by telephone!""]",['recovering after a few hours. we find jim johnson in a phone booth once more'],3774_25_0,"[[18.0, 79.0, 178.0, 237.0]]","[[32.0, 21.0, 501.0, 88.0]]","[[196.0, 110.0, 351.0, 284.0]]"
"[""you can take a little snooze. when my pard gets you tied up, i'm sure he'll feel better!""]",[],3782_15_0,"[[23.0, 28.0, 279.0, 190.0]]",[],"[[174.0, 172.0, 283.0, 241.0]]"
"[""ha! ha! that stops you doesn't it nelson! - now, you are going to destroy yourself!""]",[],3786_58_6,"[[163.0, 11.0, 458.0, 97.0]]",[],"[[353.0, 102.0, 379.0, 123.0]]"
"[""hey, get off me, you fancy flea bag!"", ""woof woof!""]",[],37_41_2,"[[0.0, 2.0, 200.0, 79.0], [118.0, 60.0, 252.0, 165.0]]",[],"[[30.0, 108.0, 110.0, 180.0], [140.0, 160.0, 200.0, 204.0]]"
"[""hey, redmask! help!"", ""i should have known billy gage was some-where behind this!""]",[],3803_15_3,"[[6.0, 23.0, 124.0, 120.0], [97.0, 2.0, 252.0, 161.0]]",[],"[[163.0, 257.0, 176.0, 274.0], [192.0, 274.0, 212.0, 295.0]]"
"[""...and get him snubbed and ready for saddling!""]",[],3807_9_1,"[[0.0, 24.0, 141.0, 105.0]]",[],"[[300.0, 43.0, 343.0, 84.0]]"
"[""www... looks like saber my friend after all! ke got scared away, too!""]","['ll their primitive, savage the two huge beasts are locked in mortal combat...']",3809_4_6,"[[0.0, 80.0, 307.0, 166.0]]","[[0.0, 1.0, 326.0, 82.0]]","[[104.0, 168.0, 165.0, 217.0]]"
"[""why dont you like to prac-tice your piano lessons billy?"", ""cause i just hate those drills and exercises""]",[],3812_33_1,"[[19.0, 33.0, 149.0, 174.0], [147.0, 42.0, 269.0, 158.0]]",[],"[[35.0, 213.0, 105.0, 273.0], [158.0, 231.0, 218.0, 298.0]]"
"[""but have you thought what would happen to one of those people if his attention was distracted by a sharp sting at the wrong moment?""]",[],3815_7_0,"[[8.0, 17.0, 379.0, 174.0]]",[],"[[180.0, 152.0, 313.0, 262.0]]"
"[""oh gosh! what's that? someone's coming!""]",[],3817_62_4,"[[136.0, 17.0, 373.0, 127.0]]",[],"[[113.0, 308.0, 194.0, 398.0]]"
"[""sorry, but i feel it necessary to keep you from using your arms for awhile!""]",[],381_18_3,"[[8.0, 14.0, 347.0, 128.0]]",[],"[[309.0, 116.0, 398.0, 198.0]]"
"[""jack! jack! ohh!""]",[],3823_27_4,"[[468.0, 71.0, 620.0, 119.0]]",[],"[[539.0, 133.0, 651.0, 215.0]]"
"[""look.. up above! is that chim?"", ""sure is.. and hes scared to pieces!"", ""we'r to s old""]",[],3824_40_2,"[[151.0, 24.0, 381.0, 93.0], [386.0, 18.0, 553.0, 113.0], [560.0, 139.0, 635.0, 229.0]]",[],"[[162.0, 104.0, 244.0, 180.0], [337.0, 191.0, 443.0, 284.0], [-1.0, -1.0, -1.0, -1.0]]"
"[""great magic of bwana kessler now, lani? now will you obey?"", ""does not fea you. she will hunt you dow she will ...""]",[],3825_6_4,"[[4.0, 0.0, 216.0, 147.0], [206.0, 0.0, 411.0, 110.0]]",[],"[[82.0, 168.0, 160.0, 241.0], [229.0, 216.0, 291.0, 281.0]]"
"[""aha!""]","['the truck is sent straight at samson, its throttle wide open!-------']",382_20_3,"[[31.0, 61.0, 137.0, 130.0]]","[[7.0, 7.0, 483.0, 67.0]]","[[83.0, 196.0, 111.0, 224.0]]"
"[""you shall have a taste of your own medicine!"", ""oh! help!""]",[],382_33_1,"[[6.0, 8.0, 262.0, 103.0], [299.0, 16.0, 441.0, 93.0]]",[],"[[140.0, 135.0, 189.0, 202.0], [-1.0, -1.0, -1.0, -1.0]]"
"[""get up and walk!"", ""ohhhhhhh!""]",['the arab slavers are brutal'],3837_2_1,"[[5.0, 59.0, 211.0, 165.0], [199.0, 57.0, 467.0, 167.0]]","[[35.0, 3.0, 463.0, 61.0]]","[[117.0, 238.0, 164.0, 301.0], [230.0, 342.0, 286.0, 383.0]]"
"[""ah! meat on the table!""]","['several hours later, the sh is sighted by an enemy pilot']",3838_40_6,"[[113.0, 54.0, 259.0, 107.0]]","[[0.0, 1.0, 282.0, 52.0]]","[[130.0, 123.0, 228.0, 194.0]]"
"[""thanks joan mason!""]",[],383_10_1,"[[23.0, 22.0, 177.0, 79.0]]",[],"[[137.0, 172.0, 174.0, 211.0]]"
"[""i never was more eager to come to grips with anyone before!""]",[],383_6_7,"[[294.0, 8.0, 520.0, 92.0]]",[],"[[184.0, 11.0, 249.0, 86.0]]"
"[""horse ear!"", ""hm""]",[],3849_56_8,"[[0.0, 37.0, 173.0, 98.0], [183.0, 52.0, 248.0, 113.0]]",[],"[[40.0, 153.0, 141.0, 245.0], [173.0, 118.0, 271.0, 182.0]]"
"[""master, it is a great doublecross! we come across the ocean to help a man ... for this!"", ""but he did say he was sorry, abdul!""]",[],3860_22_3,"[[33.0, 7.0, 275.0, 114.0], [288.0, 5.0, 512.0, 72.0]]",[],"[[300.0, 211.0, 360.0, 273.0], [377.0, 199.0, 463.0, 276.0]]"
"[""oh no!... i absolutely refuse to talk to that drip!"", ""kathy, you've got to! maybe it will help square me with old man pushbutton!"", ""hell h de -""]",[],3875_21_0,"[[6.0, 2.0, 152.0, 111.0], [139.0, 2.0, 323.0, 136.0], [373.0, 7.0, 438.0, 73.0]]",[],"[[138.0, 131.0, 185.0, 190.0], [320.0, 64.0, 380.0, 131.0], [-1.0, -1.0, -1.0, -1.0]]"
"[""a fine way to speak to a knight of the road! knows't thou not who i am? but wait .. i think i know thee!"", ""thy face looks familiar! thou art \""the highway man\"", art thou not?""]",[],3891_32_3,"[[6.0, 3.0, 297.0, 152.0], [274.0, 0.0, 568.0, 122.0]]",[],"[[2.0, 304.0, 63.0, 374.0], [402.0, 135.0, 511.0, 215.0]]"
"[""you were magnificent, vooda!"", ""she has learned a lesson, don't fear! and now, friend tex, let us get back to work!""]",[],3894_8_4,"[[2.0, 33.0, 379.0, 88.0], [0.0, 65.0, 233.0, 254.0]]",[],"[[94.0, 249.0, 130.0, 287.0], [36.0, 267.0, 70.0, 304.0]]"
"[""pardon me for not knocking, but i was so happy to hear you were saved!"", ""how did you know?""]",[],3902_10_4,"[[9.0, 1.0, 190.0, 120.0], [195.0, 1.0, 307.0, 76.0]]",[],"[[140.0, 110.0, 183.0, 162.0], [183.0, 175.0, 235.0, 231.0]]"
"[""good gosh!""]",[],3902_56_7,"[[144.0, 5.0, 264.0, 62.0]]",[],"[[183.0, 92.0, 214.0, 134.0]]"
"[""what th' ...""]",[],3918_8_2,"[[38.0, 37.0, 225.0, 128.0]]",[],"[[265.0, 224.0, 339.0, 290.0]]"
"[""except this way!""]",[],3929_12_4,"[[7.0, 20.0, 204.0, 96.0]]",[],"[[287.0, 58.0, 387.0, 145.0]]"
"[""loco plague?"", ""yes! it is borne by the wind!it's made many a town go loco... and i'm afraid tomb-stone city is another victim! look!""]",[],3930_44_3,"[[13.0, 16.0, 145.0, 86.0], [135.0, 14.0, 445.0, 178.0]]",[],"[[35.0, 250.0, 111.0, 318.0], [138.0, 228.0, 333.0, 396.0]]"
"[""and here's a touche you didn't expect!""]",[],3932_53_4,"[[196.0, 9.0, 457.0, 122.0]]",[],"[[205.0, 184.0, 292.0, 270.0]]"
"[""its spy smasher! bail out!""]","['even as marvel speaks, a deadly hail of steel shatters their plane around them!']",3933_4_4,"[[21.0, 121.0, 245.0, 303.0]]","[[267.0, 321.0, 527.0, 513.0]]","[[80.0, 447.0, 103.0, 468.0]]"
"[""awk - awk!"", ""parrot."", ""chee - chee!""]",[],3934_24_1,"[[44.0, 20.0, 186.0, 109.0], [3.0, 460.0, 83.0, 507.0], [118.0, 398.0, 266.0, 474.0]]",[],"[[194.0, 23.0, 279.0, 103.0], [-1.0, -1.0, -1.0, -1.0], [54.0, 253.0, 89.0, 313.0]]"
"[""oops! just in time!""]",[],3936_64_7,"[[17.0, 31.0, 161.0, 103.0]]",[],"[[72.0, 182.0, 95.0, 204.0]]"
"[""i like to mix with people!"", ""help!""]",[],3945_7_3,"[[21.0, 14.0, 384.0, 95.0], [415.0, 25.0, 539.0, 112.0]]",[],"[[155.0, 176.0, 220.0, 242.0], [484.0, 135.0, 558.0, 224.0]]"
"[""-now to land and investigate that skeleton business - hmm! the two pilots bailed out -they're trying to get away -""]",[],3946_39_3,"[[113.0, 21.0, 407.0, 224.0]]",[],"[[-1.0, -1.0, -1.0, -1.0]]"
"[""so far so good! now if i can glide over to a corner of the field they may never notice me!""]",[],3950_39_6,"[[12.0, 4.0, 417.0, 128.0]]",[],"[[147.0, 211.0, 171.0, 229.0]]"
"[""y'know, sheriff, i'm kinda worried 'bout that young woman stayin' all alone in that cottage."", ""oh, i guess she'll be all right, parson. i'll keep an eye on her.""]",['as the throng disperses ...'],3956_29_3,"[[0.0, 20.0, 244.0, 152.0], [229.0, 22.0, 420.0, 159.0]]","[[0.0, 0.0, 435.0, 26.0]]","[[42.0, 210.0, 163.0, 349.0], [235.0, 170.0, 352.0, 301.0]]"
"[""but they give me an idea! and if i work fast, it may do the trick!""]",[],3958_14_3,"[[0.0, 18.0, 281.0, 136.0]]",[],"[[30.0, 190.0, 239.0, 433.0]]"
"[""i'm sorry, sir,,, i told you...""]","['so... the next day. you go back to the optometrist. you need his glasses,,, those soothing glasses...']",397_7_3,"[[63.0, 64.0, 253.0, 122.0]]","[[18.0, 21.0, 456.0, 91.0]]","[[233.0, 73.0, 328.0, 184.0]]"
"[""we're the #$*& united states of *$ #$ america! where do a bunch of jungle bunnies get off telling us they've got a \""no fly\"" zone over their thatched hut?""]",[],bp_3_335_1,"[[273.0, 23.0, 491.0, 177.0]]",[],"[[366.0, 233.0, 395.0, 261.0]]"
"[""is there someone here who can give us some accurate intel on these people?""]",[],bp_3_336_0,"[[285.0, 7.0, 481.0, 66.0]]",[],"[[144.0, 22.0, 243.0, 137.0]]"
"[""the wakandans have a warrior spirit that makes the vietnamese look like, well, the french.they have also maintained a technological superiority that defies explanation."", ""where'd they get their tech from soviets?""]",[],bp_3_336_1,"[[46.0, 4.0, 314.0, 105.0], [387.0, 5.0, 551.0, 52.0]]",[],"[[96.0, 132.0, 148.0, 194.0], [406.0, 215.0, 496.0, 308.0]]"
"[""wakanda is a small country in africe notable for never having been conquered in its entire history.""]",[],bp_3_336_3,"[[108.0, 9.0, 337.0, 83.0]]",[],"[[45.0, 117.0, 128.0, 227.0]]"
"[""...unprecedented.""]",[],bp_3_336_5,"[[189.0, 27.0, 344.0, 59.0]]",[],"[[-1.0, -1.0, -1.0, -1.0]]"
"[""--they don't even pump it.""]",[],bp_3_337_4,"[[17.0, 22.0, 134.0, 78.0]]",[],"[[11.0, 72.0, 253.0, 363.0]]"
"[""if this guy is all that, who can handle him?""]",[],bp_3_338_3,"[[29.0, 40.0, 168.0, 101.0]]",[],"[[23.0, 191.0, 131.0, 306.0]]"
"[""let's say i join your team. if these wakandans are all you say they are, what are our chances of success?"", ""pretty good. i've already killed black panther 15 years ago. i almost killed his son then.""]",[],bp_3_339_3,"[[42.0, 6.0, 299.0, 89.0], [285.0, 5.0, 486.0, 95.0]]",[],"[[51.0, 201.0, 84.0, 236.0], [321.0, 200.0, 355.0, 233.0]]"
"[""obviously a presidential pardon is appealing.""]",[],bp_3_339_4,"[[555.0, 80.0, 688.0, 143.0]]",[],"[[-1.0, -1.0, -1.0, -1.0]]"
"[""his name is t'challa. son of t'chaka.""]",[],bp_3_340_1,"[[870.0, 91.0, 1007.0, 194.0]]",[],"[[313.0, 3.0, 837.0, 434.0]]"
"[""... you've told us a lot about wakanda, everett. they've got incredible natural resources, technology on par with the u.s.a. --""]",[],bp_3_340_2,"[[55.0, 26.0, 306.0, 150.0]]",[],"[[-1.0, -1.0, -1.0, -1.0]]"
"[""look, son...""]",[],bp_3_341_3,"[[219.0, 58.0, 289.0, 102.0]]",[],"[[37.0, 157.0, 194.0, 378.0]]"
"[""who is it?""]",[],bp_3_344_2,"[[250.0, 95.0, 317.0, 133.0]]",[],"[[-1.0, -1.0, -1.0, -1.0]]"
"[""good choice. when should i come back?""]",[],bp_3_344_4,"[[161.0, 32.0, 340.0, 134.0]]",[],"[[313.0, 88.0, 549.0, 401.0]]"
"[""oh no! call clean-up!""]",[],bp_3_346_0,"[[290.0, 44.0, 423.0, 110.0]]",[],"[[-1.0, -1.0, -1.0, -1.0]]"
"[""excuse me-- sir? are you still here?""]",[],bp_3_346_4,"[[78.0, 18.0, 248.0, 100.0]]",[],"[[253.0, 85.0, 335.0, 171.0]]"
"[""and i thought my hand was dangerous."", ""between the two of us, the black panther doesn't stand a chance!""]",[],bp_3_347_0,"[[303.0, 19.0, 443.0, 96.0], [336.0, 107.0, 485.0, 202.0]]",[],"[[635.0, 9.0, 804.0, 172.0], [634.0, 6.0, 802.0, 171.0]]"
"[""need a lift?"", ""sure sailor.""]",[],bp_3_347_1,"[[46.0, 80.0, 146.0, 128.0], [143.0, 145.0, 223.0, 187.0]]",[],"[[92.0, 347.0, 221.0, 456.0], [318.0, 35.0, 392.0, 161.0]]"
"[""you really are a cannibal."", ""i prefer the term--"", ""whatever,so now you're a woman.how does it feel?""]",[],bp_3_347_3,"[[87.0, 40.0, 230.0, 113.0], [215.0, 99.0, 330.0, 152.0], [320.0, 49.0, 476.0, 131.0]]",[],"[[130.0, 226.0, 183.0, 261.0], [359.0, 228.0, 422.0, 261.0], [127.0, 223.0, 181.0, 259.0]]"
"[""then why go at all, t'challa?"", ""because you asked me to, logan.""]",[],bp_3_350_3,"[[43.0, 5.0, 244.0, 71.0], [242.0, 86.0, 407.0, 182.0]]",[],"[[37.0, 203.0, 186.0, 376.0], [390.0, 138.0, 483.0, 355.0]]"
"[""of course not."", ""in a worst-case scenario, the panther god could consume your immortal soul, but that's pretty unlikely."", ""you're not joking."", ""no.""]",[],bp_3_353_1,"[[10.0, 10.0, 99.0, 71.0], [52.0, 63.0, 260.0, 188.0], [139.0, 403.0, 266.0, 463.0], [114.0, 457.0, 177.0, 494.0]]",[],"[[67.0, 200.0, 96.0, 231.0], [66.0, 200.0, 91.0, 226.0], [131.0, 214.0, 166.0, 242.0], [65.0, 199.0, 96.0, 227.0]]"
"[""then you agree to the ritual."", ""you didn't answer my question"", ""you first"", ""who--?""]",[],bp_3_353_2,"[[37.0, 17.0, 187.0, 99.0], [591.0, 4.0, 808.0, 65.0], [575.0, 46.0, 671.0, 105.0], [630.0, 155.0, 748.0, 209.0]]",[],"[[228.0, 4.0, 526.0, 333.0], [853.0, 86.0, 1051.0, 330.0], [226.0, 3.0, 526.0, 331.0], [854.0, 84.0, 1050.0, 328.0]]"
"[""ah. right on time.""]",[],bp_3_353_3,"[[193.0, 19.0, 319.0, 79.0]]",[],"[[165.0, 77.0, 219.0, 148.0]]"
"[""what the hell?!""]",[],bp_3_354_0,"[[744.0, 65.0, 846.0, 108.0]]",[],"[[519.0, 12.0, 640.0, 118.0]]"
"[""t'challa...?"", ""t'challa...?""]",[],bp_3_354_1,"[[507.0, 31.0, 626.0, 62.0], [588.0, 98.0, 707.0, 127.0]]",[],"[[252.0, 2.0, 490.0, 258.0], [750.0, 4.0, 1047.0, 207.0]]"
"[""i am calling on you--"", ""--two of my oldest and dearest friends--"", ""--to take advantage of the neutral ground that wakanda provides. let the spirit of the day rekindle friendships that are deeper than whatever differences separate us.""]",[],bp_3_355_1,"[[301.0, 3.0, 449.0, 52.0], [456.0, 4.0, 612.0, 91.0], [769.0, 138.0, 1139.0, 248.0]]",[],"[[699.0, 6.0, 785.0, 154.0], [695.0, 2.0, 782.0, 153.0], [695.0, 1.0, 779.0, 152.0]]"
"[""tony, i've listened to you. now listen to me:"", ""this cancer that is eating away at the soul of your country, it has no home here.""]",[],bp_3_357_3,"[[22.0, 8.0, 297.0, 43.0], [87.0, 62.0, 292.0, 146.0]]",[],"[[54.0, 240.0, 251.0, 454.0], [55.0, 239.0, 252.0, 453.0]]"
"[""crystal."", ""give my regards to ororo.tell her i'm sorry i couldn't stay.""]",[],bp_3_357_4,"[[47.0, 17.0, 155.0, 43.0], [46.0, 56.0, 192.0, 162.0]]",[],"[[57.0, 182.0, 104.0, 230.0], [57.0, 182.0, 103.0, 227.0]]"
"[""am i clear?""]",[],bp_3_357_5,"[[41.0, 47.0, 123.0, 89.0]]",[],"[[20.0, 112.0, 273.0, 578.0]]"
"[""let's do this.""]",[],bp_3_359_1,"[[353.0, 24.0, 447.0, 63.0]]",[],"[[165.0, 13.0, 328.0, 181.0]]"
"[""if you would at least consider a conversation, it might be a worth a lot to both of us. my door is always open.""]",[],bp_3_361_3,"[[36.0, 7.0, 259.0, 133.0]]",[],"[[120.0, 274.0, 432.0, 586.0]]"
"[""we must be sure and tell prince namor \""thank you\"" for use of this island. it's uncharted, but more important...""]",[],bp_3_362_2,"[[621.0, 2.0, 909.0, 114.0]]",[],"[[934.0, 5.0, 1149.0, 312.0]]"
"[""behind the smiles and the gifts lurks fear. people look at us as a couple and quiver."", ""too much power, too much wealth, too well connected. they think we might take over the world."", ""so you want to do a goodwill tour to assuage their fears."", ""exactly.""]",[],bp_3_363_1,"[[3.0, 5.0, 352.0, 62.0], [70.0, 64.0, 292.0, 174.0], [305.0, 84.0, 482.0, 183.0], [266.0, 179.0, 375.0, 215.0]]",[],"[[218.0, 222.0, 254.0, 258.0], [218.0, 222.0, 253.0, 256.0], [263.0, 240.0, 306.0, 266.0], [217.0, 220.0, 252.0, 259.0]]"
"[""are we going to see him soon?is there a regular meeting of super-powered monarchs that we'll be attending?"", ""well, not a \""regular meeting,\"" no.but i thought it would be a good idea for us to visit some of the larger centers of global power.""]",[],bp_3_363_3,"[[4.0, 9.0, 327.0, 77.0], [87.0, 497.0, 328.0, 617.0]]",[],"[[22.0, 176.0, 173.0, 318.0], [346.0, 250.0, 552.0, 427.0]]"
"[""you could think that... ..there are no facts to support it, but you could think that.""]",[],bp_3_364_3,"[[209.0, 25.0, 377.0, 212.0]]",[],"[[484.0, 8.0, 916.0, 256.0]]"
"[""i am doom!"", ""goodbye.""]",[],bp_3_365_3,"[[376.0, 36.0, 465.0, 89.0], [773.0, 18.0, 881.0, 54.0]]",[],"[[-1.0, -1.0, -1.0, -1.0], [675.0, 7.0, 752.0, 99.0]]"
"[""what happened to the lights?"", ""what? i can't hear you! my hearing aid isn't working!""]",[],bp_3_366_0,"[[265.0, 39.0, 421.0, 109.0], [346.0, 91.0, 602.0, 197.0]]",[],"[[20.0, 36.0, 257.0, 344.0], [620.0, 104.0, 936.0, 406.0]]"
"[""looks like someone cut your puppets' strings, doom.""]",[],bp_3_366_3,"[[178.0, 209.0, 361.0, 322.0]]",[],"[[173.0, 546.0, 369.0, 810.0]]"
"[""put us down here, please."", ""but the ship won't fly."", ""it will. the vibranium hull protected it from the effect of the emp.""]",[],bp_3_367_1,"[[450.0, 5.0, 623.0, 53.0], [422.0, 52.0, 559.0, 116.0], [522.0, 103.0, 704.0, 193.0]]",[],"[[294.0, 138.0, 537.0, 345.0], [163.0, 2.0, 326.0, 183.0], [297.0, 139.0, 534.0, 341.0]]"
"[""and who's in this \""super hero army\""?"", ""well, the core members are panther, storm, dr. doom and namor. the new \""frightful four."", ""are you saying they call themselves that?""]",[],bp_3_368_0,"[[321.0, 264.0, 456.0, 323.0], [250.0, 324.0, 447.0, 411.0], [347.0, 418.0, 451.0, 484.0]]",[],"[[-1.0, -1.0, -1.0, -1.0], [-1.0, -1.0, -1.0, -1.0], [-1.0, -1.0, -1.0, -1.0]]"
"[""so what happens when this bad information blows up like yellow cake?"", ""i have a feeling wakanda will blow up first.""]",[],bp_3_368_4,"[[110.0, 224.0, 274.0, 307.0], [36.0, 286.0, 135.0, 357.0]]",[],"[[133.0, 33.0, 216.0, 137.0], [-1.0, -1.0, -1.0, -1.0]]"
"[""oh hi! i'm tigra. we haven't really met. just kind of in those big rooms with every avenger assembled now and then...""]",[],bp_3_370_2,"[[169.0, 324.0, 363.0, 428.0]]",[],"[[215.0, 51.0, 277.0, 119.0]]"
"[""so we meet again..."", ""ah, my \""secret weapon."", ""i've thought about you a lot since katrina. i'd really like to... work with you more. develop my abilities. i think i could learn a lot from you."", ""i'm glad to hear that, monica."", ""i appreciate that you came to the wedding."", ""it was hard, i'll tell you that."", ""speaking of which, where is your wife...?"", ""at the embassy."", ""oh.""]",[],bp_3_372_0,"[[276.0, 58.0, 375.0, 129.0], [817.0, 238.0, 929.0, 299.0], [49.0, 736.0, 307.0, 841.0], [94.0, 1016.0, 225.0, 1083.0], [320.0, 741.0, 479.0, 804.0], [479.0, 739.0, 597.0, 802.0], [334.0, 1111.0, 469.0, 1190.0], [707.0, 761.0, 810.0, 827.0], [803.0, 890.0, 863.0, 938.0]]",[],"[[359.0, 190.0, 447.0, 285.0], [772.0, 331.0, 851.0, 417.0], [221.0, 903.0, 306.0, 1009.0], [74.0, 832.0, 183.0, 966.0], [393.0, 859.0, 441.0, 915.0], [495.0, 815.0, 576.0, 898.0], [494.0, 813.0, 558.0, 891.0], [686.0, 817.0, 731.0, 875.0], [785.0, 968.0, 825.0, 1017.0]]"
"[""...about registration.""]",[],bp_3_373_0,"[[373.0, 33.0, 501.0, 74.0]]",[],"[[279.0, 55.0, 348.0, 145.0]]"
"[""you were saying?""]",[],bp_3_374_0,"[[518.0, 12.0, 609.0, 59.0]]",[],"[[347.0, 14.0, 529.0, 201.0]]"
"[""wow, what a finish!""]",[],bp_3_375_0,"[[311.0, 39.0, 397.0, 99.0]]",[],"[[428.0, 52.0, 575.0, 205.0]]"
"[""look, are you okay? because i'm going to look for reed now."", ""oh...i'm fine. i need to look for my husband, too.""]",[],bp_3_375_3,"[[29.0, 6.0, 181.0, 55.0], [103.0, 59.0, 197.0, 121.0]]",[],"[[80.0, 183.0, 132.0, 259.0], [223.0, 142.0, 300.0, 221.0]]"
"[""wow, did you know he was that strong? i mean he's hercules, but still--"", ""i don't think he's going to need our assistance on this one.""]",[],bp_3_375_4,"[[14.0, 1.0, 194.0, 58.0], [194.0, 4.0, 355.0, 71.0]]",[],"[[82.0, 126.0, 170.0, 237.0], [195.0, 97.0, 306.0, 229.0]]"
"[""no... no..."", ""fear not, daughter. we will reconnect you to your essence.""]",[],bp_3_377_0,"[[30.0, 72.0, 102.0, 129.0], [104.0, 52.0, 291.0, 152.0]]",[],"[[89.0, 533.0, 345.0, 824.0], [235.0, 161.0, 334.0, 258.0]]"
"[""even if they can't, you can take panther-training..."", ""maybe xavier -- even emma -- maybe they can help ...""]",[],bp_3_377_2,"[[207.0, 365.0, 365.0, 481.0], [49.0, 354.0, 206.0, 460.0]]",[],"[[260.0, 20.0, 376.0, 185.0], [140.0, 516.0, 363.0, 909.0]]"
"[""damn, i can't... stay lit!""]",[],bp_3_379_0,"[[297.0, 344.0, 429.0, 431.0]]",[],"[[592.0, 98.0, 776.0, 293.0]]"
"[""look at 'em. now he's got the crowd on his side. and you can imagine how they're celebratin' up in harlem."", ""this ain't a good look for biggie.... not at all.""]",[],bp_3_381_1,"[[800.0, 14.0, 1020.0, 152.0], [1050.0, 34.0, 1250.0, 133.0]]",[],"[[982.0, 159.0, 1055.0, 266.0], [1103.0, 191.0, 1179.0, 280.0]]"
"[""still don't trust me? that's okay. i don't trust you either."", ""as long as we understand each other.""]",[],bp_3_382_1,"[[154.0, 36.0, 323.0, 143.0], [162.0, 144.0, 368.0, 228.0]]",[],"[[432.0, 84.0, 1045.0, 462.0], [431.0, 82.0, 1044.0, 460.0]]"
"[""but you seem right at home down here.""]",[],bp_3_382_3,"[[91.0, 24.0, 250.0, 106.0]]",[],"[[154.0, 205.0, 343.0, 423.0]]"
"[""sure ya do!you might have erased every image of me when i tore this little playhouse down years ago, but you know who i am and what i did to you!""]",[],bp_3_384_2,"[[276.0, 64.0, 548.0, 237.0]]",[],"[[218.0, 206.0, 258.0, 236.0]]"
"[""daddy, that true?"", ""sssssh!!!""]",[],bp_3_384_4,"[[42.0, 84.0, 159.0, 160.0], [205.0, 69.0, 327.0, 121.0]]",[],"[[147.0, 178.0, 271.0, 321.0], [300.0, 154.0, 450.0, 320.0]]"
"[""you men! the cannon is destroyed. the warriors you enslaved are free and are all looking for you. are you really going to stand here in an attempt to protect a dead man?""]",[],bp_3_385_0,"[[454.0, 17.0, 728.0, 187.0]]",[],"[[307.0, 133.0, 410.0, 272.0]]"
"[""your time is over.""]",[],bp_3_385_2,"[[59.0, 204.0, 151.0, 272.0]]",[],"[[-1.0, -1.0, -1.0, -1.0]]"
"[""amandla... brothers and sisters.""]",[],bp_3_386_2,"[[895.0, 35.0, 1071.0, 119.0]]",[],"[[387.0, 5.0, 839.0, 346.0]]"
"[""c'mon, don't take it personal.it was just a business."", ""our\""business\"" is concluded.your trial will be short and death, an example."", ""i like it!does this sister have a sister?""]",[],bp_3_387_0,"[[531.0, 59.0, 745.0, 157.0], [466.0, 230.0, 713.0, 333.0], [1050.0, 527.0, 1188.0, 624.0]]",[],"[[576.0, 365.0, 809.0, 592.0], [298.0, 24.0, 493.0, 254.0], [1049.0, 138.0, 1142.0, 268.0]]"
"[""whatya think, t'charlie?"", ""looks pretty real. i've read reed's manuals on skrull technology. i should be able to pilot us home."", ""sounds like a great read at the beach."", ""actually, yes.""]",[],bp_3_388_1,"[[54.0, 19.0, 192.0, 100.0], [191.0, 17.0, 445.0, 147.0], [460.0, 112.0, 649.0, 196.0], [354.0, 467.0, 489.0, 527.0]]",[],"[[18.0, 257.0, 140.0, 394.0], [310.0, 163.0, 435.0, 352.0], [522.0, 374.0, 612.0, 517.0], [311.0, 170.0, 432.0, 349.0]]"
"[""don't worry. you won't be needing this craft. you're going home to earth alright."", ""oh no!the frogs!!!"", ""you know these cats? i mean fr--"", ""move away before--""]",[],bp_3_389_0,"[[498.0, 30.0, 721.0, 135.0], [527.0, 430.0, 628.0, 496.0], [636.0, 456.0, 771.0, 519.0], [967.0, 739.0, 1065.0, 798.0]]",[],"[[225.0, 112.0, 317.0, 222.0], [424.0, 489.0, 530.0, 646.0], [564.0, 553.0, 674.0, 705.0], [994.0, 495.0, 1142.0, 613.0]]"
"[""tell them to go to hell, honey."", ""go to hell, you bastards."", ""i understand.you are of royal blood. you come from a long line of kings. your pride will not let you give in, despite the hopelessness of your situation."", ""do not worry though ..."", ""we have beeaten the pride out of greater kings than you.""]",[],bp_3_391_0,"[[303.0, 420.0, 476.0, 520.0], [313.0, 557.0, 456.0, 647.0], [786.0, 495.0, 1042.0, 632.0], [837.0, 629.0, 971.0, 701.0], [483.0, 799.0, 642.0, 922.0]]",[],"[[512.0, 386.0, 696.0, 644.0], [151.0, 526.0, 287.0, 731.0], [1103.0, 553.0, 1172.0, 624.0], [1102.0, 550.0, 1178.0, 617.0], [190.0, 799.0, 284.0, 894.0]]"
"[""look at your wife, that collar neutralizes her powers, making them as useful as a bosom on a brood queen."", ""you have no more options. accept that you've lost. tell your people to stand down.""]",[],bp_3_391_1,"[[55.0, 57.0, 280.0, 193.0], [276.0, 37.0, 459.0, 183.0]]",[],"[[158.0, 278.0, 327.0, 405.0], [157.0, 276.0, 325.0, 401.0]]"
"[""hey happy! i'm going to meander out to that barn and have another look! you wait here..."", ""shore will, tim (p-too!)""]",[],407_6_2,"[[10.0, 18.0, 292.0, 122.0], [290.0, 11.0, 397.0, 91.0]]",[],"[[79.0, 129.0, 162.0, 221.0], [227.0, 119.0, 351.0, 211.0]]"
"[""oh boy! the day for the big race is finally here!""]",['sullavilk skates derby'],40_22_1,"[[154.0, 210.0, 456.0, 375.0]]","[[103.0, 0.0, 577.0, 45.0]]","[[516.0, 45.0, 651.0, 184.0]]"
"[""i got ya now-w-wow!"", ""careful with that club junior!""]",[],410_7_2,"[[0.0, 0.0, 173.0, 60.0], [181.0, 0.0, 404.0, 61.0]]",[],"[[99.0, 94.0, 160.0, 154.0], [216.0, 108.0, 277.0, 173.0]]"
"[""do you own this dump, bud?"", ""oof---i certainly do! what is the meaning of this outrage? who are you? what do you want?""]",[],416_20_0,"[[15.0, 10.0, 167.0, 86.0], [167.0, 8.0, 393.0, 136.0]]",[],"[[105.0, 130.0, 170.0, 205.0], [217.0, 122.0, 268.0, 188.0]]"
"[""wait-i just got an idee! colonel duncan has brought his rodeo to cimarron city! he oughtta pay a fair price for a blickin' hoss like this one!"", ""whatever we got would be better than nothin'!""]",[],436_18_6,"[[12.0, 2.0, 452.0, 138.0], [415.0, 4.0, 601.0, 148.0]]",[],"[[84.0, 149.0, 370.0, 390.0], [354.0, 219.0, 489.0, 393.0]]"
"[""you're too quick to reach for your gun, lucky!"", ""lucky? you know me sheriff! my name ain't lucky!""]",[],441_18_3,"[[0.0, 12.0, 273.0, 143.0], [313.0, 12.0, 534.0, 143.0]]",[],"[[63.0, 295.0, 157.0, 376.0], [336.0, 260.0, 484.0, 378.0]]"
"[""oh pardon me! i was looking for the bath"", ""the next door stupid!""]",[],45_45_7,"[[62.0, 12.0, 242.0, 74.0], [221.0, 13.0, 305.0, 97.0]]",[],"[[180.0, 75.0, 216.0, 119.0], [231.0, 115.0, 260.0, 149.0]]"
"[""this time, champ, i'm ready for you""]",[],45_55_5,"[[459.0, 29.0, 641.0, 84.0]]",[],"[[394.0, 71.0, 452.0, 125.0]]"
"[""bully for ludwig! he did not fail us"", ""so this is the precious instrument that six nations are after""]",['however:'],45_55_7,"[[99.0, 35.0, 228.0, 102.0], [224.0, 33.0, 377.0, 117.0]]","[[5.0, 20.0, 136.0, 65.0]]","[[193.0, 115.0, 227.0, 147.0], [250.0, 118.0, 281.0, 147.0]]"
"[""nothing... is the... matter"", ""something is worrying that boy! i'm going to follow him, bob!""]",[],462_3_2,"[[8.0, 26.0, 140.0, 92.0], [175.0, 26.0, 363.0, 122.0]]",[],"[[48.0, 146.0, 148.0, 254.0], [240.0, 239.0, 271.0, 282.0]]"
"[""oh dear!""]",[],46_15_0,"[[228.0, 225.0, 331.0, 290.0]]",[],"[[353.0, 161.0, 458.0, 250.0]]"
"[""you fight each other because you are dissatisfied -- because your morale is weak because you cannot win the war, no?"", ""sure! we're fed up with the whole deal!"", ""wha?""]",[],46_22_2,"[[9.0, 10.0, 252.0, 196.0], [225.0, 13.0, 349.0, 177.0], [201.0, 159.0, 282.0, 203.0]]",[],"[[38.0, 222.0, 112.0, 304.0], [260.0, 218.0, 334.0, 285.0], [156.0, 212.0, 229.0, 282.0]]"
"[""so sorry if i jump this gun!""]",[],473_18_4,"[[173.0, 29.0, 342.0, 112.0]]",[],"[[157.0, 304.0, 217.0, 370.0]]"
"[""this!""]",['eddie flings himself backward... the candle flips into th and lands outside the circle of dry straw!'],48_44_1,"[[614.0, 158.0, 738.0, 247.0]]","[[7.0, 2.0, 667.0, 65.0]]","[[535.0, 215.0, 604.0, 288.0]]"
"[""yup-- this question ought to get a rise out of him""]",[],490_29_4,"[[141.0, 11.0, 608.0, 141.0]]",[],"[[109.0, 123.0, 282.0, 344.0]]"
"[""a pistol is too dangerous a toy to play with""]",[],492_7_0,"[[49.0, 8.0, 653.0, 134.0]]",[],"[[468.0, 104.0, 551.0, 196.0]]"
"[""phooey.. phooey.. phooeym!! what a life!""]",[],494_46_2,"[[121.0, 64.0, 354.0, 180.0]]",[],"[[79.0, 246.0, 162.0, 312.0]]"
"[""there's something very strange about that weapon! --and i'm going to know what!""]",[],496_7_1,"[[0.0, 7.0, 128.0, 98.0]]",[],"[[32.0, 101.0, 132.0, 277.0]]"
"[""we lost her.my sword sister is gone.""]",[],bp_4_398_0,"[[828.0, 28.0, 1044.0, 124.0]]",[],"[[824.0, 117.0, 936.0, 266.0]]"
"[""don't leave me, beloved."", ""please...""]",[],bp_4_398_3,"[[737.0, 22.0, 849.0, 80.0], [842.0, 77.0, 944.0, 102.0]]",[],"[[422.0, 58.0, 652.0, 314.0], [422.0, 58.0, 652.0, 311.0]]"
"[""so tell me what do you know."", ""your task won't be easy. the tug of the afterlife is very strong. the longer one stays there, the more powerful its gravity.""]",[],bp_4_399_1,"[[285.0, 25.0, 430.0, 91.0], [316.0, 98.0, 541.0, 266.0]]",[],"[[46.0, 35.0, 280.0, 331.0], [388.0, 303.0, 570.0, 520.0]]"
"[""life isn't a poem, my love."", ""and this isn't a storybook...""]",[],bp_4_403_1,"[[28.0, 22.0, 186.0, 103.0], [76.0, 112.0, 278.0, 172.0]]",[],"[[421.0, 21.0, 616.0, 301.0], [423.0, 18.0, 611.0, 298.0]]"
"[""you mean time for us to go home.""]",[],bp_4_403_5,"[[980.0, 29.0, 1105.0, 137.0]]",[],"[[629.0, 3.0, 892.0, 227.0]]"
"[""my p.r.i.d.e. has uncovered some very disturbing links between the weapons used in the attack on me and an old friend of yours."", ""oh?who?"", ""prince namor."", ""shuri... tell me everything.""]",['princess regent inteligence division executives -editor'],bp_4_405_1,"[[134.0, 20.0, 399.0, 178.0], [412.0, 130.0, 490.0, 191.0], [498.0, 99.0, 600.0, 177.0], [669.0, 352.0, 850.0, 447.0]]","[[384.0, 593.0, 629.0, 658.0]]","[[107.0, 191.0, 333.0, 466.0], [393.0, 230.0, 450.0, 299.0], [109.0, 189.0, 330.0, 465.0], [861.0, 349.0, 1077.0, 636.0]]"
"[""robert courtney is dead!"", ""isn't that a shame, mike! he was such a gifted artist!""]",[],507_14_0,"[[119.0, 35.0, 511.0, 150.0], [533.0, 44.0, 835.0, 225.0]]",[],"[[432.0, 218.0, 497.0, 285.0], [601.0, 387.0, 861.0, 791.0]]"
"[""hurry beetle jump!""]","['with a quick slash, he cuts the blue beetles bonds just as he is about to be drawn between the rollers']",511_31_4,"[[84.0, 110.0, 458.0, 195.0]]","[[0.0, 16.0, 619.0, 124.0]]","[[342.0, 222.0, 448.0, 326.0]]"
"[""you are safe, lura, my mate!""]",[],513_33_3,"[[266.0, 0.0, 476.0, 84.0]]",[],"[[405.0, 241.0, 470.0, 315.0]]"
"[""wow! i'm off!!"", ""dick! stop!""]",[],514_12_4,"[[25.0, 38.0, 196.0, 148.0], [410.0, 6.0, 593.0, 141.0]]",[],"[[153.0, 175.0, 220.0, 224.0], [657.0, 119.0, 723.0, 183.0]]"
"[""what's all excitement chief?""]",['- a notorious racketeer makes his escape from the federal penitentiary - and the news is quickly flashed to the office of the daily globe where pat patton young staff photographer awaits an assignment........'],528_24_3,"[[437.0, 268.0, 564.0, 363.0]]","[[14.0, 63.0, 249.0, 335.0]]","[[486.0, 380.0, 540.0, 443.0]]"
"[""this is a lucky break! the cons probably had this car ready for use but discovered they didnt need it! i hope it has plenty of speed!.. i'll need it!""]",[],532_51_6,"[[20.0, 14.0, 539.0, 119.0]]",[],"[[361.0, 145.0, 422.0, 225.0]]"
"[""that's easily arranged, too, on your guard!"", ""ho! this will be good!""]",[],533_58_2,"[[32.0, 9.0, 284.0, 68.0], [146.0, 70.0, 264.0, 143.0]]",[],"[[189.0, 150.0, 235.0, 214.0], [92.0, 77.0, 135.0, 134.0]]"
"[""we cannot allow these radical theories to be taugh here!""]","[""galileo's superiors at the university confer""]",538_53_3,"[[20.0, 44.0, 263.0, 162.0]]","[[6.0, 0.0, 266.0, 44.0]]","[[111.0, 78.0, 165.0, 143.0]]"
"[""here master reggie as you ordered..."", ""well-- he hee! very good alec! it worked! soon your spell will be gone and you'll be yourself again! heh-heh!"", ""but you won't remember any of this!""]",['the spellbound alex presented these gruesome trophies to his master the next morning'],53_11_0,"[[0.0, 87.0, 304.0, 154.0], [146.0, 106.0, 372.0, 340.0], [108.0, 418.0, 329.0, 518.0]]","[[0.0, 0.0, 370.0, 93.0]]","[[67.0, 151.0, 148.0, 245.0], [275.0, 279.0, 350.0, 361.0], [275.0, 280.0, 347.0, 361.0]]"
"[""i still can't believe that billings could be so short-sighted! instead of seeing the good of my bill - all he could see was the expense! no wonder the juvenile courts of our city are jammed with cases!""]",[],547_4_0,"[[31.0, 16.0, 389.0, 211.0]]",[],"[[53.0, 271.0, 217.0, 469.0]]"
"[""you have disgraced us!!!""]",[],568_7_3,"[[83.0, 30.0, 269.0, 110.0]]",[],"[[-1.0, -1.0, -1.0, -1.0]]"
"[""shinto was the decent japanese who wanted to redeem his country's honor! if he dies, captain nippo will pay for it!""]",['what does captain courageous do to captain'],56_46_6,"[[15.0, 13.0, 278.0, 169.0]]","[[0.0, 323.0, 304.0, 362.0]]","[[180.0, 159.0, 252.0, 244.0]]"
"[""good for you! but i want you to do me a favor while i'm trailin' the hombre who killed the sheriff of saddle butte!"", ""old jud conrady? you mean he's dead?""]",[],577_5_5,"[[0.0, 1.0, 301.0, 176.0], [295.0, 81.0, 564.0, 192.0]]",[],"[[125.0, 192.0, 147.0, 211.0], [227.0, 209.0, 249.0, 227.0]]"
"[""going somewhere, mister headless horror?"", ""huh, me? but spike o'toole was the one!""]",[],583_7_6,"[[3.0, 2.0, 174.0, 59.0], [167.0, 2.0, 339.0, 64.0]]",[],"[[64.0, 92.0, 76.0, 104.0], [210.0, 40.0, 244.0, 80.0]]"
"[""i feel a little bit embarrassed riding on a horse that carries on a conversation\twith me!""]",[],600_49_1,"[[44.0, 19.0, 658.0, 188.0]]",[],"[[446.0, 293.0, 524.0, 376.0]]"
"[""wha..."", ""hey!"", ""this heavy curtain will stop them!"", ""no--no don't tak the kono\tohhhhhh""]",['but the wily ali hassan comes to his feet and...'],609_7_4,"[[10.0, 161.0, 118.0, 273.0], [90.0, 206.0, 198.0, 320.0], [216.0, 89.0, 440.0, 185.0], [435.0, 105.0, 569.0, 327.0]]","[[0.0, 7.0, 453.0, 90.0]]","[[29.0, 423.0, 54.0, 454.0], [29.0, 423.0, 54.0, 454.0], [272.0, 293.0, 325.0, 345.0], [-1.0, -1.0, -1.0, -1.0]]"
"[""am i happy!"", ""we're safe! we're free!"", ""now to find some way to get out o this blasted country.""]",[],616_6_2,"[[98.0, 27.0, 183.0, 84.0], [152.0, 47.0, 244.0, 146.0], [202.0, 90.0, 313.0, 229.0]]",[],"[[-1.0, -1.0, -1.0, -1.0], [-1.0, -1.0, -1.0, -1.0], [-1.0, -1.0, -1.0, -1.0]]"
"[""shortly after the episode!"", ""she certainly is a remarkable person!""]",[],623_16_6,"[[0.0, 1.0, 321.0, 101.0], [0.0, 221.0, 385.0, 383.0]]",[],"[[282.0, 47.0, 343.0, 127.0], [142.0, 399.0, 245.0, 507.0]]"
"[""owooh! hit twice! i won't be much good now! i better get home while i can!""]",[],624_43_5,"[[2.0, 0.0, 437.0, 100.0]]",[],"[[157.0, 466.0, 260.0, 590.0]]"
"[""there he is -- holy smokes! it's a mummy --  hey you -- stop!""]",[],627_16_5,"[[114.0, 0.0, 504.0, 167.0]]",[],"[[61.0, 87.0, 151.0, 187.0]]"
"[""and the only way to protect them, is to fight back at their murderers...""]",[],636_28_4,"[[23.0, 19.0, 352.0, 120.0]]",[],"[[342.0, 158.0, 478.0, 275.0]]"
"[""so long ranger!""]",[],641_52_1,"[[26.0, 24.0, 297.0, 84.0]]",[],"[[62.0, 189.0, 182.0, 315.0]]"
"[""yes! <FEEDBACK yes!!>""]",[],641_9_3,"[[553.0, 33.0, 736.0, 243.0]]",[],"[[458.0, 461.0, 591.0, 612.0]]"
"[""and finally this --token to man's best friend--!!""]",['the end--'],642_39_5,"[[11.0, 11.0, 444.0, 156.0]]","[[66.0, 610.0, 502.0, 693.0]]","[[-1.0, -1.0, -1.0, -1.0]]"
"[""we'll wait till dark then we'll scale the wall and see what we can do about locating the big noise"", ""oh boy! this feels good! yeah!!""]",[],649_54_6,"[[251.0, 0.0, 516.0, 62.0], [254.0, 91.0, 425.0, 143.0]]",[],"[[541.0, 10.0, 575.0, 43.0], [371.0, 140.0, 414.0, 186.0]]"
"[""there -- it is finished! and now --""]",[],64_5_4,"[[24.0, 76.0, 229.0, 171.0]]",[],"[[210.0, 170.0, 256.0, 230.0]]"
"[""oh! mr. reynolds, you were magnificen--- and you dance so divine!!"", ""i bet you tell that to all the boys...""]",[],653_29_2,"[[0.0, 0.0, 393.0, 183.0], [299.0, 4.0, 625.0, 187.0]]",[],"[[145.0, 238.0, 257.0, 337.0], [324.0, 200.0, 433.0, 319.0]]"
"[""no time to waste!""]",['he rushes out in his shirt sleeves.'],654_44_2,"[[232.0, 149.0, 434.0, 265.0]]","[[17.0, 18.0, 398.0, 108.0]]","[[210.0, 255.0, 239.0, 282.0]]"
"[""gulp!""]",[],668_27_4,"[[143.0, 14.0, 296.0, 116.0]]",[],"[[48.0, 195.0, 102.0, 243.0]]"
"[""this will finish you-- oooomp!""]",[],668_47_1,"[[0.0, 18.0, 152.0, 137.0]]",[],"[[-1.0, -1.0, -1.0, -1.0]]"
"[""... i bought it with the five dollars i saved!""]",[],677_14_5,"[[0.0, 0.0, 317.0, 53.0]]",[],"[[74.0, 58.0, 132.0, 106.0]]"
"[""the language is incredibly ancient, but luckily, l under-stand it! seems to be a kind of encyclopedia! it contains information that i never knew existed!""]",[],678_4_3,"[[9.0, 0.0, 268.0, 131.0]]",[],"[[6.0, 99.0, 86.0, 185.0]]"
"[""things... getting... worse! molasses freezing...""]",[],682_59_1,"[[15.0, 16.0, 244.0, 187.0]]",[],"[[-1.0, -1.0, -1.0, -1.0]]"
"[""hurray! it worked! pater will never hire me again! thanks, jonah, for getting me fired!"", ""i'm out of a job again!"", ""guess i'll go too""]",[],683_59_5,"[[22.0, 0.0, 265.0, 164.0], [255.0, 6.0, 361.0, 138.0], [379.0, 13.0, 485.0, 109.0]]",[],"[[142.0, 147.0, 207.0, 215.0], [238.0, 150.0, 295.0, 201.0], [348.0, 185.0, 404.0, 243.0]]"
"[""oooh!"", ""ha! you lie! but we shall see who is the better man! if you love miss weatherby you will fight for her, no?""]",[],685_24_2,"[[16.0, 52.0, 173.0, 162.0], [114.0, 1.0, 659.0, 140.0]]",[],"[[23.0, 188.0, 101.0, 282.0], [237.0, 150.0, 319.0, 252.0]]"
"[""awah!""]",['firs nati bank'],688_19_5,"[[16.0, 7.0, 153.0, 70.0]]","[[418.0, 9.0, 473.0, 73.0]]","[[55.0, 190.0, 135.0, 256.0]]"
"[""and now for the machine itself-  captain marvel!""]",[],693_43_4,"[[11.0, 10.0, 291.0, 107.0]]",[],"[[54.0, 288.0, 103.0, 332.0]]"
"[""guilty!"", ""i sentence jagga to the electric chair!""]",['the jury does not even leave the box to reach a verdict---'],701_26_4,"[[18.0, 103.0, 228.0, 184.0], [225.0, 103.0, 430.0, 239.0]]","[[0.0, 14.0, 424.0, 123.0]]","[[63.0, 179.0, 208.0, 351.0], [263.0, 277.0, 327.0, 367.0]]"
"[""depress third button... kitanic force will break collar weld... hurry!""]",[],704_24_3,"[[5.0, 17.0, 190.0, 87.0]]",[],"[[-1.0, -1.0, -1.0, -1.0]]"
"[""i never thought i'd see the liner again. looks as though we're going to have something to study instead of being studied.""]",['a little later'],706_32_5,"[[0.0, 40.0, 240.0, 209.0]]","[[3.0, 0.0, 211.0, 48.0]]","[[21.0, 227.0, 143.0, 358.0]]"
"[""courage! we will save you!"", ""bridge is down and we are lost.""]",[],716_16_2,"[[27.0, 38.0, 213.0, 105.0], [356.0, 28.0, 572.0, 102.0]]",[],"[[206.0, 147.0, 253.0, 195.0], [429.0, 140.0, 483.0, 188.0]]"
"[""boy, this vs some thing!"", ""most delicious thing ever'et!"", ""this is some chow!"", ""three cheers for matzi nogi!""]",['the prediction of matzi nogi proves true!'],718_7_6,"[[24.0, 48.0, 149.0, 128.0], [149.0, 49.0, 333.0, 131.0], [340.0, 49.0, 445.0, 135.0], [441.0, 44.0, 557.0, 146.0]]","[[7.0, 13.0, 556.0, 54.0]]","[[69.0, 169.0, 144.0, 256.0], [201.0, 180.0, 264.0, 238.0], [344.0, 199.0, 386.0, 245.0], [443.0, 210.0, 477.0, 255.0]]"
"[""oh-hh!""]","['then, with superhuman force...']",71_4_6,"[[180.0, 0.0, 304.0, 45.0]]","[[2.0, 4.0, 163.0, 90.0]]","[[209.0, 81.0, 283.0, 144.0]]"
"[""here it is boss! no trouble at all!"", ""good work boys! one more haul like this one and we can take it easy!""]",[],721_40_5,"[[0.0, 2.0, 240.0, 79.0], [168.0, 155.0, 334.0, 331.0]]",[],"[[110.0, 228.0, 151.0, 287.0], [283.0, 328.0, 328.0, 405.0]]"
"[""wow! it's about time those guys had enough-- i'm played out myself!"", ""is... is""]",['that night after'],723_53_0,"[[77.0, 41.0, 315.0, 170.0], [223.0, 0.0, 316.0, 43.0]]","[[0.0, 422.0, 167.0, 449.0]]","[[187.0, 174.0, 283.0, 285.0], [-1.0, -1.0, -1.0, -1.0]]"
"[""young man! just for being an hour late, you won't get your supper. now go right up to your room and stay there!"", ""aw, ma!""]",[],726_42_7,"[[1.0, 0.0, 230.0, 208.0], [52.0, 213.0, 185.0, 256.0]]",[],"[[111.0, 117.0, 229.0, 208.0], [30.0, 276.0, 102.0, 355.0]]"
"[""stop him-- stop him!""]",[],727_43_3,"[[187.0, 17.0, 411.0, 101.0]]",[],"[[256.0, 256.0, 312.0, 312.0]]"
"[""i'm gonna make you apologize to miss millie!""]",['meanwhile....'],733_30_0,"[[34.0, 58.0, 336.0, 162.0]]","[[0.0, 10.0, 386.0, 65.0]]","[[125.0, 169.0, 188.0, 268.0]]"
"[""the curse of the queen of the nile has been exacted! and the unjust murder of my kinswoman avenged!""]","[""the queen of the nile, her mission accomplished stands majestically watching bingham's horrible death...!""]",742_14_4,"[[37.0, 97.0, 464.0, 189.0]]","[[0.0, 16.0, 552.0, 99.0]]","[[220.0, 211.0, 278.0, 307.0]]"
"[""easy does it...""]",['just thou -this the ticking a a cheap'],757_51_4,"[[23.0, 32.0, 211.0, 205.0]]","[[637.0, 329.0, 780.0, 544.0]]","[[187.0, 208.0, 259.0, 276.0]]"
"[""keeno!"", ""hmm- you found that dog collar!! you sneaking little--! so you're working with that chinese detective chan!""]",[],759_45_11,"[[2.0, 25.0, 103.0, 90.0], [93.0, 2.0, 261.0, 107.0]]",[],"[[66.0, 134.0, 110.0, 180.0], [161.0, 120.0, 231.0, 197.0]]"
"[""more suitable moment for explanations will come later! hasty departure from unpleasant place more appropriate now!""]",[],759_7_9,"[[49.0, 39.0, 322.0, 144.0]]",[],"[[181.0, 145.0, 259.0, 245.0]]"
"[""n-now what the world could've frightened him?""]",[],763_24_6,"[[65.0, 15.0, 421.0, 123.0]]",[],"[[174.0, 168.0, 438.0, 325.0]]"
"[""i hope you're right, sir!"", ""i hope so too, lieutenant! all right men-- you'll return to your commands and begin the advance! try to reach the valley floor by darkness. send up green rockets when you've made your positions!""]",[],765_14_5,"[[3.0, 10.0, 186.0, 87.0], [133.0, 14.0, 560.0, 229.0]]",[],"[[2.0, 216.0, 137.0, 478.0], [328.0, 247.0, 508.0, 417.0]]"
"[""shame! you two grls fighting over a man."", ""i think now cisco take a walk!"", ""listen gran'papa... i have an idea""]",[],770_9_4,"[[9.0, 24.0, 244.0, 98.0], [204.0, 23.0, 376.0, 101.0], [362.0, 20.0, 509.0, 114.0]]",[],"[[114.0, 103.0, 165.0, 139.0], [242.0, 81.0, 289.0, 123.0], [418.0, 122.0, 475.0, 168.0]]"
"[""oh..  look! he took a dive!""]","[""ll dreams must end it s true, but sad, et's see what gives with our drooly lad""]",772_20_1,"[[304.0, 84.0, 528.0, 189.0]]","[[0.0, 1.0, 576.0, 71.0]]","[[186.0, 132.0, 294.0, 254.0]]"
"[""boy! this is something! good thing this message was intercepted!"", ""what's the nature of it, sir?""]",[],776_44_1,"[[0.0, 3.0, 336.0, 203.0], [460.0, 7.0, 729.0, 135.0]]",[],"[[153.0, 282.0, 225.0, 386.0], [406.0, 235.0, 480.0, 318.0]]"
"[""officer, i demand that you do some-thing to get my car back gulp"", ""jeepers! it's rainin' guys!""]",['while on the ground..'],776_65_3,"[[27.0, 50.0, 338.0, 253.0], [346.0, 61.0, 593.0, 176.0]]","[[144.0, 6.0, 649.0, 70.0]]","[[214.0, 292.0, 275.0, 371.0], [522.0, 299.0, 573.0, 386.0]]"
"[""wow! what a wallop that was!.... what the? that must have been the same gang mentioned in that news flash! my lampshade is gone!!!""]",['later.... as tom recovers....'],781_35_6,"[[22.0, 118.0, 411.0, 382.0]]","[[13.0, 53.0, 369.0, 128.0]]","[[247.0, 423.0, 330.0, 514.0]]"
"[""great thunder! kitty!""]",['meanwhile kitty has ventured forward...'],782_47_4,"[[1.0, 39.0, 328.0, 126.0]]","[[0.0, 0.0, 334.0, 51.0]]","[[113.0, 142.0, 177.0, 194.0]]"
"[""now that it's over i could kiss that big guy for savin' us from makin' muggs of ourselves!"", ""we musta been crazy- and big jc feels glad too-  he slept tonight for the first time in da""]",[],791_22_1,"[[0.0, 27.0, 376.0, 162.0], [424.0, 10.0, 661.0, 179.0]]",[],"[[203.0, 154.0, 266.0, 246.0], [417.0, 162.0, 499.0, 253.0]]"
"[""i'm on my way, major!"", ""good luck!""]",[],793_1_5,"[[26.0, 1.0, 102.0, 45.0], [121.0, 0.0, 170.0, 40.0]]",[],"[[46.0, 57.0, 63.0, 71.0], [123.0, 55.0, 149.0, 87.0]]"
"[""sorry-- but i'd like my ship back--""]",['and at the same time--'],795_9_2,"[[34.0, 68.0, 487.0, 174.0]]","[[25.0, 5.0, 553.0, 75.0]]","[[164.0, 185.0, 282.0, 294.0]]"
"[""gosh, can i see the diploma and the sled and the.."", ""wal, y'see son- them washington folk put the sled in the smithsonian institute! and the diploma wal one day i changed amuk into a goat - and he et it up!""]",[],810_32_3,"[[4.0, 0.0, 369.0, 88.0], [157.0, 64.0, 580.0, 246.0]]",[],"[[163.0, 284.0, 283.0, 395.0], [309.0, 251.0, 456.0, 415.0]]"
"[""perhaps they're glad to see someone, and will properly greet... ouch! see what i mean!!""]",[],812_20_4,"[[0.0, 29.0, 319.0, 148.0]]",[],"[[141.0, 229.0, 295.0, 439.0]]"
"[""ha!!.. your misery is so enjoyable.. i hesitate to destroy you so easily..!""]",[],817_9_4,"[[16.0, 0.0, 313.0, 70.0]]",[],"[[133.0, 91.0, 282.0, 248.0]]"
"[""insurance man! you mean the guy i just met down stairs?""]",[],818_19_3,"[[3.0, 0.0, 320.0, 78.0]]",[],"[[1.0, 103.0, 304.0, 424.0]]"
"[""boy.. they sure are pumping plenty of lead!""]",[],831_36_3,"[[78.0, 3.0, 182.0, 88.0]]",[],"[[49.0, 11.0, 89.0, 45.0]]"
"[""darling! you voted no! you love me! now i know you do!""]",['in the corridor'],831_6_0,"[[0.0, 13.0, 210.0, 77.0]]","[[0.0, 1.0, 227.0, 12.0]]","[[104.0, 58.0, 130.0, 84.0]]"
"[""whew! and have you found out how she kills her victims ?"", ""no, that's part of your job. when you catch her- here's where she's staying now---""]",[],839_63_0,"[[25.0, 15.0, 242.0, 82.0], [3.0, 73.0, 146.0, 183.0]]",[],"[[158.0, 94.0, 274.0, 325.0], [46.0, 252.0, 131.0, 324.0]]"
"[""guess it's just too big for me to get off the ground! but there must be a way! i'll never live it down if my kite is a failure!""]",[],842_42_5,"[[22.0, 22.0, 364.0, 138.0]]",[],"[[178.0, 230.0, 223.0, 283.0]]"
"[""hmm! i just feel in the mood to win a few packs of cavity-clinch chewing gum!""]",[],847_46_0,"[[3.0, 5.0, 535.0, 202.0]]",[],"[[372.0, 289.0, 499.0, 420.0]]"
"[""no trace of buck lanyard! but where he's least suspected, he's apt to be most active!"", ""the mayor here and i are worried! there's lots of money in town, but no bank! only in this office is there a safe!""]","['next morning, at the stage company office...']",854_19_3,"[[15.0, 38.0, 380.0, 172.0], [300.0, 33.0, 692.0, 194.0]]","[[7.0, 1.0, 692.0, 34.0]]","[[128.0, 302.0, 212.0, 388.0], [541.0, 300.0, 652.0, 387.0]]"
"[""i'll destroy him with his own greed! in his own style!""]",[],862_30_7,"[[46.0, 16.0, 474.0, 121.0]]",[],"[[127.0, 217.0, 381.0, 482.0]]"
"[""owww!""]",[],880_40_2,"[[5.0, 0.0, 175.0, 91.0]]",[],"[[44.0, 164.0, 104.0, 203.0]]"
"[""now to move this danger sign to solid ice! a hardmore skater is sure to be in front and will head right for the thin ice! heh, heh""]",['that night ...'],888_45_1,"[[2.0, 42.0, 237.0, 260.0]]","[[0.0, 6.0, 229.0, 54.0]]","[[-1.0, -1.0, -1.0, -1.0]]"
"[""congratulations, mr. thompson. i hope you and your charming wife will be very happy!"", ""charming! humph! i'd sooner call a stick charming! but she makes a very respectable front for my real business!"", ""she's homely as sin! what- ever did thompson see in that ugly duckling?""]",['a month later...'],896_29_5,"[[8.0, 26.0, 220.0, 130.0], [206.0, 0.0, 422.0, 149.0], [423.0, 0.0, 539.0, 162.0]]","[[5.0, 1.0, 212.0, 27.0]]","[[97.0, 134.0, 155.0, 185.0], [235.0, 135.0, 289.0, 189.0], [445.0, 230.0, 528.0, 397.0]]"
"[""i like the way you talk, kid! you'll get your chance to show me! i'm goin' to send you out with one of my men! hey, kramer!""]",[],900_29_3,"[[0.0, 17.0, 270.0, 123.0]]",[],"[[46.0, 147.0, 261.0, 374.0]]"
"[""uh-uhh! -h!!""]",['the dle the ht ton kes n a ld eat id s a ered ody nd ting aight t m!!'],908_11_1,"[[336.0, 27.0, 496.0, 157.0]]","[[0.0, 19.0, 46.0, 452.0]]","[[243.0, 144.0, 299.0, 192.0]]"
"[""cops? i thought of that, but if they come around, they might scare the guilty party away. i'd rather have a private eye work on this and clear it up."", ""all right. i'll see what we can do for you.""]",[],911_3_3,"[[251.0, 62.0, 871.0, 332.0], [606.0, 425.0, 943.0, 635.0]]",[],"[[38.0, 309.0, 259.0, 572.0], [596.0, 642.0, 867.0, 940.0]]"
"[""i'm worried about the lieutenant, marty! he should've contacted us by now! maybe if we cruise around the block, we can locate the car that picked him up!"", ""okay! get out the tommmy guns- we might run into trouble!""]",[],921_12_5,"[[0.0, 23.0, 320.0, 216.0], [161.0, 188.0, 420.0, 303.0]]",[],"[[-1.0, -1.0, -1.0, -1.0], [-1.0, -1.0, -1.0, -1.0]]"
"[""the flaw is this. your blood to medical research and practice, is a priceless commodity and- in the present instance... we must use all of it""]",[],938_3_4,"[[47.0, 14.0, 519.0, 172.0]]",[],"[[325.0, 145.0, 456.0, 328.0]]"
"[""it's your fault, you meddler! you're one who has ruined my plan that i've worked on for all these years."", ""ohh... my wrist! you are truly an evil one! the jungle would never breed such a monster as <GREET you!>"", ""you! the sight of the whip brings""]","['it a single i turns on', 'even a wild beast will']",942_34_1,"[[4.0, 6.0, 181.0, 116.0], [241.0, 11.0, 415.0, 96.0], [164.0, 321.0, 282.0, 370.0]]","[[2.0, 338.0, 94.0, 369.0], [267.0, 332.0, 401.0, 370.0]]","[[62.0, 102.0, 114.0, 147.0], [314.0, 102.0, 382.0, 181.0], [-1.0, -1.0, -1.0, -1.0]]"
"[""i'm frightened joey! please, quit before something happens! that mike lomak is a--a bully!"", ""there--there honey! i gotta work! relax now! every-thing's going to be all right!""]",['lane s a od he the pe at ed y for is ung etty fe ry--d eir by!'],944_4_0,"[[47.0, 20.0, 208.0, 181.0], [201.0, 14.0, 354.0, 174.0]]","[[0.0, 94.0, 50.0, 413.0]]","[[111.0, 198.0, 195.0, 301.0], [215.0, 179.0, 299.0, 276.0]]"
"[""oh! oh! they must have radioed from the ship!""]",['nearing a pier she is met by a blaze of gunfire'],954_54_4,"[[49.0, 204.0, 175.0, 381.0]]","[[22.0, 8.0, 402.0, 70.0]]","[[168.0, 455.0, 240.0, 521.0]]"
"[""the master's orders will be obeyed""]",['one smiles sardonically and reaches in-to his pocket for a small evil appearing pill box.'],956_19_2,"[[9.0, 114.0, 214.0, 209.0]]","[[0.0, 0.0, 262.0, 154.0]]","[[138.0, 213.0, 218.0, 306.0]]"
"[""ow-o-o!""]","['slowly shuffling forward, the question-mark suddenly snaps out with his right arm!']",958_27_2,"[[520.0, 379.0, 688.0, 518.0]]","[[1.0, 8.0, 688.0, 94.0]]","[[449.0, 245.0, 534.0, 325.0]]"
"[""they're callin' meatball!!"", ""well this is it, fel-lers! i'm sure gonna hate to leave you guys!"", ""keep your chin up!"", ""were gonna m you too meatbal""]",[],962_3_2,"[[1.0, 2.0, 186.0, 151.0], [164.0, 41.0, 395.0, 246.0], [335.0, 2.0, 506.0, 101.0], [379.0, 127.0, 519.0, 289.0]]",[],"[[34.0, 373.0, 138.0, 478.0], [171.0, 281.0, 276.0, 388.0], [318.0, 275.0, 406.0, 380.0], [321.0, 279.0, 408.0, 380.0]]"
"[""bullets don't seem to bother him either!""]",[],995_11_0,"[[329.0, 561.0, 539.0, 693.0]]",[],"[[271.0, 450.0, 302.0, 491.0]]"
"[""maybe not--- but you.""]",['the force of thought shrinks darrel dane to the tiny figure of the indomitable doll man!'],996_4_4,"[[5.0, 557.0, 196.0, 603.0]]","[[0.0, 20.0, 242.0, 163.0]]","[[-1.0, -1.0, -1.0, -1.0]]"
