img_id,dialog,narration,dialog_bounding_boxes,narration_bounding_boxes,face_bounding_boxes,tag,sentiment,subjectivity
bp_0_0_0,perhaps queely fell easily to your blade--,"[""the black panther's superb agility keeps him alive until he's in position to counter-attack...""]","[[4.0, 107.0, 199.0, 160.0]]","[[2.0, 3.0, 251.0, 101.0]]","[[41.0, 176.0, 214.0, 315.0]]",INFORM,0.43333333333333335,0.8333333333333334
bp_0_0_3,-- but you will find the panther a most uncooperative target!,"['then, with cobra-speed, the black panther strikes back!']","[[6.0, 56.0, 277.0, 121.0]]","[[6.0, 6.0, 344.0, 51.0]]","[[83.0, 180.0, 200.0, 281.0]]",INFORM,0.625,0.5
bp_0_100_0,i am honored by this gathering of royal panthers! destiny demands that one of you must take command of a dangerous situation!,[],"[[11.0, 7.0, 185.0, 167.0], [248.0, 6.0, 432.0, 130.0], [557.0, 8.0, 757.0, 74.0], [779.0, 9.0, 875.0, 83.0], [669.0, 319.0, 807.0, 373.0]]",[],"[[201.0, 59.0, 256.0, 111.0], [352.0, 125.0, 402.0, 178.0], [496.0, 10.0, 557.0, 66.0], [619.0, 96.0, 724.0, 206.0], [750.0, 99.0, 844.0, 273.0]]",,-0.75,0.9
bp_0_100_0,"i'm involved in high finance, n'gass! can you possibly imagine me dashing about with spear and shield?",[],"[[11.0, 7.0, 185.0, 167.0], [248.0, 6.0, 432.0, 130.0], [557.0, 8.0, 757.0, 74.0], [779.0, 9.0, 875.0, 83.0], [669.0, 319.0, 807.0, 373.0]]",[],"[[201.0, 59.0, 256.0, 111.0], [352.0, 125.0, 402.0, 178.0], [496.0, 10.0, 557.0, 66.0], [619.0, 96.0, 724.0, 206.0], [750.0, 99.0, 844.0, 273.0]]",,0.1,0.77
bp_0_100_0,i hear we've been summoned to deal with some provincial demon!,[],"[[11.0, 7.0, 185.0, 167.0], [248.0, 6.0, 432.0, 130.0], [557.0, 8.0, 757.0, 74.0], [779.0, 9.0, 875.0, 83.0], [669.0, 319.0, 807.0, 373.0]]",[],"[[201.0, 59.0, 256.0, 111.0], [352.0, 125.0, 402.0, 178.0], [496.0, 10.0, 557.0, 66.0], [619.0, 96.0, 724.0, 206.0], [750.0, 99.0, 844.0, 273.0]]",INFORM,0.0,0.0
bp_0_100_0,it's something like that!,[],"[[11.0, 7.0, 185.0, 167.0], [248.0, 6.0, 432.0, 130.0], [557.0, 8.0, 757.0, 74.0], [779.0, 9.0, 875.0, 83.0], [669.0, 319.0, 807.0, 373.0]]",[],"[[201.0, 59.0, 256.0, 111.0], [352.0, 125.0, 402.0, 178.0], [496.0, 10.0, 557.0, 66.0], [619.0, 96.0, 724.0, 206.0], [750.0, 99.0, 844.0, 273.0]]",FEEDBACK,0.0,0.0
bp_0_100_0,"a local prankster, no doubt!",[],"[[11.0, 7.0, 185.0, 167.0], [248.0, 6.0, 432.0, 130.0], [557.0, 8.0, 757.0, 74.0], [779.0, 9.0, 875.0, 83.0], [669.0, 319.0, 807.0, 373.0]]",[],"[[201.0, 59.0, 256.0, 111.0], [352.0, 125.0, 402.0, 178.0], [496.0, 10.0, 557.0, 66.0], [619.0, 96.0, 724.0, 206.0], [750.0, 99.0, 844.0, 273.0]]",FEEDBACK,0.0,0.0
bp_0_100_2,"the demon is real indeed! and, in t'challa's absence, there must be a black panther at the helm in this crisis!",[],"[[13.0, 9.0, 213.0, 122.0], [230.0, 6.0, 428.0, 89.0]]",[],"[[22.0, 139.0, 169.0, 321.0], [214.0, 93.0, 388.0, 261.0]]",,0.009722222222222224,0.24444444444444446
bp_0_100_2,are you suggesting that I fit this image of demon-fighter?!,[],"[[13.0, 9.0, 213.0, 122.0], [230.0, 6.0, 428.0, 89.0]]",[],"[[22.0, 139.0, 169.0, 321.0], [214.0, 93.0, 388.0, 261.0]]",YES-NO_QUESTION,0.5,0.4
bp_0_101_0,by the sacred panther fetish!,['suddenly...'],"[[112.0, 230.0, 208.0, 304.0], [624.0, 2.0, 816.0, 31.0], [778.0, 36.0, 885.0, 69.0]]","[[5.0, 4.0, 139.0, 31.0]]","[[0.0, 207.0, 106.0, 329.0], [344.0, 24.0, 439.0, 152.0], [779.0, 102.0, 837.0, 170.0]]",NOT_CLASSIFIABLE,0.0,0.0
bp_0_101_0,"hail, cousin",['suddenly...'],"[[112.0, 230.0, 208.0, 304.0], [624.0, 2.0, 816.0, 31.0], [778.0, 36.0, 885.0, 69.0]]","[[5.0, 4.0, 139.0, 31.0]]","[[0.0, 207.0, 106.0, 329.0], [344.0, 24.0, 439.0, 152.0], [779.0, 102.0, 837.0, 170.0]]",GREET,0.0,0.0
bp_0_101_0,jakarra!,['suddenly...'],"[[112.0, 230.0, 208.0, 304.0], [624.0, 2.0, 816.0, 31.0], [778.0, 36.0, 885.0, 69.0]]","[[5.0, 4.0, 139.0, 31.0]]","[[0.0, 207.0, 106.0, 329.0], [344.0, 24.0, 439.0, 152.0], [779.0, 102.0, 837.0, 170.0]]",NOT_CLASSIFIABLE,0.0,0.0
bp_0_101_1,b-but this can't be jakarra --not this repellent creature!!,[],"[[5.0, 4.0, 126.0, 107.0], [140.0, 8.0, 252.0, 90.0], [59.0, 118.0, 224.0, 199.0]]",[],"[[23.0, 268.0, 68.0, 333.0], [260.0, 5.0, 435.0, 402.0], [97.0, 236.0, 141.0, 295.0]]",INFORM,-1.0,1.0
bp_0_101_1,"you see me as vibranium made me, zuni!",[],"[[5.0, 4.0, 126.0, 107.0], [140.0, 8.0, 252.0, 90.0], [59.0, 118.0, 224.0, 199.0]]",[],"[[23.0, 268.0, 68.0, 333.0], [260.0, 5.0, 435.0, 402.0], [97.0, 236.0, 141.0, 295.0]]",INFORM,0.0,0.0
bp_0_101_1,"n'gassi told the truth! you won't stop him with band-aids, doctor!",[],"[[5.0, 4.0, 126.0, 107.0], [140.0, 8.0, 252.0, 90.0], [59.0, 118.0, 224.0, 199.0]]",[],"[[23.0, 268.0, 68.0, 333.0], [260.0, 5.0, 435.0, 402.0], [97.0, 236.0, 141.0, 295.0]]",INFORM,0.0,0.0
bp_0_102_1,wow... some smart alec is projecting hundred of images. my spider webs can't catch what's not real... but how to tell which is the real villain?,[],"[[6.0, 5.0, 460.0, 88.0]]",[],"[[118.0, 76.0, 157.0, 118.0]]",,0.10357142857142856,0.5607142857142857
bp_0_104_3,i'd still be airborne and in sight of wakanda territory if i hadn't chanced upon this spoiler!,['*last issue-- jack.'],"[[2.0, 6.0, 232.0, 98.0], [274.0, 12.0, 420.0, 117.0]]","[[117.0, 403.0, 342.0, 433.0]]","[[138.0, 147.0, 202.0, 229.0], [141.0, 148.0, 202.0, 227.0]]",INFORM,0.0,0.0
bp_0_104_3,he caused the wreck of my helicopter!*,['*last issue-- jack.'],"[[2.0, 6.0, 232.0, 98.0], [274.0, 12.0, 420.0, 117.0]]","[[117.0, 403.0, 342.0, 433.0]]","[[138.0, 147.0, 202.0, 229.0], [141.0, 148.0, 202.0, 227.0]]",INFORM,0.0,0.0
bp_0_105_1,"yet, who will fight harder for his life than the wakandan warrior...though his body is taken from him cell by cell, his spirit yields no ground to the demons of darkness!",[],"[[27.0, 5.0, 420.0, 90.0]]",[],"[[114.0, 120.0, 254.0, 246.0]]",,-0.125,0.0
bp_0_107_4,don't scoff at a clown until you catch his entire act!,[],"[[3.0, 5.0, 160.0, 110.0], [196.0, 10.0, 432.0, 102.0]]",[],"[[-1.0, -1.0, -1.0, -1.0], [256.0, 200.0, 393.0, 304.0]]",INFORM,0.0,0.625
bp_0_107_4,devious dog! i'll crush you and that device to pulp!,[],"[[3.0, 5.0, 160.0, 110.0], [196.0, 10.0, 432.0, 102.0]]",[],"[[-1.0, -1.0, -1.0, -1.0], [256.0, 200.0, 393.0, 304.0]]",,0.0,0.0
bp_0_108_3,"death will be swift, zuni! that disguise can neither hide you nor spare you!",[],"[[5.0, 3.0, 154.0, 107.0], [174.0, 2.0, 294.0, 88.0], [299.0, 1.0, 429.0, 93.0]]",[],"[[24.0, 107.0, 107.0, 187.0], [214.0, 85.0, 269.0, 143.0], [333.0, 80.0, 419.0, 147.0]]",,0.0,0.0
bp_0_108_3,"keep him at bay, cousin! i'm almost ready!",[],"[[5.0, 3.0, 154.0, 107.0], [174.0, 2.0, 294.0, 88.0], [299.0, 1.0, 429.0, 93.0]]",[],"[[24.0, 107.0, 107.0, 187.0], [214.0, 85.0, 269.0, 143.0], [333.0, 80.0, 419.0, 147.0]]",,0.25,0.5
bp_0_108_3,"that's small comfort, dolt! he's tearing my arms off!",[],"[[5.0, 3.0, 154.0, 107.0], [174.0, 2.0, 294.0, 88.0], [299.0, 1.0, 429.0, 93.0]]",[],"[[24.0, 107.0, 107.0, 187.0], [214.0, 85.0, 269.0, 143.0], [333.0, 80.0, 419.0, 147.0]]",,-0.390625,0.4
bp_0_109_4,"joshua itobo, are you injured?",['a moment of stunned silence follows the fading echoes of violence...'],"[[9.0, 51.0, 193.0, 94.0], [206.0, 52.0, 418.0, 123.0]]","[[3.0, 7.0, 433.0, 45.0]]","[[-1.0, -1.0, -1.0, -1.0], [358.0, 112.0, 435.0, 208.0]]",YES-NO_QUESTION,0.0,0.0
bp_0_109_4,it seems impossible that any of us should have survived!,['a moment of stunned silence follows the fading echoes of violence...'],"[[9.0, 51.0, 193.0, 94.0], [206.0, 52.0, 418.0, 123.0]]","[[3.0, 7.0, 433.0, 45.0]]","[[-1.0, -1.0, -1.0, -1.0], [358.0, 112.0, 435.0, 208.0]]",FEEDBACK,-0.8333333333333333,1.0
bp_0_109_5,but we did!your plan was perfection itself!,[],"[[2.0, 7.0, 153.0, 78.0], [171.0, 8.0, 309.0, 127.0], [318.0, 19.0, 432.0, 98.0]]",[],"[[62.0, 83.0, 128.0, 144.0], [154.0, 113.0, 212.0, 186.0], [354.0, 108.0, 415.0, 169.0]]",,0.0,0.0
bp_0_109_5,"it was an act of madness, carried out by four unfit for battle!",[],"[[2.0, 7.0, 153.0, 78.0], [171.0, 8.0, 309.0, 127.0], [318.0, 19.0, 432.0, 98.0]]",[],"[[62.0, 83.0, 128.0, 144.0], [154.0, 113.0, 212.0, 186.0], [354.0, 108.0, 415.0, 169.0]]",INFORM,0.0,0.0
bp_0_109_5,you mean four of will and courage!,[],"[[2.0, 7.0, 153.0, 78.0], [171.0, 8.0, 309.0, 127.0], [318.0, 19.0, 432.0, 98.0]]",[],"[[62.0, 83.0, 128.0, 144.0], [154.0, 113.0, 212.0, 186.0], [354.0, 108.0, 415.0, 169.0]]",INFORM,-0.390625,0.6875
bp_0_10_5,he can't keep his eye on all off us!!pick him off with a careful shot!!,[],"[[3.0, 2.0, 226.0, 88.0], [254.0, 4.0, 449.0, 84.0]]",[],"[[31.0, 145.0, 182.0, 347.0], [233.0, 115.0, 433.0, 270.0]]",,-0.15625,1.0
bp_0_10_5,"he moves like a jungle cat, highness, but i'll do my best!",[],"[[3.0, 2.0, 226.0, 88.0], [254.0, 4.0, 449.0, 84.0]]",[],"[[31.0, 145.0, 182.0, 347.0], [233.0, 115.0, 433.0, 270.0]]",FEEDBACK,1.0,0.3
bp_0_110_0,i don't know what possessed me to call upon the ruling family in this crisis! look at these expenditures! costumes-- smoke guns-- chemicals-- adhesive--,"[""meanwhile, in the administrative office of n'gassi, who governs in t'challa's absence...""]","[[5.0, 70.0, 234.0, 260.0], [263.0, 51.0, 430.0, 111.0]]","[[3.0, 5.0, 433.0, 67.0]]","[[194.0, 129.0, 236.0, 178.0], [369.0, 105.0, 419.0, 158.0]]",,0.0,0.0
bp_0_110_0,they've been very secretive these past days.,"[""meanwhile, in the administrative office of n'gassi, who governs in t'challa's absence...""]","[[5.0, 70.0, 234.0, 260.0], [263.0, 51.0, 430.0, 111.0]]","[[3.0, 5.0, 433.0, 67.0]]","[[194.0, 129.0, 236.0, 178.0], [369.0, 105.0, 419.0, 158.0]]",INFORM,-0.024999999999999994,0.275
bp_0_110_4,how i wish for his swift return!,[],"[[9.0, 3.0, 187.0, 43.0], [13.0, 59.0, 189.0, 151.0], [243.0, 5.0, 363.0, 85.0]]",[],"[[260.0, 163.0, 321.0, 225.0], [259.0, 162.0, 319.0, 218.0], [348.0, 83.0, 386.0, 139.0]]",INFORM,0.0,0.0
bp_0_110_4,there has been fighting in the streets! perhaps the militia has finally finished jakarra!,[],"[[9.0, 3.0, 187.0, 43.0], [13.0, 59.0, 189.0, 151.0], [243.0, 5.0, 363.0, 85.0]]",[],"[[260.0, 163.0, 321.0, 225.0], [259.0, 162.0, 319.0, 218.0], [348.0, 83.0, 386.0, 139.0]]",,0.0,1.0
bp_0_110_4,"we'd have had the news at this hour, noble one...",[],"[[9.0, 3.0, 187.0, 43.0], [13.0, 59.0, 189.0, 151.0], [243.0, 5.0, 363.0, 85.0]]",[],"[[260.0, 163.0, 321.0, 225.0], [259.0, 162.0, 319.0, 218.0], [348.0, 83.0, 386.0, 139.0]]",INFORM,0.6,0.9
bp_0_111_0,"wrong, n'gassi! your unlikely candidates for t'challa's job have done his work!",[],"[[4.0, 2.0, 247.0, 114.0], [252.0, 61.0, 451.0, 179.0], [451.0, 5.0, 693.0, 119.0], [706.0, 7.0, 879.0, 141.0]]",[],"[[107.0, 77.0, 236.0, 234.0], [285.0, 219.0, 408.0, 339.0], [486.0, 105.0, 594.0, 220.0], [727.0, 130.0, 853.0, 261.0]]",,-0.625,0.7
bp_0_111_0,we are proud to say that the task was accomplished with high risk and minimal injury.,[],"[[4.0, 2.0, 247.0, 114.0], [252.0, 61.0, 451.0, 179.0], [451.0, 5.0, 693.0, 119.0], [706.0, 7.0, 879.0, 141.0]]",[],"[[107.0, 77.0, 236.0, 234.0], [285.0, 219.0, 408.0, 339.0], [486.0, 105.0, 594.0, 220.0], [727.0, 130.0, 853.0, 261.0]]",INFORM,0.26499999999999996,0.66
bp_0_111_0,joshus itobo refers to my backside... it's really too well padded to suffer badly in a fall!,[],"[[4.0, 2.0, 247.0, 114.0], [252.0, 61.0, 451.0, 179.0], [451.0, 5.0, 693.0, 119.0], [706.0, 7.0, 879.0, 141.0]]",[],"[[107.0, 77.0, 236.0, 234.0], [285.0, 219.0, 408.0, 339.0], [486.0, 105.0, 594.0, 220.0], [727.0, 130.0, 853.0, 261.0]]",INFORM,-0.3374999999999999,0.43333333333333335
bp_0_111_0,"in short, you old leopard.. we've brought in jakarra! and put an end to his rampage!",[],"[[4.0, 2.0, 247.0, 114.0], [252.0, 61.0, 451.0, 179.0], [451.0, 5.0, 693.0, 119.0], [706.0, 7.0, 879.0, 141.0]]",[],"[[107.0, 77.0, 236.0, 234.0], [285.0, 219.0, 408.0, 339.0], [486.0, 105.0, 594.0, 220.0], [727.0, 130.0, 853.0, 261.0]]",,0.078125,0.25
bp_0_111_3,"behold, wise one! the riddle of jakarra is now ours to solve without danger to others!",[],"[[0.0, 2.0, 203.0, 104.0], [241.0, 11.0, 428.0, 89.0]]",[],"[[92.0, 167.0, 157.0, 240.0], [249.0, 133.0, 349.0, 222.0]]",,1.0,0.9
bp_0_111_3,there's only one way to solve this! he must be destroyed at once--!,[],"[[0.0, 2.0, 203.0, 104.0], [241.0, 11.0, 428.0, 89.0]]",[],"[[92.0, 167.0, 157.0, 240.0], [249.0, 133.0, 349.0, 222.0]]",,0.0,1.0
bp_0_111_4,it's the rulling family--!,['suddenly upon entering...'],"[[10.0, 61.0, 107.0, 123.0], [283.0, 4.0, 415.0, 110.0]]","[[3.0, 2.0, 164.0, 41.0]]","[[5.0, 144.0, 79.0, 361.0], [295.0, 238.0, 428.0, 430.0]]",INFORM,0.0,0.0
bp_0_111_4,optimists! they greet the panther in triumph not yet achieved!,['suddenly upon entering...'],"[[10.0, 61.0, 107.0, 123.0], [283.0, 4.0, 415.0, 110.0]]","[[3.0, 2.0, 164.0, 41.0]]","[[5.0, 144.0, 79.0, 361.0], [295.0, 238.0, 428.0, 430.0]]",,0.0,0.0
bp_0_112_0,"you mean he isn't on of us? but, that costume?","['meanwhile, in the area known as the sudan...']","[[6.0, 52.0, 196.0, 108.0], [243.0, 38.0, 480.0, 107.0], [635.0, 5.0, 864.0, 75.0], [716.0, 83.0, 878.0, 200.0], [755.0, 470.0, 887.0, 530.0]]","[[6.0, 6.0, 242.0, 47.0]]","[[73.0, 122.0, 200.0, 273.0], [227.0, 137.0, 348.0, 229.0], [514.0, 23.0, 605.0, 127.0], [645.0, 163.0, 742.0, 284.0], [522.0, 371.0, 625.0, 479.0]]",,-0.3125,0.6875
bp_0_112_0,"costume, shmostume! i found him crawlong in the desert -- almost dying of fatigue!","['meanwhile, in the area known as the sudan...']","[[6.0, 52.0, 196.0, 108.0], [243.0, 38.0, 480.0, 107.0], [635.0, 5.0, 864.0, 75.0], [716.0, 83.0, 878.0, 200.0], [755.0, 470.0, 887.0, 530.0]]","[[6.0, 6.0, 242.0, 47.0]]","[[73.0, 122.0, 200.0, 273.0], [227.0, 137.0, 348.0, 229.0], [514.0, 23.0, 605.0, 127.0], [645.0, 163.0, 742.0, 284.0], [522.0, 371.0, 625.0, 479.0]]",,0.0,0.0
bp_0_112_0,that goes double for his friend--the guy's not only dehydrated but wounded as well.,"['meanwhile, in the area known as the sudan...']","[[6.0, 52.0, 196.0, 108.0], [243.0, 38.0, 480.0, 107.0], [635.0, 5.0, 864.0, 75.0], [716.0, 83.0, 878.0, 200.0], [755.0, 470.0, 887.0, 530.0]]","[[6.0, 6.0, 242.0, 47.0]]","[[73.0, 122.0, 200.0, 273.0], [227.0, 137.0, 348.0, 229.0], [514.0, 23.0, 605.0, 127.0], [645.0, 163.0, 742.0, 284.0], [522.0, 371.0, 625.0, 479.0]]",,0.0,0.5
bp_0_112_0,poor man! drink some more of this cold milk--it's very refreshing...,"['meanwhile, in the area known as the sudan...']","[[6.0, 52.0, 196.0, 108.0], [243.0, 38.0, 480.0, 107.0], [635.0, 5.0, 864.0, 75.0], [716.0, 83.0, 878.0, 200.0], [755.0, 470.0, 887.0, 530.0]]","[[6.0, 6.0, 242.0, 47.0]]","[[73.0, 122.0, 200.0, 273.0], [227.0, 137.0, 348.0, 229.0], [514.0, 23.0, 605.0, 127.0], [645.0, 163.0, 742.0, 284.0], [522.0, 371.0, 625.0, 479.0]]",,0.012500000000000011,0.775
bp_0_112_0,"thank you, miss... you're very kind...","['meanwhile, in the area known as the sudan...']","[[6.0, 52.0, 196.0, 108.0], [243.0, 38.0, 480.0, 107.0], [635.0, 5.0, 864.0, 75.0], [716.0, 83.0, 878.0, 200.0], [755.0, 470.0, 887.0, 530.0]]","[[6.0, 6.0, 242.0, 47.0]]","[[73.0, 122.0, 200.0, 273.0], [227.0, 137.0, 348.0, 229.0], [514.0, 23.0, 605.0, 127.0], [645.0, 163.0, 742.0, 284.0], [522.0, 371.0, 625.0, 479.0]]",,0.78,1.0
bp_0_113_4,"but, we've been instucted to keep you here!why not relax and watch us shoot this film.",[],"[[2.0, 4.0, 310.0, 70.0], [197.0, 84.0, 392.0, 179.0]]",[],"[[-1.0, -1.0, -1.0, -1.0], [48.0, 86.0, 424.0, 418.0]]",,0.0,0.0
bp_0_113_4,by the sacred panther --you've created another world in this desert!it's fantactic!,[],"[[2.0, 4.0, 310.0, 70.0], [197.0, 84.0, 392.0, 179.0]]",[],"[[-1.0, -1.0, -1.0, -1.0], [48.0, 86.0, 424.0, 418.0]]",,0.0,0.0
bp_0_114_1,"as you can see, we lean heavily on costumes and specialized equipment!",[],"[[25.0, 2.0, 206.0, 92.0], [254.0, 6.0, 429.0, 86.0]]",[],"[[105.0, 101.0, 152.0, 142.0], [209.0, 90.0, 244.0, 130.0]]",INFORM,-0.25,0.5
bp_0_114_1,i like your fleet of trucks and jeeps. that's a fair-sized motor pool.,[],"[[25.0, 2.0, 206.0, 92.0], [254.0, 6.0, 429.0, 86.0]]",[],"[[105.0, 101.0, 152.0, 142.0], [209.0, 90.0, 244.0, 130.0]]",,0.0,0.0
bp_0_116_0,jiru merely voices my own fears! this is not a common patient-- but an unknown force of mounting power!,[],"[[7.0, 5.0, 163.0, 159.0], [190.0, 4.0, 410.0, 73.0], [263.0, 62.0, 433.0, 139.0]]",[],"[[29.0, 179.0, 125.0, 315.0], [142.0, 129.0, 283.0, 282.0], [315.0, 130.0, 419.0, 256.0]]",,0.06875,0.65
bp_0_116_0,that's true... there are definite signs of a rising energy level!,[],"[[7.0, 5.0, 163.0, 159.0], [190.0, 4.0, 410.0, 73.0], [263.0, 62.0, 433.0, 139.0]]",[],"[[29.0, 179.0, 125.0, 315.0], [142.0, 129.0, 283.0, 282.0], [315.0, 130.0, 419.0, 256.0]]",,0.175,0.575
bp_0_116_0,don't you see? jakarra is no longer human!,[],"[[7.0, 5.0, 163.0, 159.0], [190.0, 4.0, 410.0, 73.0], [263.0, 62.0, 433.0, 139.0]]",[],"[[29.0, 179.0, 125.0, 315.0], [142.0, 129.0, 283.0, 282.0], [315.0, 130.0, 419.0, 256.0]]",,0.0,0.1
bp_0_116_4,i say destroy him before he regains his senses!,['at that very moment...'],"[[6.0, 35.0, 161.0, 105.0], [257.0, 19.0, 430.0, 107.0], [270.0, 110.0, 432.0, 154.0]]","[[5.0, 2.0, 245.0, 30.0]]","[[12.0, 112.0, 60.0, 161.0], [201.0, 108.0, 252.0, 159.0], [324.0, 133.0, 382.0, 190.0]]",ORDER,-0.25,0.0
bp_0_116_4,"you forget that i'm a doctor, n'gassi! i cannot take a life!",['at that very moment...'],"[[6.0, 35.0, 161.0, 105.0], [257.0, 19.0, 430.0, 107.0], [270.0, 110.0, 432.0, 154.0]]","[[5.0, 2.0, 245.0, 30.0]]","[[12.0, 112.0, 60.0, 161.0], [201.0, 108.0, 252.0, 159.0], [324.0, 133.0, 382.0, 190.0]]",,0.0,0.0
bp_0_116_4,let him live--and we all die!,['at that very moment...'],"[[6.0, 35.0, 161.0, 105.0], [257.0, 19.0, 430.0, 107.0], [270.0, 110.0, 432.0, 154.0]]","[[5.0, 2.0, 245.0, 30.0]]","[[12.0, 112.0, 60.0, 161.0], [201.0, 108.0, 252.0, 159.0], [324.0, 133.0, 382.0, 190.0]]",INFORM,0.0,0.0
bp_0_117_2,mighty t'challa would never have staked the lives of his people on such a foolish hope!,[],"[[3.0, 3.0, 206.0, 94.0], [98.0, 103.0, 210.0, 202.0], [217.0, 6.0, 428.0, 110.0]]",[],"[[216.0, 206.0, 252.0, 260.0], [218.0, 206.0, 253.0, 262.0], [280.0, 225.0, 319.0, 261.0]]",INFORM,0.2,0.7
bp_0_117_2,we must prepare for possible disaster!,[],"[[3.0, 3.0, 206.0, 94.0], [98.0, 103.0, 210.0, 202.0], [217.0, 6.0, 428.0, 110.0]]",[],"[[216.0, 206.0, 252.0, 260.0], [218.0, 206.0, 253.0, 262.0], [280.0, 225.0, 319.0, 261.0]]",COMMIT,0.0,1.0
bp_0_117_2,"i believe you're overdramatizing the risks, n'gassi! i'll keep him under control until a cure is found.",[],"[[3.0, 3.0, 206.0, 94.0], [98.0, 103.0, 210.0, 202.0], [217.0, 6.0, 428.0, 110.0]]",[],"[[216.0, 206.0, 252.0, 260.0], [218.0, 206.0, 253.0, 262.0], [280.0, 225.0, 319.0, 261.0]]",,0.0,0.0
bp_0_119_3,i didn't expect this kind of pursuit...but it may be more to my advantage than thiers.,[],"[[15.0, 1.0, 318.0, 75.0]]",[],"[[263.0, 56.0, 351.0, 137.0]]",,0.55,0.7
bp_0_119_5,i am your prisoner! come and get me!,[],"[[84.0, 8.0, 208.0, 80.0]]",[],"[[110.0, 108.0, 150.0, 154.0]]",,0.0,0.0
bp_0_11_2,sorry about this!,"['risking swift disintegration, the black panther leaps outward and strikes hard with unmatched speed!']","[[6.0, 138.0, 77.0, 214.0]]","[[5.0, 5.0, 423.0, 114.0]]","[[80.0, 154.0, 164.0, 228.0]]",POLITENESS_FORMULA,-0.625,1.0
bp_0_120_0,surrender to us! you're our prisoner!,"['and, it is written in the sacred records of the wakandas, that there will come a day when a self-defiled creature of power shall enter the great vibranium mound and cause a never-ending sound of doom! on that day--']","[[76.0, 283.0, 286.0, 396.0], [350.0, 236.0, 517.0, 308.0], [532.0, 235.0, 680.0, 420.0], [758.0, 572.0, 875.0, 738.0]]","[[13.0, 11.0, 873.0, 69.0]]","[[13.0, 423.0, 100.0, 500.0], [331.0, 378.0, 422.0, 520.0], [329.0, 377.0, 419.0, 518.0], [551.0, 524.0, 701.0, 658.0]]",,0.0,0.0
bp_0_120_0,"that remains to be seen, gentlemen--","['and, it is written in the sacred records of the wakandas, that there will come a day when a self-defiled creature of power shall enter the great vibranium mound and cause a never-ending sound of doom! on that day--']","[[76.0, 283.0, 286.0, 396.0], [350.0, 236.0, 517.0, 308.0], [532.0, 235.0, 680.0, 420.0], [758.0, 572.0, 875.0, 738.0]]","[[13.0, 11.0, 873.0, 69.0]]","[[13.0, 423.0, 100.0, 500.0], [331.0, 378.0, 422.0, 520.0], [329.0, 377.0, 419.0, 518.0], [551.0, 524.0, 701.0, 658.0]]",FEEDBACK,0.0,0.0
bp_0_120_0,"if the sudanese authorities want me for questioning, they'll have to wait for a more favorable time!","['and, it is written in the sacred records of the wakandas, that there will come a day when a self-defiled creature of power shall enter the great vibranium mound and cause a never-ending sound of doom! on that day--']","[[76.0, 283.0, 286.0, 396.0], [350.0, 236.0, 517.0, 308.0], [532.0, 235.0, 680.0, 420.0], [758.0, 572.0, 875.0, 738.0]]","[[13.0, 11.0, 873.0, 69.0]]","[[13.0, 423.0, 100.0, 500.0], [331.0, 378.0, 422.0, 520.0], [329.0, 377.0, 419.0, 518.0], [551.0, 524.0, 701.0, 658.0]]",INFORM,0.625,0.5
bp_0_120_0,don't be a fool! we can shoot you for resisting arrest!,"['and, it is written in the sacred records of the wakandas, that there will come a day when a self-defiled creature of power shall enter the great vibranium mound and cause a never-ending sound of doom! on that day--']","[[76.0, 283.0, 286.0, 396.0], [350.0, 236.0, 517.0, 308.0], [532.0, 235.0, 680.0, 420.0], [758.0, 572.0, 875.0, 738.0]]","[[13.0, 11.0, 873.0, 69.0]]","[[13.0, 423.0, 100.0, 500.0], [331.0, 378.0, 422.0, 520.0], [329.0, 377.0, 419.0, 518.0], [551.0, 524.0, 701.0, 658.0]]",,-0.0625,0.0
bp_0_121_2,to shot the black panther is to strike at the wind!,[],"[[5.0, 5.0, 177.0, 97.0]]",[],"[[104.0, 89.0, 183.0, 203.0]]",INFORM,-0.20833333333333331,0.43333333333333335
bp_0_122_5,those two will blister the air with some choice phrases when they awaken!,[],"[[4.0, 7.0, 181.0, 107.0], [266.0, 9.0, 420.0, 104.0]]",[],"[[222.0, 17.0, 289.0, 104.0], [222.0, 15.0, 287.0, 101.0]]",INFORM,0.0,0.0
bp_0_122_5,but i'll be well out of earshot when that moment comes!,[],"[[4.0, 7.0, 181.0, 107.0], [266.0, 9.0, 420.0, 104.0]]",[],"[[222.0, 17.0, 289.0, 104.0], [222.0, 15.0, 287.0, 101.0]]",INFORM,0.0,0.0
bp_0_123_0,he's gone! jakarra's broken out of his fortified chamber!,"['meanwhile, in the hidden domain of the panther cult...']","[[7.0, 51.0, 226.0, 129.0], [8.0, 132.0, 154.0, 206.0], [367.0, 3.0, 581.0, 75.0], [618.0, 2.0, 866.0, 104.0], [790.0, 91.0, 868.0, 190.0]]","[[6.0, 6.0, 308.0, 47.0]]","[[262.0, 54.0, 321.0, 109.0], [99.0, 166.0, 247.0, 384.0], [380.0, 81.0, 438.0, 153.0], [541.0, 69.0, 603.0, 131.0], [690.0, 102.0, 787.0, 228.0]]",,-0.5,0.4
bp_0_123_0,the cursed one has the power of fifty men!,"['meanwhile, in the hidden domain of the panther cult...']","[[7.0, 51.0, 226.0, 129.0], [8.0, 132.0, 154.0, 206.0], [367.0, 3.0, 581.0, 75.0], [618.0, 2.0, 866.0, 104.0], [790.0, 91.0, 868.0, 190.0]]","[[6.0, 6.0, 308.0, 47.0]]","[[262.0, 54.0, 321.0, 109.0], [99.0, 166.0, 247.0, 384.0], [380.0, 81.0, 438.0, 153.0], [541.0, 69.0, 603.0, 131.0], [690.0, 102.0, 787.0, 228.0]]",INFORM,0.0,0.0
bp_0_123_0,"i tried to warn the rulling family! but, they wouldn't listen!","['meanwhile, in the hidden domain of the panther cult...']","[[7.0, 51.0, 226.0, 129.0], [8.0, 132.0, 154.0, 206.0], [367.0, 3.0, 581.0, 75.0], [618.0, 2.0, 866.0, 104.0], [790.0, 91.0, 868.0, 190.0]]","[[6.0, 6.0, 308.0, 47.0]]","[[262.0, 54.0, 321.0, 109.0], [99.0, 166.0, 247.0, 384.0], [380.0, 81.0, 438.0, 153.0], [541.0, 69.0, 603.0, 131.0], [690.0, 102.0, 787.0, 228.0]]",,0.0,0.0
bp_0_123_0,their disdain for the old ways have opened the door to disaster! i pray that we have the force to stop this demon!,"['meanwhile, in the hidden domain of the panther cult...']","[[7.0, 51.0, 226.0, 129.0], [8.0, 132.0, 154.0, 206.0], [367.0, 3.0, 581.0, 75.0], [618.0, 2.0, 866.0, 104.0], [790.0, 91.0, 868.0, 190.0]]","[[6.0, 6.0, 308.0, 47.0]]","[[262.0, 54.0, 321.0, 109.0], [99.0, 166.0, 247.0, 384.0], [380.0, 81.0, 438.0, 153.0], [541.0, 69.0, 603.0, 131.0], [690.0, 102.0, 787.0, 228.0]]",,0.15625,0.2
bp_0_123_0,the militia will do its best!,"['meanwhile, in the hidden domain of the panther cult...']","[[7.0, 51.0, 226.0, 129.0], [8.0, 132.0, 154.0, 206.0], [367.0, 3.0, 581.0, 75.0], [618.0, 2.0, 866.0, 104.0], [790.0, 91.0, 868.0, 190.0]]","[[6.0, 6.0, 308.0, 47.0]]","[[262.0, 54.0, 321.0, 109.0], [99.0, 166.0, 247.0, 384.0], [380.0, 81.0, 438.0, 153.0], [541.0, 69.0, 603.0, 131.0], [690.0, 102.0, 787.0, 228.0]]",INFORM,1.0,0.3
bp_0_123_2,we should have disobeyed the ruling family and des-troyed that thing while it was in our hands! we should have destroyed it--!,[],"[[0.0, 3.0, 316.0, 105.0], [317.0, 4.0, 426.0, 100.0]]",[],"[[5.0, 107.0, 177.0, 322.0], [184.0, 154.0, 428.0, 414.0]]",INFORM,0.0,0.0
bp_0_123_2,"it's too late for hindsight,jiru!",[],"[[0.0, 3.0, 316.0, 105.0], [317.0, 4.0, 426.0, 100.0]]",[],"[[5.0, 107.0, 177.0, 322.0], [184.0, 154.0, 428.0, 414.0]]",FEEDBACK,-0.375,0.6
bp_0_123_4,"stand by me, lady luck! a man needs you most when the road ahead looks clear!",[],"[[204.0, 7.0, 392.0, 106.0]]",[],"[[133.0, 85.0, 287.0, 254.0]]",,0.3125,0.44166666666666665
bp_0_124_3,"no--not its slave--but its brother! he goes to become ""one"" with the great mound!",[],"[[7.0, 1.0, 180.0, 153.0], [234.0, 2.0, 423.0, 65.0], [310.0, 65.0, 430.0, 185.0]]",[],"[[-1.0, -1.0, -1.0, -1.0], [249.0, 219.0, 298.0, 270.0], [381.0, 207.0, 432.0, 270.0]]",,1.0,0.75
bp_0_124_3,t'challa save us! that mustn't happen!,[],"[[7.0, 1.0, 180.0, 153.0], [234.0, 2.0, 423.0, 65.0], [310.0, 65.0, 430.0, 185.0]]",[],"[[-1.0, -1.0, -1.0, -1.0], [249.0, 219.0, 298.0, 270.0], [381.0, 207.0, 432.0, 270.0]]",,0.0,0.0
bp_0_124_3,"if he reaches it, the ancient warnings will come to pass!",[],"[[7.0, 1.0, 180.0, 153.0], [234.0, 2.0, 423.0, 65.0], [310.0, 65.0, 430.0, 185.0]]",[],"[[-1.0, -1.0, -1.0, -1.0], [249.0, 219.0, 298.0, 270.0], [381.0, 207.0, 432.0, 270.0]]",INFORM,0.0,0.0
bp_0_125_1,"when i gave the order to isolate jakarra for study, i knew there were risks involved --",[],"[[4.0, 4.0, 210.0, 119.0], [4.0, 122.0, 260.0, 191.0], [214.0, 6.0, 423.0, 104.0]]",[],"[[136.0, 222.0, 189.0, 267.0], [134.0, 224.0, 189.0, 269.0], [267.0, 109.0, 421.0, 394.0]]",INFORM,0.0,0.0
bp_0_125_1,-- but to kill him would've violated my oath as a doctor!,[],"[[4.0, 4.0, 210.0, 119.0], [4.0, 122.0, 260.0, 191.0], [214.0, 6.0, 423.0, 104.0]]",[],"[[136.0, 222.0, 189.0, 267.0], [134.0, 224.0, 189.0, 269.0], [267.0, 109.0, 421.0, 394.0]]",INFORM,0.0,0.0
bp_0_125_1,did you also consider yout duty as a member of the ruling family?,[],"[[4.0, 4.0, 210.0, 119.0], [4.0, 122.0, 260.0, 191.0], [214.0, 6.0, 423.0, 104.0]]",[],"[[136.0, 222.0, 189.0, 267.0], [134.0, 224.0, 189.0, 269.0], [267.0, 109.0, 421.0, 394.0]]",YES-NO_QUESTION,0.0,0.0
bp_0_125_3,the vibranium change has given jakarra a new advantage! he's invulnerable to our weapons!,[],"[[10.0, 5.0, 294.0, 84.0], [134.0, 87.0, 284.0, 192.0], [300.0, 2.0, 427.0, 84.0]]",[],"[[-1.0, -1.0, -1.0, -1.0], [-1.0, -1.0, -1.0, -1.0], [-1.0, -1.0, -1.0, -1.0]]",,0.2130681818181818,0.45454545454545453
bp_0_125_3,and that's not the only change!watch his hands!,[],"[[10.0, 5.0, 294.0, 84.0], [134.0, 87.0, 284.0, 192.0], [300.0, 2.0, 427.0, 84.0]]",[],"[[-1.0, -1.0, -1.0, -1.0], [-1.0, -1.0, -1.0, -1.0], [-1.0, -1.0, -1.0, -1.0]]",,0.0,1.0
bp_0_125_3,his palms are glowing like white got coals!,[],"[[10.0, 5.0, 294.0, 84.0], [134.0, 87.0, 284.0, 192.0], [300.0, 2.0, 427.0, 84.0]]",[],"[[-1.0, -1.0, -1.0, -1.0], [-1.0, -1.0, -1.0, -1.0], [-1.0, -1.0, -1.0, -1.0]]",INFORM,0.0,0.0
bp_0_126_1,"from an intensive study of microscopic samples of jakarra's tissue, i was able to make a chemical breakdown of the vibranium infection!",[],"[[157.0, 5.0, 429.0, 129.0]]",[],"[[6.0, 7.0, 151.0, 142.0]]",INFORM,0.625,0.625
bp_0_126_3,"you're also ruling panthers! --and despite this fact, you must move while hope remains!",[],"[[4.0, 6.0, 205.0, 124.0], [217.0, 3.0, 420.0, 151.0]]",[],"[[15.0, 138.0, 129.0, 293.0], [192.0, 143.0, 388.0, 364.0]]",,0.0,0.0
bp_0_126_3,that's the good news! we've got one slim chance to avert this catastrophe: my anti-sonic toxin!!,[],"[[4.0, 6.0, 205.0, 124.0], [217.0, 3.0, 420.0, 151.0]]",[],"[[15.0, 138.0, 129.0, 293.0], [192.0, 143.0, 388.0, 364.0]]",,1.0,0.6000000000000001
bp_0_128_3,"open your granite jaws, great pather! -- and take a wandering cub to the safety of your heart!","[""t'challa transmits a radio signal on a frequency given only to wakandan pilots...""]","[[3.0, 96.0, 199.0, 240.0]]","[[2.0, 5.0, 246.0, 81.0]]","[[139.0, 279.0, 151.0, 287.0]]",,0.5,0.625
bp_0_129_0,keep moving!keep moving!the militia must have room to maneuver!,"[""but t'challa is unaware of the desperate situation that lies before him...""]","[[4.0, 52.0, 186.0, 142.0], [202.0, 124.0, 343.0, 181.0], [384.0, 45.0, 500.0, 166.0], [610.0, 7.0, 848.0, 93.0]]","[[2.0, 3.0, 459.0, 45.0]]","[[43.0, 148.0, 104.0, 196.0], [226.0, 191.0, 256.0, 219.0], [384.0, 157.0, 442.0, 224.0], [519.0, 169.0, 563.0, 211.0]]",,0.0,0.0
bp_0_129_0,they'll never stop jakarra!,"[""but t'challa is unaware of the desperate situation that lies before him...""]","[[4.0, 52.0, 186.0, 142.0], [202.0, 124.0, 343.0, 181.0], [384.0, 45.0, 500.0, 166.0], [610.0, 7.0, 848.0, 93.0]]","[[2.0, 3.0, 459.0, 45.0]]","[[43.0, 148.0, 104.0, 196.0], [226.0, 191.0, 256.0, 219.0], [384.0, 157.0, 442.0, 224.0], [519.0, 169.0, 563.0, 211.0]]",INFORM,0.0,0.0
bp_0_129_0,"hurry, children!he's comming this way","[""but t'challa is unaware of the desperate situation that lies before him...""]","[[4.0, 52.0, 186.0, 142.0], [202.0, 124.0, 343.0, 181.0], [384.0, 45.0, 500.0, 166.0], [610.0, 7.0, 848.0, 93.0]]","[[2.0, 3.0, 459.0, 45.0]]","[[43.0, 148.0, 104.0, 196.0], [226.0, 191.0, 256.0, 219.0], [384.0, 157.0, 442.0, 224.0], [519.0, 169.0, 563.0, 211.0]]",,0.0,0.0
bp_0_129_0,the black panther should be here!where is he when his people have need of his mighty arm!??,"[""but t'challa is unaware of the desperate situation that lies before him...""]","[[4.0, 52.0, 186.0, 142.0], [202.0, 124.0, 343.0, 181.0], [384.0, 45.0, 500.0, 166.0], [610.0, 7.0, 848.0, 93.0]]","[[2.0, 3.0, 459.0, 45.0]]","[[43.0, 148.0, 104.0, 196.0], [226.0, 191.0, 256.0, 219.0], [384.0, 157.0, 442.0, 224.0], [519.0, 169.0, 563.0, 211.0]]",,0.16666666666666669,0.6666666666666667
bp_0_129_1,never mind those civilians! get the special squad up here on the double!,[],"[[7.0, 5.0, 225.0, 104.0], [233.0, 3.0, 431.0, 104.0]]",[],"[[-1.0, -1.0, -1.0, -1.0], [312.0, 137.0, 432.0, 307.0]]",,0.17857142857142858,0.2857142857142857
bp_0_129_1,they're ready! stand back-- let them do their job!,[],"[[7.0, 5.0, 225.0, 104.0], [233.0, 3.0, 431.0, 104.0]]",[],"[[-1.0, -1.0, -1.0, -1.0], [312.0, 137.0, 432.0, 307.0]]",,0.125,0.25
bp_0_12_0,very well! you've taken the gun! now use it! use it on him before it's too late!!,[],"[[12.0, 10.0, 292.0, 124.0], [365.0, 11.0, 565.0, 103.0]]",[],"[[92.0, 173.0, 275.0, 379.0], [329.0, 116.0, 550.0, 353.0]]",,-0.0390625,0.44999999999999996
bp_0_12_0,no!we've got to face this as civilized human beings!,[],"[[12.0, 10.0, 292.0, 124.0], [365.0, 11.0, 565.0, 103.0]]",[],"[[92.0, 173.0, 275.0, 379.0], [329.0, 116.0, 550.0, 353.0]]",,0.2,0.5
bp_0_12_2,you must be joking! he looks upon us as we regard pet monkeys!,[],"[[10.0, 10.0, 240.0, 131.0], [305.0, 6.0, 568.0, 161.0], [292.0, 152.0, 530.0, 244.0]]",[],"[[-1.0, -1.0, -1.0, -1.0], [3.0, 168.0, 575.0, 578.0], [3.0, 172.0, 575.0, 578.0]]",,0.0,0.0
bp_0_12_2,it's a gap we'll have to narrow somehow! we've got to send him back to his own time!,[],"[[10.0, 10.0, 240.0, 131.0], [305.0, 6.0, 568.0, 161.0], [292.0, 152.0, 530.0, 244.0]]",[],"[[-1.0, -1.0, -1.0, -1.0], [3.0, 168.0, 575.0, 578.0], [3.0, 172.0, 575.0, 578.0]]",,0.16666666666666666,0.4666666666666666
bp_0_12_2,and there is only one way to do it!,[],"[[10.0, 10.0, 240.0, 131.0], [305.0, 6.0, 568.0, 161.0], [292.0, 152.0, 530.0, 244.0]]",[],"[[-1.0, -1.0, -1.0, -1.0], [3.0, 168.0, 575.0, 578.0], [3.0, 172.0, 575.0, 578.0]]",INFORM,0.0,1.0
bp_0_12_3,"it's a man, all right!--a man from the ""sixth era""-- wherever that may be in time!",[],"[[20.0, 2.0, 492.0, 82.0], [226.0, 96.0, 412.0, 266.0], [437.0, 62.0, 575.0, 163.0]]",[],"[[80.0, 101.0, 229.0, 319.0], [85.0, 105.0, 230.0, 319.0], [415.0, 202.0, 482.0, 276.0]]",,0.0,0.0
bp_0_12_3,he's man as he will be in the far distant future -- all brain!,[],"[[20.0, 2.0, 492.0, 82.0], [226.0, 96.0, 412.0, 266.0], [437.0, 62.0, 575.0, 163.0]]",[],"[[80.0, 101.0, 229.0, 319.0], [85.0, 105.0, 230.0, 319.0], [415.0, 202.0, 482.0, 276.0]]",INFORM,0.0,0.4916666666666667
bp_0_12_3,"then, that's the spot to shoot at!",[],"[[20.0, 2.0, 492.0, 82.0], [226.0, 96.0, 412.0, 266.0], [437.0, 62.0, 575.0, 163.0]]",[],"[[80.0, 101.0, 229.0, 319.0], [85.0, 105.0, 230.0, 319.0], [415.0, 202.0, 482.0, 276.0]]",FEEDBACK,0.0,0.0
bp_0_131_0,t'challa--! it's t'challa!,['suddenly...'],"[[31.0, 36.0, 181.0, 118.0], [491.0, 9.0, 602.0, 44.0], [669.0, 10.0, 797.0, 58.0], [812.0, 11.0, 871.0, 78.0]]","[[5.0, 6.0, 133.0, 34.0]]","[[216.0, 41.0, 268.0, 96.0], [387.0, 23.0, 455.0, 112.0], [652.0, 33.0, 694.0, 86.0], [787.0, 61.0, 830.0, 121.0]]",INFORM,0.0,0.0
bp_0_131_0,i'll take over now!,['suddenly...'],"[[31.0, 36.0, 181.0, 118.0], [491.0, 9.0, 602.0, 44.0], [669.0, 10.0, 797.0, 58.0], [812.0, 11.0, 871.0, 78.0]]","[[5.0, 6.0, 133.0, 34.0]]","[[216.0, 41.0, 268.0, 96.0], [387.0, 23.0, 455.0, 112.0], [652.0, 33.0, 694.0, 86.0], [787.0, 61.0, 830.0, 121.0]]",COMMIT,0.0,0.0
bp_0_131_0,but what are you going to do?,['suddenly...'],"[[31.0, 36.0, 181.0, 118.0], [491.0, 9.0, 602.0, 44.0], [669.0, 10.0, 797.0, 58.0], [812.0, 11.0, 871.0, 78.0]]","[[5.0, 6.0, 133.0, 34.0]]","[[216.0, 41.0, 268.0, 96.0], [387.0, 23.0, 455.0, 112.0], [652.0, 33.0, 694.0, 86.0], [787.0, 61.0, 830.0, 121.0]]",WHY_QUESTION,0.0,0.0
bp_0_131_0,we want to help!,['suddenly...'],"[[31.0, 36.0, 181.0, 118.0], [491.0, 9.0, 602.0, 44.0], [669.0, 10.0, 797.0, 58.0], [812.0, 11.0, 871.0, 78.0]]","[[5.0, 6.0, 133.0, 34.0]]","[[216.0, 41.0, 268.0, 96.0], [387.0, 23.0, 455.0, 112.0], [652.0, 33.0, 694.0, 86.0], [787.0, 61.0, 830.0, 121.0]]",COMMIT,0.0,0.0
bp_0_131_1,you know what will happen if he reaches the mound!,[],"[[10.0, 10.0, 128.0, 92.0], [138.0, 10.0, 270.0, 75.0], [295.0, 6.0, 440.0, 79.0]]",[],"[[13.0, 217.0, 103.0, 307.0], [101.0, 134.0, 175.0, 201.0], [302.0, 53.0, 346.0, 88.0]]",FEEDBACK,0.0,0.0
bp_0_131_1,i know what will happen if we reach him!,[],"[[10.0, 10.0, 128.0, 92.0], [138.0, 10.0, 270.0, 75.0], [295.0, 6.0, 440.0, 79.0]]",[],"[[13.0, 217.0, 103.0, 307.0], [101.0, 134.0, 175.0, 201.0], [302.0, 53.0, 346.0, 88.0]]",INFORM,0.0,0.0
bp_0_131_1,"well, we can't stay here and do nothing!",[],"[[10.0, 10.0, 128.0, 92.0], [138.0, 10.0, 270.0, 75.0], [295.0, 6.0, 440.0, 79.0]]",[],"[[13.0, 217.0, 103.0, 307.0], [101.0, 134.0, 175.0, 201.0], [302.0, 53.0, 346.0, 88.0]]",FEEDBACK,0.0,0.0
bp_0_131_2,"you took the injector! return it to me, t'challa!only i can use it properly--!",[],"[[2.0, 3.0, 167.0, 134.0], [173.0, 3.0, 387.0, 87.0]]",[],"[[-1.0, -1.0, -1.0, -1.0], [232.0, 65.0, 291.0, 142.0]]",,0.0,0.1
bp_0_131_2,"wrong, cousin! n'gassi briefed me on what you were up to!",[],"[[2.0, 3.0, 167.0, 134.0], [173.0, 3.0, 387.0, 87.0]]",[],"[[-1.0, -1.0, -1.0, -1.0], [232.0, 65.0, 291.0, 142.0]]",,-0.78125,0.9
bp_0_132_4,now he's no longer human! a deadly thing to be dealt with at great risk!,[],"[[2.0, 5.0, 181.0, 126.0]]",[],"[[178.0, 124.0, 248.0, 206.0]]",INFORM,0.26666666666666666,0.4166666666666667
bp_0_133_1,a giant shock wave will come next!,[],"[[299.0, 96.0, 422.0, 213.0]]",[],"[[-1.0, -1.0, -1.0, -1.0]]",INFORM,0.0,0.5
bp_0_133_4,i've got to--ugh!,[],"[[50.0, 16.0, 180.0, 70.0]]",[],"[[62.0, 103.0, 155.0, 200.0]]",INFORM,0.0,0.0
bp_0_136_0,spirits of the ancestors-- one would almost think he wanted to be assaulted!,[],"[[0.0, 2.0, 203.0, 37.0]]",[],"[[71.0, 59.0, 135.0, 158.0]]",INFORM,0.0,0.0
bp_0_137_0,"all right, mister--turn around, slow. we don't wanna hurt ya, we only want your money.",[],"[[3.0, 2.0, 194.0, 81.0], [552.0, 4.0, 677.0, 43.0], [699.0, 7.0, 867.0, 74.0], [166.0, 357.0, 388.0, 430.0]]",[],"[[-1.0, -1.0, -1.0, -1.0], [-1.0, -1.0, -1.0, -1.0], [594.0, 131.0, 646.0, 187.0], [159.0, 111.0, 204.0, 163.0]]",,-0.004761904761904782,0.6452380952380953
bp_0_137_0,"c'mon, man-- hand it over!",[],"[[3.0, 2.0, 194.0, 81.0], [552.0, 4.0, 677.0, 43.0], [699.0, 7.0, 867.0, 74.0], [166.0, 357.0, 388.0, 430.0]]",[],"[[-1.0, -1.0, -1.0, -1.0], [-1.0, -1.0, -1.0, -1.0], [594.0, 131.0, 646.0, 187.0], [159.0, 111.0, 204.0, 163.0]]",ORDER,0.0,0.0
bp_0_137_0,"hey, levon-- the dude look like he want to put up a fight!",[],"[[3.0, 2.0, 194.0, 81.0], [552.0, 4.0, 677.0, 43.0], [699.0, 7.0, 867.0, 74.0], [166.0, 357.0, 388.0, 430.0]]",[],"[[-1.0, -1.0, -1.0, -1.0], [-1.0, -1.0, -1.0, -1.0], [594.0, 131.0, 646.0, 187.0], [159.0, 111.0, 204.0, 163.0]]",FEEDBACK,0.0,0.0
bp_0_137_0,"young jackals, i have something to give you-- but it isn't money!",[],"[[3.0, 2.0, 194.0, 81.0], [552.0, 4.0, 677.0, 43.0], [699.0, 7.0, 867.0, 74.0], [166.0, 357.0, 388.0, 430.0]]",[],"[[-1.0, -1.0, -1.0, -1.0], [-1.0, -1.0, -1.0, -1.0], [594.0, 131.0, 646.0, 187.0], [159.0, 111.0, 204.0, 163.0]]",,0.125,0.4
bp_0_138_2,"-- yes! klaw, the master of sound..my oldest and most deadly foe!",[],"[[4.0, 3.0, 155.0, 119.0], [6.0, 108.0, 148.0, 246.0], [233.0, 313.0, 432.0, 423.0]]",[],"[[-1.0, -1.0, -1.0, -1.0], [-1.0, -1.0, -1.0, -1.0], [-1.0, -1.0, -1.0, -1.0]]",,0.125,0.45
bp_0_138_2,there's not a mark on him-- but he seems to be in a coma!,[],"[[4.0, 3.0, 155.0, 119.0], [6.0, 108.0, 148.0, 246.0], [233.0, 313.0, 432.0, 423.0]]",[],"[[-1.0, -1.0, -1.0, -1.0], [-1.0, -1.0, -1.0, -1.0], [-1.0, -1.0, -1.0, -1.0]]",,-0.125,0.0
bp_0_138_2,that's not logical though.klaw can't be harmed by a mere gunshot!,[],"[[4.0, 3.0, 155.0, 119.0], [6.0, 108.0, 148.0, 246.0], [233.0, 313.0, 432.0, 423.0]]",[],"[[-1.0, -1.0, -1.0, -1.0], [-1.0, -1.0, -1.0, -1.0], [-1.0, -1.0, -1.0, -1.0]]",,-0.375,0.375
bp_0_141_5,"listen, jackie--you got the electronic know-how to build me the weapon i need! you gonna build it, dig?",[],"[[4.0, 6.0, 196.0, 107.0], [125.0, 417.0, 191.0, 461.0]]",[],"[[5.0, 119.0, 82.0, 359.0], [96.0, 188.0, 197.0, 403.0]]",,0.0,0.0
bp_0_141_5,y-yes.,[],"[[4.0, 6.0, 196.0, 107.0], [125.0, 417.0, 191.0, 461.0]]",[],"[[5.0, 119.0, 82.0, 359.0], [96.0, 188.0, 197.0, 403.0]]",FEEDBACK,0.0,0.0
bp_0_143_2,my country is not in the market for advisors -- either cuban or american! we merely wish to know -- the world outside!,[],"[[5.0, 6.0, 309.0, 85.0]]",[],"[[6.0, 93.0, 324.0, 433.0]]",INFORM,-0.16666666666666666,0.18333333333333335
bp_0_143_4,what should we tell the secretary?,[],"[[47.0, 2.0, 197.0, 62.0]]",[],"[[70.0, 115.0, 200.0, 283.0]]",WHY_QUESTION,0.0,0.0
bp_0_144_2,"well, t'challa... only in business a week, and i see you've already gotten some pretty high-powered visitors.",[],"[[7.0, 5.0, 157.0, 127.0], [172.0, 5.0, 476.0, 58.0], [478.0, 6.0, 589.0, 53.0]]",[],"[[133.0, 100.0, 215.0, 211.0], [403.0, 84.0, 478.0, 182.0], [483.0, 79.0, 579.0, 174.0]]",,0.125,1.0
bp_0_144_2,right. old aubrey pearson's one of cyrus vance's toughest negotiators.,[],"[[7.0, 5.0, 157.0, 127.0], [172.0, 5.0, 476.0, 58.0], [478.0, 6.0, 589.0, 53.0]]",[],"[[133.0, 100.0, 215.0, 211.0], [403.0, 84.0, 478.0, 182.0], [483.0, 79.0, 579.0, 174.0]]",,0.19285714285714284,0.3678571428571429
bp_0_144_2,"oh he went pretty easy on me, cap.",[],"[[7.0, 5.0, 157.0, 127.0], [172.0, 5.0, 476.0, 58.0], [478.0, 6.0, 589.0, 53.0]]",[],"[[133.0, 100.0, 215.0, 211.0], [403.0, 84.0, 478.0, 182.0], [483.0, 79.0, 579.0, 174.0]]",INFORM,0.3416666666666667,0.9166666666666667
bp_0_144_3,"this way, ladies and gentlemen.",[],"[[6.0, 6.0, 119.0, 61.0]]",[],"[[94.0, 90.0, 159.0, 169.0]]",INFORM,0.0,0.0
bp_0_145_0,"fortunately, i can escape the pressures in my own way -- up here...",[],"[[495.0, 5.0, 861.0, 39.0], [701.0, 255.0, 868.0, 358.0], [368.0, 328.0, 709.0, 401.0]]",[],"[[665.0, 84.0, 680.0, 101.0], [667.0, 84.0, 679.0, 102.0], [669.0, 88.0, 682.0, 100.0]]",INFORM,0.5,0.85
bp_0_145_0,... as far beyond telephones and meetings as i would be in africa's most remote jungle wilderness,[],"[[495.0, 5.0, 861.0, 39.0], [701.0, 255.0, 868.0, 358.0], [368.0, 328.0, 709.0, 401.0]]",[],"[[665.0, 84.0, 680.0, 101.0], [667.0, 84.0, 679.0, 102.0], [669.0, 88.0, 682.0, 100.0]]",INFORM,0.16666666666666666,0.5666666666666667
bp_0_145_0,it's a shame that new york's inhabitants can't see their city from this perspective!it's so beautiful -- almost fragile looking!,[],"[[495.0, 5.0, 861.0, 39.0], [701.0, 255.0, 868.0, 358.0], [368.0, 328.0, 709.0, 401.0]]",[],"[[665.0, 84.0, 680.0, 101.0], [667.0, 84.0, 679.0, 102.0], [669.0, 88.0, 682.0, 100.0]]",,0.3287878787878788,0.6515151515151515
bp_0_145_1,i can understand cap's misgivings. the danger posed by visionary leaders of great power is one of history's recurring lessons.,"[""the avengers leave, and shortly, a sleek form takes to the city's rooftops.""]","[[5.0, 361.0, 285.0, 446.0], [336.0, 7.0, 498.0, 106.0]]","[[4.0, 4.0, 265.0, 54.0]]","[[93.0, 158.0, 121.0, 177.0], [314.0, 193.0, 357.0, 224.0]]",,0.8,0.75
bp_0_145_1,"for every mohammed or simon bolivar, there's been a hitler or attila.","[""the avengers leave, and shortly, a sleek form takes to the city's rooftops.""]","[[5.0, 361.0, 285.0, 446.0], [336.0, 7.0, 498.0, 106.0]]","[[4.0, 4.0, 265.0, 54.0]]","[[93.0, 158.0, 121.0, 177.0], [314.0, 193.0, 357.0, 224.0]]",INFORM,0.0,0.0
bp_0_145_5,wait!one of those people...,[],"[[66.0, 4.0, 158.0, 70.0]]",[],"[[2.0, 119.0, 143.0, 450.0]]",,0.0,0.0
bp_0_149_0,"and the shockwave from the bullet put him into this statis, eh?",[],"[[156.0, 1.0, 310.0, 114.0], [5.0, 311.0, 176.0, 423.0], [403.0, 2.0, 601.0, 79.0], [613.0, 4.0, 874.0, 74.0]]",[],"[[291.0, 26.0, 385.0, 143.0], [24.0, 1.0, 165.0, 141.0], [300.0, 26.0, 380.0, 144.0], [538.0, 74.0, 860.0, 390.0]]",YES-NO_QUESTION,0.0,0.0
bp_0_149_0,it's a theory. the experts in wakanda will make the final analysis!,[],"[[156.0, 1.0, 310.0, 114.0], [5.0, 311.0, 176.0, 423.0], [403.0, 2.0, 601.0, 79.0], [613.0, 4.0, 874.0, 74.0]]",[],"[[291.0, 26.0, 385.0, 143.0], [24.0, 1.0, 165.0, 141.0], [300.0, 26.0, 380.0, 144.0], [538.0, 74.0, 860.0, 390.0]]",,0.0,1.0
bp_0_149_0,in wakanda? after all these years you want to take him back there?,[],"[[156.0, 1.0, 310.0, 114.0], [5.0, 311.0, 176.0, 423.0], [403.0, 2.0, 601.0, 79.0], [613.0, 4.0, 874.0, 74.0]]",[],"[[291.0, 26.0, 385.0, 143.0], [24.0, 1.0, 165.0, 141.0], [300.0, 26.0, 380.0, 144.0], [538.0, 74.0, 860.0, 390.0]]",,0.0,0.0
bp_0_149_0,"yes! it's about time! wakandan scientists will find a way to revive klaw, and he can stand trial...",[],"[[156.0, 1.0, 310.0, 114.0], [5.0, 311.0, 176.0, 423.0], [403.0, 2.0, 601.0, 79.0], [613.0, 4.0, 874.0, 74.0]]",[],"[[291.0, 26.0, 385.0, 143.0], [24.0, 1.0, 165.0, 141.0], [300.0, 26.0, 380.0, 144.0], [538.0, 74.0, 860.0, 390.0]]",,0.0,0.0
bp_0_14_3,"Here it is, you insufferable little pipsqueak! my men should have aimed at this, insted of your chest!",[],"[[5.0, 7.0, 232.0, 175.0], [337.0, 4.0, 557.0, 137.0]]",[],"[[-1.0, -1.0, -1.0, -1.0], [342.0, 192.0, 476.0, 359.0]]",,-0.29296875,0.5
bp_0_14_3,princess zanda! so--you and your scurrilous knaves were waiting in ambush for us!,[],"[[5.0, 7.0, 232.0, 175.0], [337.0, 4.0, 557.0, 137.0]]",[],"[[-1.0, -1.0, -1.0, -1.0], [342.0, 192.0, 476.0, 359.0]]",,0.0,0.0
bp_0_154_0,my shield seems to have no effect on it! what's this creature made of?!,"['if the panther were to reply, the answer would seem unbelievable!', 'as it is, the jungle king is too busy trying to think of a way to defeat a beast made of pure solidified sound!', '* b. p. # 14 -- r.']","[[11.0, 4.0, 198.0, 88.0], [771.0, 7.0, 881.0, 79.0], [767.0, 483.0, 877.0, 625.0]]","[[5.0, 277.0, 168.0, 365.0], [461.0, 4.0, 756.0, 88.0], [753.0, 628.0, 874.0, 650.0]]","[[321.0, 109.0, 383.0, 168.0], [669.0, 104.0, 745.0, 170.0], [649.0, 549.0, 683.0, 589.0]]",,0.0,0.0
bp_0_154_0,"get away, t'challa-- warn the avengers!","['if the panther were to reply, the answer would seem unbelievable!', 'as it is, the jungle king is too busy trying to think of a way to defeat a beast made of pure solidified sound!', '* b. p. # 14 -- r.']","[[11.0, 4.0, 198.0, 88.0], [771.0, 7.0, 881.0, 79.0], [767.0, 483.0, 877.0, 625.0]]","[[5.0, 277.0, 168.0, 365.0], [461.0, 4.0, 756.0, 88.0], [753.0, 628.0, 874.0, 650.0]]","[[321.0, 109.0, 383.0, 168.0], [669.0, 104.0, 745.0, 170.0], [649.0, 549.0, 683.0, 589.0]]",,0.0,0.0
bp_0_154_0,"you're wrong about your shield, cap-- it made the monster release me!*","['if the panther were to reply, the answer would seem unbelievable!', 'as it is, the jungle king is too busy trying to think of a way to defeat a beast made of pure solidified sound!', '* b. p. # 14 -- r.']","[[11.0, 4.0, 198.0, 88.0], [771.0, 7.0, 881.0, 79.0], [767.0, 483.0, 877.0, 625.0]]","[[5.0, 277.0, 168.0, 365.0], [461.0, 4.0, 756.0, 88.0], [753.0, 628.0, 874.0, 650.0]]","[[321.0, 109.0, 383.0, 168.0], [669.0, 104.0, 745.0, 170.0], [649.0, 549.0, 683.0, 589.0]]",,-0.625,0.9
bp_0_155_2,fool! i don't need my soni-claw to defeat the likes of you!,[],"[[233.0, 3.0, 405.0, 93.0]]",[],"[[314.0, 216.0, 351.0, 257.0]]",,0.0,0.0
bp_0_156_3,"face it, avenger-- you're wearing down! not even your android body can withstand constant pounding sound assaults!",['holding action...'],"[[3.0, 312.0, 251.0, 392.0], [260.0, 300.0, 379.0, 392.0]]","[[2.0, 0.0, 180.0, 17.0]]","[[101.0, 47.0, 158.0, 100.0], [182.0, 40.0, 236.0, 79.0]]",,0.10185185185185186,0.34074074074074073
bp_0_156_3,perhabs --but how long can you sustain such and energy output?,['holding action...'],"[[3.0, 312.0, 251.0, 392.0], [260.0, 300.0, 379.0, 392.0]]","[[2.0, 0.0, 180.0, 17.0]]","[[101.0, 47.0, 158.0, 100.0], [182.0, 40.0, 236.0, 79.0]]",WHY_QUESTION,-0.025,0.45
bp_0_157_0,"as you can see, i am qeuipped to return force for force!",[],"[[7.0, 5.0, 130.0, 110.0], [4.0, 244.0, 150.0, 433.0], [325.0, 599.0, 451.0, 751.0], [279.0, 789.0, 461.0, 878.0]]",[],"[[-1.0, -1.0, -1.0, -1.0], [209.0, 492.0, 253.0, 536.0], [207.0, 488.0, 254.0, 537.0], [81.0, 614.0, 220.0, 782.0]]",INFORM,0.0,0.0
bp_0_157_0,so-- you would use my own power against me! i am well acquainted with the uses of sonic feedback as a defensive weapon,[],"[[7.0, 5.0, 130.0, 110.0], [4.0, 244.0, 150.0, 433.0], [325.0, 599.0, 451.0, 751.0], [279.0, 789.0, 461.0, 878.0]]",[],"[[-1.0, -1.0, -1.0, -1.0], [209.0, 492.0, 253.0, 536.0], [207.0, 488.0, 254.0, 537.0], [81.0, 614.0, 220.0, 782.0]]",,0.625,0.8
bp_0_157_0,... but let us see if you can defend yourself against this!,[],"[[7.0, 5.0, 130.0, 110.0], [4.0, 244.0, 150.0, 433.0], [325.0, 599.0, 451.0, 751.0], [279.0, 789.0, 461.0, 878.0]]",[],"[[-1.0, -1.0, -1.0, -1.0], [209.0, 492.0, 253.0, 536.0], [207.0, 488.0, 254.0, 537.0], [81.0, 614.0, 220.0, 782.0]]",NOT_CLASSIFIABLE,0.0,0.0
bp_0_157_0,spirits of the ancestors! klaw's strength is more than i'd expected,[],"[[7.0, 5.0, 130.0, 110.0], [4.0, 244.0, 150.0, 433.0], [325.0, 599.0, 451.0, 751.0], [279.0, 789.0, 461.0, 878.0]]",[],"[[-1.0, -1.0, -1.0, -1.0], [209.0, 492.0, 253.0, 536.0], [207.0, 488.0, 254.0, 537.0], [81.0, 614.0, 220.0, 782.0]]",,0.2,0.45
bp_0_18_0,it's vanishing into the source from which it came! his brain!!,[],"[[5.0, 6.0, 383.0, 82.0], [416.0, 7.0, 580.0, 65.0], [439.0, 86.0, 654.0, 168.0]]",[],"[[89.0, 92.0, 162.0, 177.0], [215.0, 95.0, 313.0, 194.0], [563.0, 173.0, 645.0, 261.0]]",,0.0,0.0
bp_0_18_0,he was dreaming!,[],"[[5.0, 6.0, 383.0, 82.0], [416.0, 7.0, 580.0, 65.0], [439.0, 86.0, 654.0, 168.0]]",[],"[[89.0, 92.0, 162.0, 177.0], [215.0, 95.0, 313.0, 194.0], [563.0, 173.0, 645.0, 261.0]]",INFORM,0.0,0.0
bp_0_18_0,and we were witness to it!,[],"[[5.0, 6.0, 383.0, 82.0], [416.0, 7.0, 580.0, 65.0], [439.0, 86.0, 654.0, 168.0]]",[],"[[89.0, 92.0, 162.0, 177.0], [215.0, 95.0, 313.0, 194.0], [563.0, 173.0, 645.0, 261.0]]",INFORM,0.0,0.0
bp_0_19_0,finish the count ya bum!,[],"[[252.0, 7.0, 399.0, 87.0], [188.0, 204.0, 332.0, 301.0], [434.0, 6.0, 654.0, 120.0], [436.0, 128.0, 620.0, 244.0], [690.0, 7.0, 1020.0, 141.0], [997.0, 9.0, 1181.0, 136.0]]",[],"[[364.0, 147.0, 418.0, 215.0], [319.0, 237.0, 465.0, 384.0], [537.0, 215.0, 655.0, 371.0], [538.0, 216.0, 655.0, 367.0], [841.0, 127.0, 974.0, 302.0], [1030.0, 117.0, 1185.0, 306.0]]",ORDER,0.0,0.0
bp_0_19_0,how did you wall-crawler?,[],"[[252.0, 7.0, 399.0, 87.0], [188.0, 204.0, 332.0, 301.0], [434.0, 6.0, 654.0, 120.0], [436.0, 128.0, 620.0, 244.0], [690.0, 7.0, 1020.0, 141.0], [997.0, 9.0, 1181.0, 136.0]]",[],"[[364.0, 147.0, 418.0, 215.0], [319.0, 237.0, 465.0, 384.0], [537.0, 215.0, 655.0, 371.0], [538.0, 216.0, 655.0, 367.0], [841.0, 127.0, 974.0, 302.0], [1030.0, 117.0, 1185.0, 306.0]]",WHY_QUESTION,0.0,0.0
bp_0_19_0,"never mind the count! i'll finish the referee, alias the foe.",[],"[[252.0, 7.0, 399.0, 87.0], [188.0, 204.0, 332.0, 301.0], [434.0, 6.0, 654.0, 120.0], [436.0, 128.0, 620.0, 244.0], [690.0, 7.0, 1020.0, 141.0], [997.0, 9.0, 1181.0, 136.0]]",[],"[[364.0, 147.0, 418.0, 215.0], [319.0, 237.0, 465.0, 384.0], [537.0, 215.0, 655.0, 371.0], [538.0, 216.0, 655.0, 367.0], [841.0, 127.0, 974.0, 302.0], [1030.0, 117.0, 1185.0, 306.0]]",,0.0,0.0
bp_0_19_0,you're the only ref i know know who can only count to two.,[],"[[252.0, 7.0, 399.0, 87.0], [188.0, 204.0, 332.0, 301.0], [434.0, 6.0, 654.0, 120.0], [436.0, 128.0, 620.0, 244.0], [690.0, 7.0, 1020.0, 141.0], [997.0, 9.0, 1181.0, 136.0]]",[],"[[364.0, 147.0, 418.0, 215.0], [319.0, 237.0, 465.0, 384.0], [537.0, 215.0, 655.0, 371.0], [538.0, 216.0, 655.0, 367.0], [841.0, 127.0, 974.0, 302.0], [1030.0, 117.0, 1185.0, 306.0]]",INFORM,0.0,1.0
bp_0_19_0,so enjoy the fudgy icing while you can ref... because you're going from a ring to a square. a square witch bars on it.,[],"[[252.0, 7.0, 399.0, 87.0], [188.0, 204.0, 332.0, 301.0], [434.0, 6.0, 654.0, 120.0], [436.0, 128.0, 620.0, 244.0], [690.0, 7.0, 1020.0, 141.0], [997.0, 9.0, 1181.0, 136.0]]",[],"[[364.0, 147.0, 418.0, 215.0], [319.0, 237.0, 465.0, 384.0], [537.0, 215.0, 655.0, 371.0], [538.0, 216.0, 655.0, 367.0], [841.0, 127.0, 974.0, 302.0], [1030.0, 117.0, 1185.0, 306.0]]",,0.4,0.5
bp_0_19_0,"thanks, web-puncher these hostess cup cakes are a knockout too.",[],"[[252.0, 7.0, 399.0, 87.0], [188.0, 204.0, 332.0, 301.0], [434.0, 6.0, 654.0, 120.0], [436.0, 128.0, 620.0, 244.0], [690.0, 7.0, 1020.0, 141.0], [997.0, 9.0, 1181.0, 136.0]]",[],"[[364.0, 147.0, 418.0, 215.0], [319.0, 237.0, 465.0, 384.0], [537.0, 215.0, 655.0, 371.0], [538.0, 216.0, 655.0, 367.0], [841.0, 127.0, 974.0, 302.0], [1030.0, 117.0, 1185.0, 306.0]]",,0.2,0.2
bp_0_20_0,"oh, well .. I suppose I demonstrated that courage is not lacking in the twentieth century man!",['when mister little overcomes his shock...'],"[[9.0, 66.0, 308.0, 181.0], [324.0, 6.0, 539.0, 185.0], [694.0, 2.0, 968.0, 195.0]]","[[6.0, 4.0, 321.0, 53.0]]","[[215.0, 187.0, 420.0, 429.0], [544.0, 62.0, 632.0, 201.0], [975.0, 3.0, 1176.0, 326.0]]",,0.0,0.0
bp_0_20_0,huh! I wonder what your chances would have been had that thing regained its senses!,['when mister little overcomes his shock...'],"[[9.0, 66.0, 308.0, 181.0], [324.0, 6.0, 539.0, 185.0], [694.0, 2.0, 968.0, 195.0]]","[[6.0, 4.0, 321.0, 53.0]]","[[215.0, 187.0, 420.0, 429.0], [544.0, 62.0, 632.0, 201.0], [975.0, 3.0, 1176.0, 326.0]]",,0.0,0.0
bp_0_20_0,"enough, you to! we've got to make the most of each. minute! there are dicisions to be made! there's work to be done!!",['when mister little overcomes his shock...'],"[[9.0, 66.0, 308.0, 181.0], [324.0, 6.0, 539.0, 185.0], [694.0, 2.0, 968.0, 195.0]]","[[6.0, 4.0, 321.0, 53.0]]","[[215.0, 187.0, 420.0, 429.0], [544.0, 62.0, 632.0, 201.0], [975.0, 3.0, 1176.0, 326.0]]",,0.5,0.5
bp_0_21_0,that creature wouldn't be on our hands if it weren't for zanda's meddling -- and her insatiable greed!!,[],"[[9.0, 8.0, 226.0, 139.0], [231.0, 9.0, 460.0, 71.0], [268.0, 86.0, 375.0, 183.0]]",[],"[[-1.0, -1.0, -1.0, -1.0], [117.0, 149.0, 215.0, 247.0], [-1.0, -1.0, -1.0, -1.0]]",INFORM,0.0,0.0
bp_0_21_0,you horrible little ant! when this is over -- i'll -- i'll --!!,[],"[[9.0, 8.0, 226.0, 139.0], [231.0, 9.0, 460.0, 71.0], [268.0, 86.0, 375.0, 183.0]]",[],"[[-1.0, -1.0, -1.0, -1.0], [117.0, 149.0, 215.0, 247.0], [-1.0, -1.0, -1.0, -1.0]]",,-0.68310546875,0.75
bp_0_21_0,save it! we're gliding into africa!!,[],"[[9.0, 8.0, 226.0, 139.0], [231.0, 9.0, 460.0, 71.0], [268.0, 86.0, 375.0, 183.0]]",[],"[[-1.0, -1.0, -1.0, -1.0], [117.0, 149.0, 215.0, 247.0], [-1.0, -1.0, -1.0, -1.0]]",,0.0,0.0
bp_0_21_2,you must have read your map wrong! we'll crash into that mountain wall if i don't pull up the nose of this plane,"['suddenly, the sky is blotted out by a great wall of granite which looms in the path of the onrushing multi-plane...']","[[10.0, 275.0, 201.0, 462.0], [336.0, 318.0, 455.0, 384.0], [303.0, 385.0, 455.0, 513.0]]","[[29.0, 23.0, 406.0, 102.0]]","[[-1.0, -1.0, -1.0, -1.0], [-1.0, -1.0, -1.0, -1.0], [-1.0, -1.0, -1.0, -1.0]]",,-0.625,0.9
bp_0_21_2,no! i'm never wrong!,"['suddenly, the sky is blotted out by a great wall of granite which looms in the path of the onrushing multi-plane...']","[[10.0, 275.0, 201.0, 462.0], [336.0, 318.0, 455.0, 384.0], [303.0, 385.0, 455.0, 513.0]]","[[29.0, 23.0, 406.0, 102.0]]","[[-1.0, -1.0, -1.0, -1.0], [-1.0, -1.0, -1.0, -1.0], [-1.0, -1.0, -1.0, -1.0]]",FEEDBACK,0.3125,0.9
bp_0_21_2,it is imperative that we maintain this precise altitude!,"['suddenly, the sky is blotted out by a great wall of granite which looms in the path of the onrushing multi-plane...']","[[10.0, 275.0, 201.0, 462.0], [336.0, 318.0, 455.0, 384.0], [303.0, 385.0, 455.0, 513.0]]","[[29.0, 23.0, 406.0, 102.0]]","[[-1.0, -1.0, -1.0, -1.0], [-1.0, -1.0, -1.0, -1.0], [-1.0, -1.0, -1.0, -1.0]]",INFORM,0.5,0.8
bp_0_22_3,"we did it, by george! we're alive!","['mister little, as always, proves himself right! At the moment of impact, the mountain wall slides open to receive the speeding craft within a huge stone corridor...']","[[127.0, 106.0, 211.0, 196.0], [291.0, 124.0, 417.0, 203.0]]","[[4.0, 4.0, 444.0, 98.0]]","[[-1.0, -1.0, -1.0, -1.0], [-1.0, -1.0, -1.0, -1.0]]",,0.125,0.4
bp_0_22_3,"you're infallible, mister little!","['mister little, as always, proves himself right! At the moment of impact, the mountain wall slides open to receive the speeding craft within a huge stone corridor...']","[[127.0, 106.0, 211.0, 196.0], [291.0, 124.0, 417.0, 203.0]]","[[4.0, 4.0, 444.0, 98.0]]","[[-1.0, -1.0, -1.0, -1.0], [-1.0, -1.0, -1.0, -1.0]]",INFORM,-0.234375,0.5
bp_0_26_0,"as a collecting enthusiast, i bow to a clever but unscrupulous colleague!",[],"[[7.0, 7.0, 191.0, 97.0], [59.0, 121.0, 207.0, 219.0], [338.0, 7.0, 455.0, 156.0]]",[],"[[103.0, 237.0, 170.0, 314.0], [223.0, 27.0, 291.0, 96.0], [302.0, 238.0, 464.0, 458.0]]",INFORM,0.20833333333333331,0.8333333333333334
bp_0_26_0,i lost five good mechanics before i learned the secret!,[],"[[7.0, 7.0, 191.0, 97.0], [59.0, 121.0, 207.0, 219.0], [338.0, 7.0, 455.0, 156.0]]",[],"[[103.0, 237.0, 170.0, 314.0], [223.0, 27.0, 291.0, 96.0], [302.0, 238.0, 464.0, 458.0]]",INFORM,0.09999999999999998,0.65
bp_0_26_0,postpone the small talk! we've got to get on with the search!,[],"[[7.0, 7.0, 191.0, 97.0], [59.0, 121.0, 207.0, 219.0], [338.0, 7.0, 455.0, 156.0]]",[],"[[103.0, 237.0, 170.0, 314.0], [223.0, 27.0, 291.0, 96.0], [302.0, 238.0, 464.0, 458.0]]",ORDER,-0.390625,0.4
bp_0_26_1,foolish fellow! you acted before i could warn you! king solomon's tomb is secured by complex forces,[],"[[9.0, 7.0, 205.0, 132.0], [240.0, 6.0, 448.0, 118.0]]",[],"[[12.0, 239.0, 118.0, 399.0], [184.0, 102.0, 319.0, 269.0]]",,-0.3,0.4
bp_0_26_1,"high voltage forces i'd say! if not for my protective gloves, i'd be dead at this moment!",[],"[[9.0, 7.0, 205.0, 132.0], [240.0, 6.0, 448.0, 118.0]]",[],"[[12.0, 239.0, 118.0, 399.0], [184.0, 102.0, 319.0, 269.0]]",,-0.024999999999999994,0.47000000000000003
bp_0_26_2,i-it's certainly dark in there-!,"['realizing the necessity for caution, the black panther slowly enters the adjoining chamber...']","[[290.0, 77.0, 458.0, 119.0], [363.0, 118.0, 436.0, 220.0]]","[[4.0, 5.0, 456.0, 65.0]]","[[105.0, 130.0, 344.0, 462.0], [103.0, 129.0, 342.0, 460.0]]",INFORM,-0.1875,0.4
bp_0_26_2,i can't see a thing!,"['realizing the necessity for caution, the black panther slowly enters the adjoining chamber...']","[[290.0, 77.0, 458.0, 119.0], [363.0, 118.0, 436.0, 220.0]]","[[4.0, 5.0, 456.0, 65.0]]","[[105.0, 130.0, 344.0, 462.0], [103.0, 129.0, 342.0, 460.0]]",INFORM,0.0,0.0
bp_0_26_3,you fools are wasting precious time! that's and ancient wizards lock! i have one in my collection of rare artifacts!,[],"[[17.0, 12.0, 206.0, 160.0], [302.0, 10.0, 429.0, 82.0], [344.0, 107.0, 444.0, 233.0]]",[],"[[21.0, 104.0, 101.0, 453.0], [227.0, 105.0, 302.0, 194.0], [301.0, 276.0, 397.0, 387.0]]",INFORM,0.578125,0.95
bp_0_26_3,"that's fine, princess... but, can you open it!?",[],"[[17.0, 12.0, 206.0, 160.0], [302.0, 10.0, 429.0, 82.0], [344.0, 107.0, 444.0, 233.0]]",[],"[[21.0, 104.0, 101.0, 453.0], [227.0, 105.0, 302.0, 194.0], [301.0, 276.0, 397.0, 387.0]]",,0.20833333333333334,0.5
bp_0_26_3,"a fair question... wouldn't you say so, my dear zanda?",[],"[[17.0, 12.0, 206.0, 160.0], [302.0, 10.0, 429.0, 82.0], [344.0, 107.0, 444.0, 233.0]]",[],"[[21.0, 104.0, 101.0, 453.0], [227.0, 105.0, 302.0, 194.0], [301.0, 276.0, 397.0, 387.0]]",,0.7,0.9
bp_0_26_5,she did it!the door is opening!we've got it made!,[],"[[6.0, 6.0, 184.0, 85.0], [304.0, 1.0, 452.0, 128.0]]",[],"[[-1.0, -1.0, -1.0, -1.0], [-1.0, -1.0, -1.0, -1.0]]",,0.0,0.0
bp_0_26_5,"well bless my stars!!the lady is not without talent, after all!",[],"[[6.0, 6.0, 184.0, 85.0], [304.0, 1.0, 452.0, 128.0]]",[],"[[-1.0, -1.0, -1.0, -1.0], [-1.0, -1.0, -1.0, -1.0]]",,0.0,0.0
bp_0_27_4,it must be done! i've got to put this behemoth down!,[],"[[293.0, 20.0, 448.0, 117.0]]",[],"[[182.0, 52.0, 299.0, 222.0]]",,-0.19444444444444445,0.2888888888888889
bp_0_28_0,i'll--eradicate--you!--like--vermin--!,['mister little backtracks slowly. then ne breaks into a run...'],"[[181.0, 41.0, 355.0, 99.0], [287.0, 102.0, 415.0, 135.0]]","[[7.0, 6.0, 455.0, 64.0]]","[[-1.0, -1.0, -1.0, -1.0], [-1.0, -1.0, -1.0, -1.0]]",COMMIT,0.0,0.0
bp_0_28_0,yeoow!!,['mister little backtracks slowly. then ne breaks into a run...'],"[[181.0, 41.0, 355.0, 99.0], [287.0, 102.0, 415.0, 135.0]]","[[7.0, 6.0, 455.0, 64.0]]","[[-1.0, -1.0, -1.0, -1.0], [-1.0, -1.0, -1.0, -1.0]]",BACKCHANNEL,0.0,0.0
bp_0_28_2,you-! you did -- this -- to -- me--! little animal--!,[],"[[5.0, 2.0, 170.0, 113.0], [220.0, 5.0, 456.0, 86.0], [275.0, 93.0, 438.0, 192.0]]",[],"[[-1.0, -1.0, -1.0, -1.0], [136.0, 67.0, 201.0, 129.0], [136.0, 66.0, 200.0, 129.0]]",NOT_CLASSIFIABLE,-0.234375,0.5
bp_0_28_2,"i-it was only meant to calm you, sir-- so we could-- heh heh --communicate-!",[],"[[5.0, 2.0, 170.0, 113.0], [220.0, 5.0, 456.0, 86.0], [275.0, 93.0, 438.0, 192.0]]",[],"[[-1.0, -1.0, -1.0, -1.0], [136.0, 67.0, 201.0, 129.0], [136.0, 66.0, 200.0, 129.0]]",INFORM,0.18750000000000003,0.875
bp_0_28_2,i'm afreaid he wasn't too thrilled by that reply!,[],"[[5.0, 2.0, 170.0, 113.0], [220.0, 5.0, 456.0, 86.0], [275.0, 93.0, 438.0, 192.0]]",[],"[[-1.0, -1.0, -1.0, -1.0], [136.0, 67.0, 201.0, 129.0], [136.0, 66.0, 200.0, 129.0]]",FEEDBACK,0.75,0.7
bp_0_28_3,"the odds against the black panther are formidable! if he's defeated, we'll be trapped here--",[],"[[55.0, 6.0, 359.0, 79.0], [199.0, 84.0, 422.0, 202.0]]",[],"[[138.0, 165.0, 277.0, 295.0], [137.0, 164.0, 274.0, 294.0]]",,-0.20416666666666666,0.21666666666666667
bp_0_28_3,"it's time to take a risk!-- an extremely chancy risk!-- but, it could work in our favor!",[],"[[55.0, 6.0, 359.0, 79.0], [199.0, 84.0, 422.0, 202.0]]",[],"[[138.0, 165.0, 277.0, 295.0], [137.0, 164.0, 274.0, 294.0]]",,-0.1953125,1.0
bp_0_2_1,"what's this all about, mister little? i didn't pursue that man because i sense that his capture is certain -- because he's a frightened stranger among us.",[],"[[5.0, 2.0, 455.0, 83.0], [229.0, 113.0, 442.0, 245.0]]",[],"[[62.0, 109.0, 199.0, 258.0], [321.0, 289.0, 427.0, 361.0]]",,0.013392857142857137,0.5357142857142857
bp_0_2_1,because he's the real mccoy my boy! a living warrior plucked from antiquity and transplanted this century!,[],"[[5.0, 2.0, 455.0, 83.0], [229.0, 113.0, 442.0, 245.0]]",[],"[[62.0, 109.0, 199.0, 258.0], [321.0, 289.0, 427.0, 361.0]]",,0.3125,0.30000000000000004
bp_0_30_0,get down. i said!,[],"[[18.0, 53.0, 185.0, 113.0]]",[],"[[411.0, 199.0, 480.0, 272.0]]",ORDER,-0.19444444444444445,0.2888888888888889
bp_0_31_0,fools! they've only exchanged one form of danger for another...,['but there is still another danger to be reckoned with! -- perhaps a greater menace anything the ancient past could unleash...'],"[[62.0, 138.0, 228.0, 246.0], [428.0, 1.0, 619.0, 86.0], [684.0, 4.0, 881.0, 81.0], [760.0, 103.0, 881.0, 181.0]]","[[2.0, 4.0, 326.0, 99.0]]","[[3.0, 267.0, 74.0, 346.0], [268.0, 43.0, 466.0, 297.0], [684.0, 130.0, 764.0, 205.0], [857.0, 204.0, 881.0, 265.0]]",,0.0,1.0
bp_0_31_0,bothersome--fleas--! you--won't--escape--this--time!,['but there is still another danger to be reckoned with! -- perhaps a greater menace anything the ancient past could unleash...'],"[[62.0, 138.0, 228.0, 246.0], [428.0, 1.0, 619.0, 86.0], [684.0, 4.0, 881.0, 81.0], [760.0, 103.0, 881.0, 181.0]]","[[2.0, 4.0, 326.0, 99.0]]","[[3.0, 267.0, 74.0, 346.0], [268.0, 43.0, 466.0, 297.0], [684.0, 130.0, 764.0, 205.0], [857.0, 204.0, 881.0, 265.0]]",,0.0,0.0
bp_0_31_0,"got any new ideas, mister little? we may only have time for one more!",['but there is still another danger to be reckoned with! -- perhaps a greater menace anything the ancient past could unleash...'],"[[62.0, 138.0, 228.0, 246.0], [428.0, 1.0, 619.0, 86.0], [684.0, 4.0, 881.0, 81.0], [760.0, 103.0, 881.0, 181.0]]","[[2.0, 4.0, 326.0, 99.0]]","[[3.0, 267.0, 74.0, 346.0], [268.0, 43.0, 466.0, 297.0], [684.0, 130.0, 764.0, 205.0], [857.0, 204.0, 881.0, 265.0]]",,0.1434659090909091,0.6136363636363636
bp_0_31_0,"w-we can't die, now!--not when we're so close to our goal-!",['but there is still another danger to be reckoned with! -- perhaps a greater menace anything the ancient past could unleash...'],"[[62.0, 138.0, 228.0, 246.0], [428.0, 1.0, 619.0, 86.0], [684.0, 4.0, 881.0, 81.0], [760.0, 103.0, 881.0, 181.0]]","[[2.0, 4.0, 326.0, 99.0]]","[[3.0, 267.0, 74.0, 346.0], [268.0, 43.0, 466.0, 297.0], [684.0, 130.0, 764.0, 205.0], [857.0, 204.0, 881.0, 265.0]]",,0.0,0.0
bp_0_31_1,i'll stop him!,['princess zanda suddenly datrs from hiding. she holds a large stone high above her head...'],"[[3.0, 74.0, 74.0, 138.0], [86.0, 85.0, 177.0, 118.0], [181.0, 75.0, 238.0, 152.0], [240.0, 73.0, 418.0, 148.0]]","[[5.0, 5.0, 410.0, 66.0]]","[[23.0, 243.0, 111.0, 324.0], [-1.0, -1.0, -1.0, -1.0], [-1.0, -1.0, -1.0, -1.0], [-1.0, -1.0, -1.0, -1.0]]",INFORM,0.0,0.0
bp_0_31_1,zanda!!,['princess zanda suddenly datrs from hiding. she holds a large stone high above her head...'],"[[3.0, 74.0, 74.0, 138.0], [86.0, 85.0, 177.0, 118.0], [181.0, 75.0, 238.0, 152.0], [240.0, 73.0, 418.0, 148.0]]","[[5.0, 5.0, 410.0, 66.0]]","[[23.0, 243.0, 111.0, 324.0], [-1.0, -1.0, -1.0, -1.0], [-1.0, -1.0, -1.0, -1.0], [-1.0, -1.0, -1.0, -1.0]]",NOT_CLASSIFIABLE,0.0,0.0
bp_0_31_1,drop it and run!,['princess zanda suddenly datrs from hiding. she holds a large stone high above her head...'],"[[3.0, 74.0, 74.0, 138.0], [86.0, 85.0, 177.0, 118.0], [181.0, 75.0, 238.0, 152.0], [240.0, 73.0, 418.0, 148.0]]","[[5.0, 5.0, 410.0, 66.0]]","[[23.0, 243.0, 111.0, 324.0], [-1.0, -1.0, -1.0, -1.0], [-1.0, -1.0, -1.0, -1.0], [-1.0, -1.0, -1.0, -1.0]]",ORDER,0.0,0.0
bp_0_31_1,he's got a disintegrator eye in the back of his head!,['princess zanda suddenly datrs from hiding. she holds a large stone high above her head...'],"[[3.0, 74.0, 74.0, 138.0], [86.0, 85.0, 177.0, 118.0], [181.0, 75.0, 238.0, 152.0], [240.0, 73.0, 418.0, 148.0]]","[[5.0, 5.0, 410.0, 66.0]]","[[23.0, 243.0, 111.0, 324.0], [-1.0, -1.0, -1.0, -1.0], [-1.0, -1.0, -1.0, -1.0], [-1.0, -1.0, -1.0, -1.0]]",INFORM,0.0,0.0
bp_0_32_0,the treasure!nothing can keep me from it!,"['it is a sight seen by few others in the course of passing centuries. although the survivors boasted of their claims to the marvels within the crypt, they soon joined their predecessors in death-- a fate destined for all defilers of the crypt! the black panther and his companions risk another blast to answer the irresistible attraction of the treasure...']","[[92.0, 814.0, 231.0, 920.0], [286.0, 637.0, 370.0, 711.0], [416.0, 664.0, 500.0, 739.0], [598.0, 785.0, 698.0, 861.0], [645.0, 828.0, 820.0, 923.0]]","[[4.0, 7.0, 759.0, 121.0]]","[[289.0, 827.0, 325.0, 861.0], [375.0, 706.0, 403.0, 732.0], [375.0, 706.0, 405.0, 734.0], [535.0, 786.0, 569.0, 827.0], [536.0, 789.0, 568.0, 823.0]]",,0.0,0.0
bp_0_32_0,i-it's all there!,"['it is a sight seen by few others in the course of passing centuries. although the survivors boasted of their claims to the marvels within the crypt, they soon joined their predecessors in death-- a fate destined for all defilers of the crypt! the black panther and his companions risk another blast to answer the irresistible attraction of the treasure...']","[[92.0, 814.0, 231.0, 920.0], [286.0, 637.0, 370.0, 711.0], [416.0, 664.0, 500.0, 739.0], [598.0, 785.0, 698.0, 861.0], [645.0, 828.0, 820.0, 923.0]]","[[4.0, 7.0, 759.0, 121.0]]","[[289.0, 827.0, 325.0, 861.0], [375.0, 706.0, 403.0, 732.0], [375.0, 706.0, 405.0, 734.0], [535.0, 786.0, 569.0, 827.0], [536.0, 789.0, 568.0, 823.0]]",INFORM,0.0,0.0
bp_0_32_0,--for the taking!,"['it is a sight seen by few others in the course of passing centuries. although the survivors boasted of their claims to the marvels within the crypt, they soon joined their predecessors in death-- a fate destined for all defilers of the crypt! the black panther and his companions risk another blast to answer the irresistible attraction of the treasure...']","[[92.0, 814.0, 231.0, 920.0], [286.0, 637.0, 370.0, 711.0], [416.0, 664.0, 500.0, 739.0], [598.0, 785.0, 698.0, 861.0], [645.0, 828.0, 820.0, 923.0]]","[[4.0, 7.0, 759.0, 121.0]]","[[289.0, 827.0, 325.0, 861.0], [375.0, 706.0, 403.0, 732.0], [375.0, 706.0, 405.0, 734.0], [535.0, 786.0, 569.0, 827.0], [536.0, 789.0, 568.0, 823.0]]",INFORM,0.0,0.0
bp_0_32_0,forget your greed!,"['it is a sight seen by few others in the course of passing centuries. although the survivors boasted of their claims to the marvels within the crypt, they soon joined their predecessors in death-- a fate destined for all defilers of the crypt! the black panther and his companions risk another blast to answer the irresistible attraction of the treasure...']","[[92.0, 814.0, 231.0, 920.0], [286.0, 637.0, 370.0, 711.0], [416.0, 664.0, 500.0, 739.0], [598.0, 785.0, 698.0, 861.0], [645.0, 828.0, 820.0, 923.0]]","[[4.0, 7.0, 759.0, 121.0]]","[[289.0, 827.0, 325.0, 861.0], [375.0, 706.0, 403.0, 732.0], [375.0, 706.0, 405.0, 734.0], [535.0, 786.0, 569.0, 827.0], [536.0, 789.0, 568.0, 823.0]]",ORDER,0.0,0.0
bp_0_32_0,"if our friend here regains his full faculties, we're doomed!","['it is a sight seen by few others in the course of passing centuries. although the survivors boasted of their claims to the marvels within the crypt, they soon joined their predecessors in death-- a fate destined for all defilers of the crypt! the black panther and his companions risk another blast to answer the irresistible attraction of the treasure...']","[[92.0, 814.0, 231.0, 920.0], [286.0, 637.0, 370.0, 711.0], [416.0, 664.0, 500.0, 739.0], [598.0, 785.0, 698.0, 861.0], [645.0, 828.0, 820.0, 923.0]]","[[4.0, 7.0, 759.0, 121.0]]","[[289.0, 827.0, 325.0, 861.0], [375.0, 706.0, 403.0, 732.0], [375.0, 706.0, 405.0, 734.0], [535.0, 786.0, 569.0, 827.0], [536.0, 789.0, 568.0, 823.0]]",INFORM,0.4375,0.55
bp_0_32_1,Curse this thing from the ages to come!,"['even as it destroys the stone, the deadly disintegrating ray strikes a far wall and continues its terrifying work ...']","[[74.0, 357.0, 224.0, 443.0]]","[[5.0, 5.0, 461.0, 63.0]]","[[277.0, 399.0, 319.0, 438.0]]",INFORM,0.0,0.0
bp_0_33_0,"diamonds, pearls, jeweled crowns and cups of gold! there is enough treasure here to random a hundred kingdoms!",[],"[[3.0, 3.0, 317.0, 102.0], [425.0, 5.0, 597.0, 129.0], [623.0, 4.0, 936.0, 76.0], [832.0, 68.0, 937.0, 128.0]]",[],"[[94.0, 91.0, 154.0, 149.0], [424.0, 122.0, 515.0, 275.0], [767.0, 53.0, 818.0, 124.0], [767.0, 52.0, 816.0, 123.0]]",,-0.3125,0.5
bp_0_33_0,by the stars! each ertifact in this crypt is of priceless value!,[],"[[3.0, 3.0, 317.0, 102.0], [425.0, 5.0, 597.0, 129.0], [623.0, 4.0, 936.0, 76.0], [832.0, 68.0, 937.0, 128.0]]",[],"[[94.0, 91.0, 154.0, 149.0], [424.0, 122.0, 515.0, 275.0], [767.0, 53.0, 818.0, 124.0], [767.0, 52.0, 816.0, 123.0]]",,1.0,1.0
bp_0_33_0,have you two gone mad!? don't you realize that death is at our very heels!?,[],"[[3.0, 3.0, 317.0, 102.0], [425.0, 5.0, 597.0, 129.0], [623.0, 4.0, 936.0, 76.0], [832.0, 68.0, 937.0, 128.0]]",[],"[[94.0, 91.0, 154.0, 149.0], [424.0, 122.0, 515.0, 275.0], [767.0, 53.0, 818.0, 124.0], [767.0, 52.0, 816.0, 123.0]]",,-0.265625,0.65
bp_0_33_0,we've got work to do-!,[],"[[3.0, 3.0, 317.0, 102.0], [425.0, 5.0, 597.0, 129.0], [623.0, 4.0, 936.0, 76.0], [832.0, 68.0, 937.0, 128.0]]",[],"[[94.0, 91.0, 154.0, 149.0], [424.0, 122.0, 515.0, 275.0], [767.0, 53.0, 818.0, 124.0], [767.0, 52.0, 816.0, 123.0]]",INFORM,0.0,0.0
bp_0_33_3,ugh--!,['a grim reminder comes a split second later! the chamber is rocked by a sharp explosion'],"[[142.0, 75.0, 216.0, 102.0], [293.0, 147.0, 380.0, 212.0]]","[[6.0, 4.0, 423.0, 63.0]]","[[79.0, 203.0, 136.0, 245.0], [372.0, 250.0, 463.0, 397.0]]",BACKCHANNEL,0.0,0.0
bp_0_33_3,let's make tracks!,['a grim reminder comes a split second later! the chamber is rocked by a sharp explosion'],"[[142.0, 75.0, 216.0, 102.0], [293.0, 147.0, 380.0, 212.0]]","[[6.0, 4.0, 423.0, 63.0]]","[[79.0, 203.0, 136.0, 245.0], [372.0, 250.0, 463.0, 397.0]]",ORDER,0.0,0.0
bp_0_33_4,i-it ins't fair! that thing will destroy everything!,"['assisting hiw two stunned companions, the black panther retreats inte the inner recesses of the treasure chamber...']","[[45.0, 78.0, 202.0, 142.0], [244.0, 75.0, 446.0, 161.0]]","[[10.0, 6.0, 458.0, 65.0]]","[[-1.0, -1.0, -1.0, -1.0], [-1.0, -1.0, -1.0, -1.0]]",INFORM,0.3125,0.45
bp_0_33_4,not if we can find the twin to the brass frog mister little carries on his person!,"['assisting hiw two stunned companions, the black panther retreats inte the inner recesses of the treasure chamber...']","[[45.0, 78.0, 202.0, 142.0], [244.0, 75.0, 446.0, 161.0]]","[[10.0, 6.0, 458.0, 65.0]]","[[-1.0, -1.0, -1.0, -1.0], [-1.0, -1.0, -1.0, -1.0]]",FEEDBACK,-0.234375,0.5
bp_0_34_0,we did it none too soon! there were only seconds to spare!,[],"[[6.0, 8.0, 176.0, 102.0], [4.0, 126.0, 109.0, 250.0], [186.0, 2.0, 349.0, 124.0], [392.0, 4.0, 620.0, 143.0]]",[],"[[47.0, 323.0, 201.0, 477.0], [47.0, 323.0, 201.0, 471.0], [134.0, 140.0, 218.0, 238.0], [359.0, 69.0, 490.0, 236.0]]",INFORM,0.0,1.0
bp_0_34_0,flashing comets!! this was too close for comfort!!,[],"[[6.0, 8.0, 176.0, 102.0], [4.0, 126.0, 109.0, 250.0], [186.0, 2.0, 349.0, 124.0], [392.0, 4.0, 620.0, 143.0]]",[],"[[47.0, 323.0, 201.0, 477.0], [47.0, 323.0, 201.0, 471.0], [134.0, 140.0, 218.0, 238.0], [359.0, 69.0, 490.0, 236.0]]",INFORM,0.0,0.0
bp_0_34_0,our lives meant nothing to him! we would have died like insects!,[],"[[6.0, 8.0, 176.0, 102.0], [4.0, 126.0, 109.0, 250.0], [186.0, 2.0, 349.0, 124.0], [392.0, 4.0, 620.0, 143.0]]",[],"[[47.0, 323.0, 201.0, 477.0], [47.0, 323.0, 201.0, 471.0], [134.0, 140.0, 218.0, 238.0], [359.0, 69.0, 490.0, 236.0]]",INFORM,0.0,0.0
bp_0_34_0,let's face it. the man belonged to another time-- another place--! let's hope that he stays there!,[],"[[6.0, 8.0, 176.0, 102.0], [4.0, 126.0, 109.0, 250.0], [186.0, 2.0, 349.0, 124.0], [392.0, 4.0, 620.0, 143.0]]",[],"[[47.0, 323.0, 201.0, 477.0], [47.0, 323.0, 201.0, 471.0], [134.0, 140.0, 218.0, 238.0], [359.0, 69.0, 490.0, 236.0]]",CLOSE,0.0,0.0
bp_0_35_2,he's not going to make it! our only chance may be to run!,[],"[[1.0, 1.0, 183.0, 79.0], [100.0, 80.0, 209.0, 181.0], [197.0, 2.0, 439.0, 95.0]]",[],"[[12.0, 103.0, 118.0, 225.0], [9.0, 102.0, 118.0, 223.0], [158.0, 94.0, 353.0, 318.0]]",,0.0,1.0
bp_0_35_2,what are you up to now!?,[],"[[1.0, 1.0, 183.0, 79.0], [100.0, 80.0, 209.0, 181.0], [197.0, 2.0, 439.0, 95.0]]",[],"[[12.0, 103.0, 118.0, 225.0], [9.0, 102.0, 118.0, 223.0], [158.0, 94.0, 353.0, 318.0]]",WHY_QUESTION,0.0,0.0
bp_0_35_2,"i'm testing another of these objects! don't interfere, princess zanda!",[],"[[1.0, 1.0, 183.0, 79.0], [100.0, 80.0, 209.0, 181.0], [197.0, 2.0, 439.0, 95.0]]",[],"[[12.0, 103.0, 118.0, 225.0], [9.0, 102.0, 118.0, 223.0], [158.0, 94.0, 353.0, 318.0]]",,0.0,0.0
bp_0_35_3,poor girl! no wonder shes shy and retiring!,[],"[[37.0, 26.0, 318.0, 129.0]]",[],"[[114.0, 296.0, 304.0, 554.0]]",,-0.5625,0.55
bp_0_36_0,hasn't it sunk into your clouded minds that this plice is one big mine field?!! each ornament here may strike us with lethal force at any given moment!,[],"[[9.0, 6.0, 366.0, 217.0], [289.0, 62.0, 387.0, 202.0]]",[],"[[85.0, 79.0, 314.0, 311.0], [85.0, 79.0, 314.0, 308.0]]",,0.0,0.1
bp_0_36_0,each of us must help the others keep their head!,[],"[[9.0, 6.0, 366.0, 217.0], [289.0, 62.0, 387.0, 202.0]]",[],"[[85.0, 79.0, 314.0, 311.0], [85.0, 79.0, 314.0, 308.0]]",ORDER,0.0,0.0
bp_0_36_4,"see here, young fellow! you've no right to snatch that artifact! it's mine -- by right of possession!",[],"[[5.0, 4.0, 171.0, 154.0], [284.0, 3.0, 425.0, 130.0]]",[],"[[12.0, 203.0, 195.0, 376.0], [203.0, 24.0, 304.0, 166.0]]",,0.10119047619047618,0.4904761904761905
bp_0_36_4,you two collectors have meddled enough with the objects in this tomb!,[],"[[5.0, 4.0, 171.0, 154.0], [284.0, 3.0, 425.0, 130.0]]",[],"[[12.0, 203.0, 195.0, 376.0], [203.0, 24.0, 304.0, 166.0]]",INFORM,0.0,0.5
bp_0_37_2,"yes, that's so! abner little is prone to the collector's syndrone but he does keep his word!",[],"[[4.0, 5.0, 191.0, 123.0], [200.0, 8.0, 403.0, 82.0]]",[],"[[14.0, 131.0, 148.0, 283.0], [290.0, 61.0, 403.0, 171.0]]",,-0.234375,0.5
bp_0_37_2,"well, i made no such promise! i claim them as mine!",[],"[[4.0, 5.0, 191.0, 123.0], [200.0, 8.0, 403.0, 82.0]]",[],"[[14.0, 131.0, 148.0, 283.0], [290.0, 61.0, 403.0, 171.0]]",,0.0,0.5
bp_0_38_0,there! it can be nothing more than the chariot itself! if we can make it work...!,"['with no choice but to blindly seek escape, the black panther obeys mister little and finds the chamber...']","[[4.0, 71.0, 176.0, 192.0], [229.0, 63.0, 444.0, 124.0]]","[[3.0, 3.0, 512.0, 58.0]]","[[50.0, 245.0, 95.0, 291.0], [168.0, 119.0, 215.0, 149.0]]",,0.78125,0.5
bp_0_38_0,why not! everything works only too well in this tomb!,"['with no choice but to blindly seek escape, the black panther obeys mister little and finds the chamber...']","[[4.0, 71.0, 176.0, 192.0], [229.0, 63.0, 444.0, 124.0]]","[[3.0, 3.0, 512.0, 58.0]]","[[50.0, 245.0, 95.0, 291.0], [168.0, 119.0, 215.0, 149.0]]",,0.0,1.0
bp_0_38_1,"don't crowd me, mister little! i don't know what this thing can do!",[],"[[5.0, 5.0, 148.0, 139.0], [183.0, 7.0, 424.0, 101.0], [311.0, 116.0, 431.0, 257.0]]",[],"[[34.0, 107.0, 309.0, 432.0], [37.0, 111.0, 308.0, 431.0], [37.0, 111.0, 308.0, 431.0]]",,-0.29296875,0.5
bp_0_38_1,"if i push the wrong button, i could possibly blow us and this wagon to kingdom come!",[],"[[5.0, 5.0, 148.0, 139.0], [183.0, 7.0, 424.0, 101.0], [311.0, 116.0, 431.0, 257.0]]",[],"[[34.0, 107.0, 309.0, 432.0], [37.0, 111.0, 308.0, 431.0], [37.0, 111.0, 308.0, 431.0]]",INFORM,-0.25,0.95
bp_0_38_1,"however, time is short! here we go!!",[],"[[5.0, 5.0, 148.0, 139.0], [183.0, 7.0, 424.0, 101.0], [311.0, 116.0, 431.0, 257.0]]",[],"[[34.0, 107.0, 309.0, 432.0], [37.0, 111.0, 308.0, 431.0], [37.0, 111.0, 308.0, 431.0]]",,0.0,0.3
bp_0_38_3,the ancient builders were too proud to leave an inoperable object behind them! this thing is ready to run! i can sense it!,[],"[[11.0, 3.0, 222.0, 131.0], [259.0, 5.0, 424.0, 95.0], [313.0, 101.0, 424.0, 162.0]]",[],"[[24.0, 168.0, 108.0, 274.0], [212.0, 133.0, 293.0, 244.0], [348.0, 170.0, 421.0, 269.0]]",,0.2041666666666667,0.7333333333333334
bp_0_38_3,there are just two hand bars with a button on each...,[],"[[11.0, 3.0, 222.0, 131.0], [259.0, 5.0, 424.0, 95.0], [313.0, 101.0, 424.0, 162.0]]",[],"[[24.0, 168.0, 108.0, 274.0], [212.0, 133.0, 293.0, 244.0], [348.0, 170.0, 421.0, 269.0]]",INFORM,0.0,0.0
bp_0_38_3,push one of the buttons!,[],"[[11.0, 3.0, 222.0, 131.0], [259.0, 5.0, 424.0, 95.0], [313.0, 101.0, 424.0, 162.0]]",[],"[[24.0, 168.0, 108.0, 274.0], [212.0, 133.0, 293.0, 244.0], [348.0, 170.0, 421.0, 269.0]]",ORDER,0.0,0.0
bp_0_39_0,i pay my army of servitors well! they are always on hand when they're needed!,[],"[[10.0, 0.0, 296.0, 81.0], [200.0, 90.0, 415.0, 207.0]]",[],"[[19.0, 55.0, 111.0, 156.0], [193.0, 267.0, 387.0, 430.0]]",,0.0,0.0
bp_0_39_0,you-you scheming female! you intended to hijack whatever we found in the burial chamber!,[],"[[10.0, 0.0, 296.0, 81.0], [200.0, 90.0, 415.0, 207.0]]",[],"[[19.0, 55.0, 111.0, 156.0], [193.0, 267.0, 387.0, 430.0]]",,0.0,0.16666666666666666
bp_0_3_3,"but you must see this through, my friend! i don't intend to keep the brass frog. it must be returned to its original resting place--king solomon's burial chamber!!",[],"[[12.0, 9.0, 311.0, 131.0], [275.0, 246.0, 457.0, 366.0]]",[],"[[-1.0, -1.0, -1.0, -1.0], [-1.0, -1.0, -1.0, -1.0]]",,0.5859375,0.75
bp_0_3_3,"w-what!? you've gone crazy, mister little! an army of fools has died following that fairy tale!!",[],"[[12.0, 9.0, 311.0, 131.0], [275.0, 246.0, 457.0, 366.0]]",[],"[[-1.0, -1.0, -1.0, -1.0], [-1.0, -1.0, -1.0, -1.0]]",,-0.278125,0.5
bp_0_3_4,ah i feel better already! now for a brisk walk to calm my jangled nerves!,[],"[[16.0, 35.0, 328.0, 160.0]]",[],"[[187.0, 233.0, 254.0, 295.0]]",,0.5,0.625
bp_0_40_0,is something wrong with the chariot?,[],"[[283.0, 12.0, 465.0, 94.0], [520.0, 30.0, 703.0, 152.0], [716.0, 10.0, 881.0, 179.0]]",[],"[[-1.0, -1.0, -1.0, -1.0], [425.0, 104.0, 517.0, 205.0], [673.0, 265.0, 780.0, 353.0]]",YES-NO_QUESTION,-0.5,0.9
bp_0_40_0,yes...what's all this pushing and shoving about? have you gone mad!?,[],"[[283.0, 12.0, 465.0, 94.0], [520.0, 30.0, 703.0, 152.0], [716.0, 10.0, 881.0, 179.0]]",[],"[[-1.0, -1.0, -1.0, -1.0], [425.0, 104.0, 517.0, 205.0], [673.0, 265.0, 780.0, 353.0]]",,-0.78125,1.0
bp_0_40_0,this old tub is making engine noises i don't like! now follow the princess! there's not much time!,[],"[[283.0, 12.0, 465.0, 94.0], [520.0, 30.0, 703.0, 152.0], [716.0, 10.0, 881.0, 179.0]]",[],"[[-1.0, -1.0, -1.0, -1.0], [425.0, 104.0, 517.0, 205.0], [673.0, 265.0, 780.0, 353.0]]",,0.015625,0.2
bp_0_40_3,this is some kinda trick!,[],"[[4.0, 19.0, 90.0, 125.0], [140.0, 4.0, 328.0, 81.0]]",[],"[[-1.0, -1.0, -1.0, -1.0], [186.0, 96.0, 245.0, 174.0]]",FEEDBACK,0.0,0.0
bp_0_40_3,if what i suspect is true... this may be my last one!,[],"[[4.0, 19.0, 90.0, 125.0], [140.0, 4.0, 328.0, 81.0]]",[],"[[-1.0, -1.0, -1.0, -1.0], [186.0, 96.0, 245.0, 174.0]]",INFORM,0.175,0.35833333333333334
bp_0_41_0,"i've had a fantastic time in your company, mister little, but i think it's time that i moved on to other pursuits.","['days later, at the royal palace in the exotic capital of narobia...']","[[397.0, 7.0, 642.0, 100.0], [684.0, 7.0, 864.0, 93.0]]","[[8.0, 4.0, 215.0, 79.0]]","[[229.0, 0.0, 359.0, 51.0], [581.0, 134.0, 640.0, 199.0]]",INFORM,0.029166666666666674,0.5916666666666667
bp_0_41_0,does princess zanda know that you're checking out of these plush diggings?,"['days later, at the royal palace in the exotic capital of narobia...']","[[397.0, 7.0, 642.0, 100.0], [684.0, 7.0, 864.0, 93.0]]","[[8.0, 4.0, 215.0, 79.0]]","[[229.0, 0.0, 359.0, 51.0], [581.0, 134.0, 640.0, 199.0]]",YES-NO_QUESTION,0.0,0.0
bp_0_42_0,"hundreds of years ago, his clan was driven into exile to an area so remote it was not discovered until this day! the capture of the samurai by one of my raiding parties revealed what the collectors have always suspected!",[],"[[12.0, 7.0, 277.0, 176.0], [303.0, 11.0, 431.0, 145.0], [319.0, 183.0, 429.0, 212.0]]",[],"[[-1.0, -1.0, -1.0, -1.0], [116.0, 177.0, 217.0, 311.0], [-1.0, -1.0, -1.0, -1.0]]",,-0.15625,0.2
bp_0_42_0,"the collectors, eh? stop right there! i'll have no part in your schemes!",[],"[[12.0, 7.0, 277.0, 176.0], [303.0, 11.0, 431.0, 145.0], [319.0, 183.0, 429.0, 212.0]]",[],"[[-1.0, -1.0, -1.0, -1.0], [116.0, 177.0, 217.0, 311.0], [-1.0, -1.0, -1.0, -1.0]]",,0.4464285714285714,0.5357142857142857
bp_0_42_0,silence!,[],"[[12.0, 7.0, 277.0, 176.0], [303.0, 11.0, 431.0, 145.0], [319.0, 183.0, 429.0, 212.0]]",[],"[[-1.0, -1.0, -1.0, -1.0], [116.0, 177.0, 217.0, 311.0], [-1.0, -1.0, -1.0, -1.0]]",ORDER,0.0,0.0
bp_0_42_3,i'm not in the mood to listen to anything... except the word goodbye!,[],"[[1.0, 3.0, 186.0, 104.0], [17.0, 111.0, 182.0, 187.0], [199.0, 4.0, 423.0, 86.0], [255.0, 87.0, 421.0, 177.0]]",[],"[[3.0, 192.0, 103.0, 400.0], [3.0, 193.0, 100.0, 398.0], [194.0, 183.0, 273.0, 291.0], [335.0, 210.0, 421.0, 303.0]]",,0.0,0.0
bp_0_42_3,i've had all i can take of this place!,[],"[[1.0, 3.0, 186.0, 104.0], [17.0, 111.0, 182.0, 187.0], [199.0, 4.0, 423.0, 86.0], [255.0, 87.0, 421.0, 177.0]]",[],"[[3.0, 192.0, 103.0, 400.0], [3.0, 193.0, 100.0, 398.0], [194.0, 183.0, 273.0, 291.0], [335.0, 210.0, 421.0, 303.0]]",INFORM,0.0,0.0
bp_0_42_3,"not yet, panther! we didn't test you without reason! you will stay and listen to us!",[],"[[1.0, 3.0, 186.0, 104.0], [17.0, 111.0, 182.0, 187.0], [199.0, 4.0, 423.0, 86.0], [255.0, 87.0, 421.0, 177.0]]",[],"[[3.0, 192.0, 103.0, 400.0], [3.0, 193.0, 100.0, 398.0], [194.0, 183.0, 273.0, 291.0], [335.0, 210.0, 421.0, 303.0]]",,0.0,0.0
bp_0_42_3,that was a real samurai you fought! his kind still exists!,[],"[[1.0, 3.0, 186.0, 104.0], [17.0, 111.0, 182.0, 187.0], [199.0, 4.0, 423.0, 86.0], [255.0, 87.0, 421.0, 177.0]]",[],"[[3.0, 192.0, 103.0, 400.0], [3.0, 193.0, 100.0, 398.0], [194.0, 183.0, 273.0, 291.0], [335.0, 210.0, 421.0, 303.0]]",,0.5,0.6000000000000001
bp_0_43_1,"very well... i shall leave you to your silly old map! goodbye, mister little!",[],"[[7.0, 8.0, 233.0, 81.0], [283.0, 25.0, 429.0, 180.0]]",[],"[[109.0, 72.0, 194.0, 210.0], [342.0, 170.0, 407.0, 234.0]]",,-0.10234375,0.46875
bp_0_43_1,"wait, black panther! this map is authentic! the samurai city is not a myth!",[],"[[7.0, 8.0, 233.0, 81.0], [283.0, 25.0, 429.0, 180.0]]",[],"[[109.0, 72.0, 194.0, 210.0], [342.0, 170.0, 407.0, 234.0]]",,0.28645833333333337,0.5916666666666667
bp_0_45_1,"and if you intend to include me in your plans, i'd advise you to forget it!",[],"[[4.0, 6.0, 263.0, 113.0], [281.0, 7.0, 460.0, 150.0]]",[],"[[106.0, 52.0, 174.0, 127.0], [269.0, 67.0, 339.0, 140.0]]",ORDER,0.0,0.0
bp_0_45_1,"as a leader of your people you should learn more about the uses of power, t'challa!",[],"[[4.0, 6.0, 263.0, 113.0], [281.0, 7.0, 460.0, 150.0]]",[],"[[106.0, 52.0, 174.0, 127.0], [269.0, 67.0, 339.0, 140.0]]",INFORM,0.625,0.5
bp_0_45_3,it's real enough! this samurai's body will soon join the other oddities that grace my collection!,[],"[[20.0, 8.0, 261.0, 101.0], [311.0, 8.0, 425.0, 71.0]]",[],"[[-1.0, -1.0, -1.0, -1.0], [-1.0, -1.0, -1.0, -1.0]]",INFORM,-0.078125,0.5625
bp_0_45_3,cold blooped female!!,[],"[[20.0, 8.0, 261.0, 101.0], [311.0, 8.0, 425.0, 71.0]]",[],"[[-1.0, -1.0, -1.0, -1.0], [-1.0, -1.0, -1.0, -1.0]]",NOT_CLASSIFIABLE,-0.3,0.5833333333333334
bp_0_45_4,it's your weird band of collectors who should be kept as curiousities in these tanks! you're no longer human!,[],"[[16.0, 6.0, 269.0, 115.0], [293.0, 6.0, 451.0, 137.0]]",[],"[[106.0, 169.0, 233.0, 312.0], [249.0, 119.0, 371.0, 220.0]]",,-0.3125,0.55
bp_0_45_4,"oh, we're human, all right! none of us look forward to eventual death!",[],"[[16.0, 6.0, 269.0, 115.0], [293.0, 6.0, 451.0, 137.0]]",[],"[[106.0, 169.0, 233.0, 312.0], [249.0, 119.0, 371.0, 220.0]]",,0.2232142857142857,0.31785714285714284
bp_0_46_2,i can do that --with one such as you!,[],"[[4.0, 3.0, 173.0, 74.0], [222.0, 6.0, 421.0, 83.0]]",[],"[[46.0, 87.0, 220.0, 456.0], [189.0, 86.0, 453.0, 452.0]]",INFORM,0.0,0.5
bp_0_46_2,"can you??can you really give, instead of take!?",[],"[[4.0, 3.0, 173.0, 74.0], [222.0, 6.0, 421.0, 83.0]]",[],"[[46.0, 87.0, 220.0, 456.0], [189.0, 86.0, 453.0, 452.0]]",,0.25,0.2
bp_0_48_0,"i speak of a first strike, panther! i speak of a nuclear attack which will your peace lovers off the world map!","[""to t'challa's astonishment, a great missile rises from its silo...""]","[[27.0, 38.0, 267.0, 171.0], [333.0, 47.0, 505.0, 135.0], [552.0, 34.0, 811.0, 141.0]]","[[2.0, 3.0, 753.0, 34.0]]","[[-1.0, -1.0, -1.0, -1.0], [-1.0, -1.0, -1.0, -1.0], [-1.0, -1.0, -1.0, -1.0]]",,0.390625,0.3333333333333333
bp_0_48_0,y-you would dare resort to this!?,"[""to t'challa's astonishment, a great missile rises from its silo...""]","[[27.0, 38.0, 267.0, 171.0], [333.0, 47.0, 505.0, 135.0], [552.0, 34.0, 811.0, 141.0]]","[[2.0, 3.0, 753.0, 34.0]]","[[-1.0, -1.0, -1.0, -1.0], [-1.0, -1.0, -1.0, -1.0], [-1.0, -1.0, -1.0, -1.0]]",YES-NO_QUESTION,0.0,0.0
bp_0_48_0,"take it from abner little, young fellow-- zanda will stop at nothing to get what she wants","[""to t'challa's astonishment, a great missile rises from its silo...""]","[[27.0, 38.0, 267.0, 171.0], [333.0, 47.0, 505.0, 135.0], [552.0, 34.0, 811.0, 141.0]]","[[2.0, 3.0, 753.0, 34.0]]","[[-1.0, -1.0, -1.0, -1.0], [-1.0, -1.0, -1.0, -1.0], [-1.0, -1.0, -1.0, -1.0]]",,0.037500000000000006,0.3333333333333333
bp_0_48_1,"this is the true meaning of power! as ruler of an oil-rich emirate, i have the means to enforce my every wish!",[],"[[20.0, 11.0, 299.0, 101.0], [182.0, 110.0, 289.0, 155.0], [169.0, 161.0, 294.0, 239.0], [324.0, 165.0, 465.0, 322.0]]",[],"[[67.0, 187.0, 130.0, 257.0], [67.0, 186.0, 130.0, 256.0], [68.0, 184.0, 129.0, 253.0], [271.0, 392.0, 367.0, 484.0]]",,0.546875,0.65
bp_0_48_1,do my bidding--,[],"[[20.0, 11.0, 299.0, 101.0], [182.0, 110.0, 289.0, 155.0], [169.0, 161.0, 294.0, 239.0], [324.0, 165.0, 465.0, 322.0]]",[],"[[67.0, 187.0, 130.0, 257.0], [67.0, 186.0, 130.0, 256.0], [68.0, 184.0, 129.0, 253.0], [271.0, 392.0, 367.0, 484.0]]",ORDER,0.0,0.0
bp_0_48_1,--or the wakandas cease to exist!!,[],"[[20.0, 11.0, 299.0, 101.0], [182.0, 110.0, 289.0, 155.0], [169.0, 161.0, 294.0, 239.0], [324.0, 165.0, 465.0, 322.0]]",[],"[[67.0, 187.0, 130.0, 257.0], [67.0, 186.0, 130.0, 256.0], [68.0, 184.0, 129.0, 253.0], [271.0, 392.0, 367.0, 484.0]]",NOT_CLASSIFIABLE,0.0,0.0
bp_0_48_1,my people ... held hostage -- by a group of mad collectors! a strange destiny indeed!,[],"[[20.0, 11.0, 299.0, 101.0], [182.0, 110.0, 289.0, 155.0], [169.0, 161.0, 294.0, 239.0], [324.0, 165.0, 465.0, 322.0]]",[],"[[67.0, 187.0, 130.0, 257.0], [67.0, 186.0, 130.0, 256.0], [68.0, 184.0, 129.0, 253.0], [271.0, 392.0, 367.0, 484.0]]",,-0.421875,0.575
bp_0_48_2,"and you, mister little?! most noble friend and companion... you knew about this!!?",[],"[[2.0, 2.0, 310.0, 101.0], [232.0, 84.0, 459.0, 223.0], [186.0, 219.0, 305.0, 404.0]]",[],"[[0.0, 89.0, 162.0, 478.0], [285.0, 231.0, 467.0, 513.0], [287.0, 234.0, 461.0, 514.0]]",,0.4010416666666667,0.6333333333333333
bp_0_48_2,"do it, panther! not because you have no choice.. do it because men say it can't be done!",[],"[[2.0, 2.0, 310.0, 101.0], [232.0, 84.0, 459.0, 223.0], [186.0, 219.0, 305.0, 404.0]]",[],"[[0.0, 89.0, 162.0, 478.0], [285.0, 231.0, 467.0, 513.0], [287.0, 234.0, 461.0, 514.0]]",,0.0,0.0
bp_0_48_2,you and i shall seek and find the water of immortality!!,[],"[[2.0, 2.0, 310.0, 101.0], [232.0, 84.0, 459.0, 223.0], [186.0, 219.0, 305.0, 404.0]]",[],"[[0.0, 89.0, 162.0, 478.0], [285.0, 231.0, 467.0, 513.0], [287.0, 234.0, 461.0, 514.0]]",NOT_CLASSIFIABLE,0.0,0.0
bp_0_49_4,"but as long as we're commited, let us make the most of this bold venture!",[],"[[7.0, 8.0, 221.0, 106.0], [264.0, 6.0, 444.0, 100.0]]",[],"[[-1.0, -1.0, -1.0, -1.0], [-1.0, -1.0, -1.0, -1.0]]",ORDER,0.2888888888888889,0.5222222222222223
bp_0_49_4,huh! a flight to nowhere -- a land of old stones and bones!,[],"[[7.0, 8.0, 221.0, 106.0], [264.0, 6.0, 444.0, 100.0]]",[],"[[-1.0, -1.0, -1.0, -1.0], [-1.0, -1.0, -1.0, -1.0]]",,0.125,0.2
bp_0_4_0,i -- i think he intends to snatch this copter out of the air!!,['the pursuer closes rapidly with his prey! huge doors open in the mouth of the mystery plane...'],"[[243.0, 516.0, 471.0, 640.0]]","[[3.0, 5.0, 266.0, 108.0]]","[[547.0, 498.0, 694.0, 631.0]]",INFORM,0.0,0.0
bp_0_50_3,wh-what's happening!? this craft has suddenly become as hot as a furnace!,[],"[[4.0, 6.0, 197.0, 148.0], [222.0, 3.0, 331.0, 102.0], [371.0, 18.0, 449.0, 85.0]]",[],"[[-1.0, -1.0, -1.0, -1.0], [-1.0, -1.0, -1.0, -1.0], [-1.0, -1.0, -1.0, -1.0]]",,0.15625,0.675
bp_0_50_3,look trough the window!!,[],"[[4.0, 6.0, 197.0, 148.0], [222.0, 3.0, 331.0, 102.0], [371.0, 18.0, 449.0, 85.0]]",[],"[[-1.0, -1.0, -1.0, -1.0], [-1.0, -1.0, -1.0, -1.0], [-1.0, -1.0, -1.0, -1.0]]",ORDER,0.0,0.0
bp_0_50_3,we're on fire!!,[],"[[4.0, 6.0, 197.0, 148.0], [222.0, 3.0, 331.0, 102.0], [371.0, 18.0, 449.0, 85.0]]",[],"[[-1.0, -1.0, -1.0, -1.0], [-1.0, -1.0, -1.0, -1.0], [-1.0, -1.0, -1.0, -1.0]]",INFORM,0.0,0.0
bp_0_51_0,"see here, collector! i'm cold and wet and miserable--and scarcely in the mood for further conversation!",[],"[[14.0, 8.0, 185.0, 168.0], [264.0, 9.0, 452.0, 66.0]]",[],"[[-1.0, -1.0, -1.0, -1.0], [207.0, 101.0, 379.0, 267.0]]",,-0.2333333333333333,0.6333333333333333
bp_0_51_0,ulp!! y-you dont't--understand--!,[],"[[14.0, 8.0, 185.0, 168.0], [264.0, 9.0, 452.0, 66.0]]",[],"[[-1.0, -1.0, -1.0, -1.0], [207.0, 101.0, 379.0, 267.0]]",,0.0,0.0
bp_0_52_2,don't you see?!,[],"[[4.0, 3.0, 92.0, 77.0], [100.0, 19.0, 215.0, 91.0], [104.0, 94.0, 211.0, 194.0], [255.0, 6.0, 448.0, 81.0]]",[],"[[3.0, 94.0, 97.0, 270.0], [3.0, 95.0, 95.0, 268.0], [3.0, 93.0, 95.0, 268.0], [303.0, 87.0, 454.0, 253.0]]",YES-NO_QUESTION,0.0,0.0
bp_0_52_2,we're not alone!,[],"[[4.0, 3.0, 92.0, 77.0], [100.0, 19.0, 215.0, 91.0], [104.0, 94.0, 211.0, 194.0], [255.0, 6.0, 448.0, 81.0]]",[],"[[3.0, 94.0, 97.0, 270.0], [3.0, 95.0, 95.0, 268.0], [3.0, 93.0, 95.0, 268.0], [303.0, 87.0, 454.0, 253.0]]",INFORM,0.0,0.0
bp_0_52_2,there are others here!!,[],"[[4.0, 3.0, 92.0, 77.0], [100.0, 19.0, 215.0, 91.0], [104.0, 94.0, 211.0, 194.0], [255.0, 6.0, 448.0, 81.0]]",[],"[[3.0, 94.0, 97.0, 270.0], [3.0, 95.0, 95.0, 268.0], [3.0, 93.0, 95.0, 268.0], [303.0, 87.0, 454.0, 253.0]]",INFORM,0.0,0.0
bp_0_52_2,by the great panther totem!!,[],"[[4.0, 3.0, 92.0, 77.0], [100.0, 19.0, 215.0, 91.0], [104.0, 94.0, 211.0, 194.0], [255.0, 6.0, 448.0, 81.0]]",[],"[[3.0, 94.0, 97.0, 270.0], [3.0, 95.0, 95.0, 268.0], [3.0, 93.0, 95.0, 268.0], [303.0, 87.0, 454.0, 253.0]]",INFORM,1.0,0.75
bp_0_54_0,uughh!i-i'm free -!,[],"[[747.0, 7.0, 858.0, 77.0], [764.0, 335.0, 938.0, 426.0]]",[],"[[862.0, 213.0, 936.0, 287.0], [862.0, 213.0, 935.0, 283.0]]",,0.5,0.8
bp_0_54_0,"that took every ounce of my strength!but, it worked!",[],"[[747.0, 7.0, 858.0, 77.0], [764.0, 335.0, 938.0, 426.0]]",[],"[[862.0, 213.0, 936.0, 287.0], [862.0, 213.0, 935.0, 283.0]]",,0.0,0.0
bp_0_54_3,my head!! he'll twist it completely off my shoulders----if i don't use it-- now!!,[],"[[37.0, 9.0, 451.0, 92.0]]",[],"[[163.0, 105.0, 407.0, 252.0]]",,0.15625,0.4
bp_0_55_3,he's stopped in his tracks -- but he won't go down!,[],"[[127.0, 6.0, 319.0, 82.0], [327.0, 8.0, 458.0, 153.0]]",[],"[[102.0, 65.0, 172.0, 142.0], [302.0, 195.0, 409.0, 329.0]]",INFORM,-0.19444444444444445,0.2888888888888889
bp_0_55_3,a few more shots will tell the tale! he must have a vital spot!,[],"[[127.0, 6.0, 319.0, 82.0], [327.0, 8.0, 458.0, 153.0]]",[],"[[102.0, 65.0, 172.0, 142.0], [302.0, 195.0, 409.0, 329.0]]",,0.18333333333333335,0.3333333333333333
bp_0_55_5,you've only aroused him to full fury! he'll crush us like mice!,[],"[[123.0, 5.0, 284.0, 109.0], [307.0, 5.0, 452.0, 123.0]]",[],"[[-1.0, -1.0, -1.0, -1.0], [210.0, 146.0, 267.0, 213.0]]",,0.21562499999999998,0.7166666666666668
bp_0_55_5,he'll finish us at any rate-- if we don't find a way to get him first!,[],"[[123.0, 5.0, 284.0, 109.0], [307.0, 5.0, 452.0, 123.0]]",[],"[[-1.0, -1.0, -1.0, -1.0], [210.0, 146.0, 267.0, 213.0]]",,0.3125,0.3333333333333333
bp_0_56_4,"you've got it, mister little, the ball is yours!",[],"[[303.0, 73.0, 457.0, 158.0], [367.0, 162.0, 463.0, 242.0]]",[],"[[228.0, 97.0, 265.0, 155.0], [395.0, 241.0, 425.0, 259.0]]",INFORM,-0.234375,0.5
bp_0_56_4,"i-it's mad,but i'll do it!",[],"[[303.0, 73.0, 457.0, 158.0], [367.0, 162.0, 463.0, 242.0]]",[],"[[228.0, 97.0, 265.0, 155.0], [395.0, 241.0, 425.0, 259.0]]",,0.0,0.0
bp_0_57_1,"we've done it, mister little! you can come out now!",[],"[[4.0, 2.0, 180.0, 97.0]]",[],"[[-1.0, -1.0, -1.0, -1.0]]",,-0.29296875,0.5
bp_0_57_3,the gateway to the hidden samurai city can't be far!our lives depend on finding it!,[],"[[5.0, 8.0, 178.0, 133.0], [21.0, 165.0, 157.0, 239.0], [263.0, 5.0, 420.0, 71.0]]",[],"[[3.0, 335.0, 139.0, 466.0], [3.0, 337.0, 138.0, 452.0], [195.0, 111.0, 462.0, 421.0]]",,-0.20833333333333331,0.3333333333333333
bp_0_57_3,if only the map hadn't been lost that--,[],"[[5.0, 8.0, 178.0, 133.0], [21.0, 165.0, 157.0, 239.0], [263.0, 5.0, 420.0, 71.0]]",[],"[[3.0, 335.0, 139.0, 466.0], [3.0, 337.0, 138.0, 452.0], [195.0, 111.0, 462.0, 421.0]]",NOT_CLASSIFIABLE,0.0,1.0
bp_0_57_3,hold it--! we may have a guide!,[],"[[5.0, 8.0, 178.0, 133.0], [21.0, 165.0, 157.0, 239.0], [263.0, 5.0, 420.0, 71.0]]",[],"[[3.0, 335.0, 139.0, 466.0], [3.0, 337.0, 138.0, 452.0], [195.0, 111.0, 462.0, 421.0]]",,0.0,0.0
bp_0_59_1,yes! we know! we also know that the samurai code forbids the slaying of unarmed opponents!,[],"[[3.0, 3.0, 198.0, 181.0], [216.0, 62.0, 321.0, 245.0]]",[],"[[86.0, 229.0, 141.0, 305.0], [334.0, 137.0, 464.0, 348.0]]",,0.0,0.0
bp_0_59_1,"that is so, fat little fly! but destiny has changed its meaning!",[],"[[3.0, 3.0, 198.0, 181.0], [216.0, 62.0, 321.0, 245.0]]",[],"[[86.0, 229.0, 141.0, 305.0], [334.0, 137.0, 464.0, 348.0]]",,0.40625,0.7
bp_0_59_4,that is--if you're truly what you claim to be! the ronin samurai are known to have died centuries ago!,[],"[[8.0, 9.0, 314.0, 137.0], [314.0, 9.0, 452.0, 237.0]]",[],"[[96.0, 63.0, 155.0, 132.0], [-1.0, -1.0, -1.0, -1.0]]",,0.0,0.0
bp_0_59_4,your tongue is as oily as your purpose here! you know that we have survived the centuries!,[],"[[8.0, 9.0, 314.0, 137.0], [314.0, 9.0, 452.0, 237.0]]",[],"[[96.0, 63.0, 155.0, 132.0], [-1.0, -1.0, -1.0, -1.0]]",,0.0,0.0
bp_0_5_2,he's been blown to bits!! the blast almost took us with him! I'm surprised that your copter still has all its rivets!!,[],"[[58.0, 4.0, 418.0, 86.0], [252.0, 99.0, 458.0, 215.0]]",[],"[[4.0, 95.0, 244.0, 418.0], [191.0, 358.0, 307.0, 456.0]]",,0.15625,0.9
bp_0_5_2,"it's a sturdy craft, i assure you! abner little's equipment is unequalled for quality!",[],"[[58.0, 4.0, 418.0, 86.0], [252.0, 99.0, 458.0, 215.0]]",[],"[[4.0, 95.0, 244.0, 418.0], [191.0, 358.0, 307.0, 456.0]]",,-0.234375,0.5
bp_0_60_3,i admit that your strategy of distracting him with conversation was well planned!,[],"[[0.0, 2.0, 240.0, 119.0], [240.0, 1.0, 420.0, 100.0], [1.0, 120.0, 215.0, 253.0]]",[],"[[81.0, 245.0, 152.0, 316.0], [237.0, 123.0, 361.0, 327.0], [82.0, 245.0, 150.0, 314.0]]",INFORM,0.0,0.0
bp_0_60_3,who would criticize such flawless timing?,[],"[[0.0, 2.0, 240.0, 119.0], [240.0, 1.0, 420.0, 100.0], [1.0, 120.0, 215.0, 253.0]]",[],"[[81.0, 245.0, 152.0, 316.0], [237.0, 123.0, 361.0, 327.0], [82.0, 245.0, 150.0, 314.0]]",WHY_QUESTION,0.5,0.75
bp_0_60_3,--but clumsily carried out! i trust that you realise the value of my sterling assistance!,[],"[[0.0, 2.0, 240.0, 119.0], [240.0, 1.0, 420.0, 100.0], [1.0, 120.0, 215.0, 253.0]]",[],"[[81.0, 245.0, 152.0, 316.0], [237.0, 123.0, 361.0, 327.0], [82.0, 245.0, 150.0, 314.0]]",INFORM,-0.46875,0.4
bp_0_61_1,"i am t'challa, ruler of the wakandas!",[],"[[8.0, 0.0, 293.0, 47.0], [116.0, 49.0, 267.0, 156.0], [110.0, 161.0, 267.0, 295.0], [297.0, 3.0, 447.0, 78.0], [320.0, 73.0, 427.0, 132.0]]",[],"[[2.0, 49.0, 105.0, 277.0], [3.0, 49.0, 104.0, 273.0], [3.0, 49.0, 102.0, 273.0], [273.0, 139.0, 446.0, 316.0], [274.0, 137.0, 444.0, 314.0]]",INFORM,0.0,0.0
bp_0_61_1,it is no disgrace to lose a fight at my hands!,[],"[[8.0, 0.0, 293.0, 47.0], [116.0, 49.0, 267.0, 156.0], [110.0, 161.0, 267.0, 295.0], [297.0, 3.0, 447.0, 78.0], [320.0, 73.0, 427.0, 132.0]]",[],"[[2.0, 49.0, 105.0, 277.0], [3.0, 49.0, 104.0, 273.0], [3.0, 49.0, 102.0, 273.0], [273.0, 139.0, 446.0, 316.0], [274.0, 137.0, 444.0, 314.0]]",INFORM,0.0,0.0
bp_0_61_1,besides... you were merely deceived by a desperate ruse!,[],"[[8.0, 0.0, 293.0, 47.0], [116.0, 49.0, 267.0, 156.0], [110.0, 161.0, 267.0, 295.0], [297.0, 3.0, 447.0, 78.0], [320.0, 73.0, 427.0, 132.0]]",[],"[[2.0, 49.0, 105.0, 277.0], [3.0, 49.0, 104.0, 273.0], [3.0, 49.0, 102.0, 273.0], [273.0, 139.0, 446.0, 316.0], [274.0, 137.0, 444.0, 314.0]]",INFORM,-0.625,0.75
bp_0_61_1,no matter! i've failed in my duty!,[],"[[8.0, 0.0, 293.0, 47.0], [116.0, 49.0, 267.0, 156.0], [110.0, 161.0, 267.0, 295.0], [297.0, 3.0, 447.0, 78.0], [320.0, 73.0, 427.0, 132.0]]",[],"[[2.0, 49.0, 105.0, 277.0], [3.0, 49.0, 104.0, 273.0], [3.0, 49.0, 102.0, 273.0], [273.0, 139.0, 446.0, 316.0], [274.0, 137.0, 444.0, 314.0]]",,-0.625,0.3
bp_0_61_1,i must die--!,[],"[[8.0, 0.0, 293.0, 47.0], [116.0, 49.0, 267.0, 156.0], [110.0, 161.0, 267.0, 295.0], [297.0, 3.0, 447.0, 78.0], [320.0, 73.0, 427.0, 132.0]]",[],"[[2.0, 49.0, 105.0, 277.0], [3.0, 49.0, 104.0, 273.0], [3.0, 49.0, 102.0, 273.0], [273.0, 139.0, 446.0, 316.0], [274.0, 137.0, 444.0, 314.0]]",INFORM,0.0,0.0
bp_0_61_2,"you don't understand, stranger...to lose one's sword so shamefully is a total disgrace!",[],"[[4.0, 3.0, 184.0, 159.0], [185.0, 2.0, 345.0, 90.0], [374.0, 9.0, 455.0, 193.0]]",[],"[[99.0, 100.0, 160.0, 163.0], [206.0, 85.0, 270.0, 143.0], [348.0, 226.0, 425.0, 299.0]]",,0.0,0.75
bp_0_61_2,sorry -- but it must stay in my keeping!,[],"[[4.0, 3.0, 184.0, 159.0], [185.0, 2.0, 345.0, 90.0], [374.0, 9.0, 455.0, 193.0]]",[],"[[99.0, 100.0, 160.0, 163.0], [206.0, 85.0, 270.0, 143.0], [348.0, 226.0, 425.0, 299.0]]",FEEDBACK,-0.625,1.0
bp_0_61_2,poor fellow.i know what he means by shabby treatment!,[],"[[4.0, 3.0, 184.0, 159.0], [185.0, 2.0, 345.0, 90.0], [374.0, 9.0, 455.0, 193.0]]",[],"[[99.0, 100.0, 160.0, 163.0], [206.0, 85.0, 270.0, 143.0], [348.0, 226.0, 425.0, 299.0]]",,-0.5,0.6
bp_0_62_0,we samurais have not centuries without keeping abreast of your technical achievements!,"['to the astonishment of his onlookers, the warrior unleashes a laser beam...']","[[5.0, 81.0, 347.0, 167.0], [717.0, 28.0, 934.0, 169.0], [765.0, 178.0, 936.0, 287.0]]","[[2.0, 2.0, 459.0, 48.0]]","[[121.0, 179.0, 276.0, 328.0], [654.0, 160.0, 699.0, 224.0], [812.0, 299.0, 852.0, 346.0]]",INFORM,0.0,0.1
bp_0_62_0,incredible!an ancient culture has kept it's traditions intact in a world of modern wonders!,"['to the astonishment of his onlookers, the warrior unleashes a laser beam...']","[[5.0, 81.0, 347.0, 167.0], [717.0, 28.0, 934.0, 169.0], [765.0, 178.0, 936.0, 287.0]]","[[2.0, 2.0, 459.0, 48.0]]","[[121.0, 179.0, 276.0, 328.0], [654.0, 160.0, 699.0, 224.0], [812.0, 299.0, 852.0, 346.0]]",,0.25,0.3
bp_0_62_0,the laser ray is making contact with that exposed device!,"['to the astonishment of his onlookers, the warrior unleashes a laser beam...']","[[5.0, 81.0, 347.0, 167.0], [717.0, 28.0, 934.0, 169.0], [765.0, 178.0, 936.0, 287.0]]","[[2.0, 2.0, 459.0, 48.0]]","[[121.0, 179.0, 276.0, 328.0], [654.0, 160.0, 699.0, 224.0], [812.0, 299.0, 852.0, 346.0]]",INFORM,0.0,0.0
bp_0_63_4,that's the largest gong i've ever seen.,['then...'],"[[4.0, 287.0, 128.0, 368.0], [320.0, 291.0, 454.0, 372.0]]","[[2.0, 3.0, 96.0, 31.0]]","[[109.0, 379.0, 137.0, 406.0], [238.0, 354.0, 289.0, 385.0]]",INFORM,0.0,0.0
bp_0_63_4,"stay back, outsiders! this must be done!",['then...'],"[[4.0, 287.0, 128.0, 368.0], [320.0, 291.0, 454.0, 372.0]]","[[2.0, 3.0, 96.0, 31.0]]","[[109.0, 379.0, 137.0, 406.0], [238.0, 354.0, 289.0, 385.0]]",,0.0,0.0
bp_0_64_2,the echoes from tha gong are bursting my skull! i must find surcease from these devilish customs!,[],"[[5.0, 2.0, 274.0, 120.0], [313.0, 4.0, 468.0, 111.0]]",[],"[[113.0, 95.0, 323.0, 368.0], [-1.0, -1.0, -1.0, -1.0]]",INFORM,0.0,0.0
bp_0_64_2,"personally, i look forward to a six month headache!",[],"[[5.0, 2.0, 274.0, 120.0], [313.0, 4.0, 468.0, 111.0]]",[],"[[113.0, 95.0, 323.0, 368.0], [-1.0, -1.0, -1.0, -1.0]]",INFORM,0.0,0.3
bp_0_64_4,"we've got to move quickly, t'challa! we must locate the prize we came for -- and depart before these rituals kill us!",[],"[[7.0, 7.0, 234.0, 208.0], [326.0, 7.0, 451.0, 151.0]]",[],"[[54.0, 220.0, 212.0, 368.0], [222.0, 15.0, 333.0, 147.0]]",,0.5208333333333333,0.5
bp_0_64_4,"the rituals don't concern me anymore... turn around, mister little.",[],"[[7.0, 7.0, 234.0, 208.0], [326.0, 7.0, 451.0, 151.0]]",[],"[[54.0, 220.0, 212.0, 368.0], [222.0, 15.0, 333.0, 147.0]]",,-0.1875,0.5
bp_0_65_0,death to those who serve the ruler!,"[""meanwhile, in the tribal kingdom of wakandas, tragedy strikes the people of t'challa!""]","[[2.0, 82.0, 137.0, 179.0], [311.0, 67.0, 455.0, 136.0], [633.0, 10.0, 749.0, 75.0]]","[[7.0, 3.0, 418.0, 66.0]]","[[-1.0, -1.0, -1.0, -1.0], [183.0, 91.0, 289.0, 171.0], [821.0, 23.0, 881.0, 92.0]]",INFORM,0.0,0.0
bp_0_65_0,no! don't! this is treason!,"[""meanwhile, in the tribal kingdom of wakandas, tragedy strikes the people of t'challa!""]","[[2.0, 82.0, 137.0, 179.0], [311.0, 67.0, 455.0, 136.0], [633.0, 10.0, 749.0, 75.0]]","[[7.0, 3.0, 418.0, 66.0]]","[[-1.0, -1.0, -1.0, -1.0], [183.0, 91.0, 289.0, 171.0], [821.0, 23.0, 881.0, 92.0]]",,0.0,0.0
bp_0_65_0,warn the regent!ugh--!,"[""meanwhile, in the tribal kingdom of wakandas, tragedy strikes the people of t'challa!""]","[[2.0, 82.0, 137.0, 179.0], [311.0, 67.0, 455.0, 136.0], [633.0, 10.0, 749.0, 75.0]]","[[7.0, 3.0, 418.0, 66.0]]","[[-1.0, -1.0, -1.0, -1.0], [183.0, 91.0, 289.0, 171.0], [821.0, 23.0, 881.0, 92.0]]",,0.0,0.0
bp_0_65_4,"stand where you are, n'gassi! we're taking charge --and stripping you of your duties!",[],"[[13.0, 5.0, 228.0, 115.0], [243.0, 7.0, 457.0, 138.0]]",[],"[[-1.0, -1.0, -1.0, -1.0], [343.0, 94.0, 386.0, 150.0]]",,0.0,0.0
bp_0_65_4,"only t'challa can do that! until he returns, i alone am entrusted with the affairs of this domain!",[],"[[13.0, 5.0, 228.0, 115.0], [243.0, 7.0, 457.0, 138.0]]",[],"[[-1.0, -1.0, -1.0, -1.0], [343.0, 94.0, 386.0, 150.0]]",FEEDBACK,0.0,1.0
bp_0_66_1,long live general jakarra -- ruler of the wakandas and first guardian of the panther cult!,[],"[[27.0, 5.0, 416.0, 76.0], [171.0, 69.0, 339.0, 177.0]]",[],"[[10.0, 77.0, 123.0, 182.0], [160.0, 194.0, 271.0, 343.0]]",NOT_CLASSIFIABLE,0.11221590909090909,0.4333333333333333
bp_0_66_1,"a rather impressive title, eh n'gassi?",[],"[[27.0, 5.0, 416.0, 76.0], [171.0, 69.0, 339.0, 177.0]]",[],"[[10.0, 77.0, 123.0, 182.0], [160.0, 194.0, 271.0, 343.0]]",YES-NO_QUESTION,1.0,1.0
bp_0_66_3,it was wasted on one such as t'challa! it's time for the wakanda name to achieve new and greated prominence!,[],"[[3.0, 9.0, 180.0, 237.0], [260.0, 3.0, 457.0, 163.0]]",[],"[[58.0, 333.0, 150.0, 452.0], [229.0, 196.0, 331.0, 321.0]]",,-0.009848484848484856,0.3181818181818182
bp_0_66_3,your cursed envy of t'challa will lead us all to destruction! i warn you -- be content with the rank you've earned!,[],"[[3.0, 9.0, 180.0, 237.0], [260.0, 3.0, 457.0, 163.0]]",[],"[[58.0, 333.0, 150.0, 452.0], [229.0, 196.0, 331.0, 321.0]]",,-1.0,0.9
bp_0_67_1,"however, if t'challa does win this match, it would be sporting of you to give us a sample of your water of immortality!!",[],"[[9.0, 11.0, 188.0, 169.0], [199.0, 9.0, 310.0, 181.0]]",[],"[[61.0, 239.0, 220.0, 398.0], [293.0, 77.0, 419.0, 392.0]]",NOT_CLASSIFIABLE,1.0,0.4
bp_0_67_1,it is the vain dream of all outsiders who seek out this domain!,[],"[[9.0, 11.0, 188.0, 169.0], [199.0, 9.0, 310.0, 181.0]]",[],"[[61.0, 239.0, 220.0, 398.0], [293.0, 77.0, 419.0, 392.0]]",INFORM,0.0,0.0
bp_0_67_4,"what does he mean, mister little? i detect a grudge fight in the offing!",[],"[[3.0, 4.0, 285.0, 130.0], [300.0, 1.0, 454.0, 83.0], [299.0, 82.0, 456.0, 188.0]]",[],"[[45.0, 47.0, 147.0, 173.0], [191.0, 179.0, 424.0, 404.0], [190.0, 180.0, 421.0, 403.0]]",,-0.2734375,0.59375
bp_0_67_4,"it's nothing you can't handle, t'challa!",[],"[[3.0, 4.0, 285.0, 130.0], [300.0, 1.0, 454.0, 83.0], [299.0, 82.0, 456.0, 188.0]]",[],"[[45.0, 47.0, 147.0, 173.0], [191.0, 179.0, 424.0, 404.0], [190.0, 180.0, 421.0, 403.0]]",FEEDBACK,0.0,0.0
bp_0_67_4,in the land of the ronin we live by shinzu's word!,[],"[[3.0, 4.0, 285.0, 130.0], [300.0, 1.0, 454.0, 83.0], [299.0, 82.0, 456.0, 188.0]]",[],"[[45.0, 47.0, 147.0, 173.0], [191.0, 179.0, 424.0, 404.0], [190.0, 180.0, 421.0, 403.0]]",FEEDBACK,0.17045454545454544,0.5
bp_0_68_1,you shall fight again with the fist against one schooled in the art.,[],"[[6.0, 9.0, 193.0, 105.0], [5.0, 130.0, 216.0, 270.0]]",[],"[[-1.0, -1.0, -1.0, -1.0], [-1.0, -1.0, -1.0, -1.0]]",INFORM,0.0,0.0
bp_0_68_1,win or lose--it will be your worthiness as a foe which will prove akiro's right to remain as a ronin!,[],"[[6.0, 9.0, 193.0, 105.0], [5.0, 130.0, 216.0, 270.0]]",[],"[[-1.0, -1.0, -1.0, -1.0], [-1.0, -1.0, -1.0, -1.0]]",INFORM,0.5785714285714285,0.46785714285714286
bp_0_69_0,the panther has all the lowly virtues of the rat and the eel!,[],"[[5.0, 4.0, 160.0, 125.0], [346.0, 244.0, 454.0, 417.0]]",[],"[[149.0, 70.0, 213.0, 121.0], [257.0, 131.0, 358.0, 230.0]]",INFORM,0.0,0.3
bp_0_69_0,"i'll clear up your confusion, once i adjust this ritual hood!",[],"[[5.0, 4.0, 160.0, 125.0], [346.0, 244.0, 454.0, 417.0]]",[],"[[149.0, 70.0, 213.0, 121.0], [257.0, 131.0, 358.0, 230.0]]",,0.12499999999999999,0.3833333333333333
bp_0_69_5,t'challa seems to have seized controll of the battle!,['the cruelling battle continues in a wearing test of strength and stamina!'],"[[9.0, 221.0, 140.0, 319.0]]","[[4.0, 1.0, 265.0, 90.0]]","[[34.0, 332.0, 102.0, 406.0]]",INFORM,0.0,0.0
bp_0_6_2,"they want us to land, mister little. they mean business!",['the jet-packers keep pace with the copter like an aerial escort. they point their weapons and signal for surrender!'],"[[208.0, 74.0, 462.0, 167.0]]","[[3.0, 2.0, 463.0, 61.0]]","[[204.0, 121.0, 330.0, 237.0]]",,-0.2890625,0.59375
bp_0_70_1,they're leaving! this is the opportunity i've been waiting for!,['then ...'],"[[7.0, 40.0, 194.0, 136.0], [208.0, 5.0, 349.0, 89.0], [258.0, 271.0, 425.0, 387.0]]","[[4.0, 4.0, 98.0, 36.0]]","[[45.0, 153.0, 137.0, 202.0], [191.0, 95.0, 251.0, 137.0], [269.0, 80.0, 322.0, 115.0]]",,0.0,0.0
bp_0_70_1,"let us see to our duties, senji.",['then ...'],"[[7.0, 40.0, 194.0, 136.0], [208.0, 5.0, 349.0, 89.0], [258.0, 271.0, 425.0, 387.0]]","[[4.0, 4.0, 98.0, 36.0]]","[[45.0, 153.0, 137.0, 202.0], [191.0, 95.0, 251.0, 137.0], [269.0, 80.0, 322.0, 115.0]]",ORDER,0.0,0.0
bp_0_70_1,it is a trust we can now carry out with renewed vigor!,['then ...'],"[[7.0, 40.0, 194.0, 136.0], [208.0, 5.0, 349.0, 89.0], [258.0, 271.0, 425.0, 387.0]]","[[4.0, 4.0, 98.0, 36.0]]","[[45.0, 153.0, 137.0, 202.0], [191.0, 95.0, 251.0, 137.0], [269.0, 80.0, 322.0, 115.0]]",INFORM,0.0,0.0
bp_0_70_2,and this is a task which requires the immediate appliance of the mental agility i'm so famous for.,[],"[[8.0, 11.0, 256.0, 105.0], [290.0, 10.0, 454.0, 126.0]]",[],"[[129.0, 119.0, 290.0, 282.0], [130.0, 119.0, 290.0, 282.0]]",INFORM,0.2,0.6
bp_0_70_2,i've still got my pistol and time enough to get what i came for!,[],"[[8.0, 11.0, 256.0, 105.0], [290.0, 10.0, 454.0, 126.0]]",[],"[[129.0, 119.0, 290.0, 282.0], [130.0, 119.0, 290.0, 282.0]]",INFORM,0.0,0.5
bp_0_70_4,by jupiter's myriad moons!,"['after wandering undiscovered, the collector is drawn to the sound of voices...']","[[173.0, 58.0, 389.0, 119.0], [259.0, 132.0, 455.0, 256.0]]","[[4.0, 3.0, 387.0, 69.0]]","[[5.0, 99.0, 243.0, 443.0], [-1.0, -1.0, -1.0, -1.0]]",BACKCHANNEL,0.0,0.0
bp_0_70_4,"it is time, senji!fill your cup and live as a ronin for the next hundred years!","['after wandering undiscovered, the collector is drawn to the sound of voices...']","[[173.0, 58.0, 389.0, 119.0], [259.0, 132.0, 455.0, 256.0]]","[[4.0, 3.0, 387.0, 69.0]]","[[5.0, 99.0, 243.0, 443.0], [-1.0, -1.0, -1.0, -1.0]]",,0.06818181818181818,0.25
bp_0_71_3,"time is on my side, puny one!","[""t'challa barely manages to block a bone-crushing blow...""]","[[364.0, 2.0, 457.0, 115.0], [293.0, 306.0, 449.0, 393.0]]","[[5.0, 7.0, 226.0, 84.0]]","[[-1.0, -1.0, -1.0, -1.0], [150.0, 259.0, 257.0, 430.0]]",,0.0,0.0
bp_0_71_3,"crow if you like, but this isn't over yet!","[""t'challa barely manages to block a bone-crushing blow...""]","[[364.0, 2.0, 457.0, 115.0], [293.0, 306.0, 449.0, 393.0]]","[[5.0, 7.0, 226.0, 84.0]]","[[-1.0, -1.0, -1.0, -1.0], [150.0, 259.0, 257.0, 430.0]]",,0.0,0.0
bp_0_72_0,"forget that silly brawl, t'challa! let's get out of here!","['suddenly, mister little dashes into view -- pursued by a squad of angered samurai...']","[[9.0, 77.0, 189.0, 174.0], [178.0, 155.0, 264.0, 209.0], [576.0, 9.0, 697.0, 47.0], [139.0, 475.0, 305.0, 585.0], [786.0, 363.0, 942.0, 491.0]]","[[6.0, 5.0, 373.0, 68.0]]","[[27.0, 257.0, 121.0, 336.0], [297.0, 68.0, 397.0, 177.0], [596.0, 74.0, 692.0, 173.0], [555.0, 493.0, 740.0, 681.0], [508.0, 252.0, 630.0, 347.0]]",,-0.78125,0.875
bp_0_72_0,stop him--!,"['suddenly, mister little dashes into view -- pursued by a squad of angered samurai...']","[[9.0, 77.0, 189.0, 174.0], [178.0, 155.0, 264.0, 209.0], [576.0, 9.0, 697.0, 47.0], [139.0, 475.0, 305.0, 585.0], [786.0, 363.0, 942.0, 491.0]]","[[6.0, 5.0, 373.0, 68.0]]","[[27.0, 257.0, 121.0, 336.0], [297.0, 68.0, 397.0, 177.0], [596.0, 74.0, 692.0, 173.0], [555.0, 493.0, 740.0, 681.0], [508.0, 252.0, 630.0, 347.0]]",ORDER,0.0,0.0
bp_0_72_0,this is sacrilege!,"['suddenly, mister little dashes into view -- pursued by a squad of angered samurai...']","[[9.0, 77.0, 189.0, 174.0], [178.0, 155.0, 264.0, 209.0], [576.0, 9.0, 697.0, 47.0], [139.0, 475.0, 305.0, 585.0], [786.0, 363.0, 942.0, 491.0]]","[[6.0, 5.0, 373.0, 68.0]]","[[27.0, 257.0, 121.0, 336.0], [297.0, 68.0, 397.0, 177.0], [596.0, 74.0, 692.0, 173.0], [555.0, 493.0, 740.0, 681.0], [508.0, 252.0, 630.0, 347.0]]",FEEDBACK,0.0,0.0
bp_0_72_0,he's seized a vase of the sacred water! it means his death!,"['suddenly, mister little dashes into view -- pursued by a squad of angered samurai...']","[[9.0, 77.0, 189.0, 174.0], [178.0, 155.0, 264.0, 209.0], [576.0, 9.0, 697.0, 47.0], [139.0, 475.0, 305.0, 585.0], [786.0, 363.0, 942.0, 491.0]]","[[6.0, 5.0, 373.0, 68.0]]","[[27.0, 257.0, 121.0, 336.0], [297.0, 68.0, 397.0, 177.0], [596.0, 74.0, 692.0, 173.0], [555.0, 493.0, 740.0, 681.0], [508.0, 252.0, 630.0, 347.0]]",,0.0,0.0
bp_0_72_0,that greedy little collector has done it again! anything can happen now--!,"['suddenly, mister little dashes into view -- pursued by a squad of angered samurai...']","[[9.0, 77.0, 189.0, 174.0], [178.0, 155.0, 264.0, 209.0], [576.0, 9.0, 697.0, 47.0], [139.0, 475.0, 305.0, 585.0], [786.0, 363.0, 942.0, 491.0]]","[[6.0, 5.0, 373.0, 68.0]]","[[27.0, 257.0, 121.0, 336.0], [297.0, 68.0, 397.0, 177.0], [596.0, 74.0, 692.0, 173.0], [555.0, 493.0, 740.0, 681.0], [508.0, 252.0, 630.0, 347.0]]",,-0.29296875,0.5
bp_0_73_1,instead of rushing to mister littles's aid i should join these samurai in hunting him down!,[],"[[5.0, 6.0, 170.0, 149.0], [105.0, 194.0, 222.0, 252.0], [355.0, 259.0, 455.0, 351.0]]",[],"[[184.0, 49.0, 254.0, 104.0], [4.0, 184.0, 118.0, 459.0], [270.0, 272.0, 366.0, 421.0]]",INFORM,-0.19444444444444445,0.2888888888888889
bp_0_73_1,close in on the stranger!!,[],"[[5.0, 6.0, 170.0, 149.0], [105.0, 194.0, 222.0, 252.0], [355.0, 259.0, 455.0, 351.0]]",[],"[[184.0, 49.0, 254.0, 104.0], [4.0, 184.0, 118.0, 459.0], [270.0, 272.0, 366.0, 421.0]]",ORDER,0.0,0.0
bp_0_73_1,never fear we've got him trapped!,[],"[[5.0, 6.0, 170.0, 149.0], [105.0, 194.0, 222.0, 252.0], [355.0, 259.0, 455.0, 351.0]]",[],"[[184.0, 49.0, 254.0, 104.0], [4.0, 184.0, 118.0, 459.0], [270.0, 272.0, 366.0, 421.0]]",FEEDBACK,-0.25,0.0
bp_0_73_3,you're mad as a hatter! you won't live another five minutes in this sea of swords!,[],"[[1.0, 3.0, 246.0, 109.0], [5.0, 124.0, 128.0, 244.0], [356.0, 1.0, 458.0, 83.0]]",[],"[[133.0, 89.0, 236.0, 224.0], [134.0, 88.0, 233.0, 221.0], [351.0, 153.0, 457.0, 280.0]]",,-0.3053977272727273,0.75
bp_0_73_3,whatever chance we had of staying alive is gone!,[],"[[1.0, 3.0, 246.0, 109.0], [5.0, 124.0, 128.0, 244.0], [356.0, 1.0, 458.0, 83.0]]",[],"[[133.0, 89.0, 236.0, 224.0], [134.0, 88.0, 233.0, 221.0], [351.0, 153.0, 457.0, 280.0]]",INFORM,0.125,0.4
bp_0_73_3,that remains to be seen!,[],"[[1.0, 3.0, 246.0, 109.0], [5.0, 124.0, 128.0, 244.0], [356.0, 1.0, 458.0, 83.0]]",[],"[[133.0, 89.0, 236.0, 224.0], [134.0, 88.0, 233.0, 221.0], [351.0, 153.0, 457.0, 280.0]]",FEEDBACK,0.0,0.0
bp_0_74_0,that tiny maggot is a thief without honor! yet you would defend him with you life!,[],"[[7.0, 7.0, 227.0, 102.0], [261.0, 3.0, 464.0, 84.0], [583.0, 5.0, 839.0, 96.0]]",[],"[[26.0, 111.0, 130.0, 241.0], [365.0, 157.0, 545.0, 339.0], [497.0, 2.0, 580.0, 77.0]]",,0.0,0.5
bp_0_74_0,he is a warmless victim of his own greed! must he die for this?,[],"[[7.0, 7.0, 227.0, 102.0], [261.0, 3.0, 464.0, 84.0], [583.0, 5.0, 839.0, 96.0]]",[],"[[26.0, 111.0, 130.0, 241.0], [365.0, 157.0, 545.0, 339.0], [497.0, 2.0, 580.0, 77.0]]",,0.3375,0.525
bp_0_74_0,even now he clings to a flask of our sacred water! the gnat stole it--! the grat shall die for it!,[],"[[7.0, 7.0, 227.0, 102.0], [261.0, 3.0, 464.0, 84.0], [583.0, 5.0, 839.0, 96.0]]",[],"[[26.0, 111.0, 130.0, 241.0], [365.0, 157.0, 545.0, 339.0], [497.0, 2.0, 580.0, 77.0]]",,0.0,0.0
bp_0_74_1,"explain yourself! if you mock the code in hope of deceiving us, your heart shall be swiftly pierced!",[],"[[5.0, 3.0, 224.0, 141.0], [228.0, 2.0, 466.0, 126.0]]",[],"[[-1.0, -1.0, -1.0, -1.0], [107.0, 131.0, 393.0, 464.0]]",,0.0,0.0
bp_0_74_1,"then, look upon t'challa, ruler of the wakandas, a people of honor equal to your samurai!",[],"[[5.0, 3.0, 224.0, 141.0], [228.0, 2.0, 466.0, 126.0]]",[],"[[-1.0, -1.0, -1.0, -1.0], [107.0, 131.0, 393.0, 464.0]]",FEEDBACK,0.0,0.25
bp_0_74_2,"that is a well conceived jest, but totally unworthy of your mettle. it cannot save you!",[],"[[4.0, 3.0, 197.0, 140.0], [243.0, 3.0, 459.0, 64.0], [282.0, 92.0, 460.0, 261.0]]",[],"[[2.0, 238.0, 114.0, 464.0], [205.0, 50.0, 262.0, 136.0], [204.0, 49.0, 262.0, 135.0]]",,0.0,0.75
bp_0_74_2,"if that is so, i wait for the strike of the sword!",[],"[[4.0, 3.0, 197.0, 140.0], [243.0, 3.0, 459.0, 64.0], [282.0, 92.0, 460.0, 261.0]]",[],"[[2.0, 238.0, 114.0, 464.0], [205.0, 50.0, 262.0, 136.0], [204.0, 49.0, 262.0, 135.0]]",OFFER,0.0,0.0
bp_0_74_2,"but, i see doubt in the eyes of mighty shinzu. he knows that i speak the truth! a king rules wherever he stands!",[],"[[4.0, 3.0, 197.0, 140.0], [243.0, 3.0, 459.0, 64.0], [282.0, 92.0, 460.0, 261.0]]",[],"[[2.0, 238.0, 114.0, 464.0], [205.0, 50.0, 262.0, 136.0], [204.0, 49.0, 262.0, 135.0]]",,0.625,0.9
bp_0_75_0,"behold, shinzu -- i return this priceless water to its rightful guardians.",[],"[[6.0, 10.0, 142.0, 144.0], [363.0, 69.0, 453.0, 223.0]]",[],"[[-1.0, -1.0, -1.0, -1.0], [308.0, 309.0, 385.0, 381.0]]",,1.0,1.0
bp_0_75_0,you are wise to give freely what we could easily take!,[],"[[6.0, 10.0, 142.0, 144.0], [363.0, 69.0, 453.0, 223.0]]",[],"[[-1.0, -1.0, -1.0, -1.0], [308.0, 309.0, 385.0, 381.0]]",INFORM,0.5472222222222223,0.8444444444444446
bp_0_75_1,and who but a true king can dispense justice that settles an issue?,[],"[[5.0, 7.0, 261.0, 90.0], [269.0, 4.0, 464.0, 88.0]]",[],"[[43.0, 113.0, 176.0, 291.0], [256.0, 117.0, 462.0, 364.0]]",WHY_QUESTION,0.35,0.65
bp_0_75_1,"what are you up to, t'challa? what are you going to do!?",[],"[[5.0, 7.0, 261.0, 90.0], [269.0, 4.0, 464.0, 88.0]]",[],"[[43.0, 113.0, 176.0, 291.0], [256.0, 117.0, 462.0, 364.0]]",,0.0,0.0
bp_0_75_3,"i'm claiming diplomatic immunity to save your miserable hide, abner little!",[],"[[7.0, 6.0, 225.0, 139.0], [226.0, 6.0, 429.0, 52.0], [271.0, 72.0, 384.0, 127.0]]",[],"[[109.0, 80.0, 240.0, 218.0], [109.0, 78.0, 242.0, 217.0], [-1.0, -1.0, -1.0, -1.0]]",INFORM,-0.6171875,0.75
bp_0_75_3,"now, give me that water jug!",[],"[[7.0, 6.0, 225.0, 139.0], [226.0, 6.0, 429.0, 52.0], [271.0, 72.0, 384.0, 127.0]]",[],"[[109.0, 80.0, 240.0, 218.0], [109.0, 78.0, 242.0, 217.0], [-1.0, -1.0, -1.0, -1.0]]",ORDER,0.0,0.0
bp_0_75_3,no--! no!!,[],"[[7.0, 6.0, 225.0, 139.0], [226.0, 6.0, 429.0, 52.0], [271.0, 72.0, 384.0, 127.0]]",[],"[[109.0, 80.0, 240.0, 218.0], [109.0, 78.0, 242.0, 217.0], [-1.0, -1.0, -1.0, -1.0]]",FEEDBACK,0.0,0.0
bp_0_75_4,"let me go, you mound of muscle!i've dropped the jug!!",[],"[[2.0, 3.0, 198.0, 76.0], [291.0, 0.0, 455.0, 89.0]]",[],"[[60.0, 187.0, 180.0, 269.0], [210.0, 38.0, 316.0, 140.0]]",,0.0,0.0
bp_0_75_4,the thing is made of metal --it won't spill a drop!,[],"[[2.0, 3.0, 198.0, 76.0], [291.0, 0.0, 455.0, 89.0]]",[],"[[60.0, 187.0, 180.0, 269.0], [210.0, 38.0, 316.0, 140.0]]",INFORM,0.0,0.0
bp_0_77_1,i've neglected family and duty for lengthy involvements with the world...,[],"[[5.0, 4.0, 262.0, 83.0], [7.0, 83.0, 248.0, 209.0], [274.0, 27.0, 451.0, 176.0], [275.0, 185.0, 449.0, 320.0]]",[],"[[146.0, 172.0, 244.0, 295.0], [147.0, 171.0, 244.0, 291.0], [240.0, 351.0, 343.0, 457.0], [240.0, 349.0, 342.0, 453.0]]",INFORM,0.0,0.0
bp_0_77_1,this time i shall return to the land of the panther cult--where no man calls me--outsider!,[],"[[5.0, 4.0, 262.0, 83.0], [7.0, 83.0, 248.0, 209.0], [274.0, 27.0, 451.0, 176.0], [275.0, 185.0, 449.0, 320.0]]",[],"[[146.0, 172.0, 244.0, 295.0], [147.0, 171.0, 244.0, 291.0], [240.0, 351.0, 343.0, 457.0], [240.0, 349.0, 342.0, 453.0]]",COMMIT,0.0,0.0
bp_0_77_1,homesickness will not change the facts. your domain is rather small and remote!,[],"[[5.0, 4.0, 262.0, 83.0], [7.0, 83.0, 248.0, 209.0], [274.0, 27.0, 451.0, 176.0], [275.0, 185.0, 449.0, 320.0]]",[],"[[146.0, 172.0, 244.0, 295.0], [147.0, 171.0, 244.0, 291.0], [240.0, 351.0, 343.0, 457.0], [240.0, 349.0, 342.0, 453.0]]",,-0.1875,0.30000000000000004
bp_0_77_1,"you're really an african provincial, my lad!",[],"[[5.0, 4.0, 262.0, 83.0], [7.0, 83.0, 248.0, 209.0], [274.0, 27.0, 451.0, 176.0], [275.0, 185.0, 449.0, 320.0]]",[],"[[146.0, 172.0, 244.0, 295.0], [147.0, 171.0, 244.0, 291.0], [240.0, 351.0, 343.0, 457.0], [240.0, 349.0, 342.0, 453.0]]",INFORM,0.0,0.0
bp_0_77_5,"when this is over, i'm going home, mister little--home to the wakandas!",['the journey continues through deep sea tunnels that wind endlessly onward...'],"[[255.0, 124.0, 412.0, 231.0]]","[[3.0, 3.0, 425.0, 71.0]]","[[-1.0, -1.0, -1.0, -1.0]]",INFORM,0.0,0.0
bp_0_78_3,a flashing star has fallen upon our land! it is a thing of great wonder!,"['""my ancestors were people of truth! they saw it happen and recorded the event for all time...']","[[5.0, 71.0, 259.0, 151.0], [231.0, 119.0, 443.0, 235.0]]","[[3.0, 2.0, 457.0, 68.0]]","[[56.0, 170.0, 201.0, 351.0], [233.0, 250.0, 308.0, 362.0]]",,1.0,0.75
bp_0_78_3,"though it shakes the ground and fills the air with sounds of thunder, we fear it not--!","['""my ancestors were people of truth! they saw it happen and recorded the event for all time...']","[[5.0, 71.0, 259.0, 151.0], [231.0, 119.0, 443.0, 235.0]]","[[3.0, 2.0, 457.0, 68.0]]","[[56.0, 170.0, 201.0, 351.0], [233.0, 250.0, 308.0, 362.0]]",FEEDBACK,0.0,0.0
bp_0_79_1,"home-grown propaganda, dear fellow!every nation breeds it to keep its people united as well as interested!",[],"[[7.0, 31.0, 177.0, 185.0], [233.0, 9.0, 449.0, 107.0]]",[],"[[1.0, 211.0, 110.0, 315.0], [333.0, 74.0, 458.0, 198.0]]",,0.10625,0.3
bp_0_79_1,"then, tell me why that mound produces a metal found nowhere else on earth!",[],"[[7.0, 31.0, 177.0, 185.0], [233.0, 9.0, 449.0, 107.0]]",[],"[[1.0, 211.0, 110.0, 315.0], [333.0, 74.0, 458.0, 198.0]]",FEEDBACK,0.0,0.0
bp_0_79_2,--and where can you find a people who would dedicate their future to keep all men from the harmful effects of an alien infection!,[],"[[6.0, 6.0, 280.0, 146.0], [313.0, 7.0, 445.0, 196.0]]",[],"[[106.0, 120.0, 305.0, 388.0], [356.0, 184.0, 459.0, 299.0]]",WHY_QUESTION,-0.15625,0.4375
bp_0_79_2,"ah, yes... we come to the profitable venture which your family created: the panther cult!",[],"[[6.0, 6.0, 280.0, 146.0], [313.0, 7.0, 445.0, 196.0]]",[],"[[106.0, 120.0, 305.0, 388.0], [356.0, 184.0, 459.0, 299.0]]",FEEDBACK,0.0,0.0
bp_0_7_2,mister little! look out!!,['the flash of gunfire suddenly decides the issue...'],"[[9.0, 57.0, 140.0, 116.0], [249.0, 340.0, 338.0, 378.0]]","[[4.0, 5.0, 350.0, 51.0]]","[[29.0, 136.0, 84.0, 187.0], [120.0, 190.0, 180.0, 237.0]]",,-0.3662109375,0.5
bp_0_7_2,ugh--!,['the flash of gunfire suddenly decides the issue...'],"[[9.0, 57.0, 140.0, 116.0], [249.0, 340.0, 338.0, 378.0]]","[[4.0, 5.0, 350.0, 51.0]]","[[29.0, 136.0, 84.0, 187.0], [120.0, 190.0, 180.0, 237.0]]",BACKCHANNEL,0.0,0.0
bp_0_7_3,"you can slow it down now, mister little!! we've definitely lost them!!","['meanwhile, miles ahead, the copter streaks on at blurring speeds...']","[[104.0, 73.0, 286.0, 193.0], [298.0, 72.0, 456.0, 180.0]]","[[102.0, 6.0, 455.0, 66.0]]","[[-1.0, -1.0, -1.0, -1.0], [-1.0, -1.0, -1.0, -1.0]]",,-0.1871310763888889,0.4222222222222222
bp_0_7_3,very well. my landing pad is not far from this area!,"['meanwhile, miles ahead, the copter streaks on at blurring speeds...']","[[104.0, 73.0, 286.0, 193.0], [298.0, 72.0, 456.0, 180.0]]","[[102.0, 6.0, 455.0, 66.0]]","[[-1.0, -1.0, -1.0, -1.0], [-1.0, -1.0, -1.0, -1.0]]",,0.06875,0.65
bp_0_83_2,"forgive us, n'gassi -- we follow your orders, now!",[],"[[37.0, 5.0, 217.0, 98.0], [241.0, 3.0, 452.0, 144.0]]",[],"[[0.0, 6.0, 131.0, 306.0], [273.0, 181.0, 358.0, 294.0]]",POLITENESS_FORMULA,0.0,0.0
bp_0_83_2,the people must be warned to avoid all contact with jakarra!he's the carrier of a grave infection!,[],"[[37.0, 5.0, 217.0, 98.0], [241.0, 3.0, 452.0, 144.0]]",[],"[[0.0, 6.0, 131.0, 306.0], [273.0, 181.0, 358.0, 294.0]]",,0.0,0.0
bp_0_85_1,you collectors are so devious that you wouldn't know the truth if you heard it!,[],"[[187.0, 2.0, 368.0, 141.0], [6.0, 297.0, 112.0, 413.0], [375.0, 327.0, 468.0, 421.0]]",[],"[[222.0, 146.0, 281.0, 207.0], [103.0, 315.0, 200.0, 430.0], [-1.0, -1.0, -1.0, -1.0]]",INFORM,0.0,0.0
bp_0_85_1,don't test my patience panther!,[],"[[187.0, 2.0, 368.0, 141.0], [6.0, 297.0, 112.0, 413.0], [375.0, 327.0, 468.0, 421.0]]",[],"[[222.0, 146.0, 281.0, 207.0], [103.0, 315.0, 200.0, 430.0], [-1.0, -1.0, -1.0, -1.0]]",ORDER,0.0,0.0
bp_0_85_1,"make him talk, zanda!",[],"[[187.0, 2.0, 368.0, 141.0], [6.0, 297.0, 112.0, 413.0], [375.0, 327.0, 468.0, 421.0]]",[],"[[222.0, 146.0, 281.0, 207.0], [103.0, 315.0, 200.0, 430.0], [-1.0, -1.0, -1.0, -1.0]]",ORDER,0.0,0.0
bp_0_85_2,i gave you full warning of what would befall your precious wakandas if you failed me!,[],"[[6.0, 5.0, 210.0, 96.0], [11.0, 119.0, 109.0, 146.0], [261.0, 9.0, 451.0, 108.0]]",[],"[[82.0, 186.0, 164.0, 271.0], [83.0, 187.0, 164.0, 270.0], [225.0, 134.0, 362.0, 290.0]]",INFORM,0.075,0.6166666666666667
bp_0_85_2,look,[],"[[6.0, 5.0, 210.0, 96.0], [11.0, 119.0, 109.0, 146.0], [261.0, 9.0, 451.0, 108.0]]",[],"[[82.0, 186.0, 164.0, 271.0], [83.0, 187.0, 164.0, 270.0], [225.0, 134.0, 362.0, 290.0]]",ORDER,0.0,0.0
bp_0_85_2,"yes, i see it--the missile still waits on its launching pad--ready to be fired!",[],"[[6.0, 5.0, 210.0, 96.0], [11.0, 119.0, 109.0, 146.0], [261.0, 9.0, 451.0, 108.0]]",[],"[[82.0, 186.0, 164.0, 271.0], [83.0, 187.0, 164.0, 270.0], [225.0, 134.0, 362.0, 290.0]]",FEEDBACK,0.0,0.0
bp_0_85_3,"although i lost the larger flask to the samurai, i managed to retain a small amount of the miracle water in this vial--!",[],"[[4.0, 3.0, 243.0, 154.0], [274.0, 2.0, 459.0, 106.0], [336.0, 128.0, 442.0, 206.0]]",[],"[[-1.0, -1.0, -1.0, -1.0], [-1.0, -1.0, -1.0, -1.0], [-1.0, -1.0, -1.0, -1.0]]",INFORM,-0.15625,0.45
bp_0_85_3,you sawed-off schemer! i knew you were holding out on us!,[],"[[4.0, 3.0, 243.0, 154.0], [274.0, 2.0, 459.0, 106.0], [336.0, 128.0, 442.0, 206.0]]",[],"[[-1.0, -1.0, -1.0, -1.0], [-1.0, -1.0, -1.0, -1.0], [-1.0, -1.0, -1.0, -1.0]]",FEEDBACK,0.0,0.0
bp_0_85_3,i'll take that!,[],"[[4.0, 3.0, 243.0, 154.0], [274.0, 2.0, 459.0, 106.0], [336.0, 128.0, 442.0, 206.0]]",[],"[[-1.0, -1.0, -1.0, -1.0], [-1.0, -1.0, -1.0, -1.0], [-1.0, -1.0, -1.0, -1.0]]",INFORM,0.0,0.0
bp_0_86_1,"you can handle this one, too!the the vial!",[],"[[7.0, 286.0, 176.0, 402.0], [232.0, 2.0, 350.0, 60.0]]",[],"[[106.0, 192.0, 166.0, 264.0], [322.0, 22.0, 451.0, 155.0]]",,0.0,0.0
bp_0_86_1,what in blazes!?,[],"[[7.0, 286.0, 176.0, 402.0], [232.0, 2.0, 350.0, 60.0]]",[],"[[106.0, 192.0, 166.0, 264.0], [322.0, 22.0, 451.0, 155.0]]",WHY_QUESTION,0.0,0.0
bp_0_86_2,"start running, panther! it's you they'll be after, now!",[],"[[230.0, 4.0, 452.0, 85.0], [257.0, 95.0, 452.0, 184.0]]",[],"[[164.0, 177.0, 327.0, 419.0], [165.0, 175.0, 321.0, 410.0]]",,0.0,0.0
bp_0_86_2,send me a post card when you reach home!,[],"[[230.0, 4.0, 452.0, 85.0], [257.0, 95.0, 452.0, 184.0]]",[],"[[164.0, 177.0, 327.0, 419.0], [165.0, 175.0, 321.0, 410.0]]",ORDER,0.0,0.0
bp_0_87_1,begone!,[],"[[390.0, 60.0, 544.0, 103.0]]",[],"[[302.0, 55.0, 380.0, 154.0]]",ORDER,0.0,0.0
bp_0_88_0,"look out for exploding fuel drums, soldiers!",['the black panther lunges ahead--creating chaos in his path!'],"[[7.0, 96.0, 167.0, 213.0], [817.0, 63.0, 948.0, 159.0]]","[[4.0, 5.0, 329.0, 75.0]]","[[88.0, 196.0, 153.0, 262.0], [823.0, 154.0, 887.0, 198.0]]",INFORM,0.0,0.0
bp_0_88_0,he's wrecking the air-field!,['the black panther lunges ahead--creating chaos in his path!'],"[[7.0, 96.0, 167.0, 213.0], [817.0, 63.0, 948.0, 159.0]]","[[4.0, 5.0, 329.0, 75.0]]","[[88.0, 196.0, 153.0, 262.0], [823.0, 154.0, 887.0, 198.0]]",INFORM,0.0,0.0
bp_0_92_5,two men in a raft! i've got no choice but to pick them up--!,[],"[[3.0, 3.0, 268.0, 71.0], [5.0, 74.0, 226.0, 183.0]]",[],"[[318.0, 7.0, 434.0, 358.0], [317.0, 4.0, 434.0, 358.0]]",,0.0,0.0
bp_0_92_5,count on the unexpected to erect a roadblock when you're hurrying home!,[],"[[3.0, 3.0, 268.0, 71.0], [5.0, 74.0, 226.0, 183.0]]",[],"[[318.0, 7.0, 434.0, 358.0], [317.0, 4.0, 434.0, 358.0]]",INFORM,0.125,1.0
bp_0_94_1,"i won't be handsome, that's for certain!",[],"[[11.0, 4.0, 253.0, 47.0], [211.0, 306.0, 331.0, 417.0]]",[],"[[-1.0, -1.0, -1.0, -1.0], [199.0, 162.0, 239.0, 211.0]]",,0.3839285714285714,0.7857142857142857
bp_0_94_1,"be cautious, men! this won't be an ordinary capture!",[],"[[11.0, 4.0, 253.0, 47.0], [211.0, 306.0, 331.0, 417.0]]",[],"[[-1.0, -1.0, -1.0, -1.0], [199.0, 162.0, 239.0, 211.0]]",,-0.3125,0.5
bp_0_94_4,he's chosen to attack! cut him down!,[],"[[11.0, 5.0, 190.0, 74.0], [248.0, 1.0, 463.0, 189.0]]",[],"[[-1.0, -1.0, -1.0, -1.0], [206.0, 19.0, 287.0, 108.0]]",,-0.19444444444444445,0.2888888888888889
bp_0_94_4,save your ammunition! the new jakarra is made of sterner substance than the man you knew!,[],"[[11.0, 5.0, 190.0, 74.0], [248.0, 1.0, 463.0, 189.0]]",[],"[[-1.0, -1.0, -1.0, -1.0], [206.0, 19.0, 287.0, 108.0]]",,0.17045454545454544,0.45454545454545453
bp_0_94_5,he sought power--and found it-- in the strangest of ways!,[],"[[7.0, 2.0, 129.0, 116.0], [3.0, 242.0, 111.0, 358.0], [261.0, 4.0, 413.0, 100.0]]",[],"[[-1.0, -1.0, -1.0, -1.0], [77.0, 170.0, 141.0, 236.0], [358.0, 48.0, 420.0, 113.0]]",INFORM,0.0,0.0
bp_0_94_5,"look out, men! he's got the strength of a tank!",[],"[[7.0, 2.0, 129.0, 116.0], [3.0, 242.0, 111.0, 358.0], [261.0, 4.0, 413.0, 100.0]]",[],"[[-1.0, -1.0, -1.0, -1.0], [77.0, 170.0, 141.0, 236.0], [358.0, 48.0, 420.0, 113.0]]",,0.0,0.0
bp_0_94_5,that power has driven you mad! you're a menace to all of humanity!,[],"[[7.0, 2.0, 129.0, 116.0], [3.0, 242.0, 111.0, 358.0], [261.0, 4.0, 413.0, 100.0]]",[],"[[-1.0, -1.0, -1.0, -1.0], [77.0, 170.0, 141.0, 236.0], [358.0, 48.0, 420.0, 113.0]]",,-0.9765625,1.0
bp_0_96_0,forget your home-- wherever that is! just do as you're told and stay alive!,[],"[[6.0, 8.0, 234.0, 77.0], [155.0, 112.0, 369.0, 185.0], [261.0, 2.0, 429.0, 94.0]]",[],"[[3.0, 99.0, 137.0, 333.0], [94.0, 185.0, 280.0, 431.0], [-1.0, -1.0, -1.0, -1.0]]",,0.125,0.4
bp_0_96_0,we've reached the african coast! i won't turn back for death himself!,[],"[[6.0, 8.0, 234.0, 77.0], [155.0, 112.0, 369.0, 185.0], [261.0, 2.0, 429.0, 94.0]]",[],"[[3.0, 99.0, 137.0, 333.0], [94.0, 185.0, 280.0, 431.0], [-1.0, -1.0, -1.0, -1.0]]",,0.0,0.0
bp_0_96_0,"that's sound advice, fly-boy! your next mistake will be fatal!",[],"[[6.0, 8.0, 234.0, 77.0], [155.0, 112.0, 369.0, 185.0], [261.0, 2.0, 429.0, 94.0]]",[],"[[3.0, 99.0, 137.0, 333.0], [94.0, 185.0, 280.0, 431.0], [-1.0, -1.0, -1.0, -1.0]]",,0.25,0.2
bp_0_96_1,so! you had the smarts all this time!,[],"[[2.0, 5.0, 204.0, 74.0], [4.0, 73.0, 199.0, 184.0]]",[],"[[-1.0, -1.0, -1.0, -1.0], [-1.0, -1.0, -1.0, -1.0]]",INFORM,0.0,0.0
bp_0_96_1,i recognized your face the moment it appeared in the open hatch--scarpa!,[],"[[2.0, 5.0, 204.0, 74.0], [4.0, 73.0, 199.0, 184.0]]",[],"[[-1.0, -1.0, -1.0, -1.0], [-1.0, -1.0, -1.0, -1.0]]",FEEDBACK,0.0,0.5
bp_0_96_5,it's got everything we need -- lots of fuel -- a good pilot -- and this heater for insurance!,[],"[[7.0, 5.0, 258.0, 105.0], [6.0, 106.0, 224.0, 183.0], [282.0, 6.0, 429.0, 106.0]]",[],"[[-1.0, -1.0, -1.0, -1.0], [-1.0, -1.0, -1.0, -1.0], [284.0, 139.0, 430.0, 383.0]]",INFORM,0.875,0.6000000000000001
bp_0_96_5,"didn't know i was packing one, did you!?",[],"[[7.0, 5.0, 258.0, 105.0], [6.0, 106.0, 224.0, 183.0], [282.0, 6.0, 429.0, 106.0]]",[],"[[-1.0, -1.0, -1.0, -1.0], [-1.0, -1.0, -1.0, -1.0], [284.0, 139.0, 430.0, 383.0]]",,0.0,0.0
bp_0_96_5,i was thinking of home too. it was a mistake!,[],"[[7.0, 5.0, 258.0, 105.0], [6.0, 106.0, 224.0, 183.0], [282.0, 6.0, 429.0, 106.0]]",[],"[[-1.0, -1.0, -1.0, -1.0], [-1.0, -1.0, -1.0, -1.0], [284.0, 139.0, 430.0, 383.0]]",,0.0,0.0
bp_0_97_3,"i can't zero in on him, boss!",[],"[[345.0, 40.0, 431.0, 154.0], [205.0, 148.0, 337.0, 271.0], [42.0, 411.0, 184.0, 556.0]]",[],"[[206.0, 278.0, 308.0, 413.0], [206.0, 278.0, 309.0, 411.0], [191.0, 450.0, 436.0, 651.0]]",INFORM,0.0,0.0
bp_0_97_3,not while he's shaking this tub to pieces!,[],"[[345.0, 40.0, 431.0, 154.0], [205.0, 148.0, 337.0, 271.0], [42.0, 411.0, 184.0, 556.0]]",[],"[[206.0, 278.0, 308.0, 413.0], [206.0, 278.0, 309.0, 411.0], [191.0, 450.0, 436.0, 651.0]]",INFORM,0.0,0.0
bp_0_97_3,don't shoot to kill! just make him bleed a little! we need him alive!,[],"[[345.0, 40.0, 431.0, 154.0], [205.0, 148.0, 337.0, 271.0], [42.0, 411.0, 184.0, 556.0]]",[],"[[206.0, 278.0, 308.0, 413.0], [206.0, 278.0, 309.0, 411.0], [191.0, 450.0, 436.0, 651.0]]",,-0.0546875,0.45
bp_0_98_3,"i should have left you in that flaming wreckage, scarpa!",['soon after...'],"[[89.0, 31.0, 317.0, 96.0], [289.0, 88.0, 428.0, 194.0]]","[[4.0, 3.0, 161.0, 34.0]]","[[193.0, 143.0, 249.0, 206.0], [189.0, 141.0, 249.0, 203.0]]",INFORM,0.0,0.0
bp_0_98_3,let us hope i can get to your partner before the tanks blow!,['soon after...'],"[[89.0, 31.0, 317.0, 96.0], [289.0, 88.0, 428.0, 194.0]]","[[4.0, 3.0, 161.0, 34.0]]","[[193.0, 143.0, 249.0, 206.0], [189.0, 141.0, 249.0, 203.0]]",INFORM,0.0,0.0
bp_0_99_0,"well, well... the old man has come at last!",['then...'],"[[12.0, 39.0, 153.0, 108.0], [180.0, 9.0, 377.0, 75.0], [298.0, 86.0, 447.0, 153.0], [440.0, 4.0, 619.0, 108.0], [638.0, 6.0, 867.0, 75.0]]","[[6.0, 8.0, 96.0, 29.0]]","[[62.0, 159.0, 124.0, 243.0], [175.0, 111.0, 243.0, 171.0], [355.0, 198.0, 415.0, 266.0], [461.0, 124.0, 519.0, 190.0], [-1.0, -1.0, -1.0, -1.0]]",INFORM,0.05,0.13333333333333333
bp_0_99_0,he dresses rather simply for an administrator of high office!,['then...'],"[[12.0, 39.0, 153.0, 108.0], [180.0, 9.0, 377.0, 75.0], [298.0, 86.0, 447.0, 153.0], [440.0, 4.0, 619.0, 108.0], [638.0, 6.0, 867.0, 75.0]]","[[6.0, 8.0, 96.0, 29.0]]","[[62.0, 159.0, 124.0, 243.0], [175.0, 111.0, 243.0, 171.0], [355.0, 198.0, 415.0, 266.0], [461.0, 124.0, 519.0, 190.0], [-1.0, -1.0, -1.0, -1.0]]",INFORM,0.1,0.4485714285714286
bp_0_99_0,a wise man needn't be a fashion plate.,['then...'],"[[12.0, 39.0, 153.0, 108.0], [180.0, 9.0, 377.0, 75.0], [298.0, 86.0, 447.0, 153.0], [440.0, 4.0, 619.0, 108.0], [638.0, 6.0, 867.0, 75.0]]","[[6.0, 8.0, 96.0, 29.0]]","[[62.0, 159.0, 124.0, 243.0], [175.0, 111.0, 243.0, 171.0], [355.0, 198.0, 415.0, 266.0], [461.0, 124.0, 519.0, 190.0], [-1.0, -1.0, -1.0, -1.0]]",INFORM,0.7,0.9
bp_0_99_0,hunh! i knew the old leopard when he had less wisdom and more spirit!,['then...'],"[[12.0, 39.0, 153.0, 108.0], [180.0, 9.0, 377.0, 75.0], [298.0, 86.0, 447.0, 153.0], [440.0, 4.0, 619.0, 108.0], [638.0, 6.0, 867.0, 75.0]]","[[6.0, 8.0, 96.0, 29.0]]","[[62.0, 159.0, 124.0, 243.0], [175.0, 111.0, 243.0, 171.0], [355.0, 198.0, 415.0, 266.0], [461.0, 124.0, 519.0, 190.0], [-1.0, -1.0, -1.0, -1.0]]",,0.18611111111111112,0.25555555555555554
bp_0_99_0,"i present n'gassi, first regent and aid to the mighty t'challa!",['then...'],"[[12.0, 39.0, 153.0, 108.0], [180.0, 9.0, 377.0, 75.0], [298.0, 86.0, 447.0, 153.0], [440.0, 4.0, 619.0, 108.0], [638.0, 6.0, 867.0, 75.0]]","[[6.0, 8.0, 96.0, 29.0]]","[[62.0, 159.0, 124.0, 243.0], [175.0, 111.0, 243.0, 171.0], [355.0, 198.0, 415.0, 266.0], [461.0, 124.0, 519.0, 190.0], [-1.0, -1.0, -1.0, -1.0]]",INFORM,0.25,0.41111111111111115
bp_0_99_2,this era of mobility has played havoc with our heritage! even mighty t'challa is out of reach in this grave hour...,[],"[[11.0, 11.0, 250.0, 105.0], [275.0, 9.0, 412.0, 75.0]]",[],"[[69.0, 214.0, 197.0, 397.0], [297.0, 97.0, 426.0, 281.0]]",INFORM,0.4,0.9
bp_0_99_2,"he is sorely needed, noble one!",[],"[[11.0, 11.0, 250.0, 105.0], [275.0, 9.0, 412.0, 75.0]]",[],"[[69.0, 214.0, 197.0, 397.0], [297.0, 97.0, 426.0, 281.0]]",INFORM,0.75,0.9
bp_0_99_3,"i've seen the others.they seem unlikely candidates for the task we face.it demands a warrior's hand, sire!perhaps mine..",[],"[[6.0, 4.0, 340.0, 93.0], [186.0, 108.0, 405.0, 223.0]]",[],"[[18.0, 72.0, 175.0, 275.0], [269.0, 162.0, 400.0, 335.0]]",,-0.5,0.5
bp_0_99_3,"yours would do fine, jiru...if it coursed with the blood of royalty!",[],"[[6.0, 4.0, 340.0, 93.0], [186.0, 108.0, 405.0, 223.0]]",[],"[[18.0, 72.0, 175.0, 275.0], [269.0, 162.0, 400.0, 335.0]]",,0.5208333333333334,0.5
bp_0_9_0,at last it's mine! the doorway to time itself--! compact and secure within this humble object!,[],"[[3.0, 3.0, 393.0, 73.0], [279.0, 74.0, 455.0, 178.0]]",[],"[[73.0, 143.0, 230.0, 290.0], [378.0, 209.0, 461.0, 310.0]]",,0.05000000000000001,0.35555555555555557
bp_0_9_0,but it cannot be controlled highness! it!s dangerous to use!!,[],"[[3.0, 3.0, 393.0, 73.0], [279.0, 74.0, 455.0, 178.0]]",[],"[[73.0, 143.0, 230.0, 290.0], [378.0, 209.0, 461.0, 310.0]]",,-0.9375,0.9
bp_1_158_1,"oh, we'll stop all right--","['in the country known as azania, the justice of the government tends to have one form...']","[[465.0, 379.0, 639.0, 425.0]]","[[18.0, 306.0, 266.0, 384.0]]","[[541.0, 30.0, 585.0, 96.0]]",COMMIT,0.2857142857142857,0.5357142857142857
bp_1_158_3,"oh, great panther-spirit, hear my prayer and bring deliverance--",[],"[[3.0, 4.0, 255.0, 75.0]]",[],"[[222.0, 5.0, 649.0, 230.0]]",,0.8,0.75
bp_1_159_1,how long o panther spirit? how long before you hear our cries?,['azania...'],"[[44.0, 596.0, 271.0, 658.0]]","[[0.0, 7.0, 114.0, 21.0]]","[[79.0, 240.0, 199.0, 413.0]]",WHY_QUESTION,-0.05,0.4
bp_1_159_5,blasted holy men...they're half crazy to begin with!,[],"[[5.0, 6.0, 145.0, 88.0]]",[],"[[-1.0, -1.0, -1.0, -1.0]]",,-0.5055555555555555,0.6555555555555556
bp_1_161_3,my king -- are you all righ?,[],"[[22.0, 5.0, 174.0, 48.0]]",[],"[[4.0, 63.0, 193.0, 355.0]]",YES-NO_QUESTION,0.0,0.0
bp_1_163_0,"and now, when i most need the strength and surety that comes from my god",[],"[[0.0, 0.0, 239.0, 82.0], [6.0, 893.0, 154.0, 966.0]]",[],"[[4.0, 110.0, 318.0, 859.0], [5.0, 109.0, 315.0, 859.0]]",NOT_CLASSIFIABLE,0.5,0.5
bp_1_163_0,"has he, in fact, deserted me? has he?",[],"[[0.0, 0.0, 239.0, 82.0], [6.0, 893.0, 154.0, 966.0]]",[],"[[4.0, 110.0, 318.0, 859.0], [5.0, 109.0, 315.0, 859.0]]",,0.0,0.0
bp_1_163_2,our host certainly seems to be of mercurial temperament tonight!,[],"[[0.0, 4.0, 115.0, 146.0], [0.0, 219.0, 369.0, 265.0]]",[],"[[138.0, 10.0, 296.0, 194.0], [392.0, 28.0, 580.0, 246.0]]",INFORM,0.26785714285714285,0.5714285714285714
bp_1_163_2,"he may act abruptly, but not without reason, ambassador inouye!",[],"[[0.0, 4.0, 115.0, 146.0], [0.0, 219.0, 369.0, 265.0]]",[],"[[138.0, 10.0, 296.0, 194.0], [392.0, 28.0, 580.0, 246.0]]",FEEDBACK,-0.15625,1.0
bp_1_163_4,"hurry, fools! you know the black panther must not be seen without an honor guard-- especially now!",[],"[[1.0, 5.0, 117.0, 170.0]]",[],"[[140.0, 22.0, 155.0, 40.0]]",,-0.08333333333333333,0.7166666666666667
bp_1_164_2,"homelands! we uproot them from homes they thought they owned, give them scraps of veldt with no resources and then force them to work in our factories as aliens without rights!",[],"[[4.0, 3.0, 164.0, 171.0]]",[],"[[-1.0, -1.0, -1.0, -1.0]]",,0.0,0.0
bp_1_164_9,what sort of system is that?,[],"[[5.0, 3.0, 144.0, 46.0], [81.0, 271.0, 136.0, 351.0]]",[],"[[-1.0, -1.0, -1.0, -1.0], [1.0, 46.0, 141.0, 456.0]]",WHY_QUESTION,0.0,0.0
bp_1_164_9,"alas, it is the one we have.",[],"[[5.0, 3.0, 144.0, 46.0], [81.0, 271.0, 136.0, 351.0]]",[],"[[-1.0, -1.0, -1.0, -1.0], [1.0, 46.0, 141.0, 456.0]]",FEEDBACK,-0.4,1.0
bp_1_165_6,stand aside! this is our country!,[],"[[0.0, 0.0, 118.0, 62.0]]",[],"[[36.0, 159.0, 54.0, 181.0]]",,0.0,0.0
bp_1_167_1,--you're more enslaved than the azanians!,"['minutes later, loudspeakers throughout the city make an announcement...']","[[339.0, 3.0, 563.0, 38.0], [306.0, 349.0, 613.0, 458.0]]","[[365.0, 209.0, 525.0, 289.0]]","[[308.0, 86.0, 338.0, 119.0], [-1.0, -1.0, -1.0, -1.0]]",INFORM,0.625,0.5
bp_1_167_1,"attention!t'challa kins of the wakanda's, the black panther, shall give a public address at the temple square in twenty minutes!all wakandans are welcome!","['minutes later, loudspeakers throughout the city make an announcement...']","[[339.0, 3.0, 563.0, 38.0], [306.0, 349.0, 613.0, 458.0]]","[[365.0, 209.0, 525.0, 289.0]]","[[308.0, 86.0, 338.0, 119.0], [-1.0, -1.0, -1.0, -1.0]]",,0.2777777777777778,0.4666666666666666
bp_1_167_2,young one--the panther spirit is our nation--!,[],"[[141.0, 5.0, 289.0, 58.0], [141.0, 411.0, 289.0, 459.0]]",[],"[[44.0, 57.0, 134.0, 132.0], [52.0, 143.0, 221.0, 383.0]]",INFORM,0.125,0.4
bp_1_167_2,no! it's a club you hold over our heads!,[],"[[141.0, 5.0, 289.0, 58.0], [141.0, 411.0, 289.0, 459.0]]",[],"[[44.0, 57.0, 134.0, 132.0], [52.0, 143.0, 221.0, 383.0]]",,0.0,0.0
bp_1_168_0,"i am shocked to learn of brutal murder of governor fugard in his home two days ago. although a member of goverment all just men must condemn, he fought long and hard for equality and representative rule. i condemn his murderer.","['soon, as his speech is transmitted by video relay to every outlying village, the panther begins--']","[[34.0, 123.0, 298.0, 315.0]]","[[4.0, 3.0, 324.0, 57.0]]","[[-1.0, -1.0, -1.0, -1.0]]",,-0.4791666666666667,0.6854166666666667
bp_1_168_1,i condemn the man who arrogates to himself the panther spirit's name and so gives the evil men who rule azania nothing less than an excuse to commit genocide--,[],"[[4.0, 5.0, 251.0, 125.0], [26.0, 130.0, 246.0, 222.0]]",[],"[[158.0, 572.0, 185.0, 603.0], [161.0, 575.0, 187.0, 605.0]]",INFORM,-0.4055555555555556,0.37222222222222223
bp_1_168_1,"and, while i condemn apartheid as a blot on the face of all humanity that must be erased--",[],"[[4.0, 5.0, 251.0, 125.0], [26.0, 130.0, 246.0, 222.0]]",[],"[[158.0, 572.0, 185.0, 603.0], [161.0, 575.0, 187.0, 605.0]]",INFORM,0.0,0.0
bp_1_168_3,"-- i condemn this fruitless revolt, and plead that both sides lay down their arms in truce.",[],"[[116.0, 3.0, 520.0, 50.0]]",[],"[[-1.0, -1.0, -1.0, -1.0]]",INFORM,-0.15555555555555556,0.2888888888888889
bp_1_168_4,"i condemn the masters of azania who, for generations have infucted pain and death on an innocent populace because of their race--",[],"[[4.0, 4.0, 144.0, 177.0]]",[],"[[23.0, 266.0, 131.0, 398.0]]",INFORM,0.5,0.7
bp_1_169_3,traitor!!,[],"[[4.0, 2.0, 140.0, 50.0], [54.0, 382.0, 324.0, 486.0]]",[],"[[10.0, 138.0, 185.0, 337.0], [11.0, 136.0, 185.0, 338.0]]",NOT_CLASSIFIABLE,0.0,0.0
bp_1_169_3,by this you have given public support to that cursed regime! no wonder the panther spirit deserted you-- it can't stomach traitors!,[],"[[4.0, 2.0, 140.0, 50.0], [54.0, 382.0, 324.0, 486.0]]",[],"[[10.0, 138.0, 185.0, 337.0], [11.0, 136.0, 185.0, 338.0]]",INFORM,0.0,0.06666666666666667
bp_1_169_5,"it is you who are the traitor, ndebele!i thing the government itselt set this revolt up to consolidate their power!",[],"[[5.0, 3.0, 223.0, 101.0], [153.0, 235.0, 320.0, 313.0]]",[],"[[52.0, 291.0, 97.0, 340.0], [52.0, 293.0, 98.0, 335.0]]",,0.0,0.0
bp_1_169_5,and i will not desert my king at the first bad omen!,[],"[[5.0, 3.0, 223.0, 101.0], [153.0, 235.0, 320.0, 313.0]]",[],"[[52.0, 291.0, 97.0, 340.0], [52.0, 293.0, 98.0, 335.0]]",INFORM,-0.3124999999999999,0.5
bp_1_169_6,--in order to see with certainty whether the panther spirit yet dwells within you--,[],"[[7.0, 4.0, 199.0, 90.0]]",[],"[[5.0, 102.0, 197.0, 527.0]]",FEEDBACK,0.0,0.0
bp_1_170_4,it's tabby!!,[],"[[225.0, 4.0, 338.0, 55.0]]",[],"[[45.0, 34.0, 219.0, 247.0]]",INFORM,0.0,0.0
bp_1_174_3,the citizens of azania put their faith in you--to protect our way of life... to live up to your pledge!,[],"[[4.0, 5.0, 223.0, 96.0], [804.0, 66.0, 964.0, 136.0]]",[],"[[267.0, 55.0, 289.0, 80.0], [649.0, 5.0, 684.0, 41.0]]",INFORM,0.17045454545454544,0.5
bp_1_174_3,for duty-- for honor-- for country!,[],"[[4.0, 5.0, 223.0, 96.0], [804.0, 66.0, 964.0, 136.0]]",[],"[[267.0, 55.0, 289.0, 80.0], [649.0, 5.0, 684.0, 41.0]]",NOT_CLASSIFIABLE,0.0,0.0
bp_1_174_5,so now we take the fight to him. we're going into wakanda.,[],"[[4.0, 3.0, 159.0, 67.0]]",[],"[[4.0, 142.0, 169.0, 483.0]]",,0.0,0.0
bp_1_176_3,the revolt in azania is a ghastly failure! it is precisely the excuse the government needs to exterminate the natives in that country!,[],"[[4.0, 1.0, 257.0, 105.0], [441.0, 136.0, 643.0, 243.0]]",[],"[[229.0, 157.0, 245.0, 169.0], [344.0, 107.0, 364.0, 125.0]]",,-0.01944444444444443,0.38333333333333336
bp_1_176_3,"even so, our king should have demonstrated solidarity with the rebels their cause is a just one!",[],"[[4.0, 1.0, 257.0, 105.0], [441.0, 136.0, 643.0, 243.0]]",[],"[[229.0, 157.0, 245.0, 169.0], [344.0, 107.0, 364.0, 125.0]]",,0.0,0.0
bp_1_177_0,-- has never survived on faith!,[],"[[29.0, 5.0, 216.0, 68.0], [23.0, 670.0, 183.0, 741.0]]",[],"[[-1.0, -1.0, -1.0, -1.0], [48.0, 161.0, 310.0, 577.0]]",INFORM,0.0,0.0
bp_1_177_0,arrrrgh! my ear-- the pain--!,[],"[[29.0, 5.0, 216.0, 68.0], [23.0, 670.0, 183.0, 741.0]]",[],"[[-1.0, -1.0, -1.0, -1.0], [48.0, 161.0, 310.0, 577.0]]",,0.0,0.0
bp_1_177_2,seek not to sway me with words of king--,[],"[[7.0, 319.0, 91.0, 414.0], [149.0, 655.0, 304.0, 743.0]]",[],"[[46.0, 442.0, 230.0, 661.0], [45.0, 441.0, 229.0, 661.0]]",NOT_CLASSIFIABLE,0.0,0.0
bp_1_177_2,--neither the cleverness of the warrior nor the cat is with words!,[],"[[7.0, 319.0, 91.0, 414.0], [149.0, 655.0, 304.0, 743.0]]",[],"[[46.0, 442.0, 230.0, 661.0], [45.0, 441.0, 229.0, 661.0]]",FEEDBACK,0.0,0.0
bp_1_179_3,"we koff koff fight you, murderer! to the end!you never conquer our people!",[],"[[124.0, 4.0, 320.0, 108.0], [211.0, 393.0, 302.0, 465.0]]",[],"[[106.0, 76.0, 178.0, 166.0], [-1.0, -1.0, -1.0, -1.0]]",,0.0,0.0
bp_1_179_3,a kid.i almost killed a kid.,[],"[[124.0, 4.0, 320.0, 108.0], [211.0, 393.0, 302.0, 465.0]]",[],"[[106.0, 76.0, 178.0, 166.0], [-1.0, -1.0, -1.0, -1.0]]",,-0.2,0.0
bp_1_179_4,"well, he can't have got far! show yourself panther!",[],"[[164.0, 331.0, 300.0, 441.0]]",[],"[[8.0, 3.0, 188.0, 316.0]]",,0.15625,1.0
bp_1_180_0,... is you!,[],"[[37.0, 5.0, 161.0, 33.0], [165.0, 387.0, 240.0, 439.0]]",[],"[[-1.0, -1.0, -1.0, -1.0], [4.0, 26.0, 169.0, 465.0]]",INFORM,0.0,0.0
bp_1_180_0,uh-oh...,[],"[[37.0, 5.0, 161.0, 33.0], [165.0, 387.0, 240.0, 439.0]]",[],"[[-1.0, -1.0, -1.0, -1.0], [4.0, 26.0, 169.0, 465.0]]",BACKCHANNEL,0.0,0.0
bp_1_180_1,what's all the ruckus over here?,[],"[[313.0, 2.0, 425.0, 99.0], [357.0, 302.0, 492.0, 380.0]]",[],"[[294.0, 218.0, 315.0, 244.0], [297.0, 218.0, 315.0, 244.0]]",WHY_QUESTION,0.0,0.0
bp_1_180_1,guys! have you got the panther yet?,[],"[[313.0, 2.0, 425.0, 99.0], [357.0, 302.0, 492.0, 380.0]]",[],"[[294.0, 218.0, 315.0, 244.0], [297.0, 218.0, 315.0, 244.0]]",,0.0,0.0
bp_1_180_2,the panther has defeated them!,[],"[[4.0, 292.0, 119.0, 394.0], [158.0, 391.0, 330.0, 483.0]]",[],"[[65.0, 136.0, 158.0, 265.0], [247.0, 96.0, 285.0, 134.0]]",INFORM,0.0,0.0
bp_1_180_2,there can be no more proof needed than this! he is our king!,[],"[[4.0, 292.0, 119.0, 394.0], [158.0, 391.0, 330.0, 483.0]]",[],"[[65.0, 136.0, 158.0, 265.0], [247.0, 96.0, 285.0, 134.0]]",,-0.390625,0.5
bp_1_183_2,we have to get more information about it-- find out whatever else your source might know --,[],"[[4.0, 4.0, 211.0, 83.0], [3.0, 440.0, 130.0, 479.0]]",[],"[[5.0, 85.0, 278.0, 418.0], [4.0, 85.0, 278.0, 418.0]]",,0.5,0.5
bp_1_183_2,"and act, act before it's --",[],"[[4.0, 4.0, 211.0, 83.0], [3.0, 440.0, 130.0, 479.0]]",[],"[[5.0, 85.0, 278.0, 418.0], [4.0, 85.0, 278.0, 418.0]]",ORDER,0.0,0.0
bp_1_183_3,as for the beeper.. i'm afraid there's no place to put it with this outfit.,[],"[[325.0, 4.0, 478.0, 105.0]]",[],"[[-1.0, -1.0, -1.0, -1.0]]",,-0.6,0.9
bp_1_183_4,"so, does the one true black panther wish to go over trade reports.. or just have an early breakfast?",[],"[[177.0, 4.0, 390.0, 86.0]]",[],"[[24.0, 22.0, 184.0, 200.0]]",OR_QUESTION,0.09444444444444444,0.4611111111111112
bp_1_184_0,"you know i could have the gun empty ist chambers, and return it to you before you had a chance to pull the trigger",[],"[[6.0, 8.0, 326.0, 71.0], [116.0, 653.0, 333.0, 725.0], [358.0, 3.0, 653.0, 151.0], [546.0, 158.0, 657.0, 282.0], [417.0, 678.0, 655.0, 726.0]]",[],"[[94.0, 120.0, 209.0, 258.0], [-1.0, -1.0, -1.0, -1.0], [557.0, 370.0, 635.0, 470.0], [558.0, 372.0, 634.0, 471.0], [381.0, 213.0, 490.0, 397.0]]",INFORM,-0.1,0.5
bp_1_184_0,that's not the point t'challa!you can't continue to run out on your country!,[],"[[6.0, 8.0, 326.0, 71.0], [116.0, 653.0, 333.0, 725.0], [358.0, 3.0, 653.0, 151.0], [546.0, 158.0, 657.0, 282.0], [417.0, 678.0, 655.0, 726.0]]",[],"[[94.0, 120.0, 209.0, 258.0], [-1.0, -1.0, -1.0, -1.0], [557.0, 370.0, 635.0, 470.0], [558.0, 372.0, 634.0, 471.0], [381.0, 213.0, 490.0, 397.0]]",,0.0,0.0
bp_1_184_0,"malaika--there is a force leading a black revolt against the ruling whites in azania in my name.my right to wear the sacred panther garb is being disputed.and, a member of my shadow cabinet tells me some lunatic has a missile pointed at the heart of my kingdom!",[],"[[6.0, 8.0, 326.0, 71.0], [116.0, 653.0, 333.0, 725.0], [358.0, 3.0, 653.0, 151.0], [546.0, 158.0, 657.0, 282.0], [417.0, 678.0, 655.0, 726.0]]",[],"[[94.0, 120.0, 209.0, 258.0], [-1.0, -1.0, -1.0, -1.0], [557.0, 370.0, 635.0, 470.0], [558.0, 372.0, 634.0, 471.0], [381.0, 213.0, 490.0, 397.0]]",,0.09523809523809522,0.4845238095238095
bp_1_184_0,did you expect me to sit in council and debate ways and means?,[],"[[6.0, 8.0, 326.0, 71.0], [116.0, 653.0, 333.0, 725.0], [358.0, 3.0, 653.0, 151.0], [546.0, 158.0, 657.0, 282.0], [417.0, 678.0, 655.0, 726.0]]",[],"[[94.0, 120.0, 209.0, 258.0], [-1.0, -1.0, -1.0, -1.0], [557.0, 370.0, 635.0, 470.0], [558.0, 372.0, 634.0, 471.0], [381.0, 213.0, 490.0, 397.0]]",YES-NO_QUESTION,0.0,0.0
bp_1_184_0,i knew you would come.you had to come.,[],"[[6.0, 8.0, 326.0, 71.0], [116.0, 653.0, 333.0, 725.0], [358.0, 3.0, 653.0, 151.0], [546.0, 158.0, 657.0, 282.0], [417.0, 678.0, 655.0, 726.0]]",[],"[[94.0, 120.0, 209.0, 258.0], [-1.0, -1.0, -1.0, -1.0], [557.0, 370.0, 635.0, 470.0], [558.0, 372.0, 634.0, 471.0], [381.0, 213.0, 490.0, 397.0]]",,0.0,0.0
bp_1_184_2,but why me?why can't he continue to deal with you?,[],"[[7.0, 2.0, 229.0, 52.0], [9.0, 432.0, 243.0, 482.0]]",[],"[[74.0, 124.0, 89.0, 139.0], [56.0, 126.0, 67.0, 138.0]]",,0.0,0.0
bp_1_184_2,"his unstructions were explicit.you came along, or no deal.",[],"[[7.0, 2.0, 229.0, 52.0], [9.0, 432.0, 243.0, 482.0]]",[],"[[74.0, 124.0, 89.0, 139.0], [56.0, 126.0, 67.0, 138.0]]",,0.0,0.0
bp_1_185_0,you are already under censure and arrest for interfering with sacret ritual -- don't make it harder on yourself!,[],"[[163.0, 3.0, 460.0, 76.0], [333.0, 229.0, 459.0, 380.0], [46.0, 462.0, 458.0, 486.0]]",[],"[[100.0, 40.0, 158.0, 112.0], [331.0, 104.0, 395.0, 208.0], [181.0, 191.0, 251.0, 281.0]]",,-0.0875,0.0
bp_1_185_0,a message was transmitted to wakanda from europe -- and it has been traced to you!,[],"[[163.0, 3.0, 460.0, 76.0], [333.0, 229.0, 459.0, 380.0], [46.0, 462.0, 458.0, 486.0]]",[],"[[100.0, 40.0, 158.0, 112.0], [331.0, 104.0, 395.0, 208.0], [181.0, 191.0, 251.0, 281.0]]",,0.0,0.0
bp_1_185_0,"i know nothing about a message, ndebele.",[],"[[163.0, 3.0, 460.0, 76.0], [333.0, 229.0, 459.0, 380.0], [46.0, 462.0, 458.0, 486.0]]",[],"[[100.0, 40.0, 158.0, 112.0], [331.0, 104.0, 395.0, 208.0], [181.0, 191.0, 251.0, 281.0]]",INFORM,0.0,0.0
bp_1_185_4,he is one of t'challa's order of the panther -- i know they're up to something!,[],"[[7.0, 5.0, 224.0, 68.0], [4.0, 403.0, 227.0, 484.0]]",[],"[[116.0, 87.0, 169.0, 135.0], [104.0, 86.0, 170.0, 134.0]]",,0.0,0.0
bp_1_185_4,"i know they hate our adherence to the old ways..and now that the omens fal against t'challa, they seek to--to do what?",[],"[[7.0, 5.0, 224.0, 68.0], [4.0, 403.0, 227.0, 484.0]]",[],"[[116.0, 87.0, 169.0, 135.0], [104.0, 86.0, 170.0, 134.0]]",,-0.35000000000000003,0.55
bp_1_186_0,a baby-buggy like this won't get us from the center of africa to its southern tip in six months!,[],"[[4.0, 7.0, 228.0, 81.0], [49.0, 409.0, 163.0, 450.0], [186.0, 418.0, 370.0, 481.0]]",[],"[[2.0, 180.0, 97.0, 316.0], [133.0, 149.0, 236.0, 380.0], [133.0, 148.0, 235.0, 380.0]]",INFORM,-0.05,0.05
bp_1_186_0,"ordinarily, yes --",[],"[[4.0, 7.0, 228.0, 81.0], [49.0, 409.0, 163.0, 450.0], [186.0, 418.0, 370.0, 481.0]]",[],"[[2.0, 180.0, 97.0, 316.0], [133.0, 149.0, 236.0, 380.0], [133.0, 148.0, 235.0, 380.0]]",FEEDBACK,-0.25,0.5
bp_1_186_0,-- but slip a few bars of wakandan vibranium into the engine housing --,[],"[[4.0, 7.0, 228.0, 81.0], [49.0, 409.0, 163.0, 450.0], [186.0, 418.0, 370.0, 481.0]]",[],"[[2.0, 180.0, 97.0, 316.0], [133.0, 149.0, 236.0, 380.0], [133.0, 148.0, 235.0, 380.0]]",INFORM,-0.2,0.1
bp_1_186_3,"what's this? a security lock? only the king could have done this--but why keep it secret, unless--",[],"[[5.0, 5.0, 322.0, 54.0], [204.0, 386.0, 326.0, 486.0]]",[],"[[128.0, 119.0, 169.0, 156.0], [127.0, 120.0, 168.0, 155.0]]",,-0.2,0.85
bp_1_186_3,"well, as a council member, i know the overrides, so i'll soon--",[],"[[5.0, 5.0, 322.0, 54.0], [204.0, 386.0, 326.0, 486.0]]",[],"[[128.0, 119.0, 169.0, 156.0], [127.0, 120.0, 168.0, 155.0]]",INFORM,0.0,0.0
bp_1_186_4,-- atomic attack imminent --,[],"[[122.0, 2.0, 301.0, 43.0], [10.0, 426.0, 78.0, 482.0]]",[],"[[41.0, 57.0, 307.0, 486.0], [42.0, 56.0, 307.0, 486.0]]",NOT_CLASSIFIABLE,0.0,0.0
bp_1_186_4,"oh, my g--",[],"[[122.0, 2.0, 301.0, 43.0], [10.0, 426.0, 78.0, 482.0]]",[],"[[41.0, 57.0, 307.0, 486.0], [42.0, 56.0, 307.0, 486.0]]",BACKCHANNEL,0.0,0.0
bp_1_186_6,--see. by the white ape--!,[],"[[6.0, 2.0, 278.0, 29.0], [155.0, 430.0, 302.0, 480.0]]",[],"[[71.0, 45.0, 232.0, 311.0], [71.0, 45.0, 232.0, 311.0]]",INFORM,0.0,0.0
bp_1_186_6,red alert. all systems stand by--!,[],"[[6.0, 2.0, 278.0, 29.0], [155.0, 430.0, 302.0, 480.0]]",[],"[[71.0, 45.0, 232.0, 311.0], [71.0, 45.0, 232.0, 311.0]]",ORDER,0.0,0.0
bp_1_187_2,"according to little's information, a few more minutes should put us in striking distance of the missile base.",[],"[[4.0, 5.0, 317.0, 88.0]]",[],"[[7.0, 75.0, 316.0, 480.0]]",INFORM,-0.0375,0.62
bp_1_187_4,this is as far as we dare go. from here i must go alone.,[],"[[6.0, 272.0, 167.0, 379.0]]",[],"[[-1.0, -1.0, -1.0, -1.0]]",,0.1,1.0
bp_1_189_5,and the answer is-- not unless you stop that missile. give the order now.,[],"[[4.0, 3.0, 204.0, 71.0]]",[],"[[5.0, 109.0, 193.0, 362.0]]",,0.0,0.0
bp_1_190_0,"if you will pull that missile back into its silo, siphon off its fuel as a token of your good will, i will surrender myself to you and make any statement to the world press you want me to make.i will also, naturally, not tear out your living heart as i had intended.",[],"[[360.0, 5.0, 956.0, 85.0], [735.0, 92.0, 877.0, 164.0]]",[],"[[226.0, 17.0, 368.0, 173.0], [549.0, 86.0, 667.0, 203.0]]",,0.21666666666666665,0.3333333333333333
bp_1_190_0,you do not frighten me.i agree to your temrs.,[],"[[360.0, 5.0, 956.0, 85.0], [735.0, 92.0, 877.0, 164.0]]",[],"[[226.0, 17.0, 368.0, 173.0], [549.0, 86.0, 667.0, 203.0]]",,0.0,0.0
bp_1_190_2,-- is seeing the black panther groveling before a white man for all the world to see!,[],"[[4.0, 605.0, 171.0, 710.0]]",[],"[[4.0, 214.0, 175.0, 600.0]]",FEEDBACK,-0.08333333333333333,0.21666666666666667
bp_1_190_3,attention!delay the launch ten minutes!await further instructions!,[],"[[141.0, 4.0, 489.0, 37.0]]",[],"[[324.0, 61.0, 381.0, 106.0]]",,0.0,0.25
bp_1_193_1,"oh, look! the dancers are re-enacting your triumph over the supremacists!",[],"[[9.0, 8.0, 155.0, 120.0]]",[],"[[-1.0, -1.0, -1.0, -1.0]]",,0.0,0.0
bp_1_193_5,"you could be a little cheerier, t'challa.people might think you're not having a good time --!",[],"[[134.0, 6.0, 304.0, 105.0]]",[],"[[5.0, 124.0, 136.0, 298.0]]",,0.34375,0.55
bp_1_194_3,i only hope we can stop him before he does something stupid..!,[],"[[11.0, 367.0, 157.0, 461.0]]",[],"[[120.0, 198.0, 139.0, 218.0]]",INFORM,-0.49999999999999994,1.0
bp_1_195_1,holy--!,[],"[[4.0, 1.0, 117.0, 47.0], [75.0, 155.0, 282.0, 342.0]]",[],"[[-1.0, -1.0, -1.0, -1.0], [-1.0, -1.0, -1.0, -1.0]]",NOT_CLASSIFIABLE,0.0,0.0
bp_1_195_1,"you shall be tried by fang and claw, and your sinew and blood shall be torn by my judgement, t'challa son of t'chaka",[],"[[4.0, 1.0, 117.0, 47.0], [75.0, 155.0, 282.0, 342.0]]",[],"[[-1.0, -1.0, -1.0, -1.0], [-1.0, -1.0, -1.0, -1.0]]",INFORM,0.0,0.0
bp_1_195_2,"so it shall, great one -- if unworthiness lies in me.",[],"[[29.0, 5.0, 207.0, 89.0], [26.0, 148.0, 161.0, 215.0]]",[],"[[-1.0, -1.0, -1.0, -1.0], [213.0, 72.0, 453.0, 243.0]]",INFORM,0.8,0.75
bp_1_195_2,"we shall see, mortal ..",[],"[[29.0, 5.0, 207.0, 89.0], [26.0, 148.0, 161.0, 215.0]]",[],"[[-1.0, -1.0, -1.0, -1.0], [213.0, 72.0, 453.0, 243.0]]",FEEDBACK,0.0,0.0
bp_1_195_4,now is the time when all i am is called into question.,[],"[[4.0, 8.0, 189.0, 75.0], [156.0, 408.0, 263.0, 468.0]]",[],"[[197.0, 117.0, 308.0, 304.0], [196.0, 118.0, 308.0, 304.0]]",INFORM,0.0,0.0
bp_1_195_4,but not your soul alone.,[],"[[4.0, 8.0, 189.0, 75.0], [156.0, 408.0, 263.0, 468.0]]",[],"[[197.0, 117.0, 308.0, 304.0], [196.0, 118.0, 308.0, 304.0]]",INFORM,0.0,0.0
bp_1_198_1,he's broken free -- but that bite took out a fair chunk of his arm.,[],"[[5.0, 39.0, 158.0, 160.0], [194.0, 10.0, 328.0, 290.0], [133.0, 525.0, 279.0, 596.0]]",[],"[[-1.0, -1.0, -1.0, -1.0], [-1.0, -1.0, -1.0, -1.0], [-1.0, -1.0, -1.0, -1.0]]",INFORM,0.2333333333333333,0.7000000000000001
bp_1_198_1,so that's what happened in azania -- the panther spirit took another person's form and led the revolt. it seems almost beyond belief.,[],"[[5.0, 39.0, 158.0, 160.0], [194.0, 10.0, 328.0, 290.0], [133.0, 525.0, 279.0, 596.0]]",[],"[[-1.0, -1.0, -1.0, -1.0], [-1.0, -1.0, -1.0, -1.0], [-1.0, -1.0, -1.0, -1.0]]",INFORM,0.0,0.0
bp_1_198_1,"mightn't be instead, bomwana --",[],"[[5.0, 39.0, 158.0, 160.0], [194.0, 10.0, 328.0, 290.0], [133.0, 525.0, 279.0, 596.0]]",[],"[[-1.0, -1.0, -1.0, -1.0], [-1.0, -1.0, -1.0, -1.0], [-1.0, -1.0, -1.0, -1.0]]",NOT_CLASSIFIABLE,0.0,0.0
bp_1_198_5,whatever you say.,[],"[[222.0, 0.0, 385.0, 53.0]]",[],"[[-1.0, -1.0, -1.0, -1.0]]",NOT_CLASSIFIABLE,0.0,0.0
bp_1_199_3,the session's already started: i can just hear that madman raving on again about--,[],"[[11.0, 7.0, 262.0, 79.0]]",[],"[[199.0, 140.0, 218.0, 171.0]]",INFORM,0.0,0.0
bp_1_200_0,yes! run! the chase will be good! the chase will be quick!,['he iis faster-- tirelesss--'],"[[9.0, 7.0, 356.0, 62.0]]","[[625.0, 212.0, 759.0, 284.0]]","[[216.0, 109.0, 261.0, 164.0]]",,0.6458333333333333,0.55
bp_1_201_2,no.,[],"[[30.0, 18.0, 95.0, 54.0], [11.0, 370.0, 85.0, 430.0]]",[],"[[18.0, 66.0, 274.0, 326.0], [19.0, 67.0, 274.0, 326.0]]",FEEDBACK,0.0,0.0
bp_1_201_2,you are mine.,[],"[[30.0, 18.0, 95.0, 54.0], [11.0, 370.0, 85.0, 430.0]]",[],"[[18.0, 66.0, 274.0, 326.0], [19.0, 67.0, 274.0, 326.0]]",INFORM,0.0,0.0
bp_1_203_1,i still don't understand.. how could you lose to the panther - spirit and still win? don't tell me you argued him out of it!,['wakanda'],"[[36.0, 55.0, 193.0, 212.0], [205.0, 190.0, 314.0, 223.0]]","[[4.0, 3.0, 128.0, 41.0]]","[[84.0, 246.0, 128.0, 290.0], [151.0, 291.0, 186.0, 325.0]]",,1.0,0.4
bp_1_203_1,malaika --,['wakanda'],"[[36.0, 55.0, 193.0, 212.0], [205.0, 190.0, 314.0, 223.0]]","[[4.0, 3.0, 128.0, 41.0]]","[[84.0, 246.0, 128.0, 290.0], [151.0, 291.0, 186.0, 325.0]]",FEEDBACK,0.0,0.0
bp_1_203_4,-- we did not argue.,[],"[[6.0, 5.0, 157.0, 56.0], [5.0, 266.0, 169.0, 386.0]]",[],"[[38.0, 5.0, 170.0, 547.0], [45.0, 5.0, 170.0, 547.0]]",INFORM,0.0,0.0
bp_1_203_4,"the blood of out brothers is a holy thing, and their bondage blasphemy.",[],"[[6.0, 5.0, 157.0, 56.0], [5.0, 266.0, 169.0, 386.0]]",[],"[[38.0, 5.0, 170.0, 547.0], [45.0, 5.0, 170.0, 547.0]]",INFORM,0.0,0.0
bp_2_205_1,"okay, ross, your report is starting to make a little sence now.",[],"[[343.0, 155.0, 488.0, 282.0], [345.0, 269.0, 486.0, 340.0], [144.0, 349.0, 262.0, 426.0], [721.0, 346.0, 876.0, 448.0], [726.0, 448.0, 895.0, 581.0]]",[],"[[-1.0, -1.0, -1.0, -1.0], [-1.0, -1.0, -1.0, -1.0], [290.0, 350.0, 477.0, 533.0], [574.0, 450.0, 670.0, 563.0], [573.0, 449.0, 671.0, 561.0]]",FEEDBACK,0.10416666666666667,0.3666666666666667
bp_2_205_1,which could mean i'm just crazy.,[],"[[343.0, 155.0, 488.0, 282.0], [345.0, 269.0, 486.0, 340.0], [144.0, 349.0, 262.0, 426.0], [721.0, 346.0, 876.0, 448.0], [726.0, 448.0, 895.0, 581.0]]",[],"[[-1.0, -1.0, -1.0, -1.0], [-1.0, -1.0, -1.0, -1.0], [290.0, 350.0, 477.0, 533.0], [574.0, 450.0, 670.0, 563.0], [573.0, 449.0, 671.0, 561.0]]",INFORM,-0.45625,0.79375
bp_2_205_1,"hey,why should i be the only one?",[],"[[343.0, 155.0, 488.0, 282.0], [345.0, 269.0, 486.0, 340.0], [144.0, 349.0, 262.0, 426.0], [721.0, 346.0, 876.0, 448.0], [726.0, 448.0, 895.0, 581.0]]",[],"[[-1.0, -1.0, -1.0, -1.0], [-1.0, -1.0, -1.0, -1.0], [290.0, 350.0, 477.0, 533.0], [574.0, 450.0, 670.0, 563.0], [573.0, 449.0, 671.0, 561.0]]",,0.0,1.0
bp_2_205_1,"so the client caught the bad guy, droped him with that cop tork--",[],"[[343.0, 155.0, 488.0, 282.0], [345.0, 269.0, 486.0, 340.0], [144.0, 349.0, 262.0, 426.0], [721.0, 346.0, 876.0, 448.0], [726.0, 448.0, 895.0, 581.0]]",[],"[[-1.0, -1.0, -1.0, -1.0], [-1.0, -1.0, -1.0, -1.0], [290.0, 350.0, 477.0, 533.0], [574.0, 450.0, 670.0, 563.0], [573.0, 449.0, 671.0, 561.0]]",INFORM,-0.6999999999999998,0.6666666666666666
bp_2_205_1,--and was free to head home and deal with achebe -- the creep who'd stolen his country.Then what --?!,[],"[[343.0, 155.0, 488.0, 282.0], [345.0, 269.0, 486.0, 340.0], [144.0, 349.0, 262.0, 426.0], [721.0, 346.0, 876.0, 448.0], [726.0, 448.0, 895.0, 581.0]]",[],"[[-1.0, -1.0, -1.0, -1.0], [-1.0, -1.0, -1.0, -1.0], [290.0, 350.0, 477.0, 533.0], [574.0, 450.0, 670.0, 563.0], [573.0, 449.0, 671.0, 561.0]]",,0.5,0.8
bp_2_207_0,keep moving!,[],"[[41.0, 25.0, 142.0, 65.0], [292.0, 57.0, 446.0, 177.0], [561.0, 21.0, 719.0, 91.0], [644.0, 315.0, 817.0, 377.0], [694.0, 382.0, 873.0, 441.0]]",[],"[[196.0, 27.0, 283.0, 104.0], [201.0, 31.0, 282.0, 99.0], [462.0, 50.0, 540.0, 147.0], [807.0, 45.0, 898.0, 147.0], [805.0, 43.0, 896.0, 145.0]]",ORDER,0.0,0.0
bp_2_207_0,only one of them can climb through this vent at a time -- and they don't dare attack us alone!,[],"[[41.0, 25.0, 142.0, 65.0], [292.0, 57.0, 446.0, 177.0], [561.0, 21.0, 719.0, 91.0], [644.0, 315.0, 817.0, 377.0], [694.0, 382.0, 873.0, 441.0]]",[],"[[196.0, 27.0, 283.0, 104.0], [201.0, 31.0, 282.0, 99.0], [462.0, 50.0, 540.0, 147.0], [807.0, 45.0, 898.0, 147.0], [805.0, 43.0, 896.0, 145.0]]",INFORM,0.0,1.0
bp_2_207_0,but -- what's ahead? where's this vent lead to?!,[],"[[41.0, 25.0, 142.0, 65.0], [292.0, 57.0, 446.0, 177.0], [561.0, 21.0, 719.0, 91.0], [644.0, 315.0, 817.0, 377.0], [694.0, 382.0, 873.0, 441.0]]",[],"[[196.0, 27.0, 283.0, 104.0], [201.0, 31.0, 282.0, 99.0], [462.0, 50.0, 540.0, 147.0], [807.0, 45.0, 898.0, 147.0], [805.0, 43.0, 896.0, 145.0]]",,0.0,0.0
bp_2_207_0,"irrelevant, agent 13 -- there is no turning back!",[],"[[41.0, 25.0, 142.0, 65.0], [292.0, 57.0, 446.0, 177.0], [561.0, 21.0, 719.0, 91.0], [644.0, 315.0, 817.0, 377.0], [694.0, 382.0, 873.0, 441.0]]",[],"[[196.0, 27.0, 283.0, 104.0], [201.0, 31.0, 282.0, 99.0], [462.0, 50.0, 540.0, 147.0], [807.0, 45.0, 898.0, 147.0], [805.0, 43.0, 896.0, 145.0]]",,-0.25,0.5
bp_2_207_0,whatever awaits us at the other end -- we will overcome!,[],"[[41.0, 25.0, 142.0, 65.0], [292.0, 57.0, 446.0, 177.0], [561.0, 21.0, 719.0, 91.0], [644.0, 315.0, 817.0, 377.0], [694.0, 382.0, 873.0, 441.0]]",[],"[[196.0, 27.0, 283.0, 104.0], [201.0, 31.0, 282.0, 99.0], [462.0, 50.0, 540.0, 147.0], [807.0, 45.0, 898.0, 147.0], [805.0, 43.0, 896.0, 145.0]]",COMMIT,-0.15625,0.375
bp_2_207_1,and this has exactly what to do with my question--?,[],"[[42.0, 51.0, 181.0, 119.0], [195.0, 105.0, 281.0, 143.0]]",[],"[[-1.0, -1.0, -1.0, -1.0], [-1.0, -1.0, -1.0, -1.0]]",WHY_QUESTION,0.25,0.25
bp_2_207_1,"context, nikki",[],"[[42.0, 51.0, 181.0, 119.0], [195.0, 105.0, 281.0, 143.0]]",[],"[[-1.0, -1.0, -1.0, -1.0], [-1.0, -1.0, -1.0, -1.0]]",FEEDBACK,0.0,0.0
bp_2_207_3,"since i am no longer on active duty with the avengers, the have a vacancy in their roster -- -- one which i hope will be filled by -- the panther!",[],"[[14.0, 5.0, 226.0, 144.0], [133.0, 129.0, 283.0, 188.0]]",[],"[[8.0, 166.0, 81.0, 293.0], [85.0, 191.0, 201.0, 380.0]]",INFORM,0.18333333333333335,0.75
bp_2_207_3,"i wish to consider it, my friend --",[],"[[14.0, 5.0, 226.0, 144.0], [133.0, 129.0, 283.0, 188.0]]",[],"[[8.0, 166.0, 81.0, 293.0], [85.0, 191.0, 201.0, 380.0]]",FEEDBACK,0.0,0.0
bp_2_207_4,-- you asked me about that business with the avengers --,[],"[[88.0, 28.0, 243.0, 111.0], [18.0, 112.0, 151.0, 241.0], [32.0, 359.0, 192.0, 434.0]]",[],"[[212.0, 300.0, 247.0, 344.0], [140.0, 254.0, 182.0, 303.0], [142.0, 254.0, 181.0, 301.0]]",INFORM,0.0,0.0
bp_2_207_4,"yes, since the president of the united states called you on the carpet about it --",[],"[[88.0, 28.0, 243.0, 111.0], [18.0, 112.0, 151.0, 241.0], [32.0, 359.0, 192.0, 434.0]]",[],"[[212.0, 300.0, 247.0, 344.0], [140.0, 254.0, 182.0, 303.0], [142.0, 254.0, 181.0, 301.0]]",FEEDBACK,0.0,0.0
bp_2_207_4,-- and gave you 24 hours to get king t'challa on the leash --,[],"[[88.0, 28.0, 243.0, 111.0], [18.0, 112.0, 151.0, 241.0], [32.0, 359.0, 192.0, 434.0]]",[],"[[212.0, 300.0, 247.0, 344.0], [140.0, 254.0, 182.0, 303.0], [142.0, 254.0, 181.0, 301.0]]",FEEDBACK,0.0,0.0
bp_2_208_5,...biting every hand that feeds him. get dressed. i've taken the liberty of buying you some new clothes.,[],"[[198.0, 47.0, 316.0, 248.0]]",[],"[[4.0, 14.0, 203.0, 450.0]]",,0.13636363636363635,0.45454545454545453
bp_2_209_3,-- that factions within the u.s. intelligece community have effected a coup d'etat in my homeland. my friends--,[],"[[182.0, 10.0, 420.0, 93.0], [324.0, 71.0, 426.0, 143.0]]",[],"[[159.0, 123.0, 235.0, 223.0], [160.0, 122.0, 232.0, 221.0]]",,0.0,0.0
bp_2_209_3,this constitutes an act of war.,[],"[[182.0, 10.0, 420.0, 93.0], [324.0, 71.0, 426.0, 143.0]]",[],"[[159.0, 123.0, 235.0, 223.0], [160.0, 122.0, 232.0, 221.0]]",INFORM,0.0,0.0
bp_2_210_3,get back to new york. you've got 24 hours to get king t'challa to retract his statement or you're shipping out to --,[],"[[9.0, 5.0, 286.0, 100.0]]",[],"[[35.0, 114.0, 183.0, 356.0]]",,0.06818181818181818,0.22727272727272727
bp_2_211_0,t'challa -- what do you want from me?!,[],"[[186.0, 23.0, 306.0, 93.0], [327.0, 20.0, 433.0, 73.0], [420.0, 29.0, 583.0, 159.0], [434.0, 162.0, 597.0, 273.0]]",[],"[[296.0, 218.0, 330.0, 250.0], [375.0, 190.0, 411.0, 226.0], [379.0, 192.0, 411.0, 229.0], [376.0, 192.0, 406.0, 227.0]]",WHY_QUESTION,0.0,0.0
bp_2_211_0,nicole.. it is not our time.,[],"[[186.0, 23.0, 306.0, 93.0], [327.0, 20.0, 433.0, 73.0], [420.0, 29.0, 583.0, 159.0], [434.0, 162.0, 597.0, 273.0]]",[],"[[296.0, 218.0, 330.0, 250.0], [375.0, 190.0, 411.0, 226.0], [379.0, 192.0, 411.0, 229.0], [376.0, 192.0, 406.0, 227.0]]",FEEDBACK,0.0,0.0
bp_2_211_0,"first in my life is to defend and serve the wakandans.for me to truly lead, i must be more than king --",[],"[[186.0, 23.0, 306.0, 93.0], [327.0, 20.0, 433.0, 73.0], [420.0, 29.0, 583.0, 159.0], [434.0, 162.0, 597.0, 273.0]]",[],"[[296.0, 218.0, 330.0, 250.0], [375.0, 190.0, 411.0, 226.0], [379.0, 192.0, 411.0, 229.0], [376.0, 192.0, 406.0, 227.0]]",,0.375,0.41666666666666663
bp_2_211_0,-- i must be chieftain of the panther clan.my studies here are part of that pilgrimage.,[],"[[186.0, 23.0, 306.0, 93.0], [327.0, 20.0, 433.0, 73.0], [420.0, 29.0, 583.0, 159.0], [434.0, 162.0, 597.0, 273.0]]",[],"[[296.0, 218.0, 330.0, 250.0], [375.0, 190.0, 411.0, 226.0], [379.0, 192.0, 411.0, 229.0], [376.0, 192.0, 406.0, 227.0]]",,0.0,0.0
bp_2_211_1,"i mean, nick, there are practical limits to what i can tell a head of state to do or not to do --",[],"[[207.0, 187.0, 368.0, 308.0]]",[],"[[-1.0, -1.0, -1.0, -1.0]]",FEEDBACK,-0.3125,0.6875
bp_2_211_2,and me? was i part of the journey?,[],"[[270.0, 5.0, 402.0, 57.0], [36.0, 310.0, 220.0, 452.0], [315.0, 349.0, 377.0, 433.0]]",[],"[[310.0, 104.0, 399.0, 210.0], [124.0, 81.0, 209.0, 194.0], [310.0, 105.0, 398.0, 209.0]]",,0.0,0.0
bp_2_211_2,of course. but the journey continues. if i rest... if i stray... my people perish. you must understand that.,[],"[[270.0, 5.0, 402.0, 57.0], [36.0, 310.0, 220.0, 452.0], [315.0, 349.0, 377.0, 433.0]]",[],"[[310.0, 104.0, 399.0, 210.0], [124.0, 81.0, 209.0, 194.0], [310.0, 105.0, 398.0, 209.0]]",,0.0,0.0
bp_2_211_2,-- -- i do.,[],"[[270.0, 5.0, 402.0, 57.0], [36.0, 310.0, 220.0, 452.0], [315.0, 349.0, 377.0, 433.0]]",[],"[[310.0, 104.0, 399.0, 210.0], [124.0, 81.0, 209.0, 194.0], [310.0, 105.0, 398.0, 209.0]]",FEEDBACK,0.0,0.0
bp_2_213_0,"and, so...",['the hockey puck'],"[[139.0, 84.0, 190.0, 121.0], [139.0, 120.0, 300.0, 240.0], [161.0, 240.0, 281.0, 311.0], [594.0, 75.0, 712.0, 137.0]]","[[262.0, 9.0, 658.0, 57.0]]","[[-1.0, -1.0, -1.0, -1.0], [-1.0, -1.0, -1.0, -1.0], [-1.0, -1.0, -1.0, -1.0], [677.0, 152.0, 729.0, 215.0]]",NOT_CLASSIFIABLE,0.0,0.0
bp_2_213_0,"... you've pled your case before the global council, declared war on the mightiest nation on the planet --",['the hockey puck'],"[[139.0, 84.0, 190.0, 121.0], [139.0, 120.0, 300.0, 240.0], [161.0, 240.0, 281.0, 311.0], [594.0, 75.0, 712.0, 137.0]]","[[262.0, 9.0, 658.0, 57.0]]","[[-1.0, -1.0, -1.0, -1.0], [-1.0, -1.0, -1.0, -1.0], [-1.0, -1.0, -1.0, -1.0], [677.0, 152.0, 729.0, 215.0]]",INFORM,0.0,0.0
bp_2_213_0,-- and scarcely do the winds of change blow.,['the hockey puck'],"[[139.0, 84.0, 190.0, 121.0], [139.0, 120.0, 300.0, 240.0], [161.0, 240.0, 281.0, 311.0], [594.0, 75.0, 712.0, 137.0]]","[[262.0, 9.0, 658.0, 57.0]]","[[-1.0, -1.0, -1.0, -1.0], [-1.0, -1.0, -1.0, -1.0], [-1.0, -1.0, -1.0, -1.0], [677.0, 152.0, 729.0, 215.0]]",INFORM,0.0,0.0
bp_2_213_0,how the mighty have fallen.,['the hockey puck'],"[[139.0, 84.0, 190.0, 121.0], [139.0, 120.0, 300.0, 240.0], [161.0, 240.0, 281.0, 311.0], [594.0, 75.0, 712.0, 137.0]]","[[262.0, 9.0, 658.0, 57.0]]","[[-1.0, -1.0, -1.0, -1.0], [-1.0, -1.0, -1.0, -1.0], [-1.0, -1.0, -1.0, -1.0], [677.0, 152.0, 729.0, 215.0]]",INFORM,0.4,0.9
bp_2_213_2,"you will be assassinated before dawn, t'challa we both know it.",[],"[[34.0, 6.0, 266.0, 58.0], [266.0, 6.0, 490.0, 58.0], [125.0, 338.0, 243.0, 397.0]]",[],"[[60.0, 63.0, 183.0, 203.0], [266.0, 85.0, 442.0, 217.0], [-1.0, -1.0, -1.0, -1.0]]",INFORM,0.0,0.0
bp_2_213_2,we both know you need me now. if it wasn't for me,[],"[[34.0, 6.0, 266.0, 58.0], [266.0, 6.0, 490.0, 58.0], [125.0, 338.0, 243.0, 397.0]]",[],"[[60.0, 63.0, 183.0, 203.0], [266.0, 85.0, 442.0, 217.0], [-1.0, -1.0, -1.0, -1.0]]",FEEDBACK,0.0,0.0
bp_2_213_2,"ah, finally -- my cue --",[],"[[34.0, 6.0, 266.0, 58.0], [266.0, 6.0, 490.0, 58.0], [125.0, 338.0, 243.0, 397.0]]",[],"[[60.0, 63.0, 183.0, 203.0], [266.0, 85.0, 442.0, 217.0], [-1.0, -1.0, -1.0, -1.0]]",FEEDBACK,0.0,1.0
bp_2_215_2,"i thougnt we had a deal, t'challa. i thought after my royal dumping, i'd be through with this kind of thing.",[],"[[16.0, 2.0, 188.0, 134.0], [52.0, 472.0, 210.0, 667.0]]",[],"[[108.0, 197.0, 256.0, 371.0], [112.0, 198.0, 256.0, 371.0]]",,0.6,0.9
bp_2_215_2,"i've been kidnapped, made into a human bomb, arrested, trailed by spy-guys, shot at, and ""detained"" by that creepy white wolf.all in all, a pretty full day.",[],"[[16.0, 2.0, 188.0, 134.0], [52.0, 472.0, 210.0, 667.0]]",[],"[[108.0, 197.0, 256.0, 371.0], [112.0, 198.0, 256.0, 371.0]]",,0.019999999999999997,0.53
bp_2_216_4,yes!nail 'em your high --,"['thank you, dr. achebe.']","[[150.0, 1.0, 323.0, 86.0]]","[[18.0, 15.0, 116.0, 70.0]]","[[176.0, 80.0, 287.0, 245.0]]",,0.16,0.54
bp_2_217_1,"only here, in the techno jungle, can the prowlers be stopped.",[],"[[4.0, 4.0, 168.0, 95.0], [28.0, 304.0, 196.0, 401.0], [446.0, 6.0, 680.0, 132.0], [576.0, 258.0, 773.0, 399.0]]",[],"[[-1.0, -1.0, -1.0, -1.0], [-1.0, -1.0, -1.0, -1.0], [353.0, 69.0, 484.0, 238.0], [704.0, 71.0, 811.0, 220.0]]",INFORM,0.0,1.0
bp_2_217_1,hidden within this labyrinth are protocols and controls known only to me.,[],"[[4.0, 4.0, 168.0, 95.0], [28.0, 304.0, 196.0, 401.0], [446.0, 6.0, 680.0, 132.0], [576.0, 258.0, 773.0, 399.0]]",[],"[[-1.0, -1.0, -1.0, -1.0], [-1.0, -1.0, -1.0, -1.0], [353.0, 69.0, 484.0, 238.0], [704.0, 71.0, 811.0, 220.0]]",INFORM,-0.08333333333333333,0.6666666666666666
bp_2_217_1,"you've known all along, haven't you? you knew the trip to the u.s. was a lure -- you knew there'd be a coup --",[],"[[4.0, 4.0, 168.0, 95.0], [28.0, 304.0, 196.0, 401.0], [446.0, 6.0, 680.0, 132.0], [576.0, 258.0, 773.0, 399.0]]",[],"[[-1.0, -1.0, -1.0, -1.0], [-1.0, -1.0, -1.0, -1.0], [353.0, 69.0, 484.0, 238.0], [704.0, 71.0, 811.0, 220.0]]",,0.0,0.0
bp_2_217_1,"i suspected. had i not feigned ignorance, many more innocents would have been harmed --",[],"[[4.0, 4.0, 168.0, 95.0], [28.0, 304.0, 196.0, 401.0], [446.0, 6.0, 680.0, 132.0], [576.0, 258.0, 773.0, 399.0]]",[],"[[-1.0, -1.0, -1.0, -1.0], [-1.0, -1.0, -1.0, -1.0], [353.0, 69.0, 484.0, 238.0], [704.0, 71.0, 811.0, 220.0]]",,0.5,0.5
bp_2_219_0,"-- this trap, or the fact achebe must have been planning to put you in it for months.",[],"[[695.0, 3.0, 902.0, 77.0], [791.0, 83.0, 903.0, 174.0]]",[],"[[459.0, 27.0, 601.0, 142.0], [459.0, 25.0, 601.0, 141.0]]",INFORM,0.0,0.0
bp_2_219_0,i mean you don't exactly buy one of these things from k-mart...,[],"[[695.0, 3.0, 902.0, 77.0], [791.0, 83.0, 903.0, 174.0]]",[],"[[459.0, 27.0, 601.0, 142.0], [459.0, 25.0, 601.0, 141.0]]",INFORM,-0.03125,0.46875
bp_2_219_1,"ah, yes. i know that...",[],"[[600.0, 198.0, 656.0, 251.0], [655.0, 175.0, 813.0, 287.0]]",[],"[[224.0, 29.0, 375.0, 171.0], [225.0, 28.0, 373.0, 168.0]]",,0.0,0.0
bp_2_219_1,"y'know, your highness, i don't know what's scarier --",[],"[[600.0, 198.0, 656.0, 251.0], [655.0, 175.0, 813.0, 287.0]]",[],"[[224.0, 29.0, 375.0, 171.0], [225.0, 28.0, 373.0, 168.0]]",INFORM,0.0,0.0
bp_2_219_4,"and, you're naked.",[],"[[27.0, 8.0, 127.0, 74.0], [6.0, 73.0, 110.0, 108.0], [38.0, 112.0, 136.0, 180.0], [13.0, 173.0, 112.0, 213.0]]",[],"[[140.0, 58.0, 295.0, 244.0], [-1.0, -1.0, -1.0, -1.0], [139.0, 57.0, 295.0, 245.0], [-1.0, -1.0, -1.0, -1.0]]",INFORM,0.0,0.4
bp_2_219_4,correct.,[],"[[27.0, 8.0, 127.0, 74.0], [6.0, 73.0, 110.0, 108.0], [38.0, 112.0, 136.0, 180.0], [13.0, 173.0, 112.0, 213.0]]",[],"[[140.0, 58.0, 295.0, 244.0], [-1.0, -1.0, -1.0, -1.0], [139.0, 57.0, 295.0, 245.0], [-1.0, -1.0, -1.0, -1.0]]",FEEDBACK,0.0,0.0
bp_2_219_4,"and if i don't, i'll probably die.",[],"[[27.0, 8.0, 127.0, 74.0], [6.0, 73.0, 110.0, 108.0], [38.0, 112.0, 136.0, 180.0], [13.0, 173.0, 112.0, 213.0]]",[],"[[140.0, 58.0, 295.0, 244.0], [-1.0, -1.0, -1.0, -1.0], [139.0, 57.0, 295.0, 245.0], [-1.0, -1.0, -1.0, -1.0]]",INFORM,0.0,0.0
bp_2_219_4,correct.,[],"[[27.0, 8.0, 127.0, 74.0], [6.0, 73.0, 110.0, 108.0], [38.0, 112.0, 136.0, 180.0], [13.0, 173.0, 112.0, 213.0]]",[],"[[140.0, 58.0, 295.0, 244.0], [-1.0, -1.0, -1.0, -1.0], [139.0, 57.0, 295.0, 245.0], [-1.0, -1.0, -1.0, -1.0]]",FEEDBACK,0.0,0.0
bp_2_220_5,...maybe he thinks i'm his friend...,[],"[[101.0, 64.0, 218.0, 118.0]]",[],"[[163.0, 189.0, 301.0, 389.0]]",FEEDBACK,0.0,0.0
bp_2_221_1,... go home.,[],"[[20.0, 30.0, 90.0, 73.0], [110.0, 19.0, 227.0, 96.0]]",[],"[[54.0, 140.0, 108.0, 217.0], [156.0, 120.0, 301.0, 272.0]]",ORDER,0.0,0.0
bp_2_221_1,i am home.i was home.,[],"[[20.0, 30.0, 90.0, 73.0], [110.0, 19.0, 227.0, 96.0]]",[],"[[54.0, 140.0, 108.0, 217.0], [156.0, 120.0, 301.0, 272.0]]",,0.0,0.0
bp_2_221_3,i should have told you about school-- about t'challa and me.,[],"[[16.0, 15.0, 155.0, 82.0], [131.0, 75.0, 214.0, 129.0]]",[],"[[248.0, 66.0, 284.0, 104.0], [248.0, 67.0, 281.0, 104.0]]",INFORM,0.0,0.0
bp_2_221_3,ross-- it was a long time ago.,[],"[[16.0, 15.0, 155.0, 82.0], [131.0, 75.0, 214.0, 129.0]]",[],"[[248.0, 66.0, 284.0, 104.0], [248.0, 67.0, 281.0, 104.0]]",INFORM,-0.05,0.4
bp_2_222_5,... i'll kill you... you ...,[],"[[130.0, 8.0, 250.0, 80.0]]",[],"[[27.0, 44.0, 152.0, 178.0]]",INFORM,0.0,0.0
bp_2_222_8,you-- son of a--!!,[],"[[59.0, 36.0, 119.0, 79.0]]",[],"[[38.0, 273.0, 86.0, 305.0]]",NOT_CLASSIFIABLE,0.0,0.0
bp_2_223_0,-- take it like a man.,[],"[[118.0, 20.0, 211.0, 80.0], [19.0, 71.0, 190.0, 148.0], [20.0, 147.0, 174.0, 228.0], [23.0, 223.0, 200.0, 305.0], [446.0, 280.0, 515.0, 324.0], [425.0, 346.0, 534.0, 385.0]]",[],"[[267.0, 97.0, 388.0, 234.0], [268.0, 95.0, 387.0, 230.0], [268.0, 98.0, 385.0, 230.0], [266.0, 98.0, 384.0, 231.0], [481.0, 7.0, 678.0, 251.0], [266.0, 94.0, 385.0, 233.0]]",ORDER,0.0,0.0
bp_2_223_0,"y'know, for a tall guy raised in harlem -- you play ball like a girl.",[],"[[118.0, 20.0, 211.0, 80.0], [19.0, 71.0, 190.0, 148.0], [20.0, 147.0, 174.0, 228.0], [23.0, 223.0, 200.0, 305.0], [446.0, 280.0, 515.0, 324.0], [425.0, 346.0, 534.0, 385.0]]",[],"[[267.0, 97.0, 388.0, 234.0], [268.0, 95.0, 387.0, 230.0], [268.0, 98.0, 385.0, 230.0], [266.0, 98.0, 384.0, 231.0], [481.0, 7.0, 678.0, 251.0], [266.0, 94.0, 385.0, 233.0]]",INFORM,0.0,0.0
bp_2_223_0,all that muscle makes your trip over your own feet.,[],"[[118.0, 20.0, 211.0, 80.0], [19.0, 71.0, 190.0, 148.0], [20.0, 147.0, 174.0, 228.0], [23.0, 223.0, 200.0, 305.0], [446.0, 280.0, 515.0, 324.0], [425.0, 346.0, 534.0, 385.0]]",[],"[[267.0, 97.0, 388.0, 234.0], [268.0, 95.0, 387.0, 230.0], [268.0, 98.0, 385.0, 230.0], [266.0, 98.0, 384.0, 231.0], [481.0, 7.0, 678.0, 251.0], [266.0, 94.0, 385.0, 233.0]]",INFORM,0.6,1.0
bp_2_223_0,makes me wonder how you managed to beat t'challa so many times.,[],"[[118.0, 20.0, 211.0, 80.0], [19.0, 71.0, 190.0, 148.0], [20.0, 147.0, 174.0, 228.0], [23.0, 223.0, 200.0, 305.0], [446.0, 280.0, 515.0, 324.0], [425.0, 346.0, 534.0, 385.0]]",[],"[[267.0, 97.0, 388.0, 234.0], [268.0, 95.0, 387.0, 230.0], [268.0, 98.0, 385.0, 230.0], [266.0, 98.0, 384.0, 231.0], [481.0, 7.0, 678.0, 251.0], [266.0, 94.0, 385.0, 233.0]]",INFORM,0.5,0.5
bp_2_223_0,every time.,[],"[[118.0, 20.0, 211.0, 80.0], [19.0, 71.0, 190.0, 148.0], [20.0, 147.0, 174.0, 228.0], [23.0, 223.0, 200.0, 305.0], [446.0, 280.0, 515.0, 324.0], [425.0, 346.0, 534.0, 385.0]]",[],"[[267.0, 97.0, 388.0, 234.0], [268.0, 95.0, 387.0, 230.0], [268.0, 98.0, 385.0, 230.0], [266.0, 98.0, 384.0, 231.0], [481.0, 7.0, 678.0, 251.0], [266.0, 94.0, 385.0, 233.0]]",FEEDBACK,0.0,0.0
bp_2_223_0,whatever.,[],"[[118.0, 20.0, 211.0, 80.0], [19.0, 71.0, 190.0, 148.0], [20.0, 147.0, 174.0, 228.0], [23.0, 223.0, 200.0, 305.0], [446.0, 280.0, 515.0, 324.0], [425.0, 346.0, 534.0, 385.0]]",[],"[[267.0, 97.0, 388.0, 234.0], [268.0, 95.0, 387.0, 230.0], [268.0, 98.0, 385.0, 230.0], [266.0, 98.0, 384.0, 231.0], [481.0, 7.0, 678.0, 251.0], [266.0, 94.0, 385.0, 233.0]]",FEEDBACK,0.0,0.0
bp_2_223_1,y'know -- -- i don't think i like you.,[],"[[5.0, 8.0, 145.0, 104.0], [6.0, 392.0, 147.0, 537.0]]",[],"[[169.0, 8.0, 369.0, 231.0], [-1.0, -1.0, -1.0, -1.0]]",INFORM,0.0,0.0
bp_2_223_1,"c'mon, erik killmonger -- big chief n'jadaka -- the michael milken of the african continent -- toughest guy in town --",[],"[[5.0, 8.0, 145.0, 104.0], [6.0, 392.0, 147.0, 537.0]]",[],"[[169.0, 8.0, 369.0, 231.0], [-1.0, -1.0, -1.0, -1.0]]",NOT_CLASSIFIABLE,0.0,0.05
bp_2_227_0,you got any tuna?,[],"[[647.0, 63.0, 740.0, 117.0], [680.0, 148.0, 774.0, 178.0], [780.0, 153.0, 902.0, 247.0], [751.0, 254.0, 820.0, 292.0]]",[],"[[819.0, 331.0, 928.0, 605.0], [625.0, 346.0, 771.0, 621.0], [819.0, 324.0, 926.0, 604.0], [627.0, 347.0, 767.0, 619.0]]",YES-NO_QUESTION,0.0,0.0
bp_2_227_0,pantry.,[],"[[647.0, 63.0, 740.0, 117.0], [680.0, 148.0, 774.0, 178.0], [780.0, 153.0, 902.0, 247.0], [751.0, 254.0, 820.0, 292.0]]",[],"[[819.0, 331.0, 928.0, 605.0], [625.0, 346.0, 771.0, 621.0], [819.0, 324.0, 926.0, 604.0], [627.0, 347.0, 767.0, 619.0]]",FEEDBACK,0.0,0.0
bp_2_227_0,think i'll grab a sandwich. you want -- ?,[],"[[647.0, 63.0, 740.0, 117.0], [680.0, 148.0, 774.0, 178.0], [780.0, 153.0, 902.0, 247.0], [751.0, 254.0, 820.0, 292.0]]",[],"[[819.0, 331.0, 928.0, 605.0], [625.0, 346.0, 771.0, 621.0], [819.0, 324.0, 926.0, 604.0], [627.0, 347.0, 767.0, 619.0]]",,0.0,0.0
bp_2_227_0,sure.,[],"[[647.0, 63.0, 740.0, 117.0], [680.0, 148.0, 774.0, 178.0], [780.0, 153.0, 902.0, 247.0], [751.0, 254.0, 820.0, 292.0]]",[],"[[819.0, 331.0, 928.0, 605.0], [625.0, 346.0, 771.0, 621.0], [819.0, 324.0, 926.0, 604.0], [627.0, 347.0, 767.0, 619.0]]",FEEDBACK,0.5,0.8888888888888888
bp_2_227_2,"not in the mood, queen.","['*no, actually it means ""adored ones"". --tom']","[[77.0, 8.0, 181.0, 58.0], [29.0, 73.0, 149.0, 154.0], [261.0, 239.0, 396.0, 333.0]]","[[400.0, 284.0, 531.0, 323.0]]","[[357.0, 4.0, 530.0, 225.0], [178.0, 67.0, 282.0, 219.0], [179.0, 68.0, 283.0, 220.0]]",FEEDBACK,0.0,0.0
bp_2_227_2,look at me! at what they made me wear!,"['*no, actually it means ""adored ones"". --tom']","[[77.0, 8.0, 181.0, 58.0], [29.0, 73.0, 149.0, 154.0], [261.0, 239.0, 396.0, 333.0]]","[[400.0, 284.0, 531.0, 323.0]]","[[357.0, 4.0, 530.0, 225.0], [178.0, 67.0, 282.0, 219.0], [179.0, 68.0, 283.0, 220.0]]",,0.0,0.0
bp_2_227_2,"does ""dora milaje"" mean ""ready for cocktail party at all times""?*","['*no, actually it means ""adored ones"". --tom']","[[77.0, 8.0, 181.0, 58.0], [29.0, 73.0, 149.0, 154.0], [261.0, 239.0, 396.0, 333.0]]","[[400.0, 284.0, 531.0, 323.0]]","[[357.0, 4.0, 530.0, 225.0], [178.0, 67.0, 282.0, 219.0], [179.0, 68.0, 283.0, 220.0]]",YES-NO_QUESTION,-0.056249999999999994,0.59375
bp_2_228_0,ghaaaaaahhh-- put me downnn--!!,"['--tends to fold like a cheap suit the minute you take their toys away.', 'the client was just a tad obsessed, which, depending on which side of the good guy/dirtbag fence you were on--', '--made this the ultimate good news/bad news situation.']","[[117.0, 117.0, 267.0, 169.0]]","[[10.0, 24.0, 206.0, 78.0], [213.0, 806.0, 463.0, 878.0], [628.0, 903.0, 846.0, 946.0]]","[[231.0, 241.0, 315.0, 317.0]]",,0.0,0.0
bp_2_230_4,"-- remember, here in america, you are not to kill.",[],"[[263.0, 4.0, 443.0, 62.0]]",[],"[[-1.0, -1.0, -1.0, -1.0]]",INFORM,0.0,0.0
bp_2_231_2,"grown""?! i'm only 16, gramps.",[],"[[279.0, 9.0, 383.0, 56.0], [314.0, 56.0, 472.0, 137.0], [329.0, 153.0, 451.0, 188.0], [643.0, 36.0, 769.0, 83.0]]",[],"[[512.0, 58.0, 614.0, 170.0], [180.0, 74.0, 252.0, 148.0], [517.0, 62.0, 606.0, 161.0], [182.0, 76.0, 246.0, 143.0]]",,0.0,1.0
bp_2_231_2,"in our culture, you would be married by now! we do not infantilize our young!",[],"[[279.0, 9.0, 383.0, 56.0], [314.0, 56.0, 472.0, 137.0], [329.0, 153.0, 451.0, 188.0], [643.0, 36.0, 769.0, 83.0]]",[],"[[512.0, 58.0, 614.0, 170.0], [180.0, 74.0, 252.0, 148.0], [517.0, 62.0, 606.0, 161.0], [182.0, 76.0, 246.0, 143.0]]",,0.21875,0.325
bp_2_231_2,... obviously ...,[],"[[279.0, 9.0, 383.0, 56.0], [314.0, 56.0, 472.0, 137.0], [329.0, 153.0, 451.0, 188.0], [643.0, 36.0, 769.0, 83.0]]",[],"[[512.0, 58.0, 614.0, 170.0], [180.0, 74.0, 252.0, 148.0], [517.0, 62.0, 606.0, 161.0], [182.0, 76.0, 246.0, 143.0]]",FEEDBACK,0.0,0.5
bp_2_231_2,and you shall address me as mama!,[],"[[279.0, 9.0, 383.0, 56.0], [314.0, 56.0, 472.0, 137.0], [329.0, 153.0, 451.0, 188.0], [643.0, 36.0, 769.0, 83.0]]",[],"[[512.0, 58.0, 614.0, 170.0], [180.0, 74.0, 252.0, 148.0], [517.0, 62.0, 606.0, 161.0], [182.0, 76.0, 246.0, 143.0]]",ORDER,0.0,0.0
bp_2_232_1,let's see... do i feel like tribal or tribal--?,[],"[[54.0, 4.0, 213.0, 52.0], [128.0, 58.0, 295.0, 111.0], [170.0, 124.0, 283.0, 210.0], [128.0, 391.0, 283.0, 457.0]]",[],"[[323.0, 86.0, 405.0, 193.0], [321.0, 86.0, 403.0, 193.0], [-1.0, -1.0, -1.0, -1.0], [322.0, 86.0, 402.0, 191.0]]",OR_QUESTION,0.0,0.0
bp_2_232_1,whose closet am i digging through --?,[],"[[54.0, 4.0, 213.0, 52.0], [128.0, 58.0, 295.0, 111.0], [170.0, 124.0, 283.0, 210.0], [128.0, 391.0, 283.0, 457.0]]",[],"[[323.0, 86.0, 405.0, 193.0], [321.0, 86.0, 403.0, 193.0], [-1.0, -1.0, -1.0, -1.0], [322.0, 86.0, 402.0, 191.0]]",WHY_QUESTION,0.0,0.0
bp_2_232_1,yours. you will find they are all in your size--,[],"[[54.0, 4.0, 213.0, 52.0], [128.0, 58.0, 295.0, 111.0], [170.0, 124.0, 283.0, 210.0], [128.0, 391.0, 283.0, 457.0]]",[],"[[323.0, 86.0, 405.0, 193.0], [321.0, 86.0, 403.0, 193.0], [-1.0, -1.0, -1.0, -1.0], [322.0, 86.0, 402.0, 191.0]]",,0.0,0.0
bp_2_232_1,realy--? well--i may have found somethink i like--,[],"[[54.0, 4.0, 213.0, 52.0], [128.0, 58.0, 295.0, 111.0], [170.0, 124.0, 283.0, 210.0], [128.0, 391.0, 283.0, 457.0]]",[],"[[323.0, 86.0, 405.0, 193.0], [321.0, 86.0, 403.0, 193.0], [-1.0, -1.0, -1.0, -1.0], [322.0, 86.0, 402.0, 191.0]]",,0.0,0.0
bp_2_232_2,whatever.,[],"[[41.0, 5.0, 128.0, 25.0], [137.0, 4.0, 232.0, 47.0], [31.0, 50.0, 190.0, 130.0]]",[],"[[2.0, 128.0, 269.0, 479.0], [2.0, 127.0, 269.0, 478.0], [2.0, 127.0, 268.0, 478.0]]",FEEDBACK,0.0,0.0
bp_2_232_2,hey here's an idea...,[],"[[41.0, 5.0, 128.0, 25.0], [137.0, 4.0, 232.0, 47.0], [31.0, 50.0, 190.0, 130.0]]",[],"[[2.0, 128.0, 269.0, 479.0], [2.0, 127.0, 269.0, 478.0], [2.0, 127.0, 268.0, 478.0]]",INFORM,0.0,0.0
bp_2_232_2,"y'know, with a little bit of work--we might actually be onto something here...",[],"[[41.0, 5.0, 128.0, 25.0], [137.0, 4.0, 232.0, 47.0], [31.0, 50.0, 190.0, 130.0]]",[],"[[2.0, 128.0, 269.0, 479.0], [2.0, 127.0, 269.0, 478.0], [2.0, 127.0, 268.0, 478.0]]",INFORM,-0.09375,0.3
bp_2_233_0,that's the third phone today.,"['easier said than done.', 'having recently lost a tribal challenge to his worst enemy, the king had retreated to the implausible labyrinth beneath central wakanda --', '-- a place he called the techno-jungle.', 'no one knew for sure exactly where he was, or what he was doing.', ""so it was actually much later that i found out he'd run into an old friend...""]","[[234.0, 18.0, 376.0, 80.0], [559.0, 6.0, 713.0, 75.0], [722.0, 21.0, 915.0, 239.0], [534.0, 640.0, 649.0, 690.0]]","[[46.0, 275.0, 215.0, 306.0], [181.0, 316.0, 462.0, 390.0], [340.0, 385.0, 511.0, 432.0], [533.0, 288.0, 817.0, 329.0], [716.0, 327.0, 910.0, 386.0]]","[[413.0, 23.0, 547.0, 164.0], [-1.0, -1.0, -1.0, -1.0], [412.0, 20.0, 546.0, 162.0], [622.0, 472.0, 696.0, 550.0]]",INFORM,0.0,0.0
bp_2_233_0,please tell me you've found something.,"['easier said than done.', 'having recently lost a tribal challenge to his worst enemy, the king had retreated to the implausible labyrinth beneath central wakanda --', '-- a place he called the techno-jungle.', 'no one knew for sure exactly where he was, or what he was doing.', ""so it was actually much later that i found out he'd run into an old friend...""]","[[234.0, 18.0, 376.0, 80.0], [559.0, 6.0, 713.0, 75.0], [722.0, 21.0, 915.0, 239.0], [534.0, 640.0, 649.0, 690.0]]","[[46.0, 275.0, 215.0, 306.0], [181.0, 316.0, 462.0, 390.0], [340.0, 385.0, 511.0, 432.0], [533.0, 288.0, 817.0, 329.0], [716.0, 327.0, 910.0, 386.0]]","[[413.0, 23.0, 547.0, 164.0], [-1.0, -1.0, -1.0, -1.0], [412.0, 20.0, 546.0, 162.0], [622.0, 472.0, 696.0, 550.0]]",POLITENESS_FORMULA,0.0,0.0
bp_2_233_0,"ross -- if you act as an agent of a foreign power -- it can be viewed as, well, treason ---- you can be denied u.s. citizenship. you need to see the king.","['easier said than done.', 'having recently lost a tribal challenge to his worst enemy, the king had retreated to the implausible labyrinth beneath central wakanda --', '-- a place he called the techno-jungle.', 'no one knew for sure exactly where he was, or what he was doing.', ""so it was actually much later that i found out he'd run into an old friend...""]","[[234.0, 18.0, 376.0, 80.0], [559.0, 6.0, 713.0, 75.0], [722.0, 21.0, 915.0, 239.0], [534.0, 640.0, 649.0, 690.0]]","[[46.0, 275.0, 215.0, 306.0], [181.0, 316.0, 462.0, 390.0], [340.0, 385.0, 511.0, 432.0], [533.0, 288.0, 817.0, 329.0], [716.0, 327.0, 910.0, 386.0]]","[[413.0, 23.0, 547.0, 164.0], [-1.0, -1.0, -1.0, -1.0], [412.0, 20.0, 546.0, 162.0], [622.0, 472.0, 696.0, 550.0]]",,-0.125,0.125
bp_2_233_0,beloved...,"['easier said than done.', 'having recently lost a tribal challenge to his worst enemy, the king had retreated to the implausible labyrinth beneath central wakanda --', '-- a place he called the techno-jungle.', 'no one knew for sure exactly where he was, or what he was doing.', ""so it was actually much later that i found out he'd run into an old friend...""]","[[234.0, 18.0, 376.0, 80.0], [559.0, 6.0, 713.0, 75.0], [722.0, 21.0, 915.0, 239.0], [534.0, 640.0, 649.0, 690.0]]","[[46.0, 275.0, 215.0, 306.0], [181.0, 316.0, 462.0, 390.0], [340.0, 385.0, 511.0, 432.0], [533.0, 288.0, 817.0, 329.0], [716.0, 327.0, 910.0, 386.0]]","[[413.0, 23.0, 547.0, 164.0], [-1.0, -1.0, -1.0, -1.0], [412.0, 20.0, 546.0, 162.0], [622.0, 472.0, 696.0, 550.0]]",NOT_CLASSIFIABLE,0.7,1.0
bp_2_233_1,"yeah, well, get me the president-- after all, i was action on his orders!","[""i'd just been stripped of my american citizenship. Which, of course, was impossible...""]","[[31.0, 323.0, 169.0, 412.0], [111.0, 412.0, 197.0, 486.0]]","[[6.0, 7.0, 244.0, 71.0]]","[[285.0, 186.0, 353.0, 261.0], [283.0, 184.0, 355.0, 263.0]]",INFORM,0.125,0.1
bp_2_233_1,"no, not that president, the old one--","[""i'd just been stripped of my american citizenship. Which, of course, was impossible...""]","[[31.0, 323.0, 169.0, 412.0], [111.0, 412.0, 197.0, 486.0]]","[[6.0, 7.0, 244.0, 71.0]]","[[285.0, 186.0, 353.0, 261.0], [283.0, 184.0, 355.0, 263.0]]",INFORM,0.1,0.2
bp_2_234_2,"i have sinned gaginst you, my lord",[],"[[19.0, 1.0, 142.0, 50.0], [108.0, 53.0, 202.0, 95.0], [149.0, 100.0, 279.0, 161.0]]",[],"[[80.0, 220.0, 171.0, 345.0], [78.0, 217.0, 168.0, 340.0], [78.0, 219.0, 167.0, 337.0]]",INFORM,0.0,0.0
bp_2_234_2,i intend to go on sinning,[],"[[19.0, 1.0, 142.0, 50.0], [108.0, 53.0, 202.0, 95.0], [149.0, 100.0, 279.0, 161.0]]",[],"[[80.0, 220.0, 171.0, 345.0], [78.0, 217.0, 168.0, 340.0], [78.0, 219.0, 167.0, 337.0]]",INFORM,0.0,0.0
bp_2_234_2,until you are finally mine and mine alone,[],"[[19.0, 1.0, 142.0, 50.0], [108.0, 53.0, 202.0, 95.0], [149.0, 100.0, 279.0, 161.0]]",[],"[[80.0, 220.0, 171.0, 345.0], [78.0, 217.0, 168.0, 340.0], [78.0, 219.0, 167.0, 337.0]]",INFORM,0.0,1.0
bp_2_235_0,your highness-- --you've got to help me with this--!,[],"[[71.0, 18.0, 272.0, 125.0], [568.0, 14.0, 739.0, 131.0], [731.0, 91.0, 850.0, 206.0], [29.0, 345.0, 331.0, 430.0], [142.0, 401.0, 236.0, 458.0], [317.0, 363.0, 407.0, 425.0], [444.0, 349.0, 704.0, 440.0], [492.0, 417.0, 629.0, 486.0], [530.0, 484.0, 623.0, 601.0]]",[],"[[288.0, 64.0, 392.0, 188.0], [540.0, 134.0, 613.0, 211.0], [621.0, 181.0, 680.0, 249.0], [67.0, 476.0, 177.0, 597.0], [328.0, 414.0, 430.0, 528.0], [-1.0, -1.0, -1.0, -1.0], [615.0, 458.0, 701.0, 566.0], [724.0, 371.0, 824.0, 478.0], [451.0, 487.0, 545.0, 573.0]]",,0.0,0.0
bp_2_235_0,to blazes with all of you--!! i want achebe-- now!!!,[],"[[71.0, 18.0, 272.0, 125.0], [568.0, 14.0, 739.0, 131.0], [731.0, 91.0, 850.0, 206.0], [29.0, 345.0, 331.0, 430.0], [142.0, 401.0, 236.0, 458.0], [317.0, 363.0, 407.0, 425.0], [444.0, 349.0, 704.0, 440.0], [492.0, 417.0, 629.0, 486.0], [530.0, 484.0, 623.0, 601.0]]",[],"[[288.0, 64.0, 392.0, 188.0], [540.0, 134.0, 613.0, 211.0], [621.0, 181.0, 680.0, 249.0], [67.0, 476.0, 177.0, 597.0], [328.0, 414.0, 430.0, 528.0], [-1.0, -1.0, -1.0, -1.0], [615.0, 458.0, 701.0, 566.0], [724.0, 371.0, 824.0, 478.0], [451.0, 487.0, 545.0, 573.0]]",,0.0,0.0
bp_2_235_0,"c'mon, t'challa... let me kill him. please.",[],"[[71.0, 18.0, 272.0, 125.0], [568.0, 14.0, 739.0, 131.0], [731.0, 91.0, 850.0, 206.0], [29.0, 345.0, 331.0, 430.0], [142.0, 401.0, 236.0, 458.0], [317.0, 363.0, 407.0, 425.0], [444.0, 349.0, 704.0, 440.0], [492.0, 417.0, 629.0, 486.0], [530.0, 484.0, 623.0, 601.0]]",[],"[[288.0, 64.0, 392.0, 188.0], [540.0, 134.0, 613.0, 211.0], [621.0, 181.0, 680.0, 249.0], [67.0, 476.0, 177.0, 597.0], [328.0, 414.0, 430.0, 528.0], [-1.0, -1.0, -1.0, -1.0], [615.0, 458.0, 701.0, 566.0], [724.0, 371.0, 824.0, 478.0], [451.0, 487.0, 545.0, 573.0]]",,0.0,0.0
bp_2_235_0,you've got to call the state department -- get this cleared up--!! nikki -- nobody said this job would be permanent!!,[],"[[71.0, 18.0, 272.0, 125.0], [568.0, 14.0, 739.0, 131.0], [731.0, 91.0, 850.0, 206.0], [29.0, 345.0, 331.0, 430.0], [142.0, 401.0, 236.0, 458.0], [317.0, 363.0, 407.0, 425.0], [444.0, 349.0, 704.0, 440.0], [492.0, 417.0, 629.0, 486.0], [530.0, 484.0, 623.0, 601.0]]",[],"[[288.0, 64.0, 392.0, 188.0], [540.0, 134.0, 613.0, 211.0], [621.0, 181.0, 680.0, 249.0], [67.0, 476.0, 177.0, 597.0], [328.0, 414.0, 430.0, 528.0], [-1.0, -1.0, -1.0, -1.0], [615.0, 458.0, 701.0, 566.0], [724.0, 371.0, 824.0, 478.0], [451.0, 487.0, 545.0, 573.0]]",,0.0,0.0
bp_2_235_0,ross--calm down--,[],"[[71.0, 18.0, 272.0, 125.0], [568.0, 14.0, 739.0, 131.0], [731.0, 91.0, 850.0, 206.0], [29.0, 345.0, 331.0, 430.0], [142.0, 401.0, 236.0, 458.0], [317.0, 363.0, 407.0, 425.0], [444.0, 349.0, 704.0, 440.0], [492.0, 417.0, 629.0, 486.0], [530.0, 484.0, 623.0, 601.0]]",[],"[[288.0, 64.0, 392.0, 188.0], [540.0, 134.0, 613.0, 211.0], [621.0, 181.0, 680.0, 249.0], [67.0, 476.0, 177.0, 597.0], [328.0, 414.0, 430.0, 528.0], [-1.0, -1.0, -1.0, -1.0], [615.0, 458.0, 701.0, 566.0], [724.0, 371.0, 824.0, 478.0], [451.0, 487.0, 545.0, 573.0]]",ORDER,-0.15555555555555556,0.2888888888888889
bp_2_235_0,i least of all--,[],"[[71.0, 18.0, 272.0, 125.0], [568.0, 14.0, 739.0, 131.0], [731.0, 91.0, 850.0, 206.0], [29.0, 345.0, 331.0, 430.0], [142.0, 401.0, 236.0, 458.0], [317.0, 363.0, 407.0, 425.0], [444.0, 349.0, 704.0, 440.0], [492.0, 417.0, 629.0, 486.0], [530.0, 484.0, 623.0, 601.0]]",[],"[[288.0, 64.0, 392.0, 188.0], [540.0, 134.0, 613.0, 211.0], [621.0, 181.0, 680.0, 249.0], [67.0, 476.0, 177.0, 597.0], [328.0, 414.0, 430.0, 528.0], [-1.0, -1.0, -1.0, -1.0], [615.0, 458.0, 701.0, 566.0], [724.0, 371.0, 824.0, 478.0], [451.0, 487.0, 545.0, 573.0]]",FEEDBACK,-0.3,0.4
bp_2_235_0,"--w'kabi, your true regent! my lord, this travesty with the american has gone on far too long!",[],"[[71.0, 18.0, 272.0, 125.0], [568.0, 14.0, 739.0, 131.0], [731.0, 91.0, 850.0, 206.0], [29.0, 345.0, 331.0, 430.0], [142.0, 401.0, 236.0, 458.0], [317.0, 363.0, 407.0, 425.0], [444.0, 349.0, 704.0, 440.0], [492.0, 417.0, 629.0, 486.0], [530.0, 484.0, 623.0, 601.0]]",[],"[[288.0, 64.0, 392.0, 188.0], [540.0, 134.0, 613.0, 211.0], [621.0, 181.0, 680.0, 249.0], [67.0, 476.0, 177.0, 597.0], [328.0, 414.0, 430.0, 528.0], [-1.0, -1.0, -1.0, -1.0], [615.0, 458.0, 701.0, 566.0], [724.0, 371.0, 824.0, 478.0], [451.0, 487.0, 545.0, 573.0]]",,0.11875,0.5125
bp_2_235_0,you--?! hunter? kill me?,[],"[[71.0, 18.0, 272.0, 125.0], [568.0, 14.0, 739.0, 131.0], [731.0, 91.0, 850.0, 206.0], [29.0, 345.0, 331.0, 430.0], [142.0, 401.0, 236.0, 458.0], [317.0, 363.0, 407.0, 425.0], [444.0, 349.0, 704.0, 440.0], [492.0, 417.0, 629.0, 486.0], [530.0, 484.0, 623.0, 601.0]]",[],"[[288.0, 64.0, 392.0, 188.0], [540.0, 134.0, 613.0, 211.0], [621.0, 181.0, 680.0, 249.0], [67.0, 476.0, 177.0, 597.0], [328.0, 414.0, 430.0, 528.0], [-1.0, -1.0, -1.0, -1.0], [615.0, 458.0, 701.0, 566.0], [724.0, 371.0, 824.0, 478.0], [451.0, 487.0, 545.0, 573.0]]",,0.0,0.0
bp_2_235_0,in a heart-beat. on my lunch break.,[],"[[71.0, 18.0, 272.0, 125.0], [568.0, 14.0, 739.0, 131.0], [731.0, 91.0, 850.0, 206.0], [29.0, 345.0, 331.0, 430.0], [142.0, 401.0, 236.0, 458.0], [317.0, 363.0, 407.0, 425.0], [444.0, 349.0, 704.0, 440.0], [492.0, 417.0, 629.0, 486.0], [530.0, 484.0, 623.0, 601.0]]",[],"[[288.0, 64.0, 392.0, 188.0], [540.0, 134.0, 613.0, 211.0], [621.0, 181.0, 680.0, 249.0], [67.0, 476.0, 177.0, 597.0], [328.0, 414.0, 430.0, 528.0], [-1.0, -1.0, -1.0, -1.0], [615.0, 458.0, 701.0, 566.0], [724.0, 371.0, 824.0, 478.0], [451.0, 487.0, 545.0, 573.0]]",,0.0,0.0
bp_2_235_1,"the challenge is the beginning of the journey, not the end",[],"[[18.0, 44.0, 181.0, 136.0], [144.0, 6.0, 330.0, 130.0], [529.0, 20.0, 694.0, 107.0]]",[],"[[15.0, 175.0, 90.0, 252.0], [201.0, 152.0, 311.0, 256.0], [417.0, 70.0, 501.0, 176.0]]",INFORM,0.0,0.0
bp_2_235_1,"pardon me, psychopaths t'challa -- i need a plane",[],"[[18.0, 44.0, 181.0, 136.0], [144.0, 6.0, 330.0, 130.0], [529.0, 20.0, 694.0, 107.0]]",[],"[[15.0, 175.0, 90.0, 252.0], [201.0, 152.0, 311.0, 256.0], [417.0, 70.0, 501.0, 176.0]]",,0.0,0.0
bp_2_235_1,... your highness -- gotta help me out with snoop doggy gramma --,[],"[[18.0, 44.0, 181.0, 136.0], [144.0, 6.0, 330.0, 130.0], [529.0, 20.0, 694.0, 107.0]]",[],"[[15.0, 175.0, 90.0, 252.0], [201.0, 152.0, 311.0, 256.0], [417.0, 70.0, 501.0, 176.0]]",,0.0,0.0
bp_2_236_0,"i do not fear your treachery, hunter!",[],"[[19.0, 7.0, 108.0, 71.0], [148.0, 7.0, 301.0, 55.0], [280.0, 45.0, 402.0, 93.0], [384.0, 4.0, 532.0, 71.0], [533.0, 2.0, 698.0, 57.0], [704.0, 3.0, 805.0, 54.0], [808.0, 2.0, 908.0, 43.0]]",[],"[[120.0, 58.0, 179.0, 143.0], [268.0, 98.0, 338.0, 183.0], [375.0, 93.0, 449.0, 193.0], [473.0, 81.0, 544.0, 180.0], [672.0, 64.0, 749.0, 151.0], [572.0, 68.0, 636.0, 153.0], [800.0, 65.0, 857.0, 134.0]]",INFORM,0.0,0.0
bp_2_236_0,"no treachery, erik, i vow to not interfere.",[],"[[19.0, 7.0, 108.0, 71.0], [148.0, 7.0, 301.0, 55.0], [280.0, 45.0, 402.0, 93.0], [384.0, 4.0, 532.0, 71.0], [533.0, 2.0, 698.0, 57.0], [704.0, 3.0, 805.0, 54.0], [808.0, 2.0, 908.0, 43.0]]",[],"[[120.0, 58.0, 179.0, 143.0], [268.0, 98.0, 338.0, 183.0], [375.0, 93.0, 449.0, 193.0], [473.0, 81.0, 544.0, 180.0], [672.0, 64.0, 749.0, 151.0], [572.0, 68.0, 636.0, 153.0], [800.0, 65.0, 857.0, 134.0]]",INFORM,0.0,0.0
bp_2_236_0,would all please leave--!!,[],"[[19.0, 7.0, 108.0, 71.0], [148.0, 7.0, 301.0, 55.0], [280.0, 45.0, 402.0, 93.0], [384.0, 4.0, 532.0, 71.0], [533.0, 2.0, 698.0, 57.0], [704.0, 3.0, 805.0, 54.0], [808.0, 2.0, 908.0, 43.0]]",[],"[[120.0, 58.0, 179.0, 143.0], [268.0, 98.0, 338.0, 183.0], [375.0, 93.0, 449.0, 193.0], [473.0, 81.0, 544.0, 180.0], [672.0, 64.0, 749.0, 151.0], [572.0, 68.0, 636.0, 153.0], [800.0, 65.0, 857.0, 134.0]]",NOT_CLASSIFIABLE,0.0,0.0
bp_2_236_0,hey--!! watch the delicate flower of afrosiatic youth--!,[],"[[19.0, 7.0, 108.0, 71.0], [148.0, 7.0, 301.0, 55.0], [280.0, 45.0, 402.0, 93.0], [384.0, 4.0, 532.0, 71.0], [533.0, 2.0, 698.0, 57.0], [704.0, 3.0, 805.0, 54.0], [808.0, 2.0, 908.0, 43.0]]",[],"[[120.0, 58.0, 179.0, 143.0], [268.0, 98.0, 338.0, 183.0], [375.0, 93.0, 449.0, 193.0], [473.0, 81.0, 544.0, 180.0], [672.0, 64.0, 749.0, 151.0], [572.0, 68.0, 636.0, 153.0], [800.0, 65.0, 857.0, 134.0]]",,-0.375,0.9
bp_2_236_0,"look, w'kabi-- he's your king, but he's my client--",[],"[[19.0, 7.0, 108.0, 71.0], [148.0, 7.0, 301.0, 55.0], [280.0, 45.0, 402.0, 93.0], [384.0, 4.0, 532.0, 71.0], [533.0, 2.0, 698.0, 57.0], [704.0, 3.0, 805.0, 54.0], [808.0, 2.0, 908.0, 43.0]]",[],"[[120.0, 58.0, 179.0, 143.0], [268.0, 98.0, 338.0, 183.0], [375.0, 93.0, 449.0, 193.0], [473.0, 81.0, 544.0, 180.0], [672.0, 64.0, 749.0, 151.0], [572.0, 68.0, 636.0, 153.0], [800.0, 65.0, 857.0, 134.0]]",INFORM,0.0,0.0
bp_2_236_0,this is exactly my point--!,[],"[[19.0, 7.0, 108.0, 71.0], [148.0, 7.0, 301.0, 55.0], [280.0, 45.0, 402.0, 93.0], [384.0, 4.0, 532.0, 71.0], [533.0, 2.0, 698.0, 57.0], [704.0, 3.0, 805.0, 54.0], [808.0, 2.0, 908.0, 43.0]]",[],"[[120.0, 58.0, 179.0, 143.0], [268.0, 98.0, 338.0, 183.0], [375.0, 93.0, 449.0, 193.0], [473.0, 81.0, 544.0, 180.0], [672.0, 64.0, 749.0, 151.0], [572.0, 68.0, 636.0, 153.0], [800.0, 65.0, 857.0, 134.0]]",INFORM,0.3125,0.25
bp_2_236_0,"boys --- oh, boyyys --",[],"[[19.0, 7.0, 108.0, 71.0], [148.0, 7.0, 301.0, 55.0], [280.0, 45.0, 402.0, 93.0], [384.0, 4.0, 532.0, 71.0], [533.0, 2.0, 698.0, 57.0], [704.0, 3.0, 805.0, 54.0], [808.0, 2.0, 908.0, 43.0]]",[],"[[120.0, 58.0, 179.0, 143.0], [268.0, 98.0, 338.0, 183.0], [375.0, 93.0, 449.0, 193.0], [473.0, 81.0, 544.0, 180.0], [672.0, 64.0, 749.0, 151.0], [572.0, 68.0, 636.0, 153.0], [800.0, 65.0, 857.0, 134.0]]",BACKCHANNEL,0.0,0.0
bp_2_236_1,--i think the meeting's over.,[],"[[80.0, 21.0, 202.0, 70.0]]",[],"[[222.0, 65.0, 252.0, 93.0]]",INFORM,0.0,0.0
bp_2_238_3,what on earth is all that racket in the hall --?! ross--?!,[],"[[0.0, 0.0, 154.0, 62.0], [138.0, 52.0, 257.0, 99.0], [81.0, 99.0, 185.0, 177.0], [179.0, 168.0, 250.0, 211.0]]",[],"[[60.0, 221.0, 157.0, 325.0], [204.0, 289.0, 265.0, 377.0], [207.0, 290.0, 264.0, 373.0], [205.0, 286.0, 264.0, 372.0]]",,0.0,0.0
bp_2_238_3,forget it. it's probably drums.,[],"[[0.0, 0.0, 154.0, 62.0], [138.0, 52.0, 257.0, 99.0], [81.0, 99.0, 185.0, 177.0], [179.0, 168.0, 250.0, 211.0]]",[],"[[60.0, 221.0, 157.0, 325.0], [204.0, 289.0, 265.0, 377.0], [207.0, 290.0, 264.0, 373.0], [205.0, 286.0, 264.0, 372.0]]",,0.0,0.0
bp_2_238_3,i've been in wakanda long enough to know these folks love drums.,[],"[[0.0, 0.0, 154.0, 62.0], [138.0, 52.0, 257.0, 99.0], [81.0, 99.0, 185.0, 177.0], [179.0, 168.0, 250.0, 211.0]]",[],"[[60.0, 221.0, 157.0, 325.0], [204.0, 289.0, 265.0, 377.0], [207.0, 290.0, 264.0, 373.0], [205.0, 286.0, 264.0, 372.0]]",INFORM,0.15,0.5
bp_2_238_3,go on -- take a look.,[],"[[0.0, 0.0, 154.0, 62.0], [138.0, 52.0, 257.0, 99.0], [81.0, 99.0, 185.0, 177.0], [179.0, 168.0, 250.0, 211.0]]",[],"[[60.0, 221.0, 157.0, 325.0], [204.0, 289.0, 265.0, 377.0], [207.0, 290.0, 264.0, 373.0], [205.0, 286.0, 264.0, 372.0]]",ORDER,0.0,0.0
bp_2_240_3,"which means, you should get dressed.",['*translated from hausa.'],"[[13.0, 4.0, 116.0, 66.0], [19.0, 95.0, 139.0, 157.0], [18.0, 311.0, 211.0, 398.0], [136.0, 403.0, 253.0, 439.0]]","[[14.0, 440.0, 109.0, 472.0]]","[[-1.0, -1.0, -1.0, -1.0], [128.0, 3.0, 268.0, 174.0], [-1.0, -1.0, -1.0, -1.0], [-1.0, -1.0, -1.0, -1.0]]",INFORM,0.0,0.0
bp_2_240_3,--?!?why?i'm not leaving--,['*translated from hausa.'],"[[13.0, 4.0, 116.0, 66.0], [19.0, 95.0, 139.0, 157.0], [18.0, 311.0, 211.0, 398.0], [136.0, 403.0, 253.0, 439.0]]","[[14.0, 440.0, 109.0, 472.0]]","[[-1.0, -1.0, -1.0, -1.0], [128.0, 3.0, 268.0, 174.0], [-1.0, -1.0, -1.0, -1.0], [-1.0, -1.0, -1.0, -1.0]]",,0.0,0.0
bp_2_240_3,beloved--station yourself on the southern perimeter to prevent the fuel from freezing.,['*translated from hausa.'],"[[13.0, 4.0, 116.0, 66.0], [19.0, 95.0, 139.0, 157.0], [18.0, 311.0, 211.0, 398.0], [136.0, 403.0, 253.0, 439.0]]","[[14.0, 440.0, 109.0, 472.0]]","[[-1.0, -1.0, -1.0, -1.0], [128.0, 3.0, 268.0, 174.0], [-1.0, -1.0, -1.0, -1.0], [-1.0, -1.0, -1.0, -1.0]]",INFORM,0.0,0.0
bp_2_240_3,understood my lord.,['*translated from hausa.'],"[[13.0, 4.0, 116.0, 66.0], [19.0, 95.0, 139.0, 157.0], [18.0, 311.0, 211.0, 398.0], [136.0, 403.0, 253.0, 439.0]]","[[14.0, 440.0, 109.0, 472.0]]","[[-1.0, -1.0, -1.0, -1.0], [128.0, 3.0, 268.0, 174.0], [-1.0, -1.0, -1.0, -1.0], [-1.0, -1.0, -1.0, -1.0]]",FEEDBACK,0.0,0.0
bp_2_240_4,-- this plane --!,"['1217a-6 supplemental:', 'in an obvious attempt to disorient me, subject forcibly ejected me from the transport --']","[[16.0, 158.0, 110.0, 208.0]]","[[20.0, 354.0, 200.0, 381.0], [27.0, 389.0, 220.0, 464.0]]","[[54.0, 253.0, 65.0, 269.0]]",NOT_CLASSIFIABLE,0.0,0.0
bp_2_241_1,that... that creep!,"['makes you wonder exactly what all those ""super"" heroes do all day.']","[[372.0, 157.0, 443.0, 211.0], [401.0, 205.0, 508.0, 262.0], [445.0, 289.0, 576.0, 372.0]]","[[277.0, 29.0, 470.0, 90.0]]","[[69.0, 62.0, 260.0, 251.0], [79.0, 28.0, 237.0, 244.0], [521.0, 17.0, 576.0, 101.0]]",INFORM,0.0,0.0
bp_2_241_1,he's got to be stopped!!,"['makes you wonder exactly what all those ""super"" heroes do all day.']","[[372.0, 157.0, 443.0, 211.0], [401.0, 205.0, 508.0, 262.0], [445.0, 289.0, 576.0, 372.0]]","[[277.0, 29.0, 470.0, 90.0]]","[[69.0, 62.0, 260.0, 251.0], [79.0, 28.0, 237.0, 244.0], [521.0, 17.0, 576.0, 101.0]]",COMMIT,0.0,0.0
bp_2_241_1,"hey!!you wrinkled it, you bought it, pal!!","['makes you wonder exactly what all those ""super"" heroes do all day.']","[[372.0, 157.0, 443.0, 211.0], [401.0, 205.0, 508.0, 262.0], [445.0, 289.0, 576.0, 372.0]]","[[277.0, 29.0, 470.0, 90.0]]","[[69.0, 62.0, 260.0, 251.0], [79.0, 28.0, 237.0, 244.0], [521.0, 17.0, 576.0, 101.0]]",,0.0,0.0
bp_2_242_3,"-- you install her as your tribal ""queen"" -- a leader you know the panther could never take up arms against --",[],"[[236.0, 4.0, 470.0, 99.0], [321.0, 102.0, 472.0, 170.0], [343.0, 172.0, 486.0, 244.0]]",[],"[[657.0, 51.0, 721.0, 125.0], [655.0, 50.0, 720.0, 125.0], [-1.0, -1.0, -1.0, -1.0]]",INFORM,0.0,0.0
bp_2_242_3,"-- and she, in turn legitimizes you as chieftain--",[],"[[236.0, 4.0, 470.0, 99.0], [321.0, 102.0, 472.0, 170.0], [343.0, 172.0, 486.0, 244.0]]",[],"[[657.0, 51.0, 721.0, 125.0], [655.0, 50.0, 720.0, 125.0], [-1.0, -1.0, -1.0, -1.0]]",INFORM,0.0,0.0
bp_2_242_3,enough!,[],"[[236.0, 4.0, 470.0, 99.0], [321.0, 102.0, 472.0, 170.0], [343.0, 172.0, 486.0, 244.0]]",[],"[[657.0, 51.0, 721.0, 125.0], [655.0, 50.0, 720.0, 125.0], [-1.0, -1.0, -1.0, -1.0]]",FEEDBACK,0.0,0.5
bp_2_242_4,--giving you family and communty and purpose!,[],"[[171.0, 111.0, 308.0, 167.0], [243.0, 174.0, 346.0, 220.0], [699.0, 160.0, 871.0, 240.0]]",[],"[[530.0, 70.0, 634.0, 192.0], [531.0, 69.0, 634.0, 190.0], [531.0, 70.0, 634.0, 190.0]]",NOT_CLASSIFIABLE,0.0,0.0
bp_2_242_4,without her-- you're nothing!,[],"[[171.0, 111.0, 308.0, 167.0], [243.0, 174.0, 346.0, 220.0], [699.0, 160.0, 871.0, 240.0]]",[],"[[530.0, 70.0, 634.0, 192.0], [531.0, 69.0, 634.0, 190.0], [531.0, 70.0, 634.0, 190.0]]",INFORM,0.0,0.0
bp_2_242_4,you're a bald guy in a gorilla suit with a cheap hustle! a chieftain wannabe--disgraced and lost!,[],"[[171.0, 111.0, 308.0, 167.0], [243.0, 174.0, 346.0, 220.0], [699.0, 160.0, 871.0, 240.0]]",[],"[[530.0, 70.0, 634.0, 192.0], [531.0, 69.0, 634.0, 190.0], [531.0, 70.0, 634.0, 190.0]]",INFORM,0.625,0.7
bp_2_243_2,"oh, yes, t'challa -- m'baku has ferreted out the truth --",[],"[[217.0, 22.0, 418.0, 95.0], [342.0, 91.0, 487.0, 168.0], [483.0, 18.0, 625.0, 132.0], [618.0, 84.0, 775.0, 172.0]]",[],"[[-1.0, -1.0, -1.0, -1.0], [-1.0, -1.0, -1.0, -1.0], [-1.0, -1.0, -1.0, -1.0], [-1.0, -1.0, -1.0, -1.0]]",,0.0,0.0
bp_2_243_2,the true reason you have quarantined these lands!,[],"[[217.0, 22.0, 418.0, 95.0], [342.0, 91.0, 487.0, 168.0], [483.0, 18.0, 625.0, 132.0], [618.0, 84.0, 775.0, 172.0]]",[],"[[-1.0, -1.0, -1.0, -1.0], [-1.0, -1.0, -1.0, -1.0], [-1.0, -1.0, -1.0, -1.0], [-1.0, -1.0, -1.0, -1.0]]",INFORM,0.4375,0.65
bp_2_243_2,it has nothing to do with any white gorillas or handfuls of starry-eyes cultists!,[],"[[217.0, 22.0, 418.0, 95.0], [342.0, 91.0, 487.0, 168.0], [483.0, 18.0, 625.0, 132.0], [618.0, 84.0, 775.0, 172.0]]",[],"[[-1.0, -1.0, -1.0, -1.0], [-1.0, -1.0, -1.0, -1.0], [-1.0, -1.0, -1.0, -1.0], [-1.0, -1.0, -1.0, -1.0]]",INFORM,0.0,0.0
bp_2_243_2,it is your secret -- long buried here in the crystal forest --,[],"[[217.0, 22.0, 418.0, 95.0], [342.0, 91.0, 487.0, 168.0], [483.0, 18.0, 625.0, 132.0], [618.0, 84.0, 775.0, 172.0]]",[],"[[-1.0, -1.0, -1.0, -1.0], [-1.0, -1.0, -1.0, -1.0], [-1.0, -1.0, -1.0, -1.0], [-1.0, -1.0, -1.0, -1.0]]",INFORM,-0.225,0.55
bp_2_244_0,"priority transmission from the u.s., my lord! coded presonal.",['and you know that i know that you know'],"[[63.0, 76.0, 212.0, 146.0], [180.0, 160.0, 302.0, 231.0], [287.0, 257.0, 393.0, 295.0]]","[[84.0, 34.0, 481.0, 73.0]]","[[-1.0, -1.0, -1.0, -1.0], [-1.0, -1.0, -1.0, -1.0], [-1.0, -1.0, -1.0, -1.0]]",INFORM,0.0,0.0
bp_2_244_0,"put ms. lynne through to my chambers, taku.",['and you know that i know that you know'],"[[63.0, 76.0, 212.0, 146.0], [180.0, 160.0, 302.0, 231.0], [287.0, 257.0, 393.0, 295.0]]","[[84.0, 34.0, 481.0, 73.0]]","[[-1.0, -1.0, -1.0, -1.0], [-1.0, -1.0, -1.0, -1.0], [-1.0, -1.0, -1.0, -1.0]]",ORDER,0.0,0.0
bp_2_244_0,"immediately, my lord.",['and you know that i know that you know'],"[[63.0, 76.0, 212.0, 146.0], [180.0, 160.0, 302.0, 231.0], [287.0, 257.0, 393.0, 295.0]]","[[84.0, 34.0, 481.0, 73.0]]","[[-1.0, -1.0, -1.0, -1.0], [-1.0, -1.0, -1.0, -1.0], [-1.0, -1.0, -1.0, -1.0]]",FEEDBACK,0.0,0.0
bp_2_244_1,--regardless of the circumstances.,[],"[[31.0, 5.0, 165.0, 49.0], [218.0, 274.0, 398.0, 428.0]]",[],"[[179.0, 39.0, 314.0, 189.0], [419.0, 106.0, 542.0, 297.0]]",INFORM,0.0,0.0
bp_2_244_1,t'challa--let's cut the bull.ross is in danger because of you.and better him than me.,[],"[[31.0, 5.0, 165.0, 49.0], [218.0, 274.0, 398.0, 428.0]]",[],"[[179.0, 39.0, 314.0, 189.0], [419.0, 106.0, 542.0, 297.0]]",,0.5,0.5
bp_2_244_2,"so, i suppose i'm calling to tell you ross has been kidnapped by someone posing as you. and you will pretend that you don't already know.",[],"[[7.0, 90.0, 160.0, 289.0], [180.0, 334.0, 275.0, 431.0]]",[],"[[-1.0, -1.0, -1.0, -1.0], [53.0, 325.0, 82.0, 354.0]]",,0.0,0.0
bp_2_244_2,it is a rare pleasure to hear from you monica--,[],"[[7.0, 90.0, 160.0, 289.0], [180.0, 334.0, 275.0, 431.0]]",[],"[[-1.0, -1.0, -1.0, -1.0], [53.0, 325.0, 82.0, 354.0]]",GREET,0.3,0.9
bp_2_245_0,"well, that was productive.",[],"[[354.0, 12.0, 488.0, 61.0], [254.0, 50.0, 430.0, 147.0], [412.0, 124.0, 511.0, 184.0]]",[],"[[409.0, 286.0, 454.0, 342.0], [104.0, 241.0, 202.0, 330.0], [409.0, 283.0, 454.0, 340.0]]",INFORM,0.0,0.0
bp_2_245_0,"as with a great many americans, director henry peter gyrich can be given to excesses of emotion.",[],"[[354.0, 12.0, 488.0, 61.0], [254.0, 50.0, 430.0, 147.0], [412.0, 124.0, 511.0, 184.0]]",[],"[[409.0, 286.0, 454.0, 342.0], [104.0, 241.0, 202.0, 330.0], [409.0, 283.0, 454.0, 340.0]]",INFORM,0.65,0.625
bp_2_245_0,and secretary ross--?,[],"[[354.0, 12.0, 488.0, 61.0], [254.0, 50.0, 430.0, 147.0], [412.0, 124.0, 511.0, 184.0]]",[],"[[409.0, 286.0, 454.0, 342.0], [104.0, 241.0, 202.0, 330.0], [409.0, 283.0, 454.0, 340.0]]",NOT_CLASSIFIABLE,0.0,0.0
bp_2_247_0,...yes...,[],"[[551.0, 21.0, 609.0, 43.0], [573.0, 55.0, 630.0, 120.0], [517.0, 132.0, 615.0, 171.0]]",[],"[[683.0, 104.0, 784.0, 252.0], [684.0, 104.0, 784.0, 250.0], [-1.0, -1.0, -1.0, -1.0]]",NOT_CLASSIFIABLE,0.0,0.0
bp_2_247_0,...yes... your father loves you...,[],"[[551.0, 21.0, 609.0, 43.0], [573.0, 55.0, 630.0, 120.0], [517.0, 132.0, 615.0, 171.0]]",[],"[[683.0, 104.0, 784.0, 252.0], [684.0, 104.0, 784.0, 250.0], [-1.0, -1.0, -1.0, -1.0]]",INFORM,0.0,0.0
bp_2_247_0,"oh, for god's sake, t'challa--",[],"[[551.0, 21.0, 609.0, 43.0], [573.0, 55.0, 630.0, 120.0], [517.0, 132.0, 615.0, 171.0]]",[],"[[683.0, 104.0, 784.0, 252.0], [684.0, 104.0, 784.0, 250.0], [-1.0, -1.0, -1.0, -1.0]]",FEEDBACK,0.0,0.0
bp_2_248_1,"so, you've seen through my deception, shaman--","['i\'ll assume his ""zombie vision"" told him that corpse in the boat wasn\'t me--', ""--but was one of baron macabre's animated dead guys.""]","[[184.0, 344.0, 346.0, 411.0]]","[[25.0, 20.0, 186.0, 77.0], [143.0, 81.0, 293.0, 125.0]]","[[-1.0, -1.0, -1.0, -1.0]]",INFORM,0.0,0.0
bp_2_249_1,"-- everything's negotiable.my mother's death, for instance. a woman you rarely gave any thought to.",[],"[[3.0, 6.0, 310.0, 92.0], [174.0, 380.0, 459.0, 542.0]]",[],"[[76.0, 100.0, 179.0, 235.0], [76.0, 99.0, 182.0, 234.0]]",,0.3,0.9
bp_2_249_1,"and your legacy... which, now that faida's dead, dwells inside this mortal shell!name your price, you doddering old fool!",[],"[[3.0, 6.0, 310.0, 92.0], [174.0, 380.0, 459.0, 542.0]]",[],"[[76.0, 100.0, 179.0, 235.0], [76.0, 99.0, 182.0, 234.0]]",,-0.037500000000000006,0.30000000000000004
bp_2_249_2,"when?!when, you pathetic fool?",[],"[[3.0, 6.0, 152.0, 58.0], [43.0, 54.0, 158.0, 131.0], [160.0, 5.0, 300.0, 123.0], [116.0, 390.0, 302.0, 471.0]]",[],"[[7.0, 176.0, 74.0, 269.0], [7.0, 175.0, 72.0, 268.0], [137.0, 143.0, 201.0, 242.0], [136.0, 140.0, 199.0, 239.0]]",,-1.0,1.0
bp_2_249_2,t'chaka handed you the rule when you were a child!,[],"[[3.0, 6.0, 152.0, 58.0], [43.0, 54.0, 158.0, 131.0], [160.0, 5.0, 300.0, 123.0], [116.0, 390.0, 302.0, 471.0]]",[],"[[7.0, 176.0, 74.0, 269.0], [7.0, 175.0, 72.0, 268.0], [137.0, 143.0, 201.0, 242.0], [136.0, 140.0, 199.0, 239.0]]",INFORM,0.0,0.0
bp_2_249_2,my father was murdered--butchered before my eyes..something you obviously will never understand--,[],"[[3.0, 6.0, 152.0, 58.0], [43.0, 54.0, 158.0, 131.0], [160.0, 5.0, 300.0, 123.0], [116.0, 390.0, 302.0, 471.0]]",[],"[[7.0, 176.0, 74.0, 269.0], [7.0, 175.0, 72.0, 268.0], [137.0, 143.0, 201.0, 242.0], [136.0, 140.0, 199.0, 239.0]]",,0.0,0.5
bp_2_249_2,--any more than you'd comprehend my love for you-- and your mother--!!,[],"[[3.0, 6.0, 152.0, 58.0], [43.0, 54.0, 158.0, 131.0], [160.0, 5.0, 300.0, 123.0], [116.0, 390.0, 302.0, 471.0]]",[],"[[7.0, 176.0, 74.0, 269.0], [7.0, 175.0, 72.0, 268.0], [137.0, 143.0, 201.0, 242.0], [136.0, 140.0, 199.0, 239.0]]",INFORM,0.640625,0.55
bp_2_249_3,--?!?,[],"[[167.0, 97.0, 235.0, 131.0]]",[],"[[251.0, 144.0, 303.0, 239.0]]",NOT_CLASSIFIABLE,0.0,0.0
bp_2_250_0,th-thank the all-father you've come...,[],"[[73.0, 20.0, 221.0, 79.0]]",[],"[[25.0, 251.0, 161.0, 433.0]]",THANK,0.0,0.0
bp_2_251_4,"low profile,"" monica?",[],"[[55.0, 3.0, 171.0, 44.0], [109.0, 38.0, 209.0, 87.0], [193.0, 7.0, 324.0, 78.0], [5.0, 375.0, 114.0, 446.0]]",[],"[[287.0, 140.0, 324.0, 175.0], [285.0, 139.0, 325.0, 174.0], [287.0, 139.0, 324.0, 173.0], [-1.0, -1.0, -1.0, -1.0]]",YES-NO_QUESTION,0.0,0.3
bp_2_251_4,low profile...?,[],"[[55.0, 3.0, 171.0, 44.0], [109.0, 38.0, 209.0, 87.0], [193.0, 7.0, 324.0, 78.0], [5.0, 375.0, 114.0, 446.0]]",[],"[[287.0, 140.0, 324.0, 175.0], [285.0, 139.0, 325.0, 174.0], [287.0, 139.0, 324.0, 173.0], [-1.0, -1.0, -1.0, -1.0]]",YES-NO_QUESTION,0.0,0.3
bp_2_251_4,"may i present exhibit ""a""--?",[],"[[55.0, 3.0, 171.0, 44.0], [109.0, 38.0, 209.0, 87.0], [193.0, 7.0, 324.0, 78.0], [5.0, 375.0, 114.0, 446.0]]",[],"[[287.0, 140.0, 324.0, 175.0], [285.0, 139.0, 325.0, 174.0], [287.0, 139.0, 324.0, 173.0], [-1.0, -1.0, -1.0, -1.0]]",YES-NO_QUESTION,0.0,0.0
bp_2_251_4,"can't wait to hear this one, sundance.",[],"[[55.0, 3.0, 171.0, 44.0], [109.0, 38.0, 209.0, 87.0], [193.0, 7.0, 324.0, 78.0], [5.0, 375.0, 114.0, 446.0]]",[],"[[287.0, 140.0, 324.0, 175.0], [285.0, 139.0, 325.0, 174.0], [287.0, 139.0, 324.0, 173.0], [-1.0, -1.0, -1.0, -1.0]]",INFORM,0.0,0.0
bp_2_252_2,and just who the hell do you think you are?!,[],"[[22.0, 339.0, 148.0, 393.0], [5.0, 3.0, 100.0, 68.0], [289.0, 94.0, 431.0, 201.0]]",[],"[[80.0, 91.0, 174.0, 146.0], [79.0, 93.0, 148.0, 139.0], [-1.0, -1.0, -1.0, -1.0]]",WHY_QUESTION,0.0,0.0
bp_2_252_2,heyyy!,[],"[[22.0, 339.0, 148.0, 393.0], [5.0, 3.0, 100.0, 68.0], [289.0, 94.0, 431.0, 201.0]]",[],"[[80.0, 91.0, 174.0, 146.0], [79.0, 93.0, 148.0, 139.0], [-1.0, -1.0, -1.0, -1.0]]",BACKCHANNEL,0.0,0.0
bp_2_252_2,"i'm a-talkin' t'yew, sundance! or is ya deaf as well as stupid?!",[],"[[22.0, 339.0, 148.0, 393.0], [5.0, 3.0, 100.0, 68.0], [289.0, 94.0, 431.0, 201.0]]",[],"[[80.0, 91.0, 174.0, 146.0], [79.0, 93.0, 148.0, 139.0], [-1.0, -1.0, -1.0, -1.0]]",,-0.9999999999999999,1.0
bp_2_253_3,"i got enuff of your worthless markers to build a barn, sundance!",[],"[[7.0, 4.0, 158.0, 67.0], [118.0, 54.0, 234.0, 120.0], [198.0, 0.0, 351.0, 67.0], [263.0, 72.0, 332.0, 93.0], [326.0, 74.0, 435.0, 126.0], [218.0, 390.0, 359.0, 442.0]]",[],"[[63.0, 136.0, 213.0, 281.0], [62.0, 137.0, 212.0, 278.0], [292.0, 141.0, 441.0, 305.0], [63.0, 137.0, 211.0, 278.0], [291.0, 141.0, 440.0, 304.0], [63.0, 139.0, 212.0, 278.0]]",INFORM,-1.0,0.9
bp_2_253_3,and none of 'em cover what you did with my wife.,[],"[[7.0, 4.0, 158.0, 67.0], [118.0, 54.0, 234.0, 120.0], [198.0, 0.0, 351.0, 67.0], [263.0, 72.0, 332.0, 93.0], [326.0, 74.0, 435.0, 126.0], [218.0, 390.0, 359.0, 442.0]]",[],"[[63.0, 136.0, 213.0, 281.0], [62.0, 137.0, 212.0, 278.0], [292.0, 141.0, 441.0, 305.0], [63.0, 137.0, 211.0, 278.0], [291.0, 141.0, 440.0, 304.0], [63.0, 139.0, 212.0, 278.0]]",INFORM,0.0,0.0
bp_2_253_3,wife?!whoa-- what wife?!i don't know any wife!Officer--,[],"[[7.0, 4.0, 158.0, 67.0], [118.0, 54.0, 234.0, 120.0], [198.0, 0.0, 351.0, 67.0], [263.0, 72.0, 332.0, 93.0], [326.0, 74.0, 435.0, 126.0], [218.0, 390.0, 359.0, 442.0]]",[],"[[63.0, 136.0, 213.0, 281.0], [62.0, 137.0, 212.0, 278.0], [292.0, 141.0, 441.0, 305.0], [63.0, 137.0, 211.0, 278.0], [291.0, 141.0, 440.0, 304.0], [63.0, 139.0, 212.0, 278.0]]",,0.0,0.0
bp_2_253_3,sheriff.,[],"[[7.0, 4.0, 158.0, 67.0], [118.0, 54.0, 234.0, 120.0], [198.0, 0.0, 351.0, 67.0], [263.0, 72.0, 332.0, 93.0], [326.0, 74.0, 435.0, 126.0], [218.0, 390.0, 359.0, 442.0]]",[],"[[63.0, 136.0, 213.0, 281.0], [62.0, 137.0, 212.0, 278.0], [292.0, 141.0, 441.0, 305.0], [63.0, 137.0, 211.0, 278.0], [291.0, 141.0, 440.0, 304.0], [63.0, 139.0, 212.0, 278.0]]",FEEDBACK,0.0,0.0
bp_2_253_3,--there must be some mistake?!,[],"[[7.0, 4.0, 158.0, 67.0], [118.0, 54.0, 234.0, 120.0], [198.0, 0.0, 351.0, 67.0], [263.0, 72.0, 332.0, 93.0], [326.0, 74.0, 435.0, 126.0], [218.0, 390.0, 359.0, 442.0]]",[],"[[63.0, 136.0, 213.0, 281.0], [62.0, 137.0, 212.0, 278.0], [292.0, 141.0, 441.0, 305.0], [63.0, 137.0, 211.0, 278.0], [291.0, 141.0, 440.0, 304.0], [63.0, 139.0, 212.0, 278.0]]",INFORM,0.0,0.0
bp_2_253_3,"four hunnert dollars, sundance.and my pride.",[],"[[7.0, 4.0, 158.0, 67.0], [118.0, 54.0, 234.0, 120.0], [198.0, 0.0, 351.0, 67.0], [263.0, 72.0, 332.0, 93.0], [326.0, 74.0, 435.0, 126.0], [218.0, 390.0, 359.0, 442.0]]",[],"[[63.0, 136.0, 213.0, 281.0], [62.0, 137.0, 212.0, 278.0], [292.0, 141.0, 441.0, 305.0], [63.0, 137.0, 211.0, 278.0], [291.0, 141.0, 440.0, 304.0], [63.0, 139.0, 212.0, 278.0]]",,0.0,0.0
bp_2_253_5,"i toldya ta never coma back here, Sundance.",[],"[[28.0, 3.0, 158.0, 58.0], [160.0, 30.0, 249.0, 77.0], [89.0, 78.0, 193.0, 133.0], [175.0, 108.0, 303.0, 188.0]]",[],"[[30.0, 192.0, 272.0, 435.0], [27.0, 190.0, 269.0, 433.0], [29.0, 192.0, 269.0, 433.0], [-1.0, -1.0, -1.0, -1.0]]",INFORM,0.025,0.0
bp_2_253_5,Toldya what would happen.,[],"[[28.0, 3.0, 158.0, 58.0], [160.0, 30.0, 249.0, 77.0], [89.0, 78.0, 193.0, 133.0], [175.0, 108.0, 303.0, 188.0]]",[],"[[30.0, 192.0, 272.0, 435.0], [27.0, 190.0, 269.0, 433.0], [29.0, 192.0, 269.0, 433.0], [-1.0, -1.0, -1.0, -1.0]]",INFORM,0.0,0.0
bp_2_253_5,Ya done brought this on yerself.,[],"[[28.0, 3.0, 158.0, 58.0], [160.0, 30.0, 249.0, 77.0], [89.0, 78.0, 193.0, 133.0], [175.0, 108.0, 303.0, 188.0]]",[],"[[30.0, 192.0, 272.0, 435.0], [27.0, 190.0, 269.0, 433.0], [29.0, 192.0, 269.0, 433.0], [-1.0, -1.0, -1.0, -1.0]]",INFORM,0.0,0.0
bp_2_253_5,no-- wait-- i'm not sundance-- i'm ross!! just ask--,[],"[[28.0, 3.0, 158.0, 58.0], [160.0, 30.0, 249.0, 77.0], [89.0, 78.0, 193.0, 133.0], [175.0, 108.0, 303.0, 188.0]]",[],"[[30.0, 192.0, 272.0, 435.0], [27.0, 190.0, 269.0, 433.0], [29.0, 192.0, 269.0, 433.0], [-1.0, -1.0, -1.0, -1.0]]",,0.0,0.0
bp_2_255_2,"shut the hell up, sundance.",[],"[[129.0, 8.0, 242.0, 38.0], [114.0, 47.0, 208.0, 97.0], [100.0, 202.0, 223.0, 320.0]]",[],"[[245.0, 46.0, 382.0, 220.0], [24.0, 38.0, 110.0, 135.0], [244.0, 47.0, 382.0, 221.0]]",ORDER,0.0,0.0
bp_2_255_2,i'm not sundance -- he's --,[],"[[129.0, 8.0, 242.0, 38.0], [114.0, 47.0, 208.0, 97.0], [100.0, 202.0, 223.0, 320.0]]",[],"[[245.0, 46.0, 382.0, 220.0], [24.0, 38.0, 110.0, 135.0], [244.0, 47.0, 382.0, 221.0]]",FEEDBACK,0.0,0.0
bp_2_255_2,"i hafta tell ya a'gin, i start bouncin' ya off them walls. now, hush, varmint --",[],"[[129.0, 8.0, 242.0, 38.0], [114.0, 47.0, 208.0, 97.0], [100.0, 202.0, 223.0, 320.0]]",[],"[[245.0, 46.0, 382.0, 220.0], [24.0, 38.0, 110.0, 135.0], [244.0, 47.0, 382.0, 221.0]]",,0.0,0.0
bp_2_256_1,"c'mon, oxford -- ya run like a girl.",[],"[[215.0, 25.0, 305.0, 93.0], [109.0, 314.0, 259.0, 432.0]]",[],"[[361.0, 41.0, 418.0, 99.0], [200.0, 121.0, 235.0, 160.0]]",INFORM,0.0,0.0
bp_2_256_1,sorry.it's my first jail break!i suppose i should ask why you're doing this...?,[],"[[215.0, 25.0, 305.0, 93.0], [109.0, 314.0, 259.0, 432.0]]",[],"[[361.0, 41.0, 418.0, 99.0], [200.0, 121.0, 235.0, 160.0]]",,0.075,0.16666666666666666
bp_2_257_3,--but are illusory! human facades covering alien or perhaps eldritch reality!,[],"[[7.0, 4.0, 157.0, 88.0], [33.0, 344.0, 174.0, 448.0]]",[],"[[-1.0, -1.0, -1.0, -1.0], [141.0, 71.0, 319.0, 347.0]]",,-0.15625,0.425
bp_2_257_3,you have not answered my question. who are you?,[],"[[7.0, 4.0, 157.0, 88.0], [33.0, 344.0, 174.0, 448.0]]",[],"[[-1.0, -1.0, -1.0, -1.0], [141.0, 71.0, 319.0, 347.0]]",,0.0,0.0
bp_2_258_1,say you that you are a telepath?,[],"[[194.0, 16.0, 327.0, 82.0], [262.0, 75.0, 333.0, 115.0], [157.0, 98.0, 321.0, 167.0], [159.0, 165.0, 310.0, 267.0]]",[],"[[3.0, 3.0, 153.0, 442.0], [348.0, 134.0, 481.0, 380.0], [3.0, 1.0, 155.0, 441.0], [0.0, 0.0, 151.0, 440.0]]",YES-NO_QUESTION,0.0,0.0
bp_2_258_1,I am!,[],"[[194.0, 16.0, 327.0, 82.0], [262.0, 75.0, 333.0, 115.0], [157.0, 98.0, 321.0, 167.0], [159.0, 165.0, 310.0, 267.0]]",[],"[[3.0, 3.0, 153.0, 442.0], [348.0, 134.0, 481.0, 380.0], [3.0, 1.0, 155.0, 441.0], [0.0, 0.0, 151.0, 440.0]]",INFORM,0.0,0.0
bp_2_258_1,"i pray thee therefore, o king-- listen to my thoughts...",[],"[[194.0, 16.0, 327.0, 82.0], [262.0, 75.0, 333.0, 115.0], [157.0, 98.0, 321.0, 167.0], [159.0, 165.0, 310.0, 267.0]]",[],"[[3.0, 3.0, 153.0, 442.0], [348.0, 134.0, 481.0, 380.0], [3.0, 1.0, 155.0, 441.0], [0.0, 0.0, 151.0, 440.0]]",ORDER,0.0,0.0
bp_2_258_1,... that thou wouldst know mine heart is pure...,[],"[[194.0, 16.0, 327.0, 82.0], [262.0, 75.0, 333.0, 115.0], [157.0, 98.0, 321.0, 167.0], [159.0, 165.0, 310.0, 267.0]]",[],"[[3.0, 3.0, 153.0, 442.0], [348.0, 134.0, 481.0, 380.0], [3.0, 1.0, 155.0, 441.0], [0.0, 0.0, 151.0, 440.0]]",INFORM,0.21428571428571427,0.5
bp_2_258_4,what the sam elliot is taking him so long?!,[],"[[27.0, 6.0, 154.0, 52.0], [137.0, 36.0, 301.0, 107.0], [139.0, 99.0, 307.0, 210.0]]",[],"[[299.0, 218.0, 408.0, 315.0], [298.0, 218.0, 403.0, 322.0], [297.0, 217.0, 402.0, 322.0]]",WHY_QUESTION,-0.0625,0.4
bp_2_258_4,i figured somebody'd be flung through a window by now.,[],"[[27.0, 6.0, 154.0, 52.0], [137.0, 36.0, 301.0, 107.0], [139.0, 99.0, 307.0, 210.0]]",[],"[[299.0, 218.0, 408.0, 315.0], [298.0, 218.0, 403.0, 322.0], [297.0, 217.0, 402.0, 322.0]]",INFORM,0.0,0.0
bp_2_258_4,i mean it's not like they're gonna let a jamaican cleavon little join their little lynch party -- eh -- ?!,[],"[[27.0, 6.0, 154.0, 52.0], [137.0, 36.0, 301.0, 107.0], [139.0, 99.0, 307.0, 210.0]]",[],"[[299.0, 218.0, 408.0, 315.0], [298.0, 218.0, 403.0, 322.0], [297.0, 217.0, 402.0, 322.0]]",YES-NO_QUESTION,-0.24479166666666666,0.5625
bp_2_259_3,"we don't have any ""purpose"" here, t'challa.",[],"[[81.0, 2.0, 253.0, 60.0], [94.0, 51.0, 193.0, 109.0], [114.0, 112.0, 225.0, 175.0], [138.0, 180.0, 224.0, 208.0]]",[],"[[68.0, 194.0, 102.0, 224.0], [17.0, 176.0, 43.0, 205.0], [68.0, 194.0, 101.0, 224.0], [67.0, 193.0, 100.0, 225.0]]",INFORM,0.0,0.0
bp_2_259_3,"you are certain of this, yes?",[],"[[81.0, 2.0, 253.0, 60.0], [94.0, 51.0, 193.0, 109.0], [114.0, 112.0, 225.0, 175.0], [138.0, 180.0, 224.0, 208.0]]",[],"[[68.0, 194.0, 102.0, 224.0], [17.0, 176.0, 43.0, 205.0], [68.0, 194.0, 101.0, 224.0], [67.0, 193.0, 100.0, 225.0]]",YES-NO_QUESTION,0.21428571428571427,0.5714285714285714
bp_2_259_3,i'm certain that dope's gonna spit in my eggs.,[],"[[81.0, 2.0, 253.0, 60.0], [94.0, 51.0, 193.0, 109.0], [114.0, 112.0, 225.0, 175.0], [138.0, 180.0, 224.0, 208.0]]",[],"[[68.0, 194.0, 102.0, 224.0], [17.0, 176.0, 43.0, 205.0], [68.0, 194.0, 101.0, 224.0], [67.0, 193.0, 100.0, 225.0]]",FEEDBACK,0.21428571428571427,0.5714285714285714
bp_2_259_3,t'challa...,[],"[[81.0, 2.0, 253.0, 60.0], [94.0, 51.0, 193.0, 109.0], [114.0, 112.0, 225.0, 175.0], [138.0, 180.0, 224.0, 208.0]]",[],"[[68.0, 194.0, 102.0, 224.0], [17.0, 176.0, 43.0, 205.0], [68.0, 194.0, 101.0, 224.0], [67.0, 193.0, 100.0, 225.0]]",NOT_CLASSIFIABLE,0.0,0.0
bp_2_261_0,--thor!!,[],"[[16.0, 1.0, 99.0, 23.0], [39.0, 31.0, 177.0, 88.0], [10.0, 79.0, 105.0, 168.0]]",[],"[[66.0, 190.0, 155.0, 282.0], [67.0, 189.0, 155.0, 281.0], [64.0, 190.0, 155.0, 281.0]]",NOT_CLASSIFIABLE,0.0,0.0
bp_2_261_0,thank god--thank the gode-- you're here!!,[],"[[16.0, 1.0, 99.0, 23.0], [39.0, 31.0, 177.0, 88.0], [10.0, 79.0, 105.0, 168.0]]",[],"[[66.0, 190.0, 155.0, 282.0], [67.0, 189.0, 155.0, 281.0], [64.0, 190.0, 155.0, 281.0]]",,0.0,0.0
bp_2_261_0,the avengers send you to rescue us?,[],"[[16.0, 1.0, 99.0, 23.0], [39.0, 31.0, 177.0, 88.0], [10.0, 79.0, 105.0, 168.0]]",[],"[[66.0, 190.0, 155.0, 282.0], [67.0, 189.0, 155.0, 281.0], [64.0, 190.0, 155.0, 281.0]]",YES-NO_QUESTION,0.0,0.0
bp_2_261_1,i'm afraid i must ask you gentlemen to leave immediately.,[],"[[80.0, 3.0, 280.0, 54.0], [38.0, 41.0, 148.0, 93.0], [122.0, 94.0, 221.0, 158.0], [23.0, 136.0, 158.0, 224.0]]",[],"[[176.0, 294.0, 221.0, 355.0], [89.0, 241.0, 160.0, 341.0], [90.0, 240.0, 161.0, 338.0], [90.0, 240.0, 159.0, 339.0]]",POLITENESS_FORMULA,-0.6,0.9
bp_2_261_1,"oh. well, then. long as you asked.",[],"[[80.0, 3.0, 280.0, 54.0], [38.0, 41.0, 148.0, 93.0], [122.0, 94.0, 221.0, 158.0], [23.0, 136.0, 158.0, 224.0]]",[],"[[176.0, 294.0, 221.0, 355.0], [89.0, 241.0, 160.0, 341.0], [90.0, 240.0, 161.0, 338.0], [90.0, 240.0, 159.0, 339.0]]",,-0.05,0.4
bp_2_261_1,"like i done ""asked"" for your money, boy.",[],"[[80.0, 3.0, 280.0, 54.0], [38.0, 41.0, 148.0, 93.0], [122.0, 94.0, 221.0, 158.0], [23.0, 136.0, 158.0, 224.0]]",[],"[[176.0, 294.0, 221.0, 355.0], [89.0, 241.0, 160.0, 341.0], [90.0, 240.0, 161.0, 338.0], [90.0, 240.0, 159.0, 339.0]]",FEEDBACK,0.0,0.0
bp_2_261_1,and mebbe i'll take them fancy shoes and gold watch while i'm at it--,[],"[[80.0, 3.0, 280.0, 54.0], [38.0, 41.0, 148.0, 93.0], [122.0, 94.0, 221.0, 158.0], [23.0, 136.0, 158.0, 224.0]]",[],"[[176.0, 294.0, 221.0, 355.0], [89.0, 241.0, 160.0, 341.0], [90.0, 240.0, 161.0, 338.0], [90.0, 240.0, 159.0, 339.0]]",INFORM,0.0,0.0
bp_2_264_2,train's more'n two hours late--,"[""the town of buzzard gulch wasn't far away."", 'maybre an hour by car, six by slow-moving stinky pack animal.', 'we figured loki would go for the train-']","[[301.0, 219.0, 386.0, 295.0]]","[[196.0, 69.0, 339.0, 121.0], [250.0, 126.0, 421.0, 184.0], [301.0, 375.0, 424.0, 436.0]]","[[-1.0, -1.0, -1.0, -1.0]]",INFORM,0.1,0.55
bp_2_265_1,sundance--you were instructed to go to alberdene--,[],"[[219.0, 17.0, 390.0, 64.0], [315.0, 65.0, 437.0, 147.0], [315.0, 148.0, 412.0, 196.0]]",[],"[[107.0, 48.0, 181.0, 143.0], [107.0, 48.0, 180.0, 142.0], [107.0, 48.0, 179.0, 141.0]]",INFORM,0.0,0.0
bp_2_265_1,-- to give that claim check to a man on a white horese.,[],"[[219.0, 17.0, 390.0, 64.0], [315.0, 65.0, 437.0, 147.0], [315.0, 148.0, 412.0, 196.0]]",[],"[[107.0, 48.0, 181.0, 143.0], [107.0, 48.0, 180.0, 142.0], [107.0, 48.0, 179.0, 141.0]]",INFORM,0.0,0.0
bp_2_265_1,why are you still here...?,[],"[[219.0, 17.0, 390.0, 64.0], [315.0, 65.0, 437.0, 147.0], [315.0, 148.0, 412.0, 196.0]]",[],"[[107.0, 48.0, 181.0, 143.0], [107.0, 48.0, 180.0, 142.0], [107.0, 48.0, 179.0, 141.0]]",WHY_QUESTION,0.0,0.0
bp_2_265_3,--as i demonstrate thusly--,[],"[[30.0, 13.0, 131.0, 77.0], [114.0, 52.0, 213.0, 124.0]]",[],"[[-1.0, -1.0, -1.0, -1.0], [256.0, 22.0, 387.0, 244.0]]",INFORM,0.0,0.0
bp_2_265_3,hey-- that's an open wound mister!!,[],"[[30.0, 13.0, 131.0, 77.0], [114.0, 52.0, 213.0, 124.0]]",[],"[[-1.0, -1.0, -1.0, -1.0], [256.0, 22.0, 387.0, 244.0]]",FEEDBACK,0.0,0.5
bp_2_266_0,"and thus, with a heavy heart, i end the illusion of mortality -- to die as i have ever lived --",[],"[[20.0, 6.0, 173.0, 126.0]]",[],"[[198.0, 133.0, 242.0, 163.0]]",INFORM,-0.2,0.5
bp_2_266_4,--buzzard gulch-- noon. and here we be.,[],"[[33.0, 3.0, 241.0, 67.0], [141.0, 197.0, 272.0, 261.0], [287.0, 300.0, 434.0, 426.0]]",[],"[[2.0, 214.0, 91.0, 330.0], [97.0, 86.0, 171.0, 159.0], [274.0, 38.0, 380.0, 150.0]]",,0.0,0.0
bp_2_266_4,"the story thus far""? beg pardon--?",[],"[[33.0, 3.0, 241.0, 67.0], [141.0, 197.0, 272.0, 261.0], [287.0, 300.0, 434.0, 426.0]]",[],"[[2.0, 214.0, 91.0, 330.0], [97.0, 86.0, 171.0, 159.0], [274.0, 38.0, 380.0, 150.0]]",,0.1,1.0
bp_2_266_4,still no sign of the blasted train... ...maybe the whole deal's a ruse!,[],"[[33.0, 3.0, 241.0, 67.0], [141.0, 197.0, 272.0, 261.0], [287.0, 300.0, 434.0, 426.0]]",[],"[[2.0, 214.0, 91.0, 330.0], [97.0, 86.0, 171.0, 159.0], [274.0, 38.0, 380.0, 150.0]]",INFORM,-0.175,0.65
bp_2_266_5,--the trickster god obviously intends to kill us all.,[],"[[18.0, 5.0, 171.0, 56.0], [176.0, 5.0, 314.0, 73.0], [318.0, 5.0, 405.0, 82.0]]",[],"[[3.0, 77.0, 383.0, 431.0], [4.0, 77.0, 382.0, 430.0], [4.0, 77.0, 382.0, 429.0]]",INFORM,0.0,0.5
bp_2_266_5,"without idunn's apples, the gods fall into the death sleep.",[],"[[18.0, 5.0, 171.0, 56.0], [176.0, 5.0, 314.0, 73.0], [318.0, 5.0, 405.0, 82.0]]",[],"[[3.0, 77.0, 383.0, 431.0], [4.0, 77.0, 382.0, 430.0], [4.0, 77.0, 382.0, 429.0]]",INFORM,0.0,0.0
bp_2_266_5,i must return to asgard to face my end.,[],"[[18.0, 5.0, 171.0, 56.0], [176.0, 5.0, 314.0, 73.0], [318.0, 5.0, 405.0, 82.0]]",[],"[[3.0, 77.0, 383.0, 431.0], [4.0, 77.0, 382.0, 430.0], [4.0, 77.0, 382.0, 429.0]]",COMMIT,0.0,0.0
bp_2_272_1,"hell, then, scruggs.",[],"[[401.0, 23.0, 486.0, 64.0], [421.0, 71.0, 482.0, 115.0]]",[],"[[577.0, 57.0, 661.0, 162.0], [575.0, 55.0, 661.0, 160.0]]",NOT_CLASSIFIABLE,0.0,0.0
bp_2_272_1,do ya job.,[],"[[401.0, 23.0, 486.0, 64.0], [421.0, 71.0, 482.0, 115.0]]",[],"[[577.0, 57.0, 661.0, 162.0], [575.0, 55.0, 661.0, 160.0]]",ORDER,0.0,0.0
bp_2_273_1,"... aw, geez ...",[],"[[355.0, 194.0, 432.0, 256.0]]",[],"[[5.0, 6.0, 233.0, 186.0]]",BACKCHANNEL,0.0,0.0
bp_2_274_1,"they got dre, scruggs -- think his vest caught the slugs --!",[],"[[262.0, 8.0, 447.0, 60.0], [450.0, 8.0, 580.0, 74.0]]",[],"[[136.0, 45.0, 283.0, 182.0], [357.0, 106.0, 467.0, 212.0]]",,0.0,0.0
bp_2_274_1,"he's out -- now, before je reloads!!",[],"[[262.0, 8.0, 447.0, 60.0], [450.0, 8.0, 580.0, 74.0]]",[],"[[136.0, 45.0, 283.0, 182.0], [357.0, 106.0, 467.0, 212.0]]",,0.0,0.0
bp_2_275_0,...dammit...,[],"[[212.0, 43.0, 302.0, 66.0], [245.0, 73.0, 326.0, 109.0], [205.0, 191.0, 300.0, 239.0], [259.0, 246.0, 339.0, 293.0]]",[],"[[623.0, 111.0, 738.0, 230.0], [624.0, 111.0, 737.0, 230.0], [-1.0, -1.0, -1.0, -1.0], [-1.0, -1.0, -1.0, -1.0]]",NOT_CLASSIFIABLE,0.0,0.0
bp_2_275_0,...freaking maniac...,[],"[[212.0, 43.0, 302.0, 66.0], [245.0, 73.0, 326.0, 109.0], [205.0, 191.0, 300.0, 239.0], [259.0, 246.0, 339.0, 293.0]]",[],"[[623.0, 111.0, 738.0, 230.0], [624.0, 111.0, 737.0, 230.0], [-1.0, -1.0, -1.0, -1.0], [-1.0, -1.0, -1.0, -1.0]]",NOT_CLASSIFIABLE,0.0,0.0
bp_2_275_0,i am new to your lands.,[],"[[212.0, 43.0, 302.0, 66.0], [245.0, 73.0, 326.0, 109.0], [205.0, 191.0, 300.0, 239.0], [259.0, 246.0, 339.0, 293.0]]",[],"[[623.0, 111.0, 738.0, 230.0], [624.0, 111.0, 737.0, 230.0], [-1.0, -1.0, -1.0, -1.0], [-1.0, -1.0, -1.0, -1.0]]",INFORM,0.13636363636363635,0.45454545454545453
bp_2_275_0,your ways are alien to me--,[],"[[212.0, 43.0, 302.0, 66.0], [245.0, 73.0, 326.0, 109.0], [205.0, 191.0, 300.0, 239.0], [259.0, 246.0, 339.0, 293.0]]",[],"[[623.0, 111.0, 738.0, 230.0], [624.0, 111.0, 737.0, 230.0], [-1.0, -1.0, -1.0, -1.0], [-1.0, -1.0, -1.0, -1.0]]",INFORM,-0.25,0.75
bp_2_276_0,anything-- any--,"['--you look so small..', ""you all do.. when you're begging for your life."", ""lucky you're worth more to me alive than dead.""]","[[675.0, 135.0, 793.0, 197.0]]","[[35.0, 29.0, 128.0, 71.0], [53.0, 63.0, 176.0, 127.0], [737.0, 22.0, 876.0, 76.0]]","[[550.0, 4.0, 686.0, 139.0]]",NOT_CLASSIFIABLE,0.0,0.0
bp_2_277_0,...please...,[],"[[561.0, 94.0, 669.0, 128.0], [626.0, 128.0, 721.0, 170.0]]",[],"[[531.0, 206.0, 572.0, 248.0], [533.0, 203.0, 570.0, 242.0]]",POLITENESS_FORMULA,0.0,0.0
bp_2_277_0,"please, man...",[],"[[561.0, 94.0, 669.0, 128.0], [626.0, 128.0, 721.0, 170.0]]",[],"[[531.0, 206.0, 572.0, 248.0], [533.0, 203.0, 570.0, 242.0]]",POLITENESS_FORMULA,0.0,0.0
bp_2_277_4,"aw, no, man-- don't--!",[],"[[365.0, 188.0, 445.0, 237.0]]",[],"[[-1.0, -1.0, -1.0, -1.0]]",,0.0,0.0
bp_2_278_2,we will have an understanding between us.,"['show. time.', 'remember the accent.']","[[369.0, 9.0, 494.0, 55.0], [410.0, 60.0, 501.0, 107.0]]","[[28.0, 23.0, 122.0, 53.0], [63.0, 76.0, 168.0, 118.0]]","[[226.0, 91.0, 347.0, 190.0], [226.0, 91.0, 346.0, 188.0]]",INFORM,0.0,0.0
bp_2_278_2,speak of it to no man...,"['show. time.', 'remember the accent.']","[[369.0, 9.0, 494.0, 55.0], [410.0, 60.0, 501.0, 107.0]]","[[28.0, 23.0, 122.0, 53.0], [63.0, 76.0, 168.0, 118.0]]","[[226.0, 91.0, 347.0, 190.0], [226.0, 91.0, 346.0, 188.0]]",ORDER,0.0,0.0
bp_2_280_1,"kevin, dear-- please do something about her...","['these people have no lives.', 'they never leave the house.', 'judge judy and springer are their entire world...']","[[422.0, 189.0, 602.0, 241.0]]","[[32.0, 17.0, 149.0, 65.0], [45.0, 81.0, 179.0, 130.0], [589.0, 24.0, 743.0, 84.0]]","[[251.0, 64.0, 280.0, 95.0]]",POLITENESS_FORMULA,0.0,0.0
bp_2_280_2,and..?,"[""take the tv out of this relationship, and it's just murder...""]","[[129.0, 109.0, 212.0, 143.0], [403.0, 22.0, 477.0, 71.0], [392.0, 87.0, 549.0, 240.0]]","[[25.0, 37.0, 176.0, 89.0]]","[[227.0, 22.0, 312.0, 89.0], [-1.0, -1.0, -1.0, -1.0], [227.0, 21.0, 307.0, 83.0]]",NOT_CLASSIFIABLE,0.0,0.0
bp_2_280_2,and what?,"[""take the tv out of this relationship, and it's just murder...""]","[[129.0, 109.0, 212.0, 143.0], [403.0, 22.0, 477.0, 71.0], [392.0, 87.0, 549.0, 240.0]]","[[25.0, 37.0, 176.0, 89.0]]","[[227.0, 22.0, 312.0, 89.0], [-1.0, -1.0, -1.0, -1.0], [227.0, 21.0, 307.0, 83.0]]",WHY_QUESTION,0.0,0.0
bp_2_280_2,"and so you'll pay the light bill, right? you won't leave your mother and your pregnant girlfriend stranded in the dark, right?","[""take the tv out of this relationship, and it's just murder...""]","[[129.0, 109.0, 212.0, 143.0], [403.0, 22.0, 477.0, 71.0], [392.0, 87.0, 549.0, 240.0]]","[[25.0, 37.0, 176.0, 89.0]]","[[227.0, 22.0, 312.0, 89.0], [-1.0, -1.0, -1.0, -1.0], [227.0, 21.0, 307.0, 83.0]]",,0.23095238095238094,0.5342857142857143
bp_2_280_3,"it's not good, kevin.",[],"[[120.0, 8.0, 206.0, 69.0], [394.0, 4.0, 509.0, 61.0], [387.0, 104.0, 556.0, 213.0]]",[],"[[217.0, 16.0, 373.0, 153.0], [-1.0, -1.0, -1.0, -1.0], [222.0, 21.0, 367.0, 148.0]]",INFORM,-0.35,0.6000000000000001
bp_2_280_3,yeah-- i know-- the lights--,[],"[[120.0, 8.0, 206.0, 69.0], [394.0, 4.0, 509.0, 61.0], [387.0, 104.0, 556.0, 213.0]]",[],"[[217.0, 16.0, 373.0, 153.0], [-1.0, -1.0, -1.0, -1.0], [222.0, 21.0, 367.0, 148.0]]",FEEDBACK,0.0,0.0
bp_2_280_3,"no. gwen. she's very upset. which means i catch all the hell, understand?",[],"[[120.0, 8.0, 206.0, 69.0], [394.0, 4.0, 509.0, 61.0], [387.0, 104.0, 556.0, 213.0]]",[],"[[217.0, 16.0, 373.0, 153.0], [-1.0, -1.0, -1.0, -1.0], [222.0, 21.0, 367.0, 148.0]]",,0.2,0.3
bp_2_281_1,who are you?,"['--ambushed on a routine drug bust.', 'somebody made the call. somebody inside the house.', 'somebody with a badge...']","[[294.0, 190.0, 378.0, 244.0]]","[[29.0, 26.0, 203.0, 71.0], [80.0, 76.0, 243.0, 126.0], [143.0, 160.0, 276.0, 206.0]]","[[395.0, 32.0, 422.0, 61.0]]",WHY_QUESTION,0.0,0.0
bp_2_281_3,"black jack took risks, kasper... ... your father.",[],"[[43.0, 4.0, 161.0, 107.0], [274.0, 25.0, 386.0, 88.0], [679.0, 21.0, 826.0, 82.0], [722.0, 86.0, 813.0, 140.0]]",[],"[[205.0, 61.0, 234.0, 101.0], [209.0, 65.0, 235.0, 101.0], [582.0, 46.0, 598.0, 74.0], [493.0, 33.0, 516.0, 59.0]]",,-0.16666666666666666,0.43333333333333335
bp_2_281_3,look where it got him.,[],"[[43.0, 4.0, 161.0, 107.0], [274.0, 25.0, 386.0, 88.0], [679.0, 21.0, 826.0, 82.0], [722.0, 86.0, 813.0, 140.0]]",[],"[[205.0, 61.0, 234.0, 101.0], [209.0, 65.0, 235.0, 101.0], [582.0, 46.0, 598.0, 74.0], [493.0, 33.0, 516.0, 59.0]]",ORDER,0.0,0.0
bp_2_281_3,kevin -- i distinctly asked for penne --,[],"[[43.0, 4.0, 161.0, 107.0], [274.0, 25.0, 386.0, 88.0], [679.0, 21.0, 826.0, 82.0], [722.0, 86.0, 813.0, 140.0]]",[],"[[205.0, 61.0, 234.0, 101.0], [209.0, 65.0, 235.0, 101.0], [582.0, 46.0, 598.0, 74.0], [493.0, 33.0, 516.0, 59.0]]",INFORM,0.3,0.3
bp_2_281_3,"fine, ma, i'll go get it.",[],"[[43.0, 4.0, 161.0, 107.0], [274.0, 25.0, 386.0, 88.0], [679.0, 21.0, 826.0, 82.0], [722.0, 86.0, 813.0, 140.0]]",[],"[[205.0, 61.0, 234.0, 101.0], [209.0, 65.0, 235.0, 101.0], [582.0, 46.0, 598.0, 74.0], [493.0, 33.0, 516.0, 59.0]]",COMMIT,0.4166666666666667,0.5
bp_2_282_3,"santa claus, stranger. what of it?",[],"[[314.0, 5.0, 446.0, 59.0], [329.0, 62.0, 461.0, 132.0], [717.0, 2.0, 846.0, 82.0]]",[],"[[3.0, 6.0, 311.0, 241.0], [468.0, 3.0, 680.0, 242.0], [469.0, 4.0, 678.0, 239.0]]",,0.0,0.0
bp_2_282_3,"i know your name, officer kevin ""kasper"" cole",[],"[[314.0, 5.0, 446.0, 59.0], [329.0, 62.0, 461.0, 132.0], [717.0, 2.0, 846.0, 82.0]]",[],"[[3.0, 6.0, 311.0, 241.0], [468.0, 3.0, 680.0, 242.0], [469.0, 4.0, 678.0, 239.0]]",INFORM,0.0,0.0
bp_2_282_3,-- what i want to know is who you are --,[],"[[314.0, 5.0, 446.0, 59.0], [329.0, 62.0, 461.0, 132.0], [717.0, 2.0, 846.0, 82.0]]",[],"[[3.0, 6.0, 311.0, 241.0], [468.0, 3.0, 680.0, 242.0], [469.0, 4.0, 678.0, 239.0]]",INFORM,0.0,0.0
bp_2_282_4,--and what maked you think yourself worthy of the habit of a king.,[],"[[223.0, 5.0, 376.0, 71.0], [183.0, 83.0, 291.0, 137.0], [288.0, 108.0, 400.0, 180.0], [377.0, 165.0, 463.0, 218.0]]",[],"[[520.0, 5.0, 911.0, 229.0], [-1.0, -1.0, -1.0, -1.0], [522.0, 6.0, 909.0, 228.0], [521.0, 6.0, 908.0, 226.0]]",INFORM,0.3333333333333333,1.0
bp_2_282_4,got a lot of habits.maybe be more specific...,[],"[[223.0, 5.0, 376.0, 71.0], [183.0, 83.0, 291.0, 137.0], [288.0, 108.0, 400.0, 180.0], [377.0, 165.0, 463.0, 218.0]]",[],"[[520.0, 5.0, 911.0, 229.0], [-1.0, -1.0, -1.0, -1.0], [522.0, 6.0, 909.0, 228.0], [521.0, 6.0, 908.0, 226.0]]",,0.25,0.3125
bp_2_282_4,habit officer.as in raiment--clothing--,[],"[[223.0, 5.0, 376.0, 71.0], [183.0, 83.0, 291.0, 137.0], [288.0, 108.0, 400.0, 180.0], [377.0, 165.0, 463.0, 218.0]]",[],"[[520.0, 5.0, 911.0, 229.0], [-1.0, -1.0, -1.0, -1.0], [522.0, 6.0, 909.0, 228.0], [521.0, 6.0, 908.0, 226.0]]",,0.0,0.0
bp_2_282_4,a certain panther fetish?,[],"[[223.0, 5.0, 376.0, 71.0], [183.0, 83.0, 291.0, 137.0], [288.0, 108.0, 400.0, 180.0], [377.0, 165.0, 463.0, 218.0]]",[],"[[520.0, 5.0, 911.0, 229.0], [-1.0, -1.0, -1.0, -1.0], [522.0, 6.0, 909.0, 228.0], [521.0, 6.0, 908.0, 226.0]]",YES-NO_QUESTION,0.21428571428571427,0.5714285714285714
bp_2_283_2,bull.i was careful--,['all right... who is this guy? feds? internal affairs?'],"[[540.0, 4.0, 637.0, 65.0], [588.0, 64.0, 724.0, 134.0]]","[[24.0, 17.0, 178.0, 75.0]]","[[270.0, 5.0, 452.0, 187.0], [-1.0, -1.0, -1.0, -1.0]]",,-0.1,1.0
bp_2_283_2,"you underestimate my powers, officer--",['all right... who is this guy? feds? internal affairs?'],"[[540.0, 4.0, 637.0, 65.0], [588.0, 64.0, 724.0, 134.0]]","[[24.0, 17.0, 178.0, 75.0]]","[[270.0, 5.0, 452.0, 187.0], [-1.0, -1.0, -1.0, -1.0]]",INFORM,0.0,0.0
bp_2_284_0,hear there was some drama with dre and them.,[],"[[135.0, 19.0, 248.0, 104.0], [178.0, 106.0, 302.0, 163.0], [362.0, 125.0, 429.0, 181.0]]",[],"[[156.0, 178.0, 177.0, 213.0], [154.0, 179.0, 179.0, 215.0], [319.0, 174.0, 347.0, 206.0]]",INFORM,0.0,0.0
bp_2_284_0,some dude dressed like a kitty.,[],"[[135.0, 19.0, 248.0, 104.0], [178.0, 106.0, 302.0, 163.0], [362.0, 125.0, 429.0, 181.0]]",[],"[[156.0, 178.0, 177.0, 213.0], [154.0, 179.0, 179.0, 215.0], [319.0, 174.0, 347.0, 206.0]]",INFORM,0.0,0.0
bp_2_284_0,Tork--,[],"[[135.0, 19.0, 248.0, 104.0], [178.0, 106.0, 302.0, 163.0], [362.0, 125.0, 429.0, 181.0]]",[],"[[156.0, 178.0, 177.0, 213.0], [154.0, 179.0, 179.0, 215.0], [319.0, 174.0, 347.0, 206.0]]",INFORM,0.0,0.0
bp_2_285_2,"gimme the suit, kasper-- trust me-- you don't want none of this.",[],"[[90.0, 98.0, 232.0, 178.0], [169.0, 8.0, 247.0, 48.0], [171.0, 48.0, 247.0, 96.0], [174.0, 183.0, 258.0, 253.0]]",[],"[[547.0, 49.0, 654.0, 195.0], [548.0, 49.0, 655.0, 194.0], [366.0, 88.0, 438.0, 208.0], [366.0, 88.0, 439.0, 208.0]]",,0.0,0.0
bp_2_285_2,gimme the suit.,[],"[[90.0, 98.0, 232.0, 178.0], [169.0, 8.0, 247.0, 48.0], [171.0, 48.0, 247.0, 96.0], [174.0, 183.0, 258.0, 253.0]]",[],"[[547.0, 49.0, 654.0, 195.0], [548.0, 49.0, 655.0, 194.0], [366.0, 88.0, 438.0, 208.0], [366.0, 88.0, 439.0, 208.0]]",ORDER,0.0,0.0
bp_2_285_2,"i need it, man-- just for a few days--",[],"[[90.0, 98.0, 232.0, 178.0], [169.0, 8.0, 247.0, 48.0], [171.0, 48.0, 247.0, 96.0], [174.0, 183.0, 258.0, 253.0]]",[],"[[547.0, 49.0, 654.0, 195.0], [548.0, 49.0, 655.0, 194.0], [366.0, 88.0, 438.0, 208.0], [366.0, 88.0, 439.0, 208.0]]",,-0.2,0.1
bp_2_285_2,"man, you trippin.",[],"[[90.0, 98.0, 232.0, 178.0], [169.0, 8.0, 247.0, 48.0], [171.0, 48.0, 247.0, 96.0], [174.0, 183.0, 258.0, 253.0]]",[],"[[547.0, 49.0, 654.0, 195.0], [548.0, 49.0, 655.0, 194.0], [366.0, 88.0, 438.0, 208.0], [366.0, 88.0, 439.0, 208.0]]",FEEDBACK,0.0,0.0
bp_2_286_2,they're untouchable -- protected at the highest levels.,[],"[[460.0, 39.0, 600.0, 121.0], [582.0, 97.0, 700.0, 204.0], [697.0, 34.0, 851.0, 180.0]]",[],"[[-1.0, -1.0, -1.0, -1.0], [-1.0, -1.0, -1.0, -1.0], [-1.0, -1.0, -1.0, -1.0]]",INFORM,0.0,0.0
bp_2_286_2,"and here you go, rookie of the year, with his meow suit, kicking them in  the shin.",[],"[[460.0, 39.0, 600.0, 121.0], [582.0, 97.0, 700.0, 204.0], [697.0, 34.0, 851.0, 180.0]]",[],"[[-1.0, -1.0, -1.0, -1.0], [-1.0, -1.0, -1.0, -1.0], [-1.0, -1.0, -1.0, -1.0]]",INFORM,0.0,0.0
bp_2_286_2,"kasper -- if they find out you're the guy in ther panther suit, they'll kill your mother.they'll kill gwen.",[],"[[460.0, 39.0, 600.0, 121.0], [582.0, 97.0, 700.0, 204.0], [697.0, 34.0, 851.0, 180.0]]",[],"[[-1.0, -1.0, -1.0, -1.0], [-1.0, -1.0, -1.0, -1.0], [-1.0, -1.0, -1.0, -1.0]]",,0.0,0.0
bp_2_292_4,...bad dog,[],"[[21.0, 119.0, 124.0, 161.0]]",[],"[[-1.0, -1.0, -1.0, -1.0]]",INFORM,0.0,0.0
bp_2_293_2,"god, what mutts these dirtbags are--","[""...so easy if you'd only left me alone last week...""]","[[755.0, 59.0, 882.0, 128.0]]","[[29.0, 29.0, 183.0, 78.0]]","[[-1.0, -1.0, -1.0, -1.0]]",WHY_QUESTION,0.0,0.0
bp_2_293_3,why was he talking to me?,[],"[[72.0, 18.0, 189.0, 53.0], [144.0, 62.0, 238.0, 112.0], [164.0, 231.0, 268.0, 305.0], [128.0, 312.0, 308.0, 387.0]]",[],"[[8.0, 4.0, 136.0, 387.0], [6.0, 3.0, 136.0, 385.0], [247.0, 3.0, 372.0, 145.0], [247.0, 3.0, 370.0, 144.0]]",WHY_QUESTION,0.0,0.0
bp_2_293_3,why would he ever talk to me?,[],"[[72.0, 18.0, 189.0, 53.0], [144.0, 62.0, 238.0, 112.0], [164.0, 231.0, 268.0, 305.0], [128.0, 312.0, 308.0, 387.0]]",[],"[[8.0, 4.0, 136.0, 387.0], [6.0, 3.0, 136.0, 385.0], [247.0, 3.0, 372.0, 145.0], [247.0, 3.0, 370.0, 144.0]]",WHY_QUESTION,0.0,0.0
bp_2_293_3,"you'll make a fine detective, kasper. a good cop.",[],"[[72.0, 18.0, 189.0, 53.0], [144.0, 62.0, 238.0, 112.0], [164.0, 231.0, 268.0, 305.0], [128.0, 312.0, 308.0, 387.0]]",[],"[[8.0, 4.0, 136.0, 387.0], [6.0, 3.0, 136.0, 385.0], [247.0, 3.0, 372.0, 145.0], [247.0, 3.0, 370.0, 144.0]]",INFORM,0.5583333333333333,0.55
bp_2_293_3,"hey-- you and tork are going over by pitkin, right? my wife's clock is ready at the watch store on euclid.",[],"[[72.0, 18.0, 189.0, 53.0], [144.0, 62.0, 238.0, 112.0], [164.0, 231.0, 268.0, 305.0], [128.0, 312.0, 308.0, 387.0]]",[],"[[8.0, 4.0, 136.0, 387.0], [6.0, 3.0, 136.0, 385.0], [247.0, 3.0, 372.0, 145.0], [247.0, 3.0, 370.0, 144.0]]",,0.24285714285714285,0.5178571428571428
bp_2_298_2,"--you, detective scruggs, are a police officer, sworn to protect the innocent--",[],"[[104.0, 4.0, 263.0, 91.0], [101.0, 85.0, 245.0, 184.0], [665.0, 76.0, 741.0, 127.0], [665.0, 127.0, 761.0, 196.0]]",[],"[[276.0, 8.0, 517.0, 324.0], [275.0, 4.0, 540.0, 319.0], [278.0, 4.0, 522.0, 315.0], [279.0, 5.0, 529.0, 297.0]]",INFORM,0.5,0.7
bp_2_298_2,--but they prey upon the-- sacrifice your very soul--,[],"[[104.0, 4.0, 263.0, 91.0], [101.0, 85.0, 245.0, 184.0], [665.0, 76.0, 741.0, 127.0], [665.0, 127.0, 761.0, 196.0]]",[],"[[276.0, 8.0, 517.0, 324.0], [275.0, 4.0, 540.0, 319.0], [278.0, 4.0, 522.0, 315.0], [279.0, 5.0, 529.0, 297.0]]",INFORM,0.2,0.3
bp_2_298_2,--for this.,[],"[[104.0, 4.0, 263.0, 91.0], [101.0, 85.0, 245.0, 184.0], [665.0, 76.0, 741.0, 127.0], [665.0, 127.0, 761.0, 196.0]]",[],"[[276.0, 8.0, 517.0, 324.0], [275.0, 4.0, 540.0, 319.0], [278.0, 4.0, 522.0, 315.0], [279.0, 5.0, 529.0, 297.0]]",INFORM,0.0,0.0
bp_2_298_2,for worthless paper.,[],"[[104.0, 4.0, 263.0, 91.0], [101.0, 85.0, 245.0, 184.0], [665.0, 76.0, 741.0, 127.0], [665.0, 127.0, 761.0, 196.0]]",[],"[[276.0, 8.0, 517.0, 324.0], [275.0, 4.0, 540.0, 319.0], [278.0, 4.0, 522.0, 315.0], [279.0, 5.0, 529.0, 297.0]]",INFORM,-0.8,0.9
bp_2_298_3,bernie scruggs.,[],"[[259.0, 253.0, 351.0, 293.0], [249.0, 296.0, 354.0, 355.0], [254.0, 359.0, 418.0, 437.0]]",[],"[[378.0, 10.0, 424.0, 225.0], [378.0, 10.0, 425.0, 223.0], [379.0, 10.0, 425.0, 224.0]]",NOT_CLASSIFIABLE,0.0,0.0
bp_2_298_3,your operative in the 74th precinct.,[],"[[259.0, 253.0, 351.0, 293.0], [249.0, 296.0, 354.0, 355.0], [254.0, 359.0, 418.0, 437.0]]",[],"[[378.0, 10.0, 424.0, 225.0], [378.0, 10.0, 425.0, 223.0], [379.0, 10.0, 425.0, 224.0]]",INFORM,0.0,0.0
bp_2_298_3,66 bridges pays him a license fee to operate in south brooklyn.you do remember...,[],"[[259.0, 253.0, 351.0, 293.0], [249.0, 296.0, 354.0, 355.0], [254.0, 359.0, 418.0, 437.0]]",[],"[[378.0, 10.0, 424.0, 225.0], [378.0, 10.0, 425.0, 223.0], [379.0, 10.0, 425.0, 224.0]]",,0.0,0.0
bp_2_299_2,"--how merciful of you, officer cole. riot-control ordinance is rather expensive, though--",[],"[[4.0, 4.0, 258.0, 100.0], [43.0, 437.0, 177.0, 524.0], [6.0, 526.0, 139.0, 609.0]]",[],"[[59.0, 67.0, 252.0, 274.0], [57.0, 63.0, 253.0, 275.0], [-1.0, -1.0, -1.0, -1.0]]",,-0.5,0.7
bp_2_299_2,--for a man on a limited budget.,[],"[[4.0, 4.0, 258.0, 100.0], [43.0, 437.0, 177.0, 524.0], [6.0, 526.0, 139.0, 609.0]]",[],"[[59.0, 67.0, 252.0, 274.0], [57.0, 63.0, 253.0, 275.0], [-1.0, -1.0, -1.0, -1.0]]",NOT_CLASSIFIABLE,-0.07142857142857142,0.14285714285714285
bp_2_299_2,"i'd ask how you got in here, hunter--",[],"[[4.0, 4.0, 258.0, 100.0], [43.0, 437.0, 177.0, 524.0], [6.0, 526.0, 139.0, 609.0]]",[],"[[59.0, 67.0, 252.0, 274.0], [57.0, 63.0, 253.0, 275.0], [-1.0, -1.0, -1.0, -1.0]]",INFORM,0.0,0.0
bp_2_299_4,--of a dead king.,[],"[[32.0, 5.0, 132.0, 40.0], [111.0, 15.0, 250.0, 103.0], [5.0, 88.0, 172.0, 249.0]]",[],"[[166.0, 5.0, 317.0, 418.0], [-1.0, -1.0, -1.0, -1.0], [165.0, 7.0, 317.0, 418.0]]",NOT_CLASSIFIABLE,-0.2,0.4
bp_2_299_4,and i've already offered to give the black panther costume back to you--,[],"[[32.0, 5.0, 132.0, 40.0], [111.0, 15.0, 250.0, 103.0], [5.0, 88.0, 172.0, 249.0]]",[],"[[166.0, 5.0, 317.0, 418.0], [-1.0, -1.0, -1.0, -1.0], [165.0, 7.0, 317.0, 418.0]]",INFORM,-0.08333333333333333,0.21666666666666667
bp_2_299_4,--in two days-- yes. when you'll no longer need it. when your suspension has ended. in the alley outside your bedroom--,[],"[[32.0, 5.0, 132.0, 40.0], [111.0, 15.0, 250.0, 103.0], [5.0, 88.0, 172.0, 249.0]]",[],"[[166.0, 5.0, 317.0, 418.0], [-1.0, -1.0, -1.0, -1.0], [165.0, 7.0, 317.0, 418.0]]",,0.0,0.05
bp_2_300_2,"i'm serious, hunter.",[],"[[235.0, 11.0, 324.0, 69.0], [218.0, 89.0, 322.0, 170.0]]",[],"[[337.0, 100.0, 445.0, 191.0], [101.0, 56.0, 157.0, 126.0]]",INFORM,-0.3333333333333333,0.6666666666666666
bp_2_300_2,i know. it's why he chose you.,[],"[[235.0, 11.0, 324.0, 69.0], [218.0, 89.0, 322.0, 170.0]]",[],"[[337.0, 100.0, 445.0, 191.0], [101.0, 56.0, 157.0, 126.0]]",,0.0,0.0
bp_2_301_0,yeah.,[],"[[274.0, 28.0, 316.0, 48.0], [281.0, 58.0, 360.0, 93.0], [597.0, 391.0, 669.0, 412.0]]",[],"[[431.0, 43.0, 501.0, 115.0], [430.0, 42.0, 501.0, 113.0], [682.0, 152.0, 904.0, 416.0]]",BACKCHANNEL,0.0,0.0
bp_2_301_0,"yeah, you mothers.",[],"[[274.0, 28.0, 316.0, 48.0], [281.0, 58.0, 360.0, 93.0], [597.0, 391.0, 669.0, 412.0]]",[],"[[431.0, 43.0, 501.0, 115.0], [430.0, 42.0, 501.0, 113.0], [682.0, 152.0, 904.0, 416.0]]",BACKCHANNEL,0.0,0.0
bp_2_301_0,let's go.,[],"[[274.0, 28.0, 316.0, 48.0], [281.0, 58.0, 360.0, 93.0], [597.0, 391.0, 669.0, 412.0]]",[],"[[431.0, 43.0, 501.0, 115.0], [430.0, 42.0, 501.0, 113.0], [682.0, 152.0, 904.0, 416.0]]",COMMIT,0.0,0.0
bp_2_301_4,the closet --!,"[""all i've got is a bulletproof costume i stole from my sergeant's apartment...""]","[[100.0, 15.0, 194.0, 64.0]]","[[187.0, 347.0, 406.0, 406.0]]","[[23.0, 94.0, 95.0, 174.0]]",INFORM,0.0,0.0
bp_2_305_0,--he keeps it in a kitchen drawer with hes keys.,[],"[[264.0, 5.0, 417.0, 51.0], [393.0, 46.0, 494.0, 110.0], [410.0, 117.0, 498.0, 181.0]]",[],"[[304.0, 160.0, 357.0, 231.0], [304.0, 160.0, 355.0, 230.0], [303.0, 162.0, 355.0, 230.0]]",INFORM,0.0,0.0
bp_2_305_0,this man who is causing you so much grief--,[],"[[264.0, 5.0, 417.0, 51.0], [393.0, 46.0, 494.0, 110.0], [410.0, 117.0, 498.0, 181.0]]",[],"[[304.0, 160.0, 357.0, 231.0], [304.0, 160.0, 355.0, 230.0], [303.0, 162.0, 355.0, 230.0]]",INFORM,-0.8,0.2
bp_2_305_0,"--shall i kill him for you, officer cole--?",[],"[[264.0, 5.0, 417.0, 51.0], [393.0, 46.0, 494.0, 110.0], [410.0, 117.0, 498.0, 181.0]]",[],"[[304.0, 160.0, 357.0, 231.0], [304.0, 160.0, 355.0, 230.0], [303.0, 162.0, 355.0, 230.0]]",YES-NO_QUESTION,0.0,0.0
bp_2_306_1,"--that's his dog, margie--",[],"[[77.0, 31.0, 171.0, 89.0], [121.0, 81.0, 274.0, 160.0]]",[],"[[-1.0, -1.0, -1.0, -1.0], [-1.0, -1.0, -1.0, -1.0]]",INFORM,0.0,0.0
bp_2_306_1,-spell it backwards for his home security code.,[],"[[77.0, 31.0, 171.0, 89.0], [121.0, 81.0, 274.0, 160.0]]",[],"[[-1.0, -1.0, -1.0, -1.0], [-1.0, -1.0, -1.0, -1.0]]",ORDER,0.0,0.0
bp_2_307_2,-- none can stand against him.,[],"[[361.0, 2.0, 450.0, 69.0], [311.0, 64.0, 417.0, 176.0], [338.0, 181.0, 452.0, 261.0], [337.0, 262.0, 435.0, 301.0]]",[],"[[-1.0, -1.0, -1.0, -1.0], [4.0, 4.0, 312.0, 356.0], [-1.0, -1.0, -1.0, -1.0], [6.0, 6.0, 313.0, 356.0]]",INFORM,0.0,0.0
bp_2_307_2,"yeah, and none of this is legal, hunter-- it'll never stand up in court.",[],"[[361.0, 2.0, 450.0, 69.0], [311.0, 64.0, 417.0, 176.0], [338.0, 181.0, 452.0, 261.0], [337.0, 262.0, 435.0, 301.0]]",[],"[[-1.0, -1.0, -1.0, -1.0], [4.0, 4.0, 312.0, 356.0], [-1.0, -1.0, -1.0, -1.0], [6.0, 6.0, 313.0, 356.0]]",,0.2,0.2
bp_2_307_2,matters of law are ephemeral. justice is universal.,[],"[[361.0, 2.0, 450.0, 69.0], [311.0, 64.0, 417.0, 176.0], [338.0, 181.0, 452.0, 261.0], [337.0, 262.0, 435.0, 301.0]]",[],"[[-1.0, -1.0, -1.0, -1.0], [4.0, 4.0, 312.0, 356.0], [-1.0, -1.0, -1.0, -1.0], [6.0, 6.0, 313.0, 356.0]]",,0.0,0.0
bp_2_307_2,and murder--?,[],"[[361.0, 2.0, 450.0, 69.0], [311.0, 64.0, 417.0, 176.0], [338.0, 181.0, 452.0, 261.0], [337.0, 262.0, 435.0, 301.0]]",[],"[[-1.0, -1.0, -1.0, -1.0], [4.0, 4.0, 312.0, 356.0], [-1.0, -1.0, -1.0, -1.0], [6.0, 6.0, 313.0, 356.0]]",YES-NO_QUESTION,0.0,0.0
bp_2_307_3,then come to terms with who the black pather is.,[],"[[2.0, 11.0, 132.0, 92.0], [305.0, 11.0, 432.0, 154.0]]",[],"[[120.0, 10.0, 306.0, 265.0], [120.0, 11.0, 307.0, 262.0]]",ORDER,-0.16666666666666666,0.43333333333333335
bp_2_307_3,"the panther studies his prey. and waits.such that, when the panther strikes --",[],"[[2.0, 11.0, 132.0, 92.0], [305.0, 11.0, 432.0, 154.0]]",[],"[[120.0, 10.0, 306.0, 265.0], [120.0, 11.0, 307.0, 262.0]]",,0.0,0.0
bp_2_311_5,"--which only leaves about a hundred other details to this mess i gotta clean up. understood. i'll send the envelope through sandy. our friends appreciate your help on this. okay. g'nite, your honor.",[],"[[3.0, 2.0, 205.0, 217.0]]",[],"[[91.0, 220.0, 128.0, 269.0]]",,0.11333333333333333,0.55
bp_2_312_3,did he? or did his lieutenant try to work him a little-- setting him up to run some nonsense errand?,[],"[[4.0, 4.0, 298.0, 60.0], [13.0, 57.0, 221.0, 139.0]]",[],"[[60.0, 143.0, 288.0, 367.0], [61.0, 143.0, 288.0, 367.0]]",OR_QUESTION,-0.1875,0.5
bp_2_312_3,kasper's been in narcotics long enough to recognize a hype when he sees one.,[],"[[4.0, 4.0, 298.0, 60.0], [13.0, 57.0, 221.0, 139.0]]",[],"[[60.0, 143.0, 288.0, 367.0], [61.0, 143.0, 288.0, 367.0]]",INFORM,-0.025,0.45
bp_2_314_0,kasper--?!,[],"[[129.0, 27.0, 228.0, 49.0], [209.0, 46.0, 288.0, 91.0], [701.0, 28.0, 813.0, 90.0]]",[],"[[355.0, 94.0, 388.0, 143.0], [355.0, 94.0, 388.0, 142.0], [520.0, 32.0, 568.0, 84.0]]",NOT_CLASSIFIABLE,0.0,0.0
bp_2_314_0,do they want us?,[],"[[129.0, 27.0, 228.0, 49.0], [209.0, 46.0, 288.0, 91.0], [701.0, 28.0, 813.0, 90.0]]",[],"[[355.0, 94.0, 388.0, 143.0], [355.0, 94.0, 388.0, 142.0], [520.0, 32.0, 568.0, 84.0]]",YES-NO_QUESTION,0.0,0.0
bp_2_314_0,"i dunno, grace... let me see what's goin'--",[],"[[129.0, 27.0, 228.0, 49.0], [209.0, 46.0, 288.0, 91.0], [701.0, 28.0, 813.0, 90.0]]",[],"[[355.0, 94.0, 388.0, 143.0], [355.0, 94.0, 388.0, 142.0], [520.0, 32.0, 568.0, 84.0]]",,0.0,0.0
bp_2_317_0,"actually, it is. my guess though, is that you're not after us so much as you're afther him-- sal anthony.",[],"[[68.0, 279.0, 215.0, 463.0]]",[],"[[-1.0, -1.0, -1.0, -1.0]]",INFORM,0.1,0.15000000000000002
bp_2_317_2,sal seems to think you've got some kinda case about alluva-sudden.,[],"[[4.0, 3.0, 108.0, 122.0], [188.0, 3.0, 394.0, 91.0], [402.0, 18.0, 528.0, 108.0]]",[],"[[134.0, 30.0, 162.0, 67.0], [134.0, 31.0, 168.0, 70.0], [135.0, 28.0, 167.0, 67.0]]",INFORM,0.0,0.0
bp_2_317_2,wants us to do this and that... then he shakes us down for 85 large when his boy skip asked for less than half that.,[],"[[4.0, 3.0, 108.0, 122.0], [188.0, 3.0, 394.0, 91.0], [402.0, 18.0, 528.0, 108.0]]",[],"[[134.0, 30.0, 162.0, 67.0], [134.0, 31.0, 168.0, 70.0], [135.0, 28.0, 167.0, 67.0]]",,-0.014920634920634923,0.21015873015873016
bp_2_317_2,now i come in and find a panther at my desk.,[],"[[4.0, 3.0, 108.0, 122.0], [188.0, 3.0, 394.0, 91.0], [402.0, 18.0, 528.0, 108.0]]",[],"[[134.0, 30.0, 162.0, 67.0], [134.0, 31.0, 168.0, 70.0], [135.0, 28.0, 167.0, 67.0]]",INFORM,0.0,0.0
bp_2_318_2,thought you might like some coffe.,"['internal affairs. the rat squad.', 'never seen him before. but he wears it.']","[[300.0, 59.0, 375.0, 121.0]]","[[253.0, 338.0, 374.0, 376.0], [303.0, 366.0, 429.0, 417.0]]","[[393.0, 84.0, 487.0, 221.0]]",OFFER,0.0,0.0
bp_2_321_2,so long as it is the right choice. not like lew. never like lew.,[],"[[158.0, 20.0, 247.0, 177.0]]",[],"[[44.0, 209.0, 210.0, 410.0]]",INFORM,0.11785714285714285,0.46785714285714286
bp_2_321_3,"i am a child, now. you prtect an old man-- tell him lies and half-truths.",[],"[[26.0, 3.0, 257.0, 69.0], [33.0, 342.0, 96.0, 379.0], [76.0, 380.0, 168.0, 450.0]]",[],"[[8.0, 50.0, 195.0, 273.0], [-1.0, -1.0, -1.0, -1.0], [9.0, 49.0, 197.0, 270.0]]",,0.1,0.2
bp_2_321_3,Pop--,[],"[[26.0, 3.0, 257.0, 69.0], [33.0, 342.0, 96.0, 379.0], [76.0, 380.0, 168.0, 450.0]]",[],"[[8.0, 50.0, 195.0, 273.0], [-1.0, -1.0, -1.0, -1.0], [9.0, 49.0, 197.0, 270.0]]",BACKCHANNEL,0.0,0.0
bp_2_321_3,"street cop for 20 years, boy.",[],"[[26.0, 3.0, 257.0, 69.0], [33.0, 342.0, 96.0, 379.0], [76.0, 380.0, 168.0, 450.0]]",[],"[[8.0, 50.0, 195.0, 273.0], [-1.0, -1.0, -1.0, -1.0], [9.0, 49.0, 197.0, 270.0]]",INFORM,0.0,0.0
bp_2_325_3,gasp!,[],"[[299.0, 50.0, 378.0, 81.0], [278.0, 92.0, 392.0, 156.0]]",[],"[[-1.0, -1.0, -1.0, -1.0], [-1.0, -1.0, -1.0, -1.0]]",BACKCHANNEL,0.0,0.0
bp_2_325_3,mother! look at what is happening in dakenia!,[],"[[299.0, 50.0, 378.0, 81.0], [278.0, 92.0, 392.0, 156.0]]",[],"[[-1.0, -1.0, -1.0, -1.0], [-1.0, -1.0, -1.0, -1.0]]",,0.0,0.0
bp_2_328_2,dump 'em in the river.,[],"[[11.0, 23.0, 89.0, 72.0], [98.0, 31.0, 219.0, 78.0], [82.0, 86.0, 206.0, 135.0], [112.0, 143.0, 213.0, 195.0]]",[],"[[-1.0, -1.0, -1.0, -1.0], [-1.0, -1.0, -1.0, -1.0], [-1.0, -1.0, -1.0, -1.0], [-1.0, -1.0, -1.0, -1.0]]",ORDER,0.0,0.0
bp_2_328_2,"don't get in with this guy, kasper.",[],"[[11.0, 23.0, 89.0, 72.0], [98.0, 31.0, 219.0, 78.0], [82.0, 86.0, 206.0, 135.0], [112.0, 143.0, 213.0, 195.0]]",[],"[[-1.0, -1.0, -1.0, -1.0], [-1.0, -1.0, -1.0, -1.0], [-1.0, -1.0, -1.0, -1.0], [-1.0, -1.0, -1.0, -1.0]]",ORDER,0.0,0.0
bp_2_328_2,and hello-- you are not the black panther.,[],"[[11.0, 23.0, 89.0, 72.0], [98.0, 31.0, 219.0, 78.0], [82.0, 86.0, 206.0, 135.0], [112.0, 143.0, 213.0, 195.0]]",[],"[[-1.0, -1.0, -1.0, -1.0], [-1.0, -1.0, -1.0, -1.0], [-1.0, -1.0, -1.0, -1.0], [-1.0, -1.0, -1.0, -1.0]]",INFORM,-0.16666666666666666,0.43333333333333335
bp_2_328_2,too ugly and too broke.,[],"[[11.0, 23.0, 89.0, 72.0], [98.0, 31.0, 219.0, 78.0], [82.0, 86.0, 206.0, 135.0], [112.0, 143.0, 213.0, 195.0]]",[],"[[-1.0, -1.0, -1.0, -1.0], [-1.0, -1.0, -1.0, -1.0], [-1.0, -1.0, -1.0, -1.0], [-1.0, -1.0, -1.0, -1.0]]",NOT_CLASSIFIABLE,-0.7,1.0
bp_2_331_2,i get a loyal worker bee here in the states while i rebuild my province in wakanda.,[],"[[290.0, 51.0, 451.0, 135.0]]",[],"[[24.0, 63.0, 234.0, 240.0]]",INFORM,0.3333333333333333,0.8333333333333334
bp_2_333_0,kasper...seriously...... think you could stop hurling anytime soon...?,[],"[[19.0, 5.0, 157.0, 110.0], [19.0, 114.0, 74.0, 168.0], [186.0, 517.0, 336.0, 628.0]]",[],"[[147.0, 95.0, 232.0, 208.0], [61.0, 214.0, 169.0, 361.0], [266.0, 178.0, 367.0, 330.0]]",,0.0,0.0
bp_2_333_0,who sent you?,[],"[[19.0, 5.0, 157.0, 110.0], [19.0, 114.0, 74.0, 168.0], [186.0, 517.0, 336.0, 628.0]]",[],"[[147.0, 95.0, 232.0, 208.0], [61.0, 214.0, 169.0, 361.0], [266.0, 178.0, 367.0, 330.0]]",WHY_QUESTION,0.0,0.0
bp_2_333_0,a friend.someone who knows you two are in way over your heads.,[],"[[19.0, 5.0, 157.0, 110.0], [19.0, 114.0, 74.0, 168.0], [186.0, 517.0, 336.0, 628.0]]",[],"[[147.0, 95.0, 232.0, 208.0], [61.0, 214.0, 169.0, 361.0], [266.0, 178.0, 367.0, 330.0]]",,0.0,0.0
bp_2_333_1,so what better way to skip the kid out of town than to flush down the supply route between here and chi-town.,[],"[[6.0, 4.0, 157.0, 116.0], [13.0, 369.0, 225.0, 549.0]]",[],"[[24.0, 154.0, 218.0, 330.0], [24.0, 154.0, 218.0, 330.0]]",NOT_CLASSIFIABLE,0.17222222222222222,0.3944444444444445
bp_2_333_1,"using panther's wakandan central net to hack into dea files, we got a list of safe houseslook for one that most recently had the utilities turned on.",[],"[[6.0, 4.0, 157.0, 116.0], [13.0, 369.0, 225.0, 549.0]]",[],"[[24.0, 154.0, 218.0, 330.0], [24.0, 154.0, 218.0, 330.0]]",,0.2,0.3
bp_2_333_2,"66 bridges originated in chicago, growing out of a gandowned record company.",[],"[[26.0, 333.0, 220.0, 415.0], [122.0, 417.0, 239.0, 488.0]]",[],"[[19.0, 26.0, 216.0, 303.0], [20.0, 26.0, 213.0, 301.0]]",INFORM,0.0,0.0
bp_2_333_2,new york supplies their friends in chicago--,[],"[[26.0, 333.0, 220.0, 415.0], [122.0, 417.0, 239.0, 488.0]]",[],"[[19.0, 26.0, 216.0, 303.0], [20.0, 26.0, 213.0, 301.0]]",INFORM,0.13636363636363635,0.45454545454545453
bp_3_335_1,"we're the #$*& united states of *$ #$ america! where do a bunch of jungle bunnies get off telling us they've got a ""no fly"" zone over their thatched hut?",[],"[[273.0, 23.0, 491.0, 177.0]]",[],"[[366.0, 233.0, 395.0, 261.0]]",,-0.4,0.9
bp_3_336_0,is there someone here who can give us some accurate intel on these people?,[],"[[285.0, 7.0, 481.0, 66.0]]",[],"[[144.0, 22.0, 243.0, 137.0]]",YES-NO_QUESTION,0.4000000000000001,0.6333333333333333
bp_3_336_1,"the wakandans have a warrior spirit that makes the vietnamese look like, well, the french.they have also maintained a technological superiority that defies explanation.",[],"[[46.0, 4.0, 314.0, 105.0], [387.0, 5.0, 551.0, 52.0]]",[],"[[96.0, 132.0, 148.0, 194.0], [406.0, 215.0, 496.0, 308.0]]",,0.0,0.0
bp_3_336_1,where'd they get their tech from soviets?,[],"[[46.0, 4.0, 314.0, 105.0], [387.0, 5.0, 551.0, 52.0]]",[],"[[96.0, 132.0, 148.0, 194.0], [406.0, 215.0, 496.0, 308.0]]",WHY_QUESTION,0.0,0.0
bp_3_336_3,wakanda is a small country in africe notable for never having been conquered in its entire history.,[],"[[108.0, 9.0, 337.0, 83.0]]",[],"[[45.0, 117.0, 128.0, 227.0]]",INFORM,0.08333333333333333,0.5083333333333333
bp_3_336_5,...unprecedented.,[],"[[189.0, 27.0, 344.0, 59.0]]",[],"[[-1.0, -1.0, -1.0, -1.0]]",INFORM,0.0,0.0
bp_3_337_4,--they don't even pump it.,[],"[[17.0, 22.0, 134.0, 78.0]]",[],"[[11.0, 72.0, 253.0, 363.0]]",INFORM,0.0,0.0
bp_3_338_3,"if this guy is all that, who can handle him?",[],"[[29.0, 40.0, 168.0, 101.0]]",[],"[[23.0, 191.0, 131.0, 306.0]]",WHY_QUESTION,0.0,0.0
bp_3_339_3,"let's say i join your team. if these wakandans are all you say they are, what are our chances of success?",[],"[[42.0, 6.0, 299.0, 89.0], [285.0, 5.0, 486.0, 95.0]]",[],"[[51.0, 201.0, 84.0, 236.0], [321.0, 200.0, 355.0, 233.0]]",,0.3,0.0
bp_3_339_3,pretty good. i've already killed black panther 15 years ago. i almost killed his son then.,[],"[[42.0, 6.0, 299.0, 89.0], [285.0, 5.0, 486.0, 95.0]]",[],"[[51.0, 201.0, 84.0, 236.0], [321.0, 200.0, 355.0, 233.0]]",,0.07666666666666667,0.4066666666666666
bp_3_339_4,obviously a presidential pardon is appealing.,[],"[[555.0, 80.0, 688.0, 143.0]]",[],"[[-1.0, -1.0, -1.0, -1.0]]",INFORM,0.25,0.5
bp_3_340_1,his name is t'challa. son of t'chaka.,[],"[[870.0, 91.0, 1007.0, 194.0]]",[],"[[313.0, 3.0, 837.0, 434.0]]",,0.0,0.0
bp_3_340_2,"... you've told us a lot about wakanda, everett. they've got incredible natural resources, technology on par with the u.s.a. --",[],"[[55.0, 26.0, 306.0, 150.0]]",[],"[[-1.0, -1.0, -1.0, -1.0]]",,0.5,0.65
bp_3_341_3,"look, son...",[],"[[219.0, 58.0, 289.0, 102.0]]",[],"[[37.0, 157.0, 194.0, 378.0]]",ORDER,0.0,0.0
bp_3_344_2,who is it?,[],"[[250.0, 95.0, 317.0, 133.0]]",[],"[[-1.0, -1.0, -1.0, -1.0]]",WHY_QUESTION,0.0,0.0
bp_3_344_4,good choice. when should i come back?,[],"[[161.0, 32.0, 340.0, 134.0]]",[],"[[313.0, 88.0, 549.0, 401.0]]",,0.35,0.30000000000000004
bp_3_346_0,oh no! call clean-up!,[],"[[290.0, 44.0, 423.0, 110.0]]",[],"[[-1.0, -1.0, -1.0, -1.0]]",,0.0,0.0
bp_3_346_4,excuse me-- sir? are you still here?,[],"[[78.0, 18.0, 248.0, 100.0]]",[],"[[253.0, 85.0, 335.0, 171.0]]",,-0.05,0.05
bp_3_347_0,and i thought my hand was dangerous.,[],"[[303.0, 19.0, 443.0, 96.0], [336.0, 107.0, 485.0, 202.0]]",[],"[[635.0, 9.0, 804.0, 172.0], [634.0, 6.0, 802.0, 171.0]]",INFORM,-0.6,0.9
bp_3_347_0,"between the two of us, the black panther doesn't stand a chance!",[],"[[303.0, 19.0, 443.0, 96.0], [336.0, 107.0, 485.0, 202.0]]",[],"[[635.0, 9.0, 804.0, 172.0], [634.0, 6.0, 802.0, 171.0]]",INFORM,-0.20833333333333331,0.43333333333333335
bp_3_347_1,need a lift?,[],"[[46.0, 80.0, 146.0, 128.0], [143.0, 145.0, 223.0, 187.0]]",[],"[[92.0, 347.0, 221.0, 456.0], [318.0, 35.0, 392.0, 161.0]]",YES-NO_QUESTION,0.0,0.0
bp_3_347_1,sure sailor.,[],"[[46.0, 80.0, 146.0, 128.0], [143.0, 145.0, 223.0, 187.0]]",[],"[[92.0, 347.0, 221.0, 456.0], [318.0, 35.0, 392.0, 161.0]]",FEEDBACK,0.5,0.8888888888888888
bp_3_347_3,you really are a cannibal.,[],"[[87.0, 40.0, 230.0, 113.0], [215.0, 99.0, 330.0, 152.0], [320.0, 49.0, 476.0, 131.0]]",[],"[[130.0, 226.0, 183.0, 261.0], [359.0, 228.0, 422.0, 261.0], [127.0, 223.0, 181.0, 259.0]]",INFORM,0.2,0.2
bp_3_347_3,i prefer the term--,[],"[[87.0, 40.0, 230.0, 113.0], [215.0, 99.0, 330.0, 152.0], [320.0, 49.0, 476.0, 131.0]]",[],"[[130.0, 226.0, 183.0, 261.0], [359.0, 228.0, 422.0, 261.0], [127.0, 223.0, 181.0, 259.0]]",INFORM,0.0,0.0
bp_3_347_3,"whatever,so now you're a woman.how does it feel?",[],"[[87.0, 40.0, 230.0, 113.0], [215.0, 99.0, 330.0, 152.0], [320.0, 49.0, 476.0, 131.0]]",[],"[[130.0, 226.0, 183.0, 261.0], [359.0, 228.0, 422.0, 261.0], [127.0, 223.0, 181.0, 259.0]]",,0.0,0.0
bp_3_350_3,"then why go at all, t'challa?",[],"[[43.0, 5.0, 244.0, 71.0], [242.0, 86.0, 407.0, 182.0]]",[],"[[37.0, 203.0, 186.0, 376.0], [390.0, 138.0, 483.0, 355.0]]",WHY_QUESTION,0.0,0.0
bp_3_350_3,"because you asked me to, logan.",[],"[[43.0, 5.0, 244.0, 71.0], [242.0, 86.0, 407.0, 182.0]]",[],"[[37.0, 203.0, 186.0, 376.0], [390.0, 138.0, 483.0, 355.0]]",FEEDBACK,0.0,0.0
bp_3_353_1,of course not.,[],"[[10.0, 10.0, 99.0, 71.0], [52.0, 63.0, 260.0, 188.0], [139.0, 403.0, 266.0, 463.0], [114.0, 457.0, 177.0, 494.0]]",[],"[[67.0, 200.0, 96.0, 231.0], [66.0, 200.0, 91.0, 226.0], [131.0, 214.0, 166.0, 242.0], [65.0, 199.0, 96.0, 227.0]]",NOT_CLASSIFIABLE,0.0,0.0
bp_3_353_1,"in a worst-case scenario, the panther god could consume your immortal soul, but that's pretty unlikely.",[],"[[10.0, 10.0, 99.0, 71.0], [52.0, 63.0, 260.0, 188.0], [139.0, 403.0, 266.0, 463.0], [114.0, 457.0, 177.0, 494.0]]",[],"[[67.0, 200.0, 96.0, 231.0], [66.0, 200.0, 91.0, 226.0], [131.0, 214.0, 166.0, 242.0], [65.0, 199.0, 96.0, 227.0]]",INFORM,-0.125,0.75
bp_3_353_1,you're not joking.,[],"[[10.0, 10.0, 99.0, 71.0], [52.0, 63.0, 260.0, 188.0], [139.0, 403.0, 266.0, 463.0], [114.0, 457.0, 177.0, 494.0]]",[],"[[67.0, 200.0, 96.0, 231.0], [66.0, 200.0, 91.0, 226.0], [131.0, 214.0, 166.0, 242.0], [65.0, 199.0, 96.0, 227.0]]",INFORM,0.0,0.0
bp_3_353_1,no.,[],"[[10.0, 10.0, 99.0, 71.0], [52.0, 63.0, 260.0, 188.0], [139.0, 403.0, 266.0, 463.0], [114.0, 457.0, 177.0, 494.0]]",[],"[[67.0, 200.0, 96.0, 231.0], [66.0, 200.0, 91.0, 226.0], [131.0, 214.0, 166.0, 242.0], [65.0, 199.0, 96.0, 227.0]]",NOT_CLASSIFIABLE,0.0,0.0
bp_3_353_2,then you agree to the ritual.,[],"[[37.0, 17.0, 187.0, 99.0], [591.0, 4.0, 808.0, 65.0], [575.0, 46.0, 671.0, 105.0], [630.0, 155.0, 748.0, 209.0]]",[],"[[228.0, 4.0, 526.0, 333.0], [853.0, 86.0, 1051.0, 330.0], [226.0, 3.0, 526.0, 331.0], [854.0, 84.0, 1050.0, 328.0]]",INFORM,0.0,0.0
bp_3_353_2,you didn't answer my question,[],"[[37.0, 17.0, 187.0, 99.0], [591.0, 4.0, 808.0, 65.0], [575.0, 46.0, 671.0, 105.0], [630.0, 155.0, 748.0, 209.0]]",[],"[[228.0, 4.0, 526.0, 333.0], [853.0, 86.0, 1051.0, 330.0], [226.0, 3.0, 526.0, 331.0], [854.0, 84.0, 1050.0, 328.0]]",INFORM,0.0,0.0
bp_3_353_2,you first,[],"[[37.0, 17.0, 187.0, 99.0], [591.0, 4.0, 808.0, 65.0], [575.0, 46.0, 671.0, 105.0], [630.0, 155.0, 748.0, 209.0]]",[],"[[228.0, 4.0, 526.0, 333.0], [853.0, 86.0, 1051.0, 330.0], [226.0, 3.0, 526.0, 331.0], [854.0, 84.0, 1050.0, 328.0]]",FEEDBACK,0.25,0.3333333333333333
bp_3_353_2,who--?,[],"[[37.0, 17.0, 187.0, 99.0], [591.0, 4.0, 808.0, 65.0], [575.0, 46.0, 671.0, 105.0], [630.0, 155.0, 748.0, 209.0]]",[],"[[228.0, 4.0, 526.0, 333.0], [853.0, 86.0, 1051.0, 330.0], [226.0, 3.0, 526.0, 331.0], [854.0, 84.0, 1050.0, 328.0]]",WHY_QUESTION,0.0,0.0
bp_3_353_3,ah. right on time.,[],"[[193.0, 19.0, 319.0, 79.0]]",[],"[[165.0, 77.0, 219.0, 148.0]]",,0.2857142857142857,0.5357142857142857
bp_3_354_0,what the hell?!,[],"[[744.0, 65.0, 846.0, 108.0]]",[],"[[519.0, 12.0, 640.0, 118.0]]",WHY_QUESTION,0.0,0.0
bp_3_354_1,t'challa...?,[],"[[507.0, 31.0, 626.0, 62.0], [588.0, 98.0, 707.0, 127.0]]",[],"[[252.0, 2.0, 490.0, 258.0], [750.0, 4.0, 1047.0, 207.0]]",YES-NO_QUESTION,0.0,0.0
bp_3_354_1,t'challa...?,[],"[[507.0, 31.0, 626.0, 62.0], [588.0, 98.0, 707.0, 127.0]]",[],"[[252.0, 2.0, 490.0, 258.0], [750.0, 4.0, 1047.0, 207.0]]",YES-NO_QUESTION,0.0,0.0
bp_3_355_1,i am calling on you--,[],"[[301.0, 3.0, 449.0, 52.0], [456.0, 4.0, 612.0, 91.0], [769.0, 138.0, 1139.0, 248.0]]",[],"[[699.0, 6.0, 785.0, 154.0], [695.0, 2.0, 782.0, 153.0], [695.0, 1.0, 779.0, 152.0]]",INFORM,0.0,0.0
bp_3_355_1,--two of my oldest and dearest friends--,[],"[[301.0, 3.0, 449.0, 52.0], [456.0, 4.0, 612.0, 91.0], [769.0, 138.0, 1139.0, 248.0]]",[],"[[699.0, 6.0, 785.0, 154.0], [695.0, 2.0, 782.0, 153.0], [695.0, 1.0, 779.0, 152.0]]",INFORM,0.0,0.0
bp_3_355_1,--to take advantage of the neutral ground that wakanda provides. let the spirit of the day rekindle friendships that are deeper than whatever differences separate us.,[],"[[301.0, 3.0, 449.0, 52.0], [456.0, 4.0, 612.0, 91.0], [769.0, 138.0, 1139.0, 248.0]]",[],"[[699.0, 6.0, 785.0, 154.0], [695.0, 2.0, 782.0, 153.0], [695.0, 1.0, 779.0, 152.0]]",,0.0,0.0
bp_3_357_3,"tony, i've listened to you. now listen to me:",[],"[[22.0, 8.0, 297.0, 43.0], [87.0, 62.0, 292.0, 146.0]]",[],"[[54.0, 240.0, 251.0, 454.0], [55.0, 239.0, 252.0, 453.0]]",,0.0,0.0
bp_3_357_3,"this cancer that is eating away at the soul of your country, it has no home here.",[],"[[22.0, 8.0, 297.0, 43.0], [87.0, 62.0, 292.0, 146.0]]",[],"[[54.0, 240.0, 251.0, 454.0], [55.0, 239.0, 252.0, 453.0]]",INFORM,0.0,0.0
bp_3_357_4,crystal.,[],"[[47.0, 17.0, 155.0, 43.0], [46.0, 56.0, 192.0, 162.0]]",[],"[[57.0, 182.0, 104.0, 230.0], [57.0, 182.0, 103.0, 227.0]]",NOT_CLASSIFIABLE,0.0,0.0
bp_3_357_4,give my regards to ororo.tell her i'm sorry i couldn't stay.,[],"[[47.0, 17.0, 155.0, 43.0], [46.0, 56.0, 192.0, 162.0]]",[],"[[57.0, 182.0, 104.0, 230.0], [57.0, 182.0, 103.0, 227.0]]",,-0.5,1.0
bp_3_357_5,am i clear?,[],"[[41.0, 47.0, 123.0, 89.0]]",[],"[[20.0, 112.0, 273.0, 578.0]]",YES-NO_QUESTION,0.09999999999999999,0.3833333333333333
bp_3_359_1,let's do this.,[],"[[353.0, 24.0, 447.0, 63.0]]",[],"[[165.0, 13.0, 328.0, 181.0]]",COMMIT,0.0,0.0
bp_3_361_3,"if you would at least consider a conversation, it might be a worth a lot to both of us. my door is always open.",[],"[[36.0, 7.0, 259.0, 133.0]]",[],"[[120.0, 274.0, 432.0, 586.0]]",,0.0,0.3333333333333333
bp_3_362_2,"we must be sure and tell prince namor ""thank you"" for use of this island. it's uncharted, but more important...",[],"[[621.0, 2.0, 909.0, 114.0]]",[],"[[934.0, 5.0, 1149.0, 312.0]]",,0.4666666666666666,0.7962962962962963
bp_3_363_1,behind the smiles and the gifts lurks fear. people look at us as a couple and quiver.,[],"[[3.0, 5.0, 352.0, 62.0], [70.0, 64.0, 292.0, 174.0], [305.0, 84.0, 482.0, 183.0], [266.0, 179.0, 375.0, 215.0]]",[],"[[218.0, 222.0, 254.0, 258.0], [218.0, 222.0, 253.0, 256.0], [263.0, 240.0, 306.0, 266.0], [217.0, 220.0, 252.0, 259.0]]",,-0.4,0.7
bp_3_363_1,"too much power, too much wealth, too well connected. they think we might take over the world.",[],"[[3.0, 5.0, 352.0, 62.0], [70.0, 64.0, 292.0, 174.0], [305.0, 84.0, 482.0, 183.0], [266.0, 179.0, 375.0, 215.0]]",[],"[[218.0, 222.0, 254.0, 258.0], [218.0, 222.0, 253.0, 256.0], [263.0, 240.0, 306.0, 266.0], [217.0, 220.0, 252.0, 259.0]]",,0.2,0.2
bp_3_363_1,so you want to do a goodwill tour to assuage their fears.,[],"[[3.0, 5.0, 352.0, 62.0], [70.0, 64.0, 292.0, 174.0], [305.0, 84.0, 482.0, 183.0], [266.0, 179.0, 375.0, 215.0]]",[],"[[218.0, 222.0, 254.0, 258.0], [218.0, 222.0, 253.0, 256.0], [263.0, 240.0, 306.0, 266.0], [217.0, 220.0, 252.0, 259.0]]",FEEDBACK,0.0,0.0
bp_3_363_1,exactly.,[],"[[3.0, 5.0, 352.0, 62.0], [70.0, 64.0, 292.0, 174.0], [305.0, 84.0, 482.0, 183.0], [266.0, 179.0, 375.0, 215.0]]",[],"[[218.0, 222.0, 254.0, 258.0], [218.0, 222.0, 253.0, 256.0], [263.0, 240.0, 306.0, 266.0], [217.0, 220.0, 252.0, 259.0]]",FEEDBACK,0.25,0.25
bp_3_363_3,are we going to see him soon?is there a regular meeting of super-powered monarchs that we'll be attending?,[],"[[4.0, 9.0, 327.0, 77.0], [87.0, 497.0, 328.0, 617.0]]",[],"[[22.0, 176.0, 173.0, 318.0], [346.0, 250.0, 552.0, 427.0]]",,0.0,0.07692307692307693
bp_3_363_3,"well, not a ""regular meeting,"" no.but i thought it would be a good idea for us to visit some of the larger centers of global power.",[],"[[4.0, 9.0, 327.0, 77.0], [87.0, 497.0, 328.0, 617.0]]",[],"[[22.0, 176.0, 173.0, 318.0], [346.0, 250.0, 552.0, 427.0]]",,0.175,0.29423076923076924
bp_3_364_3,"you could think that... ..there are no facts to support it, but you could think that.",[],"[[209.0, 25.0, 377.0, 212.0]]",[],"[[484.0, 8.0, 916.0, 256.0]]",INFORM,0.0,0.0
bp_3_365_3,i am doom!,[],"[[376.0, 36.0, 465.0, 89.0], [773.0, 18.0, 881.0, 54.0]]",[],"[[-1.0, -1.0, -1.0, -1.0], [675.0, 7.0, 752.0, 99.0]]",INFORM,0.0,0.0
bp_3_365_3,goodbye.,[],"[[376.0, 36.0, 465.0, 89.0], [773.0, 18.0, 881.0, 54.0]]",[],"[[-1.0, -1.0, -1.0, -1.0], [675.0, 7.0, 752.0, 99.0]]",BYE,0.0,0.0
bp_3_366_0,what happened to the lights?,[],"[[265.0, 39.0, 421.0, 109.0], [346.0, 91.0, 602.0, 197.0]]",[],"[[20.0, 36.0, 257.0, 344.0], [620.0, 104.0, 936.0, 406.0]]",WHY_QUESTION,0.0,0.0
bp_3_366_0,what? i can't hear you! my hearing aid isn't working!,[],"[[265.0, 39.0, 421.0, 109.0], [346.0, 91.0, 602.0, 197.0]]",[],"[[20.0, 36.0, 257.0, 344.0], [620.0, 104.0, 936.0, 406.0]]",,0.0,0.0
bp_3_366_3,"looks like someone cut your puppets' strings, doom.",[],"[[178.0, 209.0, 361.0, 322.0]]",[],"[[173.0, 546.0, 369.0, 810.0]]",INFORM,0.0,0.0
bp_3_367_1,"put us down here, please.",[],"[[450.0, 5.0, 623.0, 53.0], [422.0, 52.0, 559.0, 116.0], [522.0, 103.0, 704.0, 193.0]]",[],"[[294.0, 138.0, 537.0, 345.0], [163.0, 2.0, 326.0, 183.0], [297.0, 139.0, 534.0, 341.0]]",,-0.15555555555555556,0.2888888888888889
bp_3_367_1,but the ship won't fly.,[],"[[450.0, 5.0, 623.0, 53.0], [422.0, 52.0, 559.0, 116.0], [522.0, 103.0, 704.0, 193.0]]",[],"[[294.0, 138.0, 537.0, 345.0], [163.0, 2.0, 326.0, 183.0], [297.0, 139.0, 534.0, 341.0]]",INFORM,0.8,0.9
bp_3_367_1,it will. the vibranium hull protected it from the effect of the emp.,[],"[[450.0, 5.0, 623.0, 53.0], [422.0, 52.0, 559.0, 116.0], [522.0, 103.0, 704.0, 193.0]]",[],"[[294.0, 138.0, 537.0, 345.0], [163.0, 2.0, 326.0, 183.0], [297.0, 139.0, 534.0, 341.0]]",,0.0,0.0
bp_3_368_0,"and who's in this ""super hero army""?",[],"[[321.0, 264.0, 456.0, 323.0], [250.0, 324.0, 447.0, 411.0], [347.0, 418.0, 451.0, 484.0]]",[],"[[-1.0, -1.0, -1.0, -1.0], [-1.0, -1.0, -1.0, -1.0], [-1.0, -1.0, -1.0, -1.0]]",WHY_QUESTION,0.3333333333333333,0.6666666666666666
bp_3_368_0,"well, the core members are panther, storm, dr. doom and namor. the new ""frightful four.",[],"[[321.0, 264.0, 456.0, 323.0], [250.0, 324.0, 447.0, 411.0], [347.0, 418.0, 451.0, 484.0]]",[],"[[-1.0, -1.0, -1.0, -1.0], [-1.0, -1.0, -1.0, -1.0], [-1.0, -1.0, -1.0, -1.0]]",,0.13636363636363635,0.45454545454545453
bp_3_368_0,are you saying they call themselves that?,[],"[[321.0, 264.0, 456.0, 323.0], [250.0, 324.0, 447.0, 411.0], [347.0, 418.0, 451.0, 484.0]]",[],"[[-1.0, -1.0, -1.0, -1.0], [-1.0, -1.0, -1.0, -1.0], [-1.0, -1.0, -1.0, -1.0]]",YES-NO_QUESTION,0.0,0.0
bp_3_368_4,so what happens when this bad information blows up like yellow cake?,[],"[[110.0, 224.0, 274.0, 307.0], [36.0, 286.0, 135.0, 357.0]]",[],"[[133.0, 33.0, 216.0, 137.0], [-1.0, -1.0, -1.0, -1.0]]",WHY_QUESTION,-0.3499999999999999,0.3333333333333333
bp_3_368_4,i have a feeling wakanda will blow up first.,[],"[[110.0, 224.0, 274.0, 307.0], [36.0, 286.0, 135.0, 357.0]]",[],"[[133.0, 33.0, 216.0, 137.0], [-1.0, -1.0, -1.0, -1.0]]",INFORM,0.25,0.3333333333333333
bp_3_370_2,oh hi! i'm tigra. we haven't really met. just kind of in those big rooms with every avenger assembled now and then...,[],"[[169.0, 324.0, 363.0, 428.0]]",[],"[[215.0, 51.0, 277.0, 119.0]]",,0.26666666666666666,0.4000000000000001
bp_3_372_0,so we meet again...,[],"[[276.0, 58.0, 375.0, 129.0], [817.0, 238.0, 929.0, 299.0], [49.0, 736.0, 307.0, 841.0], [94.0, 1016.0, 225.0, 1083.0], [320.0, 741.0, 479.0, 804.0], [479.0, 739.0, 597.0, 802.0], [334.0, 1111.0, 469.0, 1190.0], [707.0, 761.0, 810.0, 827.0], [803.0, 890.0, 863.0, 938.0]]",[],"[[359.0, 190.0, 447.0, 285.0], [772.0, 331.0, 851.0, 417.0], [221.0, 903.0, 306.0, 1009.0], [74.0, 832.0, 183.0, 966.0], [393.0, 859.0, 441.0, 915.0], [495.0, 815.0, 576.0, 898.0], [494.0, 813.0, 558.0, 891.0], [686.0, 817.0, 731.0, 875.0], [785.0, 968.0, 825.0, 1017.0]]",GREET,0.0,0.0
bp_3_372_0,"ah, my ""secret weapon.",[],"[[276.0, 58.0, 375.0, 129.0], [817.0, 238.0, 929.0, 299.0], [49.0, 736.0, 307.0, 841.0], [94.0, 1016.0, 225.0, 1083.0], [320.0, 741.0, 479.0, 804.0], [479.0, 739.0, 597.0, 802.0], [334.0, 1111.0, 469.0, 1190.0], [707.0, 761.0, 810.0, 827.0], [803.0, 890.0, 863.0, 938.0]]",[],"[[359.0, 190.0, 447.0, 285.0], [772.0, 331.0, 851.0, 417.0], [221.0, 903.0, 306.0, 1009.0], [74.0, 832.0, 183.0, 966.0], [393.0, 859.0, 441.0, 915.0], [495.0, 815.0, 576.0, 898.0], [494.0, 813.0, 558.0, 891.0], [686.0, 817.0, 731.0, 875.0], [785.0, 968.0, 825.0, 1017.0]]",GREET,-0.4,0.7
bp_3_372_0,i've thought about you a lot since katrina. i'd really like to... work with you more. develop my abilities. i think i could learn a lot from you.,[],"[[276.0, 58.0, 375.0, 129.0], [817.0, 238.0, 929.0, 299.0], [49.0, 736.0, 307.0, 841.0], [94.0, 1016.0, 225.0, 1083.0], [320.0, 741.0, 479.0, 804.0], [479.0, 739.0, 597.0, 802.0], [334.0, 1111.0, 469.0, 1190.0], [707.0, 761.0, 810.0, 827.0], [803.0, 890.0, 863.0, 938.0]]",[],"[[359.0, 190.0, 447.0, 285.0], [772.0, 331.0, 851.0, 417.0], [221.0, 903.0, 306.0, 1009.0], [74.0, 832.0, 183.0, 966.0], [393.0, 859.0, 441.0, 915.0], [495.0, 815.0, 576.0, 898.0], [494.0, 813.0, 558.0, 891.0], [686.0, 817.0, 731.0, 875.0], [785.0, 968.0, 825.0, 1017.0]]",,0.35,0.35
bp_3_372_0,"i'm glad to hear that, monica.",[],"[[276.0, 58.0, 375.0, 129.0], [817.0, 238.0, 929.0, 299.0], [49.0, 736.0, 307.0, 841.0], [94.0, 1016.0, 225.0, 1083.0], [320.0, 741.0, 479.0, 804.0], [479.0, 739.0, 597.0, 802.0], [334.0, 1111.0, 469.0, 1190.0], [707.0, 761.0, 810.0, 827.0], [803.0, 890.0, 863.0, 938.0]]",[],"[[359.0, 190.0, 447.0, 285.0], [772.0, 331.0, 851.0, 417.0], [221.0, 903.0, 306.0, 1009.0], [74.0, 832.0, 183.0, 966.0], [393.0, 859.0, 441.0, 915.0], [495.0, 815.0, 576.0, 898.0], [494.0, 813.0, 558.0, 891.0], [686.0, 817.0, 731.0, 875.0], [785.0, 968.0, 825.0, 1017.0]]",INFORM,0.5,1.0
bp_3_372_0,i appreciate that you came to the wedding.,[],"[[276.0, 58.0, 375.0, 129.0], [817.0, 238.0, 929.0, 299.0], [49.0, 736.0, 307.0, 841.0], [94.0, 1016.0, 225.0, 1083.0], [320.0, 741.0, 479.0, 804.0], [479.0, 739.0, 597.0, 802.0], [334.0, 1111.0, 469.0, 1190.0], [707.0, 761.0, 810.0, 827.0], [803.0, 890.0, 863.0, 938.0]]",[],"[[359.0, 190.0, 447.0, 285.0], [772.0, 331.0, 851.0, 417.0], [221.0, 903.0, 306.0, 1009.0], [74.0, 832.0, 183.0, 966.0], [393.0, 859.0, 441.0, 915.0], [495.0, 815.0, 576.0, 898.0], [494.0, 813.0, 558.0, 891.0], [686.0, 817.0, 731.0, 875.0], [785.0, 968.0, 825.0, 1017.0]]",INFORM,0.0,0.0
bp_3_372_0,"it was hard, i'll tell you that.",[],"[[276.0, 58.0, 375.0, 129.0], [817.0, 238.0, 929.0, 299.0], [49.0, 736.0, 307.0, 841.0], [94.0, 1016.0, 225.0, 1083.0], [320.0, 741.0, 479.0, 804.0], [479.0, 739.0, 597.0, 802.0], [334.0, 1111.0, 469.0, 1190.0], [707.0, 761.0, 810.0, 827.0], [803.0, 890.0, 863.0, 938.0]]",[],"[[359.0, 190.0, 447.0, 285.0], [772.0, 331.0, 851.0, 417.0], [221.0, 903.0, 306.0, 1009.0], [74.0, 832.0, 183.0, 966.0], [393.0, 859.0, 441.0, 915.0], [495.0, 815.0, 576.0, 898.0], [494.0, 813.0, 558.0, 891.0], [686.0, 817.0, 731.0, 875.0], [785.0, 968.0, 825.0, 1017.0]]",INFORM,-0.2916666666666667,0.5416666666666666
bp_3_372_0,"speaking of which, where is your wife...?",[],"[[276.0, 58.0, 375.0, 129.0], [817.0, 238.0, 929.0, 299.0], [49.0, 736.0, 307.0, 841.0], [94.0, 1016.0, 225.0, 1083.0], [320.0, 741.0, 479.0, 804.0], [479.0, 739.0, 597.0, 802.0], [334.0, 1111.0, 469.0, 1190.0], [707.0, 761.0, 810.0, 827.0], [803.0, 890.0, 863.0, 938.0]]",[],"[[359.0, 190.0, 447.0, 285.0], [772.0, 331.0, 851.0, 417.0], [221.0, 903.0, 306.0, 1009.0], [74.0, 832.0, 183.0, 966.0], [393.0, 859.0, 441.0, 915.0], [495.0, 815.0, 576.0, 898.0], [494.0, 813.0, 558.0, 891.0], [686.0, 817.0, 731.0, 875.0], [785.0, 968.0, 825.0, 1017.0]]",WHY_QUESTION,0.0,0.0
bp_3_372_0,at the embassy.,[],"[[276.0, 58.0, 375.0, 129.0], [817.0, 238.0, 929.0, 299.0], [49.0, 736.0, 307.0, 841.0], [94.0, 1016.0, 225.0, 1083.0], [320.0, 741.0, 479.0, 804.0], [479.0, 739.0, 597.0, 802.0], [334.0, 1111.0, 469.0, 1190.0], [707.0, 761.0, 810.0, 827.0], [803.0, 890.0, 863.0, 938.0]]",[],"[[359.0, 190.0, 447.0, 285.0], [772.0, 331.0, 851.0, 417.0], [221.0, 903.0, 306.0, 1009.0], [74.0, 832.0, 183.0, 966.0], [393.0, 859.0, 441.0, 915.0], [495.0, 815.0, 576.0, 898.0], [494.0, 813.0, 558.0, 891.0], [686.0, 817.0, 731.0, 875.0], [785.0, 968.0, 825.0, 1017.0]]",INFORM,0.0,0.0
bp_3_372_0,oh.,[],"[[276.0, 58.0, 375.0, 129.0], [817.0, 238.0, 929.0, 299.0], [49.0, 736.0, 307.0, 841.0], [94.0, 1016.0, 225.0, 1083.0], [320.0, 741.0, 479.0, 804.0], [479.0, 739.0, 597.0, 802.0], [334.0, 1111.0, 469.0, 1190.0], [707.0, 761.0, 810.0, 827.0], [803.0, 890.0, 863.0, 938.0]]",[],"[[359.0, 190.0, 447.0, 285.0], [772.0, 331.0, 851.0, 417.0], [221.0, 903.0, 306.0, 1009.0], [74.0, 832.0, 183.0, 966.0], [393.0, 859.0, 441.0, 915.0], [495.0, 815.0, 576.0, 898.0], [494.0, 813.0, 558.0, 891.0], [686.0, 817.0, 731.0, 875.0], [785.0, 968.0, 825.0, 1017.0]]",FEEDBACK,0.0,0.0
bp_3_373_0,...about registration.,[],"[[373.0, 33.0, 501.0, 74.0]]",[],"[[279.0, 55.0, 348.0, 145.0]]",INFORM,0.0,0.0
bp_3_374_0,you were saying?,[],"[[518.0, 12.0, 609.0, 59.0]]",[],"[[347.0, 14.0, 529.0, 201.0]]",WHY_QUESTION,0.0,0.0
bp_3_375_0,"wow, what a finish!",[],"[[311.0, 39.0, 397.0, 99.0]]",[],"[[428.0, 52.0, 575.0, 205.0]]",,0.125,1.0
bp_3_375_3,"look, are you okay? because i'm going to look for reed now.",[],"[[29.0, 6.0, 181.0, 55.0], [103.0, 59.0, 197.0, 121.0]]",[],"[[80.0, 183.0, 132.0, 259.0], [223.0, 142.0, 300.0, 221.0]]",,0.5,0.5
bp_3_375_3,"oh...i'm fine. i need to look for my husband, too.",[],"[[29.0, 6.0, 181.0, 55.0], [103.0, 59.0, 197.0, 121.0]]",[],"[[80.0, 183.0, 132.0, 259.0], [223.0, 142.0, 300.0, 221.0]]",,0.4166666666666667,0.5
bp_3_375_4,"wow, did you know he was that strong? i mean he's hercules, but still--",[],"[[14.0, 1.0, 194.0, 58.0], [194.0, 4.0, 355.0, 71.0]]",[],"[[82.0, 126.0, 170.0, 237.0], [195.0, 97.0, 306.0, 229.0]]",,0.07361111111111111,0.8069444444444445
bp_3_375_4,i don't think he's going to need our assistance on this one.,[],"[[14.0, 1.0, 194.0, 58.0], [194.0, 4.0, 355.0, 71.0]]",[],"[[82.0, 126.0, 170.0, 237.0], [195.0, 97.0, 306.0, 229.0]]",INFORM,0.0,0.0
bp_3_377_0,no... no...,[],"[[30.0, 72.0, 102.0, 129.0], [104.0, 52.0, 291.0, 152.0]]",[],"[[89.0, 533.0, 345.0, 824.0], [235.0, 161.0, 334.0, 258.0]]",FEEDBACK,0.0,0.0
bp_3_377_0,"fear not, daughter. we will reconnect you to your essence.",[],"[[30.0, 72.0, 102.0, 129.0], [104.0, 52.0, 291.0, 152.0]]",[],"[[89.0, 533.0, 345.0, 824.0], [235.0, 161.0, 334.0, 258.0]]",,0.0,0.0
bp_3_377_2,"even if they can't, you can take panther-training...",[],"[[207.0, 365.0, 365.0, 481.0], [49.0, 354.0, 206.0, 460.0]]",[],"[[260.0, 20.0, 376.0, 185.0], [140.0, 516.0, 363.0, 909.0]]",INFORM,0.0,0.0
bp_3_377_2,maybe xavier -- even emma -- maybe they can help ...,[],"[[207.0, 365.0, 365.0, 481.0], [49.0, 354.0, 206.0, 460.0]]",[],"[[260.0, 20.0, 376.0, 185.0], [140.0, 516.0, 363.0, 909.0]]",INFORM,0.0,0.0
bp_3_379_0,"damn, i can't... stay lit!",[],"[[297.0, 344.0, 429.0, 431.0]]",[],"[[592.0, 98.0, 776.0, 293.0]]",,0.0,0.0
bp_3_381_1,look at 'em. now he's got the crowd on his side. and you can imagine how they're celebratin' up in harlem.,[],"[[800.0, 14.0, 1020.0, 152.0], [1050.0, 34.0, 1250.0, 133.0]]",[],"[[982.0, 159.0, 1055.0, 266.0], [1103.0, 191.0, 1179.0, 280.0]]",,0.0,0.0
bp_3_381_1,this ain't a good look for biggie.... not at all.,[],"[[800.0, 14.0, 1020.0, 152.0], [1050.0, 34.0, 1250.0, 133.0]]",[],"[[982.0, 159.0, 1055.0, 266.0], [1103.0, 191.0, 1179.0, 280.0]]",,0.7,0.6000000000000001
bp_3_382_1,still don't trust me? that's okay. i don't trust you either.,[],"[[154.0, 36.0, 323.0, 143.0], [162.0, 144.0, 368.0, 228.0]]",[],"[[432.0, 84.0, 1045.0, 462.0], [431.0, 82.0, 1044.0, 460.0]]",,0.5,0.5
bp_3_382_1,as long as we understand each other.,[],"[[154.0, 36.0, 323.0, 143.0], [162.0, 144.0, 368.0, 228.0]]",[],"[[432.0, 84.0, 1045.0, 462.0], [431.0, 82.0, 1044.0, 460.0]]",NOT_CLASSIFIABLE,-0.0875,0.3875
bp_3_382_3,but you seem right at home down here.,[],"[[91.0, 24.0, 250.0, 106.0]]",[],"[[154.0, 205.0, 343.0, 423.0]]",INFORM,0.06507936507936507,0.4123015873015873
bp_3_384_2,"sure ya do!you might have erased every image of me when i tore this little playhouse down years ago, but you know who i am and what i did to you!",[],"[[276.0, 64.0, 548.0, 237.0]]",[],"[[218.0, 206.0, 258.0, 236.0]]",,0.03935185185185185,0.5592592592592592
bp_3_384_4,"daddy, that true?",[],"[[42.0, 84.0, 159.0, 160.0], [205.0, 69.0, 327.0, 121.0]]",[],"[[147.0, 178.0, 271.0, 321.0], [300.0, 154.0, 450.0, 320.0]]",YES-NO_QUESTION,0.35,0.65
bp_3_384_4,sssssh!!!,[],"[[42.0, 84.0, 159.0, 160.0], [205.0, 69.0, 327.0, 121.0]]",[],"[[147.0, 178.0, 271.0, 321.0], [300.0, 154.0, 450.0, 320.0]]",BACKCHANNEL,0.0,0.0
bp_3_385_0,you men! the cannon is destroyed. the warriors you enslaved are free and are all looking for you. are you really going to stand here in an attempt to protect a dead man?,[],"[[454.0, 17.0, 728.0, 187.0]]",[],"[[307.0, 133.0, 410.0, 272.0]]",,0.13333333333333336,0.4666666666666666
bp_3_385_2,your time is over.,[],"[[59.0, 204.0, 151.0, 272.0]]",[],"[[-1.0, -1.0, -1.0, -1.0]]",INFORM,0.0,0.0
bp_3_386_2,amandla... brothers and sisters.,[],"[[895.0, 35.0, 1071.0, 119.0]]",[],"[[387.0, 5.0, 839.0, 346.0]]",GREET,0.0,0.0
bp_3_387_0,"c'mon, don't take it personal.it was just a business.",[],"[[531.0, 59.0, 745.0, 157.0], [466.0, 230.0, 713.0, 333.0], [1050.0, 527.0, 1188.0, 624.0]]",[],"[[576.0, 365.0, 809.0, 592.0], [298.0, 24.0, 493.0, 254.0], [1049.0, 138.0, 1142.0, 268.0]]",,0.0,0.0
bp_3_387_0,"our""business"" is concluded.your trial will be short and death, an example.",[],"[[531.0, 59.0, 745.0, 157.0], [466.0, 230.0, 713.0, 333.0], [1050.0, 527.0, 1188.0, 624.0]]",[],"[[576.0, 365.0, 809.0, 592.0], [298.0, 24.0, 493.0, 254.0], [1049.0, 138.0, 1142.0, 268.0]]",,0.0,0.3
bp_3_387_0,i like it!does this sister have a sister?,[],"[[531.0, 59.0, 745.0, 157.0], [466.0, 230.0, 713.0, 333.0], [1050.0, 527.0, 1188.0, 624.0]]",[],"[[576.0, 365.0, 809.0, 592.0], [298.0, 24.0, 493.0, 254.0], [1049.0, 138.0, 1142.0, 268.0]]",,0.0,0.0
bp_3_388_1,"whatya think, t'charlie?",[],"[[54.0, 19.0, 192.0, 100.0], [191.0, 17.0, 445.0, 147.0], [460.0, 112.0, 649.0, 196.0], [354.0, 467.0, 489.0, 527.0]]",[],"[[18.0, 257.0, 140.0, 394.0], [310.0, 163.0, 435.0, 352.0], [522.0, 374.0, 612.0, 517.0], [311.0, 170.0, 432.0, 349.0]]",WHY_QUESTION,0.0,0.0
bp_3_388_1,looks pretty real. i've read reed's manuals on skrull technology. i should be able to pilot us home.,[],"[[54.0, 19.0, 192.0, 100.0], [191.0, 17.0, 445.0, 147.0], [460.0, 112.0, 649.0, 196.0], [354.0, 467.0, 489.0, 527.0]]",[],"[[18.0, 257.0, 140.0, 394.0], [310.0, 163.0, 435.0, 352.0], [522.0, 374.0, 612.0, 517.0], [311.0, 170.0, 432.0, 349.0]]",,0.31666666666666665,0.6416666666666667
bp_3_388_1,sounds like a great read at the beach.,[],"[[54.0, 19.0, 192.0, 100.0], [191.0, 17.0, 445.0, 147.0], [460.0, 112.0, 649.0, 196.0], [354.0, 467.0, 489.0, 527.0]]",[],"[[18.0, 257.0, 140.0, 394.0], [310.0, 163.0, 435.0, 352.0], [522.0, 374.0, 612.0, 517.0], [311.0, 170.0, 432.0, 349.0]]",INFORM,0.8,0.75
bp_3_388_1,"actually, yes.",[],"[[54.0, 19.0, 192.0, 100.0], [191.0, 17.0, 445.0, 147.0], [460.0, 112.0, 649.0, 196.0], [354.0, 467.0, 489.0, 527.0]]",[],"[[18.0, 257.0, 140.0, 394.0], [310.0, 163.0, 435.0, 352.0], [522.0, 374.0, 612.0, 517.0], [311.0, 170.0, 432.0, 349.0]]",FEEDBACK,0.0,0.1
bp_3_389_0,don't worry. you won't be needing this craft. you're going home to earth alright.,[],"[[498.0, 30.0, 721.0, 135.0], [527.0, 430.0, 628.0, 496.0], [636.0, 456.0, 771.0, 519.0], [967.0, 739.0, 1065.0, 798.0]]",[],"[[225.0, 112.0, 317.0, 222.0], [424.0, 489.0, 530.0, 646.0], [564.0, 553.0, 674.0, 705.0], [994.0, 495.0, 1142.0, 613.0]]",,0.0,0.0
bp_3_389_0,oh no!the frogs!!!,[],"[[498.0, 30.0, 721.0, 135.0], [527.0, 430.0, 628.0, 496.0], [636.0, 456.0, 771.0, 519.0], [967.0, 739.0, 1065.0, 798.0]]",[],"[[225.0, 112.0, 317.0, 222.0], [424.0, 489.0, 530.0, 646.0], [564.0, 553.0, 674.0, 705.0], [994.0, 495.0, 1142.0, 613.0]]",,0.0,0.0
bp_3_389_0,you know these cats? i mean fr--,[],"[[498.0, 30.0, 721.0, 135.0], [527.0, 430.0, 628.0, 496.0], [636.0, 456.0, 771.0, 519.0], [967.0, 739.0, 1065.0, 798.0]]",[],"[[225.0, 112.0, 317.0, 222.0], [424.0, 489.0, 530.0, 646.0], [564.0, 553.0, 674.0, 705.0], [994.0, 495.0, 1142.0, 613.0]]",,-0.3125,0.6875
bp_3_389_0,move away before--,[],"[[498.0, 30.0, 721.0, 135.0], [527.0, 430.0, 628.0, 496.0], [636.0, 456.0, 771.0, 519.0], [967.0, 739.0, 1065.0, 798.0]]",[],"[[225.0, 112.0, 317.0, 222.0], [424.0, 489.0, 530.0, 646.0], [564.0, 553.0, 674.0, 705.0], [994.0, 495.0, 1142.0, 613.0]]",ORDER,0.0,0.0
bp_3_391_0,"tell them to go to hell, honey.",[],"[[303.0, 420.0, 476.0, 520.0], [313.0, 557.0, 456.0, 647.0], [786.0, 495.0, 1042.0, 632.0], [837.0, 629.0, 971.0, 701.0], [483.0, 799.0, 642.0, 922.0]]",[],"[[512.0, 386.0, 696.0, 644.0], [151.0, 526.0, 287.0, 731.0], [1103.0, 553.0, 1172.0, 624.0], [1102.0, 550.0, 1178.0, 617.0], [190.0, 799.0, 284.0, 894.0]]",ORDER,0.0,0.0
bp_3_391_0,"go to hell, you bastards.",[],"[[303.0, 420.0, 476.0, 520.0], [313.0, 557.0, 456.0, 647.0], [786.0, 495.0, 1042.0, 632.0], [837.0, 629.0, 971.0, 701.0], [483.0, 799.0, 642.0, 922.0]]",[],"[[512.0, 386.0, 696.0, 644.0], [151.0, 526.0, 287.0, 731.0], [1103.0, 553.0, 1172.0, 624.0], [1102.0, 550.0, 1178.0, 617.0], [190.0, 799.0, 284.0, 894.0]]",ORDER,0.0,0.0
bp_3_391_0,"i understand.you are of royal blood. you come from a long line of kings. your pride will not let you give in, despite the hopelessness of your situation.",[],"[[303.0, 420.0, 476.0, 520.0], [313.0, 557.0, 456.0, 647.0], [786.0, 495.0, 1042.0, 632.0], [837.0, 629.0, 971.0, 701.0], [483.0, 799.0, 642.0, 922.0]]",[],"[[512.0, 386.0, 696.0, 644.0], [151.0, 526.0, 287.0, 731.0], [1103.0, 553.0, 1172.0, 624.0], [1102.0, 550.0, 1178.0, 617.0], [190.0, 799.0, 284.0, 894.0]]",,-0.05,0.4
bp_3_391_0,do not worry though ...,[],"[[303.0, 420.0, 476.0, 520.0], [313.0, 557.0, 456.0, 647.0], [786.0, 495.0, 1042.0, 632.0], [837.0, 629.0, 971.0, 701.0], [483.0, 799.0, 642.0, 922.0]]",[],"[[512.0, 386.0, 696.0, 644.0], [151.0, 526.0, 287.0, 731.0], [1103.0, 553.0, 1172.0, 624.0], [1102.0, 550.0, 1178.0, 617.0], [190.0, 799.0, 284.0, 894.0]]",INFORM,0.0,0.0
bp_3_391_0,we have beeaten the pride out of greater kings than you.,[],"[[303.0, 420.0, 476.0, 520.0], [313.0, 557.0, 456.0, 647.0], [786.0, 495.0, 1042.0, 632.0], [837.0, 629.0, 971.0, 701.0], [483.0, 799.0, 642.0, 922.0]]",[],"[[512.0, 386.0, 696.0, 644.0], [151.0, 526.0, 287.0, 731.0], [1103.0, 553.0, 1172.0, 624.0], [1102.0, 550.0, 1178.0, 617.0], [190.0, 799.0, 284.0, 894.0]]",INFORM,0.5,0.5
bp_3_391_1,"look at your wife, that collar neutralizes her powers, making them as useful as a bosom on a brood queen.",[],"[[55.0, 57.0, 280.0, 193.0], [276.0, 37.0, 459.0, 183.0]]",[],"[[158.0, 278.0, 327.0, 405.0], [157.0, 276.0, 325.0, 401.0]]",INFORM,0.3,0.0
bp_3_391_1,you have no more options. accept that you've lost. tell your people to stand down.,[],"[[55.0, 57.0, 280.0, 193.0], [276.0, 37.0, 459.0, 183.0]]",[],"[[158.0, 278.0, 327.0, 405.0], [157.0, 276.0, 325.0, 401.0]]",,-0.20277777777777778,0.3944444444444445
bp_4_398_0,we lost her.my sword sister is gone.,[],"[[828.0, 28.0, 1044.0, 124.0]]",[],"[[824.0, 117.0, 936.0, 266.0]]",,0.0,0.0
bp_4_398_3,"don't leave me, beloved.",[],"[[737.0, 22.0, 849.0, 80.0], [842.0, 77.0, 944.0, 102.0]]",[],"[[422.0, 58.0, 652.0, 314.0], [422.0, 58.0, 652.0, 311.0]]",ORDER,0.7,1.0
bp_4_398_3,please...,[],"[[737.0, 22.0, 849.0, 80.0], [842.0, 77.0, 944.0, 102.0]]",[],"[[422.0, 58.0, 652.0, 314.0], [422.0, 58.0, 652.0, 311.0]]",NOT_CLASSIFIABLE,0.0,0.0
bp_4_399_1,so tell me what do you know.,[],"[[285.0, 25.0, 430.0, 91.0], [316.0, 98.0, 541.0, 266.0]]",[],"[[46.0, 35.0, 280.0, 331.0], [388.0, 303.0, 570.0, 520.0]]",ORDER,0.0,0.0
bp_4_399_1,"your task won't be easy. the tug of the afterlife is very strong. the longer one stays there, the more powerful its gravity.",[],"[[285.0, 25.0, 430.0, 91.0], [316.0, 98.0, 541.0, 266.0]]",[],"[[46.0, 35.0, 280.0, 331.0], [388.0, 303.0, 570.0, 520.0]]",,0.44916666666666666,0.8216666666666668
bp_4_403_1,"life isn't a poem, my love.",[],"[[28.0, 22.0, 186.0, 103.0], [76.0, 112.0, 278.0, 172.0]]",[],"[[421.0, 21.0, 616.0, 301.0], [423.0, 18.0, 611.0, 298.0]]",INFORM,0.5,0.6
bp_4_403_1,and this isn't a storybook...,[],"[[28.0, 22.0, 186.0, 103.0], [76.0, 112.0, 278.0, 172.0]]",[],"[[421.0, 21.0, 616.0, 301.0], [423.0, 18.0, 611.0, 298.0]]",INFORM,0.0,0.0
bp_4_403_5,you mean time for us to go home.,[],"[[980.0, 29.0, 1105.0, 137.0]]",[],"[[629.0, 3.0, 892.0, 227.0]]",YES-NO_QUESTION,-0.3125,0.6875
bp_4_405_1,my p.r.i.d.e. has uncovered some very disturbing links between the weapons used in the attack on me and an old friend of yours.,['princess regent inteligence division executives -editor'],"[[134.0, 20.0, 399.0, 178.0], [412.0, 130.0, 490.0, 191.0], [498.0, 99.0, 600.0, 177.0], [669.0, 352.0, 850.0, 447.0]]","[[384.0, 593.0, 629.0, 658.0]]","[[107.0, 191.0, 333.0, 466.0], [393.0, 230.0, 450.0, 299.0], [109.0, 189.0, 330.0, 465.0], [861.0, 349.0, 1077.0, 636.0]]",INFORM,-0.275,0.6
bp_4_405_1,oh?who?,['princess regent inteligence division executives -editor'],"[[134.0, 20.0, 399.0, 178.0], [412.0, 130.0, 490.0, 191.0], [498.0, 99.0, 600.0, 177.0], [669.0, 352.0, 850.0, 447.0]]","[[384.0, 593.0, 629.0, 658.0]]","[[107.0, 191.0, 333.0, 466.0], [393.0, 230.0, 450.0, 299.0], [109.0, 189.0, 330.0, 465.0], [861.0, 349.0, 1077.0, 636.0]]",,0.0,0.0
bp_4_405_1,prince namor.,['princess regent inteligence division executives -editor'],"[[134.0, 20.0, 399.0, 178.0], [412.0, 130.0, 490.0, 191.0], [498.0, 99.0, 600.0, 177.0], [669.0, 352.0, 850.0, 447.0]]","[[384.0, 593.0, 629.0, 658.0]]","[[107.0, 191.0, 333.0, 466.0], [393.0, 230.0, 450.0, 299.0], [109.0, 189.0, 330.0, 465.0], [861.0, 349.0, 1077.0, 636.0]]",FEEDBACK,0.0,0.0
bp_4_405_1,shuri... tell me everything.,['princess regent inteligence division executives -editor'],"[[134.0, 20.0, 399.0, 178.0], [412.0, 130.0, 490.0, 191.0], [498.0, 99.0, 600.0, 177.0], [669.0, 352.0, 850.0, 447.0]]","[[384.0, 593.0, 629.0, 658.0]]","[[107.0, 191.0, 333.0, 466.0], [393.0, 230.0, 450.0, 299.0], [109.0, 189.0, 330.0, 465.0], [861.0, 349.0, 1077.0, 636.0]]",ORDER,0.0,0.0
